t,d,dz
0,0.106157315963588,-0.104503955098893
0.001,0.106157315963588,-0.104503955098893
0.002,0.106146356926638,-0.104492822660277
0.003,0.106124401878109,-0.104470753464592
0.004,0.106092298269454,-0.104437944116669
0.005,0.106048111677812,-0.104394562407991
0.006,0.105994715610582,-0.104340751517931
0.007,0.105929848620961,-0.104276633743523
0.008,0.105855792872489,-0.104202315814615
0.009,0.105771192976451,-0.104117879372179
0.01,0.105675394711089,-0.104023388228983
0.011,0.105570143789893,-0.103918902870731
0.012,0.10545414710255,-0.103804496869298
0.013,0.105327929638361,-0.103680201955107
0.014,0.105191468250134,-0.103546085925195
0.015,0.105044817550792,-0.103401859480727
0.016,0.104887170082829,-0.103247909709356
0.017,0.104721010158039,-0.103084262504516
0.018,0.104544535667993,-0.102910966188033
0.019,0.104357670635318,-0.102728030377153
0.02,0.104160353180724,-0.102535480887683
0.021,0.103952759087919,-0.102333330200391
0.022,0.10373467689027,-0.102121531890428
0.023,0.10350563194157,-0.101899733044989
0.024,0.103267139512833,-0.101668081999332
0.025,0.103018108542693,-0.101426611288257
0.026,0.102758597572126,-0.101175294231784
0.027,0.102488538193994,-0.100914032865485
0.028,0.102207864113389,-0.100642756620542
0.029,0.101916543635562,-0.100361417327821
0.03,0.101614583927625,-0.100070009243711
0.031,0.101302011673982,-0.0997685363724762
0.032,0.100978882946388,-0.099457034730092
0.033,0.100645262212497,-0.0991355458837045
0.034,0.100301229950451,-0.0988041334167586
0.035,0.0999468495706294,-0.0984628553855164
0.036,0.099582160858153,-0.0981117889641387
0.037,0.0992071030514678,-0.0977510171454604
0.038,0.0988220640487099,-0.0973806459878155
0.039,0.0984273550388728,-0.0970011138064093
0.04,0.0980233392389322,-0.0966120666120057
0.041,0.0976102490411561,-0.0962143042419915
0.042,0.0971880765047281,-0.0958077314772112
0.043,0.0967569166465673,-0.0953924517052576
0.044,0.0963168827005289,-0.0949685977540118
0.045,0.0958681067651661,-0.0945363211275913
0.046,0.0954107931832656,-0.094095797445127
0.047,0.0949451245549099,-0.0936471569250294
0.048,0.0944711746051336,-0.0931904917145027
0.049,0.093988979553602,-0.0927258823703537
0.05,0.0934984883825366,-0.092253369538351
0.051,0.0930005026937021,-0.0917729556991964
0.052,0.0924952992225658,-0.091285301728582
0.053,0.0919821596326603,-0.0907900609064541
0.054,0.0914613220470049,-0.0902874822558845
0.055,0.0909332559351985,-0.0897774398645186
0.056,0.0903985779845503,-0.089260669871125
0.057,0.0898563010785013,-0.0887367207846617
0.058,0.0893068948581082,-0.088205760428248
0.059,0.0887505968795643,-0.0876678430939158
0.06,0.0881873111072795,-0.0871231354870086
0.061,0.0876171710017044,-0.08657138962675
0.062,0.0870404659641015,-0.0860131609343045
0.063,0.0864568848837133,-0.0854479511028366
0.064,0.0858666356667424,-0.0848762854162069
0.065,0.0852697708039026,-0.0842978312516304
0.066,0.0846662995137688,-0.0837129510003299
0.067,0.0840563570437659,-0.0831213884330845
0.068,0.083439847799217,-0.0825234398250742
0.069,0.0828169673001437,-0.081918882331708
0.07,0.0821875440024076,-0.0813079609404219
0.071,0.0815518270128405,-0.0806904873896764
0.072,0.0809096329513365,-0.0800667069326875
0.073,0.080261187313705,-0.0794364105388255
0.074,0.0796061475677669,-0.0787996956428365
0.075,0.0789433170967834,-0.0781548749397445
0.076,0.0782692779681789,-0.0774992865344375
0.077,0.0775832584187358,-0.0768307847679474
0.078,0.0768834649994624,-0.0761475651375271
0.079,0.0761699855319801,-0.0754497083925527
0.08,0.0754436023892097,-0.0747380742553174
0.081,0.0747052622444587,-0.0740136887664148
0.082,0.0739557265413089,-0.0732773786257564
0.083,0.073195275225892,-0.0725294572895177
0.084,0.0724239333313863,-0.0717699678778049
0.085,0.071641633598217,-0.0709988541820909
0.086,0.0708482415061891,-0.0702159889869579
0.087,0.070043577962015,-0.0694211998212217
0.088,0.0692274460641017,-0.0686142968057419
0.089,0.0683997589110471,-0.0677951041892203
0.09,0.0675600313590156,-0.0669633608341583
0.091,0.0667080687487684,-0.0661190498648106
0.092,0.0658432562066064,-0.065262374765786
0.093,0.0649669065731042,-0.064393665527916
0.094,0.0640782105062487,-0.0635130422618342
0.095,0.0631775840071649,-0.0626208417628063
0.096,0.0622660534331433,-0.061717506922217
0.097,0.0613428189903181,-0.060802788621853
0.098,0.0604081967758202,-0.0598769659209824
0.099,0.0594623805930208,-0.0589402097647475
0.1,0.0585055012146513,-0.0579926198656839
0.101,0.0575376726438196,-0.057034269545206
0.102,0.0565589504914023,-0.0560651809059177
0.103,0.0555693584909359,-0.0550853551052529
0.104,0.0545689303011145,-0.0540948029596964
0.105,0.0535577216327299,-0.0530935477046856
0.106,0.0525358120630116,-0.052081623416644
0.107,0.0515032955247163,-0.0510590734321643
0.108,0.0504602786043114,-0.050025948325734
0.109,0.0494068373767918,-0.0489823062656284
0.11,0.0483429983327043,-0.0479282175247382
0.111,0.0472690224275471,-0.0468638200091957
0.112,0.0461847440455023,-0.0457892152455601
0.113,0.04509131575972,-0.0447045783877845
0.114,0.0439878864750094,-0.0436097503343936
0.115,0.0428749620434255,-0.0425047572734974
0.116,0.0417520146324971,-0.0413896207996853
0.117,0.0406194122883854,-0.0402643944061949
0.118,0.0394777579647184,-0.0391291864781403
0.119,0.0383263105438427,-0.0379839081834843
0.12,0.0371654055361101,-0.0368285121818931
0.121,0.0359947348292734,-0.0356630346850294
0.122,0.0348143807327065,-0.0344874767738709
0.123,0.0336244034391925,-0.0333018901147394
0.124,0.0324245839927162,-0.032106283643956
0.125,0.0312152557763016,-0.0309006072383355
0.126,0.0299962107497567,-0.0296849928663848
0.127,0.0287670818030737,-0.0284591864431582
0.128,0.0275285440637351,-0.027223433246147
0.129,0.0262799251945666,-0.0259773661932437
0.13,0.0250208198812347,-0.0247211392638521
0.131,0.0237524488269998,-0.0234549169481429
0.132,0.0224736806026422,-0.0221783625572136
0.133,0.0211853716331306,-0.0208915915116512
0.134,0.0198868681276477,-0.0195944229133855
0.135,0.018578227870899,-0.0182869371760184
0.136,0.0172606857690956,-0.0169693110196119
0.137,0.0159333942257669,-0.0156412124008608
0.138,0.0145966998342302,-0.0143027290651074
0.139,0.0132508919953849,-0.0129539257793439
0.14,0.0118976104594536,-0.0115949649583064
0.141,0.0105368447438231,-0.0102256319033417
0.142,0.00917007819954634,-0.00884602113058702
0.143,0.00780158568080019,-0.00745631742553726
0.144,0.00643485629054459,-0.00605619664502749
0.145,0.00519235953811365,-0.00472549442881853
0.146,0.00401850531217486,-0.00346491379564706
0.147,0.0029616476846526,-0.002288544307669
0.148,0.00196433376580102,-0.00122370202556926
0.149,0.0014229286856454,-0.000239003866825627
0.15,0.00171763351630201,0.000639776294437622
0.151,0.00236623410651157,0.00145741282971257
0.152,0.00309037189460896,0.00223741774406222
0.153,0.0037736116688368,0.00296402247610122
0.154,0.00442426889403389,0.00366314734804046
0.155,0.00488776114012343,0.00431808519801896
0.156,0.00537242283047169,0.00493891779732697
0.157,0.00587177756237242,0.00553788549097761
0.158,0.00638234690108914,0.00611923989128482
0.159,0.0069040398094275,0.00668965950535083
0.16,0.00734674374775424,0.00719218509367298
0.161,0.00777778067799572,0.0076644063629257
0.162,0.00818996376294972,0.00811820026383542
0.163,0.00856914361507882,0.00849279288314619
0.164,0.0089229091978929,0.00883938958230862
0.165,0.00925608749894324,0.00915898463130654
0.166,0.00958233428275589,0.00946604930000411
0.167,0.00990207387238865,0.00976190042744907
0.168,0.010179264743763,0.0100335997653103
0.169,0.0104512049940431,0.0102889591584939
0.17,0.0107156629549949,0.0105360962425019
0.171,0.0109779556447201,0.0107775157111497
0.172,0.0111715352188925,0.0109886006463453
0.173,0.0113498457984553,0.0111882587313072
0.174,0.0115226584758623,0.0113783226496079
0.175,0.011695246917478,0.0115632752278375
0.176,0.0118649465510349,0.0117447408420407
0.177,0.0120418163099167,0.0119302525495091
0.178,0.0122214564185262,0.0121191800225192
0.179,0.0123422544314115,0.0122666062505277
0.18,0.0124481192360685,0.0123914580666664
0.181,0.0125460719710264,0.0125057510081767
0.182,0.0126023064114375,0.0125629532962456
0.183,0.0126420092473518,0.0126016808043921
0.184,0.0126665972916397,0.0126255049908979
0.185,0.0126880902240625,0.01264252541602
0.186,0.0127036005948299,0.0126519563280488
0.187,0.0127232939638029,0.0126620960624054
0.188,0.0127465015132706,0.012673662875266
0.189,0.0127577981186675,0.0126715552367478
0.19,0.0127667056412919,0.0126659976582622
0.191,0.012776874313626,0.0126585494843617
0.192,0.0127462281623022,0.0126353669108842
0.193,0.0127059847775359,0.0126016485928562
0.194,0.0126630714260684,0.012563688518509
0.195,0.01261927358434,0.0125238257279313
0.196,0.0125792865600421,0.0124860264353003
0.197,0.0125383686090994,0.0124504030459659
0.198,0.0125079590119618,0.0124240975145923
0.199,0.0124832593211253,0.012404725346188
0.2,0.0124217691916061,0.0123599364151811
0.201,0.0123501045463135,0.0123004874642871
0.202,0.012274115796014,0.0122350127589236
0.203,0.0121702320813637,0.0121293591105208
0.204,0.0120523928916287,0.0120098223366509
0.205,0.0119275324599116,0.0118825960888218
0.206,0.0117973299183692,0.0117502906571543
0.207,0.0116679473418305,0.0116164526058902
0.208,0.0115394215704361,0.0114814674599429
0.209,0.0114179064451866,0.0113512928261763
0.21,0.0113027530979598,0.0112259181099644
0.211,0.0111810237946912,0.0110921693893724
0.212,0.0110590994622007,0.0109579866804013
0.213,0.0109407789717733,0.0108238588313858
0.214,0.0107923578530193,0.0106793598071794
0.215,0.0106380200408569,0.0105286504433192
0.216,0.0104829548952886,0.0103764205838685
0.217,0.0103282819853212,0.010224018742522
0.218,0.0101765591185808,0.0100745939004244
0.219,0.0100287494505076,0.00992939692792266
0.22,0.00988783125380541,0.00979120398303557
0.221,0.00975020213877097,0.00965914812182528
0.222,0.00962266326018599,0.00953640687352098
0.223,0.00947131578698761,0.00939401029066789
0.224,0.00931471510887762,0.0092473435575795
0.225,0.00915649083262341,0.00909741917735712
0.226,0.00899769718103561,0.00894764217597066
0.227,0.00882391198301867,0.008771898223913
0.228,0.00864594344714218,0.00859031320133935
0.229,0.00846348058824399,0.00840461533840292
0.23,0.00828183745495042,0.00821831566118875
0.231,0.00810085995856916,0.00803184040452398
0.232,0.00792524666164599,0.00784885949184494
0.233,0.00775413469036848,0.00766954730712688
0.234,0.00758948569013054,0.0074955176308163
0.235,0.0074252839561506,0.00731648522732214
0.236,0.00726104862336569,0.00713969809807946
0.237,0.00710248370095465,0.00696516476145265
0.238,0.00694886513100145,0.00679435353478663
0.239,0.00680235899442998,0.00662931336921591
0.24,0.00663618968161005,0.00646117128830859
0.241,0.00646750983099091,0.00629188990453738
0.242,0.00630214175670952,0.0061251515572151
0.243,0.00614020458698135,0.00596126930936952
0.244,0.00598343004520224,0.00580241528587738
0.245,0.00582949849435453,0.00564908492166294
0.246,0.00568390744128515,0.00550335914606759
0.247,0.00552067258803332,0.00534521854269149
0.248,0.00535325482274619,0.00518654996669138
0.249,0.00518819865173694,0.00502774430393754
0.25,0.00502251749549506,0.00487030165643826
0.251,0.00486126733070412,0.00471578772545456
0.252,0.00470155654902995,0.00456520299304686
0.253,0.00454655160781691,0.00440263659922269
0.254,0.00438855746208144,0.00423742947701933
0.255,0.00423241063063968,0.00407237996517634
0.256,0.00408004816858633,0.00390941824588442
0.257,0.00393176607827868,0.00374875296615035
0.258,0.00379193678221256,0.00359272893886919
0.259,0.00365853060442776,0.00344106970467351
0.26,0.00352615802005485,0.00328954175754936
0.261,0.00340130365273785,0.00314029912797187
0.262,0.00328120422051,0.00299456919524443
0.263,0.00317144930583892,0.0028521566013649
0.264,0.00306692384688778,0.00271639704515025
0.265,0.00297598844084223,0.00258632334171027
0.266,0.0028597052281337,0.0024561187362761
0.267,0.00274800465370802,0.00232948240413355
0.268,0.00263806630329879,0.00220608979679049
0.269,0.00253323201263767,0.00208802141278974
0.27,0.00242759486635699,0.00197485556267191
0.271,0.00233281686088059,0.00186895813620747
0.272,0.00221870718489528,0.00175621803259868
0.273,0.00210942702591441,0.00164408214459272
0.274,0.00200294611177759,0.00153319078911224
0.275,0.00189552122135386,0.00142525544513866
0.276,0.0017965038564417,0.00132025430562355
0.277,0.00172495417699509,0.00120775660594363
0.278,0.00166215983518551,0.0010966571523825
0.279,0.00160563413513687,0.000987419577530235
0.28,0.00156171514765866,0.000881770867931175
0.281,0.00152704055208777,0.000779934335797039
0.282,0.00150546494337051,0.000683104397979695
0.283,0.00150569084174675,0.00058684518960711
0.284,0.00150499750247624,0.000494175970003841
0.285,0.00152048804239658,0.000404657160121114
0.286,0.00153446259666394,0.000320420044266911
0.287,0.00156180445179945,0.000241439494452766
0.288,0.00154397771184736,0.000163283818195303
0.289,0.00152636741877366,8.88316695898395e-05
0.29,0.00151158039248752,1.79806445839703e-05
0.291,0.00149977909318854,-4.7987460447485e-05
0.292,0.00148527880694944,-0.000108885511475365
0.293,0.00147717390031835,-0.000163172857805594
0.294,0.0014435862827792,-0.000223089315155633
0.295,0.0014206948103191,-0.000282814313543323
0.296,0.0013946065813419,-0.00034018139637243
0.297,0.00137535798559625,-0.000394914690484915
0.298,0.00135043675313152,-0.000445644930552824
0.299,0.00138066724068629,-0.000503605688232822
0.3,0.00140818333448092,-0.000561551228331847
0.301,0.00144272551043396,-0.000618234387157024
0.302,0.00147971143839502,-0.000673400846374128
0.303,0.00152625885847796,-0.000724860629001067
0.304,0.00157272984962769,-0.000772280617059695
0.305,0.00163552553364488,-0.000819214505949017
0.306,0.00168865099692765,-0.000862507513349209
0.307,0.00174121451354308,-0.000902248628575186
0.308,0.00179363896166895,-0.000936808481453777
0.309,0.00180228514429891,-0.000970877471123122
0.31,0.00180635824303585,-0.00100154601787078
0.311,0.00180884319754827,-0.00102876279457276
0.312,0.00180958033221617,-0.00105115271146733
0.313,0.00180072554411432,-0.00106875160317305
0.314,0.00178088855688901,-0.00109269560401565
0.315,0.00176038830192079,-0.00111528488542778
0.316,0.00173754625082226,-0.00113597828172574
0.317,0.00171800723498836,-0.00115385170704124
0.318,0.00175239732586948,-0.00118080125251996
0.319,0.00178742715308071,-0.00120636790210943
0.32,0.0018208767288682,-0.00123075853388266
0.321,0.00185600647118909,-0.0012524131282361
0.322,0.00189066332086604,-0.00127083029915365
0.323,0.00194545781747655,-0.00129021959739506
0.324,0.00198797515900328,-0.00130611949970066
0.325,0.00202628147113295,-0.0013184619082634
0.326,0.0020643022054332,-0.00132575408541574
0.327,0.00205932354951347,-0.0013319225643314
0.328,0.00204775930522353,-0.00133674130963685
0.329,0.00203637237992271,-0.00133741033151341
0.33,0.00201886025133616,-0.00133418470045416
0.331,0.00199731057680632,-0.00132500779852357
0.332,0.00196654215318469,-0.0013108241523756
0.333,0.00191921414273833,-0.00130411625262722
0.334,0.00188157658204765,-0.00129836717873127
0.335,0.00184144781347113,-0.00129132738894072
0.336,0.00185360367278459,-0.0012963118646484
0.337,0.0018695179276015,-0.00130220508938761
0.338,0.00188500632373518,-0.00130831125442182
0.339,0.00190795986548,-0.00131228587472859
0.34,0.00192904049791559,-0.00131374654421396
0.341,0.00194919825034432,-0.00131113220251539
0.342,0.00198743045901755,-0.00130940207337366
0.343,0.00201690174025811,-0.00130358542749609
0.344,0.00204950243187089,-0.0012943635970657
0.345,0.00208265205299748,-0.00128160888583612
0.346,0.00205814061967118,-0.00127002126979159
0.347,0.00203393783933591,-0.00125651149392719
0.348,0.00200911845036326,-0.00124056563238395
0.349,0.00198317972681113,-0.00122098470573401
0.35,0.0019535127574912,-0.00119669081657703
0.351,0.00189319477372666,-0.00117903533806435
0.352,0.00184715046786238,-0.00116384283165172
0.353,0.00179977029516119,-0.00114764475942269
0.354,0.00174954421334412,-0.00112947922036377
0.355,0.0016995997467812,-0.00110871597077788
0.356,0.00170858255330559,-0.00110071095429876
0.357,0.00172430041520277,-0.00109307816440879
0.358,0.00173941348283161,-0.00108595155282104
0.359,0.0017645343453887,-0.00107712858536518
0.36,0.00180998882545203,-0.00107046064605054
0.361,0.00184488325901794,-0.00106120021143724
0.362,0.00188143093114798,-0.00104867812489262
0.363,0.00191931989045352,-0.00103200560652494
0.364,0.00195906225394821,-0.00100995447211927
0.365,0.0019414230294685,-0.000988195420657645
0.366,0.00192536325522299,-0.000964141041501776
0.367,0.00189430348195289,-0.000937313810311202
0.368,0.00186264908927765,-0.000904954699048999
0.369,0.00182491586469175,-0.000885476014071074
0.37,0.00177044248138418,-0.000867059386780389
0.371,0.00171865682482206,-0.000849562147478888
0.372,0.00166772598884745,-0.000830109882796692
0.373,0.00162029678517538,-0.000809239329660316
0.374,0.00163467172157876,-0.000801168039935851
0.375,0.00165581564580123,-0.000792771650004243
0.376,0.00167344223608572,-0.000783903080661508
0.377,0.00169596743825261,-0.000773760156625669
0.378,0.0017401297408503,-0.000764284409656146
0.379,0.00177872599611557,-0.000753778636227831
0.38,0.00182205929242902,-0.000741358407530146
0.381,0.00185592281203283,-0.000724454276186226
0.382,0.00190447566445161,-0.000703116889408661
0.383,0.00188733402704475,-0.00068341723860782
0.384,0.00186969756999925,-0.000660596264455027
0.385,0.0018411541244108,-0.00063499393553923
0.386,0.00181295603712624,-0.000603838882597407
0.387,0.00176947995199368,-0.000585442796271374
0.388,0.00171732309182342,-0.00056879879362709
0.389,0.00167611821678076,-0.000553292029702723
0.39,0.00162048364307977,-0.00053628678302664
0.391,0.00157325226819674,-0.000518407470251891
0.392,0.00157854652724302,-0.000514100107302129
0.393,0.00160402183821681,-0.000510056157897287
0.394,0.00162696037191243,-0.000505522566546013
0.395,0.00166000971389311,-0.000499569052826554
0.396,0.00171647633266292,-0.000495375066847992
0.397,0.00176811484777664,-0.000489552190606257
0.398,0.00182109608410405,-0.000481909272818826
0.399,0.00186675464242292,-0.000469754167803649
0.4,0.0019244627105222,-0.000453242600035209
0.401,0.00191118908729129,-0.000437822997703174
0.402,0.00189625325286656,-0.000419368338931081
0.403,0.00187534610027156,-0.000398448457041845
0.404,0.00185577180066145,-0.000372663239475546
0.405,0.00182291737482228,-0.000342968658769871
0.406,0.00176258717441767,-0.000325374500414199
0.407,0.00169587033866719,-0.000308513652290898
0.408,0.00163232401070958,-0.000292040250945536
0.409,0.00156403874581088,-0.000273818605008691
0.41,0.00157211234082345,-0.000269646782276589
0.411,0.0015779571635342,-0.000267900108660957
0.412,0.00158039817897988,-0.00026756391411259
0.413,0.00160474529965904,-0.000266674892207663
0.414,0.00163684876770211,-0.000265232115210512
0.415,0.00167039593896747,-0.000259523775859749
0.416,0.00174233077883655,-0.000256426137113686
0.417,0.00179913186609637,-0.000250274405481699
0.418,0.00185861232418925,-0.000241677357886105
0.419,0.00191032753090363,-0.000228186952737242
0.42,0.00189715365315186,-0.00021542848610534
0.421,0.00187171699241454,-0.000202742563888747
0.422,0.00185246048874643,-0.000187131183018607
0.423,0.0018386496527102,-0.000167992156217212
0.424,0.00182233336354451,-0.000144325421268465
0.425,0.00179476250401949,-0.000115261500318653
0.426,0.00171718171127097,-9.65491672283436e-05
0.427,0.00165430269245822,-8.2079258261647e-05
0.428,0.00159545446473931,-6.79544689560774e-05
0.429,0.00151849677457699,-5.2258780115666e-05
0.43,0.00152214123453143,-5.37571744904097e-05
0.431,0.00153665835100428,-5.67345690883903e-05
0.432,0.00154365370991188,-6.00873918351619e-05
0.433,0.00156642260389885,-5.88287353951999e-05
0.434,0.00159108367329809,-4.98658980135902e-05
0.435,0.00163235190787092,-2.90677904242753e-05
0.436,0.00172120622693015,-7.91263112515095e-06
0.437,0.00178946092413534,2.01237476168403e-05
0.438,0.00187200300518082,5.35354272616084e-05
0.439,0.00184353072473496,8.11988236451566e-05
0.44,0.00180828404493362,0.000110994608429393
0.441,0.00177033099405564,0.000142293694457618
0.442,0.00173266216286578,0.000176899585593471
0.443,0.00169336757619599,0.000216989403466039
0.444,0.00165625331811533,0.000262788125593549
0.445,0.00161862641369706,0.000314801793043884
0.446,0.0015957405039094,0.000375401523855512
0.447,0.00157682595019177,0.000441800498126699
0.448,0.00153317187033469,0.00049200412598599
0.449,0.00147201712756706,0.000539947945338237
0.45,0.00141258849938935,0.000585759100972083
0.451,0.00143900675089692,0.000610126654511489
0.452,0.00145821114458117,0.000625618205465583
0.453,0.00148535056078081,0.000636732817950569
0.454,0.00151280507070884,0.000644804872814542
0.455,0.00154381785233477,0.000651625989811333
0.456,0.00157414948347348,0.000658247365047271
0.457,0.00161941841091578,0.000665617812516006
0.458,0.00166732261485992,0.000675583185792417
0.459,0.00171828176503391,0.000688324425960285
0.46,0.00178882690931237,0.000698183335960445
0.461,0.00186803327196134,0.000709389629531765
0.462,0.00194444707063348,0.00072506986330978
0.463,0.00195275200850463,0.000738806484591958
0.464,0.00194314960913412,0.000754374457167029
0.465,0.00194066241198748,0.000775938190118508
0.466,0.00193723988161867,0.00080315317634011
0.467,0.0019415827435014,0.000838691138183689
0.468,0.00190461574526675,0.000863081787232545
0.469,0.0018803453067835,0.000886447472104535
0.47,0.00183327505462537,0.000912393355085528
0.471,0.00180264770765925,0.000940673145465698
0.472,0.00184325729949647,0.000951798602392251
0.473,0.00189003432813358,0.000960450860944151
0.474,0.00194003557976354,0.000967843631297316
0.475,0.00197527479776015,0.00097177377530594
0.476,0.00203347074287019,0.000973169015004327
0.477,0.00208872934389579,0.000976400051230619
0.478,0.00215270959233751,0.000983250303131233
0.479,0.00221174994587429,0.00099475099164742
0.48,0.00227938577717144,0.00101096045193744
0.481,0.0023550081259995,0.00103287294015308
0.482,0.00235560822411074,0.00103747215984229
0.483,0.00236874744125116,0.00103270296836144
0.484,0.00235420306776971,0.00102393831543401
0.485,0.00235554647547659,0.0010116439378412
0.486,0.00233973094273088,0.000999848200659292
0.487,0.0023356017343554,0.00098873604943861
0.488,0.00229228138456378,0.00097746799228593
0.489,0.00223561744870266,0.000966379671687612
0.49,0.0022185558961578,0.000949011797737709
0.491,0.0021866328797515,0.000932730367942725
0.492,0.00215549176370348,0.000917515928343049
0.493,0.00212279425933845,0.00090456533149913
0.494,0.00210648182006635,0.00089495501018777
0.495,0.00214532266500804,0.000875337071338689
0.496,0.00218279096196138,0.000852060479179018
0.497,0.00222380344806487,0.000828853460167478
0.498,0.00221950864293196,0.000792598842785597
0.499,0.00222890648809484,0.000752558820420357
0.5,0.00223010108928549,0.00071151591240104
0.501,0.00224192834456485,0.00067021457781391
0.502,0.00224300461845916,0.00063058498253532
0.503,0.0022607624277363,0.000592094951405664
0.504,0.00221380635430332,0.000552160352817299
0.505,0.00216788077034277,0.000513205837024189
0.506,0.0021161133030456,0.000477081127248147
0.507,0.00205901356249121,0.000439213566406582
0.508,0.00202336188421725,0.000401014413794754
0.509,0.00199707361092522,0.00036435422648734
0.51,0.0019635663475087,0.000331308318435475
0.511,0.00194435268105507,0.000302578267876996
0.512,0.00191710714172324,0.000279711935901872
0.513,0.00195888898017733,0.000246263155605664
0.514,0.00199974574675865,0.000213717311484396
0.515,0.00203960481858089,0.000181117853844004
0.516,0.0020808030451474,0.000149886313325354
0.517,0.00210315105395684,0.000108388756124012
0.518,0.00211576057836895,6.61331373935647e-05
0.519,0.00214039901581565,2.35401539659397e-05
0.52,0.0021601139739132,-1.76879413443798e-05
0.521,0.00217414898430683,-5.60926546328e-05
0.522,0.00220529321876756,-9.22299569386942e-05
0.523,0.00216508199010143,-0.00012954815891314
0.524,0.00212928558672383,-0.000164066552618303
0.525,0.00209681125496156,-0.000196669267971517
0.526,0.00205954128975377,-0.000226083932093057
0.527,0.00200836506271166,-0.000256812128629547
0.528,0.00197980330363053,-0.000287950833411654
0.529,0.00196866916129662,-0.000317869230512802
0.53,0.00195095090276601,-0.00034438503521006
0.531,0.00193873636605709,-0.000366825466370624
0.532,0.00192360852422449,-0.00038461429199893
0.533,0.00190918939730011,-0.000396611763470056
0.534,0.0019444259675969,-0.000416436031325018
0.535,0.00198600282478235,-0.000437636515707385
0.536,0.00202266250887576,-0.000458303734426679
0.537,0.00206955094286814,-0.00047760747333303
0.538,0.00209767827533074,-0.00050914843522204
0.539,0.00210818675122177,-0.000541177932819825
0.54,0.00212709858745587,-0.000572637551792377
0.541,0.00213761072238925,-0.000601581557615471
0.542,0.00215777646548959,-0.000627701556240701
0.543,0.00216549668846028,-0.00064926881932359
0.544,0.00213010559201724,-0.000672578946026736
0.545,0.0020881426573983,-0.000692646588505097
0.546,0.0020481444395425,-0.000709407841712417
0.547,0.00204708692978566,-0.000729331667775057
0.548,0.00203329662406538,-0.000747308232380173
0.549,0.00202329033274599,-0.000763458844117271
0.55,0.00201263616331635,-0.000777040658029582
0.551,0.00200141410406164,-0.000787250546627871
0.552,0.00198080438097049,-0.000791746957157169
0.553,0.00197355878205948,-0.000791585908237469
0.554,0.00201843048829712,-0.000797984868584845
0.555,0.00205854878455731,-0.000806468267618543
0.556,0.00210617673893935,-0.000814056410182507
0.557,0.0021304686197942,-0.000835527017788218
0.558,0.0021419126208167,-0.000857980760659516
0.559,0.00216800739886713,-0.000880886689989091
0.56,0.00218659221241662,-0.000902065906146887
0.561,0.0022078132789992,-0.000920126054684944
0.562,0.00222513228337441,-0.000934538296634424
0.563,0.00219249651307754,-0.000949126812447409
0.564,0.00215421491005561,-0.000962559128158624
0.565,0.00211658373608598,-0.000972901301799112
0.566,0.00207458423804412,-0.000980473461053788
0.567,0.00202834520788371,-0.00098386829161129
0.568,0.0019990793128126,-0.000987228571077525
0.569,0.00197598925140061,-0.000989579345613056
0.57,0.00195352751441105,-0.000989703303880207
0.571,0.00192130191905959,-0.00098506455078462
0.572,0.00189924989755275,-0.000976276765578099
0.573,0.00192740884779018,-0.000974344989503717
0.574,0.00195627032122057,-0.000974697378292699
0.575,0.00200188688654363,-0.000973443702934229
0.576,0.00201683846609251,-0.000982676389503834
0.577,0.00203636921855342,-0.000993123258915929
0.578,0.00206424472590364,-0.00100352532318893
0.579,0.00207953499207094,-0.0010110553343281
0.58,0.0021004898757723,-0.00101718110358551
0.581,0.00207175733480856,-0.00102164931901599
0.582,0.00203443304605095,-0.00102381776106764
0.583,0.00199892145963077,-0.00102178554196924
0.584,0.00194918618515259,-0.00101646112555143
0.585,0.00189684622141808,-0.00100407717061124
0.586,0.0018646135358827,-0.000991410632322443
0.587,0.00184202570224352,-0.000977314843916166
0.588,0.00180750438541011,-0.000958801600301984
0.589,0.00178549474361974,-0.00093642074690431
0.59,0.00182334534437011,-0.000922293541519681
0.591,0.00185951481645852,-0.000911838522205055
0.592,0.00189336443060056,-0.000901423339680407
0.593,0.00193128805224679,-0.000890517436884786
0.594,0.0019684929221914,-0.000876122551951852
0.595,0.00197940777817081,-0.000871667092040951
0.596,0.00199763991626294,-0.000867791806410445
0.597,0.0020030817777503,-0.000862076069879036
0.598,0.00202274163323524,-0.0008541780091052
0.599,0.00202027634443291,-0.000841982362018767
0.6,0.00196141436081829,-0.000828897818456242
0.601,0.00190669334144367,-0.000813555948481037
0.602,0.00184932597651632,-0.000795262510275674
0.603,0.00181447899670418,-0.000777591400025868
0.604,0.00179137705054886,-0.00075887182973472
0.605,0.00177008303544538,-0.000737418643025567
0.606,0.0017383271260927,-0.0007110434771882
0.607,0.0017176679930239,-0.000679971663269052
0.608,0.00176530171339879,-0.000660444074526645
0.609,0.0018180584281334,-0.000639731471735128
0.61,0.00186602117748356,-0.000617891969641515
0.611,0.001878637802003,-0.00060730115932095
0.612,0.00188894983481853,-0.000597643105214707
0.613,0.00191084356329353,-0.000586942668721391
0.614,0.00191811529666036,-0.000573566748890919
0.615,0.00193986573723269,-0.00055812536654759
0.616,0.00189588151874556,-0.000541449177084652
0.617,0.00185044698794095,-0.000521800514565463
0.618,0.00183544109534802,-0.000502687654826028
0.619,0.00182904413177452,-0.000482336043695075
0.62,0.00182300186334601,-0.000459489822064008
0.621,0.00180646025059202,-0.000431904417337148
0.622,0.00180348858758727,-0.000400133684763437
0.623,0.0017916855757686,-0.000362565087519251
0.624,0.00182433632048138,-0.000336046392355849
0.625,0.00187456378949777,-0.000309246740062996
0.626,0.00185893876207405,-0.0002938492674599
0.627,0.00186195536492995,-0.00028236542289295
0.628,0.00185991150582132,-0.000269436909202114
0.629,0.00187519218731749,-0.000255851326897982
0.63,0.00186984991858231,-0.000238703992430978
0.631,0.0018073541896778,-0.000222024710695046
0.632,0.00173833665047601,-0.000201663223358128
0.633,0.00167167870598215,-0.000176596930817674
0.634,0.00164701654624781,-0.000153261745051148
0.635,0.00162118229166882,-0.00012948613344832
0.636,0.00160339483445015,-0.000103594814604924
0.637,0.00157587640842359,-7.34118648957893e-05
0.638,0.00161129325723298,-5.61131629923661e-05
0.639,0.00165761038413132,-3.97528787300372e-05
0.64,0.0017062233307755,-2.50597922795692e-05
0.641,0.00176073336686512,-7.48034636521844e-06
0.642,0.00181902266464754,1.20205804842732e-05
0.643,0.00185513205612037,1.82519676619752e-05
0.644,0.0018703322004763,2.53237735123313e-05
0.645,0.00189649477112521,3.29071852234186e-05
0.646,0.00184772456264486,3.89351262950477e-05
0.647,0.00179706382158421,4.56566654106205e-05
0.648,0.00175304016212504,5.49343465371388e-05
0.649,0.00170105646462637,6.66348414204987e-05
0.65,0.00164360430708871,8.49156570921217e-05
0.651,0.00158215660724731,0.000108916393793457
0.652,0.00155962254553861,0.00013227916442804
0.653,0.00152465673402254,0.000158819668136634
0.654,0.0015022556186733,0.000187919281375848
0.655,0.00155853327289261,0.000201434666692923
0.656,0.00161143428606419,0.000211954614270538
0.657,0.00165971603358596,0.000221179504030555
0.658,0.00171206901591977,0.000230821927966363
0.659,0.00175671151430905,0.000241579984588902
0.66,0.00182113945976889,0.000255470515285183
0.661,0.00183718989848411,0.000257041201601971
0.662,0.00186689295894741,0.000258771373597699
0.663,0.0018794586233961,0.000262284698793136
0.664,0.00182429390316478,0.000261645525896304
0.665,0.00176833788604617,0.000262680773207624
0.666,0.00171409470143056,0.000265338734129872
0.667,0.00166400769910512,0.000271599197187278
0.668,0.00160119532330447,0.000281356268009902
0.669,0.00158775574162119,0.000288681559390103
0.67,0.00156127147691471,0.000299510497377808
0.671,0.00155563301242715,0.000312879767937979
0.672,0.00153846406356367,0.00033164870411273
0.673,0.00154015605172562,0.000355180235494745
0.674,0.00161169342634326,0.000368361488905289
0.675,0.00167812521973871,0.000376911788607881
0.676,0.00173732575884829,0.000384738512687499
0.677,0.00174135023230753,0.000378676163290959
0.678,0.00174881099108514,0.000369450590202824
0.679,0.00176582473675593,0.000359604526717294
0.68,0.00176977256519857,0.000351263558822146
0.681,0.00179151165384844,0.000344150266093524
0.682,0.00179525175614437,0.000341613662430629
0.683,0.00181377279423711,0.000343194405891867
0.684,0.0017624781661022,0.000345014573355007
0.685,0.00171118835728862,0.000349021845988562
0.686,0.00169536578431026,0.000349657969004102
0.687,0.00166645678910321,0.000350154803851532
0.688,0.00166391913546911,0.00035142422102985
0.689,0.001648997787295,0.000357183462047717
0.69,0.00165105671827997,0.000366741158219941
0.691,0.00164565175915516,0.000382359349997752
0.692,0.0016865689266846,0.000387015298125792
0.693,0.00173666575397315,0.00039074004551054
0.694,0.00179071579032951,0.000393498633532718
0.695,0.00181268194834338,0.000381472457928411
0.696,0.0018231321055237,0.000368610167795103
0.697,0.00184297471805339,0.000355309908243395
0.698,0.00185649370736011,0.000343970143347472
0.699,0.00180464753493645,0.000332890400411845
0.7,0.0017582387301222,0.000324148397539026
0.701,0.00170541663777994,0.000317721159530049
0.702,0.00164834414908026,0.000316765295115762
0.703,0.00158951927265416,0.000321447404844855
0.704,0.00154792740128614,0.000325726660434233
0.705,0.0015116762939749,0.00033150802599613
0.706,0.00147320636397063,0.000339898958435336
0.707,0.00150840120877417,0.000334926196965624
0.708,0.00153951783625197,0.000326141861251739
0.709,0.00158206302666168,0.00031712962504471
0.71,0.00162348835318459,0.000308129778341881
0.711,0.00166685411926054,0.000301724461186037
0.712,0.00171567847570122,0.000298804417188547
0.713,0.00176497796968054,0.000300135935014934
0.714,0.0018106695060854,0.000290244256709038
0.715,0.00183200628677449,0.00028099299473644
0.716,0.00178478554120614,0.000269907028143557
0.717,0.00173464046213227,0.000258114717107349
0.718,0.00169031771164273,0.000247812128540748
0.719,0.00164157301272619,0.0002398297892382
0.72,0.00159801009193264,0.000237351591751367
0.721,0.00154769885817743,0.000239399206786395
0.722,0.00149851439517834,0.000248451191316279
0.723,0.0014520310280185,0.000258854440740919
0.724,0.00141860146861168,0.000270958097103313
0.725,0.00146632013953537,0.000268215994900955
0.726,0.00150660668985855,0.000261694397950096
0.727,0.00154399922870791,0.000253511830926589
0.728,0.0015841930537328,0.000245247849618213
0.729,0.00163184829622228,0.000239633530022709
0.73,0.00167812800998806,0.000235953658081267
0.731,0.00172357243163935,0.000220953744114905
0.732,0.00174477495704358,0.000206180327180283
0.733,0.00177773323612827,0.000192315947252331
0.734,0.00173585607693553,0.000177111613321901
0.735,0.00168980155467436,0.00016298275110932
0.736,0.00164872035193372,0.000151610384832745
0.737,0.00160348492573924,0.000142849413765467
0.738,0.00155558386336093,0.000139837816158894
0.739,0.00149644921128087,0.000141606949443374
0.74,0.00146491352737502,0.000141942132361239
0.741,0.00142448056812163,0.000145783895259211
0.742,0.00140200851036573,0.00015231182715042
0.743,0.00144240114969045,0.000149356390583277
0.744,0.00148558352000272,0.000141615602211653
0.745,0.00152685167286106,0.000133607967811644
0.746,0.00156781602563309,0.000125616658307293
0.747,0.0016132193632973,0.000120021182979324
0.748,0.0016496631063352,0.000104026679417502
0.749,0.00167788803290821,8.85301066725352e-05
0.75,0.00170797469903943,7.36291706307513e-05
0.751,0.00175115638838927,6.04902582485023e-05
0.752,0.00171505965097686,4.62955662418607e-05
0.753,0.00168010522403291,3.40814742102458e-05
0.754,0.00164731022755599,2.57418948516053e-05
0.755,0.0016003530315314,2.02007564159556e-05
0.756,0.00159439029957619,1.21940396559106e-05
0.757,0.00156905378149918,7.23412584840988e-06
0.758,0.00156111038315665,4.94784290905326e-06
0.759,0.00154120902155552,7.74943906023395e-06
0.76,0.00153857932332335,1.50163712774321e-05
0.761,0.00159507764916842,1.54363638461552e-05
0.762,0.00165532452001667,1.30400247077e-05
0.763,0.00171273101604037,1.11170404527572e-05
0.764,0.00172769154230381,-3.18538093901921e-06
0.765,0.00174362488612051,-1.76148664171594e-05
0.766,0.00176484553690291,-3.17336411181923e-05
0.767,0.00179498021341684,-4.5008170166505e-05
0.768,0.00180807079760966,-5.52482598913384e-05
0.769,0.00176484721718767,-6.53844552429006e-05
0.77,0.00172005016020493,-7.28076992160265e-05
0.771,0.00167871471141082,-7.63048935071842e-05
0.772,0.00163282374632344,-7.99655891505213e-05
0.773,0.00161025625203536,-8.36564091135084e-05
0.774,0.00157658536882351,-8.34068432164492e-05
0.775,0.00156083449091729,-7.94138080825735e-05
0.776,0.00160842107086248,-8.28104707165656e-05
0.777,0.00165865726712307,-8.85491757746104e-05
0.778,0.00170834089789841,-9.31770307714408e-05
0.779,0.00175675910872797,-9.57787359230355e-05
0.78,0.00178066120476507,-0.000108598882242128
0.781,0.00181316050593825,-0.000123143019041871
0.782,0.00184724746140338,-0.000136786392427202
0.783,0.00186974220071222,-0.00014776578400888
0.784,0.00183553240846929,-0.000160347084580903
0.785,0.00179238753556649,-0.000169855557292153
0.786,0.00174106398721421,-0.000176219493788432
0.787,0.00168564353068414,-0.000176897422188571
0.788,0.00163992819540846,-0.000176916952146111
0.789,0.00161232260490284,-0.000174974489216717
0.79,0.0015772472776831,-0.000169185400439698
0.791,0.00154982206110818,-0.000159950494454331
0.792,0.00159714599609187,-0.000160076080612748
0.793,0.00164534176777123,-0.000162780420810249
0.794,0.00169333358172689,-0.00016469252083906
0.795,0.00174084863888759,-0.000165066946835768
0.796,0.00176692710549479,-0.000177033447197994
0.797,0.00177930586274923,-0.000188069043519257
0.798,0.00181162144601539,-0.000199095333713206
0.799,0.00182655331638466,-0.000207160712295373
0.8,0.00177886353484707,-0.000214701377010684
0.801,0.00173140711688421,-0.000220737973022189
0.802,0.00168432892035482,-0.000222763732300457
0.803,0.00163603384556086,-0.000224246501989045
0.804,0.00161277858868542,-0.000224778365445655
0.805,0.00157997078294744,-0.000221562843616741
0.806,0.00155595515191619,-0.000214573646180938
0.807,0.0015287031009798,-0.000202214804108314
0.808,0.0015602710700768,-0.000199472972504999
0.809,0.0015930706699865,-0.000197553193666433
0.81,0.00162531252112928,-0.000196466338183765
0.811,0.00167112027719052,-0.000206280217068144
0.812,0.00169243361731876,-0.000216984510147789
0.813,0.00172673929455768,-0.000228385734258096
0.814,0.0017436594174371,-0.000236549337972403
0.815,0.00177865447856895,-0.000242183662572393
0.816,0.00173931930322324,-0.00024828596308929
0.817,0.00169904916342371,-0.000251494176477574
0.818,0.00166310197980894,-0.000250828983497431
0.819,0.00161624975867635,-0.000246908137698898
0.82,0.00159854018032139,-0.000245757919135503
0.821,0.00156939962928771,-0.000241678763452213
0.822,0.00155350802917427,-0.000235204633565356
0.823,0.00152489672409138,-0.000224164624309964
0.824,0.00151034184810304,-0.000208824521867768
0.825,0.00157243821876902,-0.000203342223773328
0.826,0.00163147782690446,-0.00020003943955399
0.827,0.00168918149796648,-0.000196223004711782
0.828,0.0017443841725872,-0.00019056940351686
0.829,0.00175946137564355,-0.000196504837467082
0.83,0.00178853063829474,-0.000204687423690786
0.831,0.00181073979642955,-0.000212455180905569
0.832,0.00184905762133425,-0.000219255275092312
0.833,0.00186636192581447,-0.000222814989941922
0.834,0.00181668374380308,-0.000227453301685387
0.835,0.00176941382379561,-0.000230942940325385
0.836,0.00172448108992834,-0.000231393598451035
0.837,0.00167242124993922,-0.000228763671711041
0.838,0.00164432051884781,-0.000229108830758606
0.839,0.00160834573190071,-0.000227127531916171
0.84,0.0015847573215662,-0.000223151668736876
0.841,0.00154551724458456,-0.000214627707489756
0.842,0.00152407910148241,-0.000202061145054
0.843,0.00149684871731436,-0.000183107513578307
0.844,0.00152479290328352,-0.000175505103035101
0.845,0.00156298412749677,-0.000169581954734543
0.846,0.00160540601001556,-0.000165507872470216
0.847,0.00166128296736656,-0.000159133368877351
0.848,0.00169408661434345,-0.000166731184303492
0.849,0.00171230052367299,-0.000175484042213792
0.85,0.001742364401519,-0.000184747855526746
0.851,0.00176228830189075,-0.000193169237810542
0.852,0.00179714995612763,-0.000199507237500951
0.853,0.0018149493456436,-0.000202052480213155
0.854,0.00177565208242873,-0.000206359388763622
0.855,0.00172544386172284,-0.000207847058155963
0.856,0.00167777837931379,-0.00020596402185874
0.857,0.00162555651030512,-0.00019987576248004
0.858,0.00157266105257527,-0.000195211189073397
0.859,0.00154104755392974,-0.000190082503470412
0.86,0.00150702812303881,-0.000182306830268375
0.861,0.0014721693218214,-0.000171107444705998
0.862,0.00142764566002801,-0.000154672266985012
0.863,0.00146493579968942,-0.000151257974039476
0.864,0.00150888742105326,-0.000148626932732709
0.865,0.00155356539887525,-0.000146498210854717
0.866,0.00159631491398671,-0.000143058860265277
0.867,0.00164172693355087,-0.000137060229789654
0.868,0.0016588665878955,-0.000143551377151552
0.869,0.00168284870188353,-0.000151375893494621
0.87,0.00170055877225074,-0.000159377029299412
0.871,0.00173098894474734,-0.000166681510848976
0.872,0.00175903344425636,-0.000171134993726008
0.873,0.00172072042547297,-0.000178359039188725
0.874,0.00167573407857522,-0.000182419417954161
0.875,0.00163208393504403,-0.000183980524168903
0.876,0.00158539081461213,-0.000180907670991604
0.877,0.001533623950679,-0.000173158979540733
0.878,0.00151453434305871,-0.000168987372819285
0.879,0.00147424432072058,-0.000162266742072925
0.88,0.001447649644319,-0.000153210177550267
0.881,0.00140922683016343,-0.000139770379061488
0.882,0.00138342019746027,-0.000122523537048447
0.883,0.0014352856363377,-0.000117312619251797
0.884,0.00148653811354983,-0.000112980915561778
0.885,0.00153826293415511,-0.000108774913451737
0.886,0.00158946331206798,-0.000102755832405377
0.887,0.00164138580459053,-9.46804190081196e-05
0.888,0.00168850202813057,-0.000101533346809402
0.889,0.00171169043549398,-0.000109383864564216
0.89,0.00174761912497049,-0.000117692358130972
0.891,0.00176949155177557,-0.000125064388040219
0.892,0.00172153790228358,-0.000133653354652985
0.893,0.00167903862429612,-0.000141229731723869
0.894,0.00163611788013508,-0.000147030304036344
0.895,0.00158920727542564,-0.000149596845635092
0.896,0.00153175170093943,-0.000146859391548515
0.897,0.00147813626228808,-0.000137399675079086
0.898,0.00144096351828871,-0.000129270535134562
0.899,0.00139073202813471,-0.000118213976258219
0.9,0.00135162925978658,-0.000104500052499068
0.901,0.00130353713314215,-8.63813687098647e-05
0.902,0.00133316293808456,-8.22515354941267e-05
0.903,0.00136485760442671,-8.09474700115276e-05
0.904,0.00139571205205347,-8.0603923676037e-05
0.905,0.00143354377798762,-7.92745345297718e-05
0.906,0.00147614398723883,-7.80985365641529e-05
0.907,0.00151446290544627,-8.90402328695972e-05
0.908,0.00154406863581749,-9.9126728151766e-05
0.909,0.00157919620556465,-0.000108329564765475
0.91,0.00160548934522258,-0.00011612764489588
0.911,0.00164315098456309,-0.000120441566133056
0.912,0.00159428211657714,-0.000127017971629839
0.913,0.00154889468304703,-0.000130824939375329
0.914,0.00150461732511728,-0.00013163367758362
0.915,0.00146612353793277,-0.00012867157461427
0.916,0.00144701155208262,-0.000127927224274071
0.917,0.00140792534970353,-0.000124858980661446
0.918,0.00138283416026484,-0.000119523659671716
0.919,0.00134592750731739,-0.000109608363099034
0.92,0.00132349264099256,-9.57300997568855e-05
0.921,0.00129364681325971,-7.5077621317643e-05
0.922,0.00133034502360646,-6.66653318347477e-05
0.923,0.00137951035570541,-5.90602031882992e-05
0.924,0.00142740732951741,-5.19542370220893e-05
0.925,0.00144294543979069,-5.94159498716884e-05
0.926,0.00146411252782476,-6.80387916942027e-05
0.927,0.00148872905867055,-7.71261880495588e-05
0.928,0.00151840868168198,-8.59000831627266e-05
0.929,0.00153954230662808,-9.10736405546064e-05
0.93,0.00157527456407887,-9.07166542686855e-05
0.931,0.00153761626819882,-8.55009802943063e-05
0.932,0.00150248657878241,-7.2594695249395e-05
0.933,0.00146879100097748,-5.14127352757021e-05
0.934,0.00145583141785416,-3.17356773576472e-05
0.935,0.0014401765423109,-9.3962527561442e-06
0.936,0.00142759458388509,1.66686871074795e-05
0.937,0.00142240158499352,4.67557230048876e-05
0.938,0.00142082708254154,8.21645771096891e-05
0.939,0.00142888017111393,0.000122372342452493
0.94,0.00143775408754119,0.000169656371375171
0.941,0.00145573071327699,0.000222391613044826
0.942,0.00150823378108053,0.000261119451459124
0.943,0.0015806690860531,0.000297313484624084
0.944,0.00165505291229263,0.000330203581451916
0.945,0.00167568555811102,0.000342246756255715
0.946,0.00169321298855241,0.000348375087848796
0.947,0.00171324497811312,0.000349955185571627
0.948,0.00173275075952347,0.000348515188242582
0.949,0.00174669258811206,0.000345282151722692
0.95,0.00177134251324147,0.000341699203385448
0.951,0.0017847239799513,0.000338603412457616
0.952,0.00181132385316557,0.000336882845264563
0.953,0.00176758199163043,0.000333938754721375
0.954,0.00172201213848462,0.000332515556817847
0.955,0.0016695471365172,0.000335825430559877
0.956,0.00161413402857089,0.000337041237482794
0.957,0.00158565200357389,0.000338180670713617
0.958,0.00154194326116718,0.000343897636699397
0.959,0.00150430864924068,0.00035351763186825
0.96,0.00153726058257188,0.000351886026148829
0.961,0.00157200424175889,0.000345633208699181
0.962,0.00161753264497072,0.00034015846152502
0.963,0.0016678060595948,0.000335078162063962
0.964,0.00169395959618002,0.000316830205918439
0.965,0.0017107272154132,0.000297408846678116
0.966,0.00174069444065167,0.000277136290769142
0.967,0.00175985610029098,0.000258234591700435
0.968,0.00171939774228797,0.00023651525609697
0.969,0.00166884460546228,0.000217412314987286
0.97,0.00162113048412715,0.000201570479913316
0.971,0.00156773047938459,0.000190028901403072
0.972,0.0015243949685503,0.000179850486248245
0.973,0.00149445592337894,0.000173111562870087
0.974,0.00146457624524172,0.000171264077715616
0.975,0.00144031829321873,0.000175115162433293
0.976,0.00141392075469337,0.000186166339992688
0.977,0.0014544382427342,0.000189937592831702
0.978,0.00149407491313012,0.000194457830298034
0.979,0.0015201917447711,0.000185655510497595
0.98,0.00152940582091173,0.000176387688099966
0.981,0.00154433798597246,0.000167168657365768
0.982,0.00156001569335019,0.000159449033898917
0.983,0.00157760756890527,0.000153773969397308
0.984,0.00152740275829193,0.00014912587559196
0.985,0.00147505525047288,0.000147805173860815
0.986,0.00142113600006348,0.000151414173953979
0.987,0.00136849813388705,0.000154802062050763
0.988,0.00133178304730314,0.000159397130526928
0.989,0.00128582059532983,0.000166987544721497
0.99,0.00131692184988422,0.000161867952502059
0.991,0.00135076744743584,0.000154539935187381
0.992,0.00138325631697239,0.000145375500188394
0.993,0.00142786307933034,0.000136849237238501
0.994,0.00144688755300824,0.000117334780301848
0.995,0.00146350322579411,9.78004195928417e-05
0.996,0.0015003764679629,7.69114575510654e-05
0.997,0.0015154078470617,5.82203657356062e-05
0.998,0.00147397340805301,3.7598170422537e-05
0.999,0.00142369635310732,1.993409137796e-05
1,0.00137485215809108,5.8762212686303e-06
1.001,0.00135065003178462,-1.05175770766519e-05
1.002,0.00131003722824866,-2.46281533528014e-05
1.003,0.00128894573592502,-3.71287395411479e-05
1.004,0.00125779257286381,-4.57345342124715e-05
1.005,0.00123621703763608,-5.07430057368197e-05
1.006,0.00121826827812698,-5.03866790704799e-05
1.007,0.0012611689155881,-5.87247771186017e-05
1.008,0.00130449490904645,-6.86355107606951e-05
1.009,0.00134800244958058,-7.74789854799396e-05
1.01,0.00137571362692182,-9.73953142485717e-05
1.011,0.00140946869481773,-0.000119643073431652
1.012,0.00141810586543383,-0.000141245603865747
1.013,0.00144657029920308,-0.000163014962024755
1.014,0.00146230442183407,-0.000181060873536809
1.015,0.00141560542950017,-0.000197894447277469
1.016,0.00136454969566857,-0.000212278904352492
1.017,0.00131671337405394,-0.00022187639632526
1.018,0.00127892135343012,-0.000232964197226904
1.019,0.0012437528466278,-0.00024114100133299
1.02,0.00120891191509337,-0.00024678899689401
1.021,0.00119026426180992,-0.000249618908143456
1.022,0.00116031400378762,-0.000246476890602809
1.023,0.00114284856769531,-0.00023868224640694
1.024,0.00118935846268945,-0.000239263077365992
1.025,0.00123995076556965,-0.000242235641493949
1.026,0.00129627687742283,-0.000243142503411675
1.027,0.00132027165156997,-0.000255829441877575
1.028,0.00136375288333243,-0.000271895838884373
1.029,0.00138228830316566,-0.000287722347336483
1.03,0.00140972737736131,-0.000302678766334386
1.031,0.00143314940889675,-0.00031432722471908
1.032,0.00146238596250067,-0.00032342895902121
1.033,0.0014302343028735,-0.0003327802309534
1.034,0.0013927088568705,-0.000339209905803661
1.035,0.00134871326066186,-0.000343653591614423
1.036,0.00129876765496085,-0.00034376227375732
1.037,0.00124333388679864,-0.000345206635791351
1.038,0.00120855746352039,-0.000346279346216893
1.039,0.00116698342897329,-0.000345144451813162
1.04,0.00112697694104163,-0.000341480647741643
1.041,0.00109175077653929,-0.000334131530603798
1.042,0.00113226915917946,-0.000338529122660747
1.043,0.00117083388633236,-0.000346559620929887
1.044,0.00121571779166492,-0.0003556539983392
1.045,0.00125844769710165,-0.000364900125439716
1.046,0.00130958123705688,-0.000372596722305774
1.047,0.0013391670408949,-0.000392737544061994
1.048,0.00136114123558372,-0.000414401476222959
1.049,0.00139823845928317,-0.000437646323063423
1.05,0.00142399078329169,-0.000460123554096803
1.051,0.0014581166412657,-0.000482273757320961
1.052,0.00143672564701443,-0.000506073275916508
1.053,0.00141578202616786,-0.000530689476626656
1.054,0.00139314911002987,-0.000553240166200009
1.055,0.00136100797377788,-0.000574346985075802
1.056,0.00132610830072996,-0.000591713721824205
1.057,0.00128578961925362,-0.000611074590944061
1.058,0.00126087820373843,-0.000630957566482793
1.059,0.00123627031206905,-0.000650903459756491
1.06,0.00121711949349589,-0.000668406877083472
1.061,0.00119876926034295,-0.000682854294629665
1.062,0.00123708058974793,-0.000708020970618284
1.063,0.00127850845038774,-0.000736185997326666
1.064,0.00132297243270099,-0.000762539918756189
1.065,0.001366454395822,-0.000787863463818816
1.066,0.00140901700725053,-0.000809954629347354
1.067,0.00145559200532001,-0.000829822124850499
1.068,0.00150956335976943,-0.000857208729626802
1.069,0.00154611883881169,-0.000883864843841453
1.07,0.00159030111723014,-0.000909622371461805
1.071,0.00158797442570545,-0.000935573042335214
1.072,0.00158107901914059,-0.000960873355717151
1.073,0.00156578480513308,-0.000981597947504353
1.074,0.00154251088296309,-0.000998157755340456
1.075,0.00151435253800879,-0.00100823380675141
1.076,0.00148622168780806,-0.00101618875170439
1.077,0.00147272011066387,-0.00102150353514663
1.078,0.00145209901052924,-0.00102201202325874
1.079,0.00143179584637532,-0.00101747416709641
1.08,0.00145794506379518,-0.00102184885557072
1.081,0.00149301545211433,-0.001024261235748
1.082,0.00152601976335294,-0.00102494446137774
1.083,0.00155490687983692,-0.00102210615735221
1.084,0.00157423185237188,-0.00102681828951912
1.085,0.00158560867577197,-0.0010306120739097
1.086,0.00160452678147396,-0.00103366762814261
1.087,0.00161719779635993,-0.00103353844094628
1.088,0.00158668699135897,-0.00103117051023827
1.089,0.0015463599081325,-0.00102642657734575
1.09,0.00150067412316779,-0.00101625078295042
1.091,0.00144625315096805,-0.00100081886597986
1.092,0.00141408869652117,-0.000985339216580505
1.093,0.00138167759282206,-0.000967606423955991
1.094,0.00133813726025648,-0.000945623050794819
1.095,0.00130423829956095,-0.000919642360113326
1.096,0.00132212271476503,-0.000901066545624551
1.097,0.0013411026490201,-0.000884063118513856
1.098,0.00135887383338711,-0.000865127545678024
1.099,0.00137695169687693,-0.000844078923294189
1.1,0.00139262648661817,-0.000820409129476396
1.101,0.00142325452201376,-0.000806289189247578
1.102,0.00143334118905426,-0.000792791158525985
1.103,0.00145043651083724,-0.0007792399238431
1.104,0.00146506261421543,-0.000763550972198768
1.105,0.00141289652471907,-0.00075037488714863
1.106,0.00135956242188269,-0.000734032006502794
1.107,0.00130682539303281,-0.000714820408192596
1.108,0.00125426575172925,-0.000691241265803444
1.109,0.00119029680524756,-0.000663376387442793
1.11,0.0011522522314223,-0.000637671997644196
1.111,0.00109919255335871,-0.000608553435004711
1.112,0.00105810394412195,-0.000576356666733169
1.113,0.00100881911616205,-0.000539542000017157
1.114,0.000976859989932965,-0.000498541988626366
1.115,0.00101304857526996,-0.000466354732051477
1.116,0.00105324386017837,-0.000437822787958231
1.117,0.00109122834708507,-0.000409166085531543
1.118,0.00113607465334144,-0.000378157519599687
1.119,0.00113437824136933,-0.000360702579290773
1.12,0.00114168591436937,-0.000344058291019689
1.121,0.00115420526927859,-0.000327122720363004
1.122,0.00116910365933483,-0.000309110059736495
1.123,0.00118019202729552,-0.000289168718309585
1.124,0.00121034842542179,-0.000267639651396812
1.125,0.00115469800712795,-0.000247323372776109
1.126,0.00110307148039927,-0.000225660295258778
1.127,0.00105735786334566,-0.000201605605974264
1.128,0.00100794449403571,-0.000174187770089873
1.129,0.000943835320521811,-0.000148745498068481
1.13,0.000907200351535601,-0.000122388837369369
1.131,0.000878124219990494,-9.3435834678024e-05
1.132,0.000847922423432601,-6.09167829297985e-05
1.133,0.000830009863985545,-2.47231309838392e-05
1.134,0.000812179481334066,1.83985772667095e-05
1.135,0.000861807142852864,4.78987017373811e-05
1.136,0.000919644814561227,7.54094885674905e-05
1.137,0.000970300696053799,0.000102053068498698
1.138,0.0010361126706282,0.00013054744671559
1.139,0.00102755335949774,0.000144514243306526
1.14,0.00103513436243919,0.000155724911300725
1.141,0.00104453278591318,0.000166626166223149
1.142,0.00106038324753466,0.000177864169159214
1.143,0.00107145916758615,0.000190660342831384
1.144,0.00110447491301887,0.000204637130297336
1.145,0.00107023496919467,0.000217698471595196
1.146,0.00101884852317956,0.000230670097177588
1.147,0.000965813258661097,0.000247370475515041
1.148,0.000914160996484995,0.000267814588895521
1.149,0.000911229199776006,0.000282195242082062
1.15,0.000890635733222052,0.000298893769676845
1.151,0.000877900725972911,0.000318369164726273
1.152,0.000862879975975407,0.000341631615467131
1.153,0.000855965827328564,0.000368640557247168
1.154,0.000851293693741083,0.00040125324716539
1.155,0.000908167655734643,0.000418055439408427
1.156,0.000974499923946456,0.000434561740802364
1.157,0.00103581047908132,0.000450583323796827
1.158,0.0010905725315781,0.000467132694884353
1.159,0.00109685159155862,0.000470682095753128
1.16,0.001105766385538,0.000471887476349742
1.161,0.00111948456421631,0.000472196966385452
1.162,0.00113488328535857,0.000473086110314214
1.163,0.0011641843743096,0.000475298306184146
1.164,0.00118961066250743,0.000480791097353606
1.165,0.00114103105832891,0.000484693445656881
1.166,0.00109153644056108,0.000489520718097769
1.167,0.00104394708936609,0.000496823924981626
1.168,0.00103212688739434,0.000498389881676442
1.169,0.00100573851923111,0.000501448710166996
1.17,0.000989625042974914,0.000506204598620275
1.171,0.000969019586808855,0.000514415670546053
1.172,0.000959906411009126,0.000525830298684971
1.173,0.000950521834117594,0.000543467987448087
1.174,0.000967527038516236,0.000565928289601336
1.175,0.00103396589274883,0.000580959127016833
1.176,0.00109656174897164,0.000592286484046578
1.177,0.00109545224965996,0.000587556072410178
1.178,0.00109968754655701,0.000580013359145704
1.179,0.00110668221492256,0.00057138742510815
1.18,0.00111488117107022,0.000562740575811571
1.181,0.00112352866798463,0.000555566139093966
1.182,0.00114400439370885,0.000549264191202548
1.183,0.0011088655659525,0.000543230695245922
1.184,0.00106819054971043,0.000540433890379666
1.185,0.00101992697221907,0.000540800885761306
1.186,0.00101168103824134,0.000536293826974232
1.187,0.000989658069325467,0.000534518928094641
1.188,0.00097158186444217,0.000535147374320477
1.189,0.000949743641999146,0.000539715823574205
1.19,0.000947133296665997,0.000548244224686467
1.191,0.000999262550569722,0.000547501811270723
1.192,0.00104393397392045,0.000543810224768071
1.193,0.00108928282461925,0.00054007130745698
1.194,0.00113413793056959,0.000537505027601692
1.195,0.00116000826337134,0.000521892937349833
1.196,0.00116802855264138,0.00050476472409422
1.197,0.00118640102527211,0.000486712352173402
1.198,0.00119367781715379,0.000470595462848
1.199,0.00121738758931574,0.00045679602662152
1.2,0.00116341230578684,0.000440842914134543
1.201,0.00111320900383145,0.000427684969504682
1.202,0.00106650788574097,0.000417066818732492
1.203,0.00102027953044005,0.000410693065451662
1.204,0.000966474394384752,0.00040871382742097
1.205,0.000940988573904935,0.000403298634443161
1.206,0.000903126219874427,0.000400375553585852
1.207,0.000882527976183129,0.000400135746586316
1.208,0.000857598964582386,0.000404298466638031
1.209,0.000839597148926175,0.00041244224432696
1.21,0.00088471878063471,0.000406943289513628
1.211,0.000922700715313,0.000399641707338971
1.212,0.000967627398232362,0.00039211785896992
1.213,0.00102152280924678,0.000388052421662233
1.214,0.00107447942681868,0.000386665464714275
1.215,0.00107513316302299,0.00037344975575021
1.216,0.00108844852452131,0.00035951831756259
1.217,0.00110405968285475,0.00034643057843986
1.218,0.00112398440002426,0.000334609033904532
1.219,0.00107788021241522,0.00032220928725335
1.22,0.00103081724151565,0.000310491973532334
1.221,0.00098563635838244,0.000302293456392544
1.222,0.000934156262810733,0.000297552840127391
1.223,0.000915799203395541,0.000290651447331924
1.224,0.000885446214949819,0.000287669154918124
1.225,0.000867843690866911,0.000287965028446802
1.226,0.000844565920926198,0.00029330496631369
1.227,0.000874893727014389,0.000285645019791447
1.228,0.000920863786211298,0.000277741904242956
1.229,0.000965089696407234,0.000269887513734857
1.23,0.00100827497976241,0.000263398029229367
1.231,0.00102356206553298,0.000246198577273093
1.232,0.00103762187455295,0.000228173821545608
1.233,0.00106492175251489,0.000210082692683355
1.234,0.00107982713622491,0.000194349884758582
1.235,0.00103498665611734,0.000178279028029416
1.236,0.00098420941488723,0.000165314405287165
1.237,0.000936580497857039,0.000155451615485136
1.238,0.000888701197894909,0.00015014460115742
1.239,0.000823494306772391,0.000144396155994819
1.24,0.000778876464875419,0.000141000256338508
1.241,0.000741234494607627,0.000140835174059328
1.242,0.000711629414689146,0.000144316075172346
1.243,0.000751889116264819,0.000137253274707816
1.244,0.000788483581239986,0.000127174697326204
1.245,0.000831476935824056,0.000117640143042386
1.246,0.000870936044333635,0.000108951356733167
1.247,0.000930493870150519,0.000103509828556947
1.248,0.000952990401088668,8.67393175238429e-05
1.249,0.000974207095820319,6.9836463178985e-05
1.25,0.00100620050104821,5.28152314946406e-05
1.251,0.00101585876066186,3.82916149234691e-05
1.252,0.000974755116363779,2.02727900833755e-05
1.253,0.000925356397423969,4.28061241025679e-06
1.254,0.000869966986748348,-9.27636064856907e-06
1.255,0.000819623352782002,-1.82345799515926e-05
1.256,0.000767212685168399,-2.29285583727701e-05
1.257,0.000717426605353656,-2.79195887090133e-05
1.258,0.000690335044597106,-3.19982321324019e-05
1.259,0.000658927657310398,-3.23611872605767e-05
1.26,0.000633835663565446,-2.93885355145407e-05
1.261,0.000609057653777991,-2.06072365530607e-05
1.262,0.00066118621692668,-2.36700024062175e-05
1.263,0.000711179357920224,-2.66806678052567e-05
1.264,0.000757384585279886,-2.94552020619898e-05
1.265,0.000799070983003489,-3.12319701085695e-05
1.266,0.000831426181102496,-4.46827039667919e-05
1.267,0.000844312555605058,-5.93050052509758e-05
1.268,0.000865065440802506,-7.43861038626781e-05
1.269,0.000887372504603699,-8.7941713850237e-05
1.27,0.000906077973423646,-9.87110106889788e-05
1.271,0.000859383372160686,-0.00011026343021997
1.272,0.000813694280905647,-0.000119672846599972
1.273,0.00076134072510745,-0.000126127685035338
1.274,0.000709057528082138,-0.000127337840420572
1.275,0.000658754881101164,-0.00012845383355109
1.276,0.000627513896224204,-0.000128866854022913
1.277,0.000594576754526798,-0.000126392026708666
1.278,0.000575940571440226,-0.000121285282420891
1.279,0.00054969387333179,-0.000110849431212645
1.28,0.000593203635435337,-0.000112467309288322
1.281,0.000627382809171363,-0.000115593547937443
1.282,0.000669886916956498,-0.00011869985257712
1.283,0.000720300482100185,-0.000118907023620496
1.284,0.000720596065654442,-0.000130739478193309
1.285,0.000732922689318496,-0.000143437292498161
1.286,0.000741571415735192,-0.000155175243800543
1.287,0.000757454682856568,-0.000165847788040852
1.288,0.000773020264591881,-0.000173923838566348
1.289,0.000729108891328755,-0.000181980751048583
1.29,0.000684842301117804,-0.000187618168636883
1.291,0.000642942380318198,-0.000190115789052814
1.292,0.000597234365241957,-0.000188729145212341
1.293,0.000594690384293849,-0.000190852982116907
1.294,0.000576402513019418,-0.000189411131789219
1.295,0.000568571333337176,-0.000184048943140502
1.296,0.000553235394767417,-0.000173425320111165
1.297,0.000598022637032398,-0.000175050260298848
1.298,0.000647408679195266,-0.000176218529214289
1.299,0.000693496129742464,-0.000177259202433833
1.3,0.000747219037393297,-0.000175653007401022
1.301,0.000754651319327711,-0.000183725195294582
1.302,0.000774084486026537,-0.000193002258764396
1.303,0.000796929891187723,-0.000201486711117194
1.304,0.000812868562033148,-0.000207635933367589
1.305,0.000771937274103656,-0.00021503571423942
1.306,0.00072708586446699,-0.000219383010598484
1.307,0.000684727614855435,-0.000220746065031308
1.308,0.000637449752438452,-0.000217748347600133
1.309,0.000583811639674561,-0.000215386634635717
1.31,0.000552232067192431,-0.000210511570081839
1.311,0.000530345907010021,-0.000202499059426542
1.312,0.000516042518838331,-0.000191014975871984
1.313,0.000505227912333648,-0.0001740803828153
1.314,0.000564502121122293,-0.000168826557550017
1.315,0.000612299915568164,-0.000165129438817802
1.316,0.000665634071740166,-0.000161259331456165
1.317,0.000712559727898033,-0.000156313014215259
1.318,0.000736365447315771,-0.000162727061824575
1.319,0.000744095721894421,-0.00016978315869659
1.32,0.000762514258114951,-0.000177370287450684
1.321,0.000775988268680192,-0.000182558327061932
1.322,0.000802589978557904,-0.000185903899289575
1.323,0.000764692773599501,-0.000190681494777745
1.324,0.000721470505927444,-0.000193292572003567
1.325,0.000672349490097247,-0.000193492037332155
1.326,0.00061779331035758,-0.000189156505706001
1.327,0.000565830419017033,-0.00018588778056583
1.328,0.000537712303824386,-0.000181085407960135
1.329,0.000512584718953582,-0.000173074719660493
1.33,0.000492035036701544,-0.000161696696539315
1.331,0.000478722376752232,-0.000145137037437404
1.332,0.00053967016281272,-0.000140574786015257
1.333,0.000586862256809815,-0.000138165150082636
1.334,0.000642868826539171,-0.000135421041075112
1.335,0.00069043748216872,-0.000132144450819383
1.336,0.000754606007387845,-0.000125243223525862
1.337,0.000751711979266779,-0.000130340128000228
1.338,0.000766357157556501,-0.000138222565897683
1.339,0.000775989755830143,-0.000145880107845164
1.34,0.000796564060305462,-0.000152310225551455
1.341,0.000748528463829081,-0.000160843459608817
1.342,0.000706843965347843,-0.000167154153937754
1.343,0.000660750407319478,-0.000171348637049595
1.344,0.000613161694435133,-0.000171369489299078
1.345,0.000553929612259813,-0.000167299594075188
1.346,0.000488072257508114,-0.000156934542586529
1.347,0.000450357236859077,-0.00014761427903287
1.348,0.000434627898240773,-0.000136557104844393
1.349,0.000422790151379873,-0.000121870192071161
1.35,0.000425979343165081,-0.000103811005505161
1.351,0.000477312175090333,-9.9104368824543e-05
1.352,0.000531050904688126,-9.70692243332238e-05
1.353,0.000583004252685145,-9.57501332338739e-05
1.354,0.000626467186493821,-9.38407026915833e-05
1.355,0.000690106532004518,-8.93419980326216e-05
1.356,0.00074646470270752,-8.27407959931303e-05
1.357,0.000746852802600425,-8.89099616467326e-05
1.358,0.000749386909551406,-9.52204624272146e-05
1.359,0.000761070309670821,-0.00010149488596134
1.36,0.000770826663591518,-0.000106034630373397
1.361,0.000714102494410324,-0.000115024577045819
1.362,0.000661539122408975,-0.000121765900632564
1.363,0.000612319271031256,-0.000126646219069493
1.364,0.000561773300446433,-0.000128291638521683
1.365,0.000495913188653384,-0.000125527070289511
1.366,0.000432915046732092,-0.000116252676821971
1.367,0.000390560113410616,-0.000106362155932294
1.368,0.000375345922295514,-9.52961311095346e-05
1.369,0.000361617041056289,-8.07353358538987e-05
1.37,0.000364588967464411,-6.35888829181863e-05
1.371,0.000417810512084546,-6.00748658885486e-05
1.372,0.000459048253526865,-5.99413010657912e-05
1.373,0.000504476150608976,-6.05414300774432e-05
1.374,0.000550155596158382,-6.02662235861251e-05
1.375,0.000583937582242665,-5.88219384406452e-05
1.376,0.000641751556563146,-5.37111746120589e-05
1.377,0.000635670270395575,-5.94857380094571e-05
1.378,0.000641125322053772,-6.64379711256546e-05
1.379,0.000645127952196323,-7.22525278388231e-05
1.38,0.000663191599843486,-7.74515619246796e-05
1.381,0.000620121374644617,-8.48108973940942e-05
1.382,0.000578986802501459,-9.1673732462827e-05
1.383,0.000542501187385937,-9.68631998342073e-05
1.384,0.000489890099215423,-9.90889923344063e-05
1.385,0.000435567539256383,-9.55674774683057e-05
1.386,0.000369847788489053,-8.66903991824097e-05
1.387,0.000359773778539001,-8.16154910875944e-05
1.388,0.000346074725957406,-7.37306982327435e-05
1.389,0.000350521976898977,-6.24830478008764e-05
1.39,0.000355202143359058,-4.65033947190108e-05
1.391,0.00037589840766973,-2.70047200795487e-05
1.392,0.000421042122474779,-2.12942308385755e-05
1.393,0.000469331147183929,-1.84109687151879e-05
1.394,0.000516664434050692,-1.61597496479149e-05
1.395,0.000554874895998918,-1.35778994782565e-05
1.396,0.000615091278729964,-8.40715744482301e-06
1.397,0.00066887480790815,-5.896269982264e-07
1.398,0.000655544034934447,-5.79759641833322e-06
1.399,0.000649716900491421,-1.28108539382277e-05
1.4,0.000651205715610025,-2.01039784117341e-05
1.401,0.000661378035070216,-2.66823489652457e-05
1.402,0.000613380944444352,-3.49736050769267e-05
1.403,0.000567049815128173,-4.31727589982889e-05
1.404,0.000522776079939236,-4.92965321004513e-05
1.405,0.000461078870054814,-5.19765413866669e-05
1.406,0.000405979614779929,-4.87505689633627e-05
1.407,0.000342931652611681,-4.01385284928835e-05
1.408,0.000328794930641198,-3.33788714031447e-05
1.409,0.000317848239936877,-2.368419758908e-05
1.41,0.000325572349081529,-1.06921613425293e-05
1.411,0.000376417986709055,-1.1750592711357e-05
1.412,0.000417659912183454,-1.48200001058862e-05
1.413,0.000459601700286283,-1.84376031668321e-05
1.414,0.00050931044700426,-2.12740133868627e-05
1.415,0.000550495596164317,-2.22848054615143e-05
1.416,0.000608161405565214,-1.95439420706545e-05
1.417,0.000604182848299236,-2.66376802554591e-05
1.418,0.000616301511742185,-3.36369009824034e-05
1.419,0.000624585008674721,-3.4946402121927e-05
1.42,0.000569819590995785,-3.13207827631334e-05
1.421,0.000509324510646319,-2.08831915576857e-05
1.422,0.000441016335911773,-4.91789125256492e-06
1.423,0.000368823494391052,1.69931139806789e-05
1.424,0.000294840933291903,4.5006955089022e-05
1.425,0.000225006448737847,7.93276463866843e-05
1.426,0.000174875074758324,0.0001201025508068
1.427,0.000174522052590143,0.000167533464840552
1.428,0.000231269968024708,0.000213466622673131
1.429,0.00031407280170973,0.000263606489424306
1.43,0.000402712652087618,0.000316981826981755
1.431,0.000507298442606223,0.000376074285384442
1.432,0.000554127014789673,0.00041505646655382
1.433,0.000593625412686649,0.000445465671414902
1.434,0.000638230449965165,0.000470395301302606
1.435,0.00067152335819574,0.000489998814397596
1.436,0.00063934981331714,0.000491224426708015
1.437,0.000604323611043034,0.000488049862563511
1.438,0.000565947134567806,0.000481978626269253
1.439,0.00053255885830996,0.000476290522034017
1.44,0.000507447953814022,0.0004719223842517
1.441,0.000492900324503036,0.000469388183176545
1.442,0.000486060264732816,0.000469032745921749
1.443,0.000493553279652162,0.00046429700013545
1.444,0.000509444067462458,0.000458929244838646
1.445,0.000532839230155194,0.000454098997908159
1.446,0.000539410528243387,0.000445756986136747
1.447,0.000560942803806447,0.000436395266425693
1.448,0.000585819204863176,0.00043050411905543
1.449,0.000619584089967456,0.000427195773394506
1.45,0.000610312096602778,0.000424808689833522
1.451,0.000607897058597697,0.000427847085834487
1.452,0.0006029319964151,0.000435510842677844
1.453,0.00061065156491998,0.000449715722064981
1.454,0.000640895660590391,0.000464480832906733
1.455,0.000678101188694797,0.000482896505228259
1.456,0.000725783600424673,0.000506381115673082
1.457,0.000756421999325366,0.000521176544329482
1.458,0.00080380562020746,0.000535434247336153
1.459,0.000846358220952097,0.00054857251007201
1.46,0.000846318065426544,0.000553846612246278
1.461,0.000842145683686245,0.000562565411379279
1.462,0.000796402538298814,0.000569939253954821
1.463,0.000763284077831157,0.000581252962938761
1.464,0.000761211235208223,0.000592339019227062
1.465,0.000778024051505214,0.000604074126806853
1.466,0.000806989610226088,0.000619956384236786
1.467,0.000846102197933055,0.000641285162068239
1.468,0.000906200462671594,0.000649076273984972
1.469,0.000954564293326144,0.000652361433862769
1.47,0.00101335164831899,0.000653906716311159
1.471,0.000992023848136759,0.000638135358677183
1.472,0.0009738294497943,0.000618381287889103
1.473,0.000955067003380159,0.000596043639169597
1.474,0.000936568643049814,0.000572049164198007
1.475,0.000927665322814143,0.000547686833972383
1.476,0.000905876629330442,0.000525156486949729
1.477,0.000897480003422762,0.000504913886177127
1.478,0.000836375772972037,0.000484081661755287
1.479,0.000782823917277432,0.000466038808730473
1.48,0.000727726407149224,0.000451082420325766
1.481,0.000681523957002823,0.000440935829826794
1.482,0.000650494742305455,0.000432434080830602
1.483,0.000635749380690162,0.000426724302327375
1.484,0.00062065483706567,0.00042829193807481
1.485,0.000624841368108476,0.000435720537063589
1.486,0.000634695940051779,0.000451382945714895
1.487,0.000661523218117045,0.000474440693893297
1.488,0.000722461649230219,0.000490281828429417
1.489,0.000711680768106879,0.000490617865925358
1.49,0.000701374635433533,0.000488458086957799
1.491,0.000694186157342531,0.00048590643854507
1.492,0.000689938956646131,0.000485009355984611
1.493,0.000693797894057909,0.0004866569337178
1.494,0.00068245227097724,0.000493038456080175
1.495,0.000643648956301723,0.000496870846318942
1.496,0.000610624136868384,0.000505134401322771
1.497,0.000586315746657048,0.000517548381192612
1.498,0.000589858886629679,0.000525821212345845
1.499,0.000595233869482378,0.000535961474058377
1.5,0.000610010861071374,0.000547896105493717
1.501,0.000632400267091688,0.00056318183363574
1.502,0.000663196530959366,0.000582084930096927
1.503,0.000702720839772139,0.000605574497523798
1.504,0.000735011899280435,0.000612672654040469
1.505,0.000762566462901825,0.000614370607718684
1.506,0.000791821188450055,0.000613658607183876
1.507,0.000821766295910859,0.000611365930956342
1.508,0.000854635445119261,0.000608056517083233
1.509,0.000818307649502521,0.000590470568198553
1.51,0.000785635615035908,0.000568665249435996
1.511,0.000757321801828077,0.00054604911871392
1.512,0.000735581078855012,0.000523572139456363
1.513,0.000720179195957369,0.000502181463296392
1.514,0.000711960023688161,0.000482412939314447
1.515,0.000702419433883964,0.000464590983390134
1.516,0.000652007612995472,0.000442647614170011
1.517,0.000605619227239913,0.000421619742913548
1.518,0.00055093072842806,0.000400516099525683
1.519,0.000514558851450892,0.00037395298818671
1.52,0.000476039732007527,0.000346074323109957
1.521,0.000439275936321854,0.0003184893050312
1.522,0.000403603402206834,0.000292707342329335
1.523,0.000376666364948962,0.000268792429758857
1.524,0.000358358902662652,0.000249327756329187
1.525,0.000361884069126614,0.000234464489905495
1.526,0.000408683044863958,0.000209691406453882
1.527,0.000451172710577142,0.000180364366971941
1.528,0.000497869324237411,0.000150898380588127
1.529,0.000545694658969663,0.000120978529637827
1.53,0.000535242107830155,7.76587822415853e-05
1.531,0.000530989404989118,3.19925335890425e-05
1.532,0.00054159614069669,-1.53999105843572e-05
1.533,0.00056110796940248,-6.25903392350025e-05
1.534,0.000593835387242976,-0.000109498927473139
1.535,0.000611629385475307,-0.000153734325261723
1.536,0.000644213918870625,-0.000194512890806298
1.537,0.000622821844011635,-0.00023859898013856
1.538,0.000604871298470583,-0.000281261526132282
1.539,0.000593616994891301,-0.000323040800253471
1.54,0.0005837746820385,-0.000362264088943964
1.541,0.000569311305117116,-0.000404067530131003
1.542,0.000575055994915617,-0.000446199296871452
1.543,0.000587953901942668,-0.000486841114507808
1.544,0.000605705715923576,-0.000525288051776762
1.545,0.000624311884195164,-0.000559942668412639
1.546,0.000649264873480982,-0.000590823252423378
1.547,0.000671766248256027,-0.000615824935837339
1.548,0.000693933055059616,-0.000635082919198837
1.549,0.000744114572685883,-0.000664431469395432
1.55,0.000792570509585429,-0.000696259145928191
1.551,0.000846628337643131,-0.000728516047750982
1.552,0.00089906393705172,-0.000760891334565583
1.553,0.000933448607950536,-0.000805533976418193
1.554,0.000966272028186578,-0.00085111968857271
1.555,0.00100374181213565,-0.000896621437361689
1.556,0.00104547803165134,-0.00094155179740002
1.557,0.00108475535252684,-0.00098435148149062
1.558,0.00112472895364435,-0.00102347156221749
1.559,0.00116069082057205,-0.00105866556190332
1.56,0.00119854333290356,-0.0010905761590233
1.561,0.00122901339869766,-0.00111664771918096
1.562,0.0012368899533899,-0.00114150189468504
1.563,0.0012454660277726,-0.00116439239584326
1.564,0.00125326234267569,-0.00118412656245698
1.565,0.00126099685097365,-0.00120111463633432
1.566,0.00126763411061414,-0.00121994738846126
1.567,0.001269971170943,-0.00123625783437809
1.568,0.00127497929429816,-0.0012505306212619
1.569,0.0012775347006108,-0.00126156128549387
1.57,0.00128011461913402,-0.00126953383280398
1.571,0.0012773601792432,-0.00127174615608749
1.572,0.00128804057868474,-0.00128089992573072
1.573,0.00130547695125376,-0.00129102278846271
1.574,0.00132195900968826,-0.00129846795682703
1.575,0.00134449750884406,-0.00131643850147772
1.576,0.0013692691699445,-0.0013353601155553
1.577,0.00139645665226126,-0.00135431686004595
1.578,0.00141775687541025,-0.0013693833828769
1.579,0.0014254796315639,-0.00138572609058202
1.58,0.00143114055487997,-0.00139893359985399
1.581,0.0014358649150763,-0.00140934668580839
1.582,0.00143741080023225,-0.00141498328359041
1.583,0.00143542089273269,-0.00141568301097161
1.584,0.00143062695472458,-0.00141054125224122
1.585,0.0014210259202425,-0.00140625380265119
1.586,0.00140836086558839,-0.00139856070575989
1.587,0.00139457186117901,-0.00138843835120467
1.588,0.00137470621732869,-0.00137262646762398
1.589,0.00135106768426875,-0.00135060298865108
1.59,0.00134044879221188,-0.00134016592525366
1.591,0.00133098039963747,-0.00132926777877806
1.592,0.0013225766295729,-0.00131692675455652
1.593,0.00131422897576149,-0.00130242758179067
1.594,0.00131222174939601,-0.00129751526900584
1.595,0.0013096718261103,-0.0012923261482638
1.596,0.0013094989747958,-0.00128579893722408
1.597,0.00130443231331047,-0.00127598749000662
1.598,0.00130299761008765,-0.00126353571438598
1.599,0.00129714192048178,-0.00124574709577246
1.6,0.00127809586148938,-0.00122676062079868
1.601,0.00125415535242288,-0.00120385831606595
1.602,0.00121649513985309,-0.00118134101408379
1.603,0.00118344618058882,-0.00115898060976771
1.604,0.00114819278090197,-0.00113322005727473
1.605,0.00111336428026611,-0.00110398068402145
1.606,0.00107228726992292,-0.00106847407970456
1.607,0.00102989323576294,-0.00102758876842934
1.608,0.00100392215542317,-0.000994263455180666
1.609,0.000985068661678179,-0.000963938054212132
1.61,0.000970978998250927,-0.000933540788118803
1.611,0.000949862923349123,-0.00091455418927
1.612,0.000936297854872874,-0.000899048327788365
1.613,0.000925184370874299,-0.000882337882029072
1.614,0.000912980350183845,-0.000864461583125697
1.615,0.000908588643601889,-0.000845653775302435
1.616,0.000894468718020642,-0.000822973776829439
1.617,0.000890159679893634,-0.000797185335611517
1.618,0.000854966465427389,-0.000770068334765117
1.619,0.000819257922796119,-0.00074084943992464
1.62,0.000778027723173812,-0.000706054161148717
1.621,0.000727142683510071,-0.000674444631520832
1.622,0.000675335287724766,-0.000642940010583515
1.623,0.000629741068137034,-0.000610494402379258
1.624,0.000582326521642514,-0.000575271488220841
1.625,0.000536650536421572,-0.000535314136643261
1.626,0.000493370552948257,-0.000490731731022875
1.627,0.000468941206004279,-0.000458671882192008
1.628,0.000454744113762638,-0.000429027140240901
1.629,0.000446898071352053,-0.000399424460313658
1.63,0.000453542214632225,-0.00036877179511402
1.631,0.000457915945665059,-0.000337028820563634
1.632,0.000455949041333924,-0.000318645939102191
1.633,0.000446030493504818,-0.000301065613514506
1.634,0.000456516848829719,-0.000283277379320601
1.635,0.000464864997006482,-0.000262904833830291
1.636,0.000418732810207157,-0.000245479480804278
1.637,0.000372820053548167,-0.000226424320135865
1.638,0.000332809130529698,-0.000205936187515021
1.639,0.000298406762002104,-0.000181023818071946
1.64,0.000283078233574427,-0.000152158345358755
1.641,0.000269752755299628,-0.000116135226515435
1.642,0.000208202589622362,-8.15984825607297e-05
1.643,0.00016134187253541,-4.77304793684574e-05
1.644,0.000143551171768158,-1.02606129683824e-05
1.645,0.000169807573393931,3.0379168604322e-05
1.646,0.00013452278369739,5.42975372730958e-05
1.647,0.000128391171191352,7.38625285455208e-05
1.648,0.000150772962756162,9.15267088784089e-05
1.649,0.000194142558687182,0.000108931111711286
1.65,0.000234760075994882,0.000126486795445024
1.651,0.000289773964812249,0.000147020286006438
1.652,0.000291486867738771,0.000153947566421786
1.653,0.000296288952069946,0.0001599821169182
1.654,0.000315503632714979,0.000165272541878592
1.655,0.000345597031240199,0.000172997899377691
1.656,0.00030779127217494,0.000177973780777108
1.657,0.000277632104129455,0.000185448554599343
1.658,0.000259874143495337,0.000195160953014695
1.659,0.000255696610947427,0.000208673466847942
1.66,0.000272953710510001,0.000227046132142805
1.661,0.000266938935676903,0.000243566702682718
1.662,0.000268720606954245,0.000262873314246959
1.663,0.000286396992648338,0.00028428263164465
1.664,0.000321347782243341,0.000310048914210326
1.665,0.000365376596696071,0.000340368042938299
1.666,0.000391985081158638,0.000358679021365715
1.667,0.000416943007593691,0.000372312681063081
1.668,0.000449930097106826,0.000385311639496566
1.669,0.000489386303896843,0.000398199813923361
1.67,0.000471543087412978,0.000396475277992137
1.671,0.000461685963012805,0.000392966227569291
1.672,0.000454097805918831,0.000389428483577037
1.673,0.000457809787878581,0.000386558890497213
1.674,0.000465529158113677,0.000386445900733945
1.675,0.000491426690653441,0.000388142569708261
1.676,0.000470726837897858,0.000389796785637053
1.677,0.000456306665509775,0.000393049194938822
1.678,0.000452088541201254,0.000399427343464154
1.679,0.000458686400181171,0.000408736038796986
1.68,0.000453596183289145,0.000412143002374632
1.681,0.000440157510143132,0.000417251389958351
1.682,0.000436179643605905,0.000423546736891822
1.683,0.000438247909392866,0.000432431455274329
1.684,0.000449111762169846,0.000446353403207533
1.685,0.00047270954551427,0.000464715969717422
1.686,0.000504419349404138,0.000473831626037646
1.687,0.000536109171654618,0.000478810775991545
1.688,0.000570447900299741,0.000483309005922417
1.689,0.000610731756065708,0.000488850401027696
1.69,0.000597761313005995,0.000482910372017031
1.691,0.00059188063919796,0.000472773953600569
1.692,0.000584914495563781,0.00046212953011715
1.693,0.000591682349728279,0.000451706125103313
1.694,0.00059229345088236,0.000444566737340391
1.695,0.000552859374478217,0.000437015756825032
1.696,0.000520308725098265,0.000432056025801264
1.697,0.000495519835324923,0.000429856969658693
1.698,0.000481988220422173,0.000433115674238205
1.699,0.000457284330958389,0.000435712373330732
1.7,0.000446504268844136,0.000438026540480418
1.701,0.000446194964277707,0.000444235348646405
1.702,0.000459824171659263,0.000453927378094077
1.703,0.000462826321066831,0.000449520095344602
1.704,0.000470500478688429,0.000443283757518453
1.705,0.000479989177606765,0.000435574718407605
1.706,0.000499383895375399,0.000429156155863475
1.707,0.000524166234976553,0.000424648756315371
1.708,0.000514175888732047,0.00040808351011945
1.709,0.000500151463665458,0.000392009425160433
1.71,0.000498210243379497,0.000375771548046022
1.711,0.000495083429942244,0.000362837742249045
1.712,0.00045037934745079,0.000348118955576182
1.713,0.000409145527746874,0.000336172548139224
1.714,0.000379527326761975,0.000327181547017552
1.715,0.000361629020615006,0.00032147821017342
1.716,0.000339607259007592,0.000313449206272631
1.717,0.000317445521709774,0.00030810309753565
1.718,0.000308937335813382,0.00030500770514813
1.719,0.000312472597197571,0.00030575078264955
1.72,0.000331605292705583,0.000312032294789821
1.721,0.000362790293685022,0.000323124349928983
1.722,0.000388235800401574,0.000324498570429266
1.723,0.000408270718894645,0.000322323102250333
1.724,0.000432802772896982,0.000320143913816517
1.725,0.000401598047457086,0.000305005463622499
1.726,0.000376552389229161,0.000288467358231514
1.727,0.000355585995244954,0.000271631611017287
1.728,0.000349248651330272,0.000255590489422697
1.729,0.000339744537107082,0.000242564738866358
1.73,0.000350032837439609,0.000232278964322541
1.731,0.000310539519223558,0.000222267126165021
1.732,0.000282021938676322,0.000214485614911053
1.733,0.000264605704100409,0.000209408934826683
1.734,0.000242325026768687,0.000201611051039829
1.735,0.000215292097181939,0.000195714677502845
1.736,0.000203286083620621,0.000191496003630887
1.737,0.000201865670769938,0.000190692785031088
1.738,0.000214736575983901,0.000194486644580216
1.739,0.000242926439670277,0.000202950806571456
1.74,0.000263425051437953,0.000201400200888602
1.741,0.000284576202013094,0.00019841449004826
1.742,0.000321966172154776,0.000196694646112383
1.743,0.000286336863232727,0.000181563801053553
1.744,0.000260739788963465,0.000165354014838026
1.745,0.000243546963579145,0.000148593738095171
1.746,0.000242066427017954,0.000132974752218129
1.747,0.000242055692626509,0.000120440070455696
1.748,0.000196815613864208,0.000108091072174077
1.749,0.000158686950240058,9.88056351509115e-05
1.75,0.000142466587640499,9.29173222405377e-05
1.751,0.000151776972383368,9.23329985200727e-05
1.752,0.000192793569513066,9.69587944865125e-05
1.753,0.000182347949367606,9.87949417226575e-05
1.754,0.00018728450471261,0.000103276892856219
1.755,0.000203464090279669,0.000109823795453046
1.756,0.000243006040087918,0.000120162428116355
1.757,0.000214744178101762,0.000115926964557533
1.758,0.000191747833232941,0.000108848760463687
1.759,0.000179946457148747,0.000101346002688796
1.76,0.000174546109300663,9.38607411297143e-05
1.761,0.00018675572729116,8.87927838377212e-05
1.762,0.000202836861227125,8.58872908326425e-05
1.763,0.000162423435809452,7.12097499172559e-05
1.764,0.000129937328900855,5.60963715414142e-05
1.765,0.000136511188886284,4.20588724583393e-05
1.766,0.000165215785084237,3.03935607495198e-05
1.767,0.000142860902279916,1.73884379823797e-05
1.768,0.000136107944388803,5.96671009933658e-06
1.769,0.000157666759964341,-3.62698070910383e-06
1.77,0.000187545698417739,-8.83068339657678e-06
1.771,0.000237813077019582,-9.50875315536281e-06
1.772,0.00028650239819548,-3.46406830620261e-06
1.773,0.000287780081355434,2.70434000004816e-06
1.774,0.000284587880086365,9.48824452001729e-06
1.775,0.000304274422655516,2.02831821382032e-05
1.776,0.000331154281720256,3.46761614440361e-05
1.777,0.000288774614894223,3.59850396751682e-05
1.778,0.000251268741024937,3.29753543353295e-05
1.779,0.000220261490087616,2.94541876533216e-05
1.78,0.000195841717343614,2.54225537463237e-05
1.781,0.000179247221960073,2.3562065928906e-05
1.782,0.000174062670729721,2.44621243230547e-05
1.783,0.000116501978874493,1.27810909208437e-05
1.784,7.02692866784713e-05,4.75508714348205e-07
1.785,5.92107533157553e-05,-1.21372637688077e-05
1.786,9.88353226415972e-05,-2.30523926191273e-05
1.787,0.000150856257348065,-3.14154399205235e-05
1.788,0.00016008220243307,-4.23178591773543e-05
1.789,0.000163903564194621,-5.10314316731209e-05
1.79,0.000192313586590502,-5.75337332667236e-05
1.791,0.000227037678497141,-6.00243060959738e-05
1.792,0.000277724799019448,-5.76429083570806e-05
1.793,0.000261456280741992,-5.7718689263131e-05
1.794,0.000246232996887311,-5.54753214564996e-05
1.795,0.000234327531364552,-5.11301812785026e-05
1.796,0.000234177300962309,-4.29270816240668e-05
1.797,0.000243881300784487,-2.97095828485916e-05
1.798,0.000269638064176582,-1.1205839469397e-05
1.799,0.000230143410239152,-6.01844863068468e-06
1.8,0.00019048684012976,-4.60786910261302e-06
1.801,0.000160121589142344,-2.65814407923726e-06
1.802,0.000141972710990529,3.03323646255738e-07
1.803,0.000102903497418546,-8.60366087629405e-06
1.804,5.81031785459773e-05,-2.02801148889153e-05
1.805,4.6716378929137e-05,-3.2208696042535e-05
1.806,7.35825753727963e-05,-4.33462760565106e-05
1.807,0.000115516286485446,-5.11643456160837e-05
1.808,0.000170553726414298,-5.63638942864819e-05
1.809,0.000181685161642702,-6.14547897386242e-05
1.81,0.00021849989555562,-6.52193050117988e-05
1.811,0.000260092245689343,-6.62837812319128e-05
1.812,0.000306377274552362,-6.31036798109386e-05
1.813,0.000291921210102756,-6.14610701099028e-05
1.814,0.000273414350299175,-6.05127524608284e-05
1.815,0.000270639304078585,-5.65984570325417e-05
1.816,0.000280344275951445,-4.92129936532915e-05
1.817,0.000301455075090211,-3.79194276771688e-05
1.818,0.00032757419541152,-2.07374256705473e-05
1.819,0.000287028802074205,-1.44921621763605e-05
1.82,0.000254106380640528,-1.02317032607546e-05
1.821,0.000237691789947994,-5.68686468277457e-06
1.822,0.000232849307922065,-5.11443633000042e-08
1.823,0.000191839857490022,-6.77740779053693e-06
1.824,0.000146718343905266,-1.63451071495402e-05
1.825,0.000107407937682948,-2.66061325407962e-05
1.826,5.78665021179724e-05,-3.72203766487167e-05
1.827,4.64280553577572e-05,-4.47668312203997e-05
1.828,8.64251834133166e-05,-4.86191991315721e-05
1.829,0.000133392814913905,-5.36216148510071e-05
1.83,0.000179461986281397,-5.61072770416393e-05
1.831,0.000241978447099952,-5.50091406026909e-05
1.832,0.000302321093124641,-4.81088729550327e-05
1.833,0.000307765860868558,-4.26992379437552e-05
1.834,0.000308830577778783,-3.73500952584038e-05
1.835,0.000329139328241534,-2.88776502725963e-05
1.836,0.00035515160559068,-1.72273567846104e-05
1.837,0.000398810950181877,-1.09285209792809e-06
1.838,0.000371176123533681,1.09396278280549e-06
1.839,0.000347269075728628,2.56555163336003e-07
1.84,0.000329618934950842,-1.07504989682594e-06
1.841,0.000314541413048664,-2.57483067389597e-06
1.842,0.000298743106394285,-2.20698039682388e-06
1.843,0.000275143633477059,2.23137551880193e-07
1.844,0.000201362918995266,-9.20978570895237e-06
1.845,0.000143886577010605,-2.00595756191246e-05
1.846,8.51333076749028e-05,-3.12464709297799e-05
1.847,4.28956395516426e-05,-4.08401929250513e-05
1.848,7.6750196368998e-05,-5.26922541965735e-05
1.849,0.000123435829489244,-6.32962773779999e-05
1.85,0.000171155508565695,-7.22609181912914e-05
1.851,0.00022280941453661,-7.8474760714764e-05
1.852,0.000271737449355628,-7.94730983923464e-05
1.853,0.000319313941839484,-7.51322824192879e-05
1.854,0.000379616150020908,-6.42115697336298e-05
1.855,0.000381986180649456,-5.5622149443324e-05
1.856,0.000400935571340764,-4.47194774275683e-05
1.857,0.000416384260412738,-3.18862141037157e-05
1.858,0.000445373725455362,-1.52253642679012e-05
1.859,0.000474433614454688,5.67203116658144e-06
1.86,0.000428140907164379,1.28600500625131e-05
1.861,0.000386328498620961,1.64276967541954e-05
1.862,0.000351289688840097,1.93302847590893e-05
1.863,0.00032391123084604,2.263387900997e-05
1.864,0.000305684763676072,2.7744709365507e-05
1.865,0.000256859855774367,1.99601946087036e-05
1.866,0.000218260400647597,1.07745805224546e-05
1.867,0.000160548175838953,2.52051523985664e-07
1.868,0.000130015851640535,-8.53078377316407e-06
1.869,0.000100531161978196,-1.52109037371284e-05
1.87,0.000159569281579031,-2.37637395070767e-05
1.871,0.00022110276093771,-3.0049884098049e-05
1.872,0.000289988318404368,-3.31404140209712e-05
1.873,0.000355358522382387,-3.09003096232163e-05
1.874,0.00036250270566323,-3.07622124794404e-05
1.875,0.000387382561039823,-2.85139965425785e-05
1.876,0.000409838077836576,-2.38932929371716e-05
1.877,0.000446466544917713,-1.48791815168803e-05
1.878,0.000474401447674281,-1.74696649912764e-06
1.879,0.000439845760162481,1.13978305038565e-06
1.88,0.000402483055935063,2.43558100521124e-07
1.881,0.000373251865288483,-4.91994169238286e-07
1.882,0.000353498853731621,0
1.883,0.000313988787625885,-1.14928992083763e-05
1.884,0.000258619421574509,-2.59576589133892e-05
1.885,0.00022091594044447,-3.99757168620951e-05
1.886,0.000182468058262062,-5.39421495535652e-05
1.887,0.000168525833934646,-6.43158887590478e-05
1.888,0.000160840008627034,-7.20276504496686e-05
1.889,0.000215478940462365,-7.95871767627077e-05
1.89,0.000273897067745979,-8.42659378037514e-05
1.891,0.000326092640625456,-8.52366809903082e-05
1.892,0.000395048256871726,-8.35147838799122e-05
1.893,0.000393381783897184,-8.54157257403343e-05
1.894,0.000402534886881893,-8.48092953150692e-05
1.895,0.000403142580424199,-8.25568069481863e-05
1.896,0.000416509982364465,-7.60859435559036e-05
1.897,0.000420317702451454,-6.60730266587861e-05
1.898,0.000437623074066229,-4.99596070916986e-05
1.899,0.000399921578949911,-4.56470684258026e-05
1.9,0.000360271030289898,-4.2288963714554e-05
1.901,0.000323436661676483,-3.97467338802415e-05
1.902,0.000291985932493421,-3.54266462452846e-05
1.903,0.000262594212498661,-4.41958455969504e-05
1.904,0.000230981576529178,-5.52611782633217e-05
1.905,0.000209467246308088,-6.65950021508377e-05
1.906,0.000188963242091844,-7.68453034670213e-05
1.907,0.000195645235270009,-8.42244691815486e-05
1.908,0.000260501128675506,-9.37662903539027e-05
1.909,0.000317666753701986,-0.000100978921993788
1.91,0.000374681919454455,-0.000105187929930972
1.911,0.000441188482487221,-0.000105850689699538
1.912,0.000506340764572395,-0.000100501988252677
1.913,0.000512332411667955,-9.62396174640223e-05
1.914,0.000527367762222919,-9.08803839579919e-05
1.915,0.000549785252238785,-8.30036503410847e-05
1.916,0.00058046374525829,-7.18880485626183e-05
1.917,0.00061136172177032,-5.63391303158856e-05
1.918,0.000570984203665604,-5.37147527137627e-05
1.919,0.000535751545025847,-5.48304947831091e-05
1.92,0.000497236124913872,-5.6612699209535e-05
1.921,0.000462503047476596,-5.83176560803311e-05
1.922,0.000428217169109368,-5.80121826841418e-05
1.923,0.000392975582985298,-5.59720996188839e-05
1.924,0.000341418519501928,-6.76599181488879e-05
1.925,0.000311461324736589,-7.8881139789877e-05
1.926,0.000284985898091227,-8.97383221902248e-05
1.927,0.000257742905881331,-9.67847151656653e-05
1.928,0.000257136300952365,-9.55645909700431e-05
1.929,0.000325029239374467,-9.14008497398533e-05
1.93,0.000382298776283622,-7.82263242753989e-05
1.931,0.000447513590018807,-5.86152283350572e-05
1.932,0.000509872122544735,-3.19846488847642e-05
1.933,0.000480675463312406,-1.08360121153783e-05
1.934,0.000459843356937192,1.34340660856158e-05
1.935,0.000448430937206713,3.94274153905916e-05
1.936,0.000452758963686804,6.87604616782522e-05
1.937,0.000468853678537725,0.000103583409216401
1.938,0.000495874963639543,0.000143089867791379
1.939,0.000543723687667481,0.000188260440153964
1.94,0.000605615327199093,0.000241608139907201
1.941,0.000677603045606433,0.000300750964149166
1.942,0.000671479841587411,0.000342406323633804
1.943,0.000678603656219796,0.000379820253352259
1.944,0.000647589251536955,0.000396375272074923
1.945,0.000609816656764548,0.000403546629420548
1.946,0.000571334566764623,0.000405141252587893
1.947,0.000536315388948306,0.000402705040237872
1.948,0.000493417386630844,0.000398194697221188
1.949,0.000461946474958885,0.000393432213176947
1.95,0.00043088747621911,0.000388966430698579
1.951,0.000418242927336784,0.000385744769891061
1.952,0.000421166757686803,0.000384293540227065
1.953,0.000441358194958364,0.000386430611325594
1.954,0.000486529485112747,0.000387472526763244
1.955,0.000490496454792044,0.000384477446926434
1.956,0.000483774033226525,0.000379924787893671
1.957,0.000485906984105118,0.000378478257554771
1.958,0.000489694486371794,0.000378979635365817
1.959,0.000508074136041415,0.000383809463583851
1.96,0.000527042172452798,0.000391693034768104
1.961,0.000499758063144545,0.00039148389656507
1.962,0.000472644397544203,0.000388819757614678
1.963,0.000429293881137374,0.000370921743808872
1.964,0.000400880031180568,0.00035115554513665
1.965,0.000376639415924551,0.000329874646048278
1.966,0.000363985616261801,0.000308658031915043
1.967,0.000382010623312075,0.000286752357801068
1.968,0.000404519888449179,0.000267773270810567
1.969,0.000442861025154852,0.00025344408006539
1.97,0.000489076041369231,0.000244230982949512
1.971,0.00054222069995958,0.000240563873777966
1.972,0.00054728186079533,0.000236087274031405
1.973,0.000564544341083881,0.000234565203966863
1.974,0.000578589193033983,0.000234977588934815
1.975,0.00052357096802822,0.000224374680580952
1.976,0.000472297622811131,0.000209455878571574
1.977,0.000420053040390504,0.000194563415971682
1.978,0.000368963661203092,0.000180859725702698
1.979,0.000321596498115697,0.000169718378942918
1.98,0.000281366143864772,0.000148223376540635
1.981,0.000273539812595306,0.000126519155944804
1.982,0.00027211100058267,0.000105788855302769
1.983,0.000285507109894389,8.80849028187525e-05
1.984,0.000308953961479288,7.15608159245207e-05
1.985,0.000355655755115615,5.90955562878581e-05
1.986,0.000404747183742929,5.17617417019611e-05
1.987,0.000462202976273174,4.95628562269812e-05
1.988,0.000515478809100313,5.37095055868075e-05
1.989,0.000580201714160032,6.46132919737696e-05
1.99,0.000597796257957785,7.76118089970135e-05
1.991,0.00062664637280253,9.38380895020852e-05
1.992,0.000589240907473194,9.51817904016883e-05
1.993,0.000559063380310528,9.15393830061006e-05
1.994,0.000514543856305253,8.62730493554897e-05
1.995,0.000478700787036696,7.94729457306298e-05
1.996,0.000432251284189763,7.40408660272474e-05
1.997,0.00039059195901174,7.00440027571192e-05
1.998,0.000391499708360758,5.54310954470338e-05
1.999,0.000415059754196894,4.33311470588449e-05
2,0.000443421155885252,3.2043643586166e-05
2.001,0.000487938840325843,1.97825742948576e-05
2.002,0.000537021031581012,9.1324368260981e-06
2.003,0.000582561469714078,3.46729335298779e-07
2.004,0.000644678634276308,-5.08820786665476e-06
2.005,0.000696234529593252,-4.59404924424422e-06
2.006,0.000702668684108466,-3.81757585071751e-06
2.007,0.000698395829952025,-3.31237817552399e-06
2.008,0.000702611080975262,-4.81945066355127e-07
2.009,0.000704824981195806,6.17583691731038e-06
2.01,0.000650720665647298,9.86856397489078e-07
2.011,0.000603039063169826,-7.93545485794356e-06
2.012,0.000550960502956582,-1.72491218507487e-05
2.013,0.000501666212841937,-2.7194930559471e-05
2.014,0.000451732483894702,-3.49562059528963e-05
2.015,0.000422638198980836,-5.21760926362469e-05
2.016,0.000409960105903772,-7.08738397264819e-05
2.017,0.000397217169824517,-9.20392675494708e-05
2.018,0.000405450418794212,-0.000110110075935976
2.019,0.000473717269170601,-0.000129403831484465
2.02,0.000530565734189962,-0.000145982290918056
2.021,0.000591627990441963,-0.000160260008449709
2.022,0.000647794534999054,-0.000171507931683079
2.023,0.000656147700073717,-0.000182273963305168
2.024,0.00067325299256999,-0.000192059232375641
2.025,0.000681208060890057,-0.000200753000888676
2.026,0.000685290264108771,-0.000204825851651991
2.027,0.000695913724138804,-0.000203868993456591
2.028,0.000698123873935377,-0.000198512524261396
2.029,0.000652769801580191,-0.000204479204678532
2.03,0.000599085196010088,-0.000211840596787194
2.031,0.000550295689450421,-0.000219573072797186
2.032,0.000542831913059398,-0.000239105653385641
2.033,0.000551893616387789,-0.000259718139031417
2.034,0.000555419883027303,-0.00028129110711933
2.035,0.000576278912153893,-0.000301969553614612
2.036,0.000595311155674675,-0.000321858943008235
2.037,0.000648043467680355,-0.000341801516040463
2.038,0.00069788732539306,-0.000357416657147391
2.039,0.00074790142674832,-0.000369941287111319
2.04,0.000804141082489224,-0.000378806504948703
2.041,0.000810885396707426,-0.000389781199000572
2.042,0.000824523672012322,-0.000399828668202762
2.043,0.000826097264654106,-0.000408991886734322
2.044,0.000829440487669564,-0.00041425069617651
2.045,0.000827594894436476,-0.000416158009603262
2.046,0.000789421135445719,-0.000430010990219498
2.047,0.000754553774619661,-0.000445932779576108
2.048,0.000724760572494698,-0.000462750939209611
2.049,0.000696612496048954,-0.000478828967985789
2.05,0.000671003213989211,-0.000493242224189838
2.051,0.000683279521214578,-0.000518036542651923
2.052,0.000700858030971938,-0.000543547051773285
2.053,0.000720161358531623,-0.000568539898520237
2.054,0.000742526417232196,-0.000592117356523203
2.055,0.000766051974932836,-0.000613695558325245
2.056,0.000806379801073003,-0.000634725360741939
2.057,0.000851945949469757,-0.000654224401096581
2.058,0.000885663479474499,-0.000668809692548289
2.059,0.000931073606107361,-0.000679323164371193
2.06,0.000967338019475009,-0.000683935456991469
2.061,0.000980226700367761,-0.000689338042575149
2.062,0.000985283502108833,-0.000695345123428615
2.063,0.000994718738010013,-0.000700001384349169
2.064,0.000994586086569995,-0.000719900124715511
2.065,0.000982586060245684,-0.000741674043873597
2.066,0.000976317800404758,-0.000764426608748814
2.067,0.000978013840246759,-0.00078762274583094
2.068,0.00097575919231735,-0.000809360509193169
2.069,0.000973671688147772,-0.000827964645580881
2.07,0.000970173932347815,-0.000843592305939944
2.071,0.000960006839451385,-0.000853961060110042
2.072,0.00094928593166191,-0.000860080465931667
2.073,0.000967920149212993,-0.000873476893625602
2.074,0.000990981636948416,-0.00088842655367477
2.075,0.00102132658688611,-0.000904262072501993
2.076,0.00105088677251512,-0.000918682746406829
2.077,0.00107328634891782,-0.00092997580827725
2.078,0.00110461818243745,-0.000937742804157371
2.079,0.00112522901371731,-0.000939301318155561
2.08,0.00115115964421033,-0.000935118493563813
2.081,0.00114276086775341,-0.000931341076665093
2.082,0.00113570340689135,-0.000922616558529321
2.083,0.00112630930261355,-0.000909904183535593
2.084,0.00110193500095413,-0.000909019698454638
2.085,0.0010783804850817,-0.00090979728047802
2.086,0.00105823126858908,-0.000909925489953278
2.087,0.00103821534730992,-0.000908267046853206
2.088,0.00102012104463115,-0.000903781332496745
2.089,0.00101457839574293,-0.000906909406687473
2.09,0.00102172782240298,-0.000908855409871234
2.091,0.00102691990565191,-0.000909022653261427
2.092,0.00103463001703248,-0.000905377133158525
2.093,0.00106937644291814,-0.000903106321292035
2.094,0.00109780608009048,-0.000897269578073179
2.095,0.001127544633146,-0.00088769649364473
2.096,0.00115151477815176,-0.000873360982730276
2.097,0.00113892888700983,-0.000859797619922886
2.098,0.00112963536095214,-0.000844017045593948
2.099,0.00110803679931604,-0.000825791367785655
2.1,0.00108627844049787,-0.000801064831056186
2.101,0.00106170700555975,-0.000769830864915222
2.102,0.00104125614979327,-0.000731823865486203
2.103,0.000980177243727046,-0.000705390313545273
2.104,0.000923574094195386,-0.000676787716708094
2.105,0.000906991617046451,-0.00066129997962916
2.106,0.000899307884827291,-0.000647006583570198
2.107,0.000887718616135808,-0.000633273344685326
2.108,0.000882909073981208,-0.000618385416652045
2.109,0.000872823050338923,-0.000601556683779592
2.11,0.000880692503633349,-0.00058099702597747
2.111,0.000930618229523478,-0.000560221500231661
2.112,0.000972162811749,-0.000534933600361109
2.113,0.00102390288398861,-0.00050541331232179
2.114,0.00101279677515175,-0.000479492666266401
2.115,0.00100696755639744,-0.000452839551603135
2.116,0.00100809094518104,-0.000423571631637587
2.117,0.00100827324109943,-0.000391558021953897
2.118,0.00101008720108604,-0.000353466101431665
2.119,0.000971160092319946,-0.000328611254763467
2.12,0.000909070258172991,-0.000303493980376379
2.121,0.000855778725496197,-0.000278979117770251
2.122,0.000786636971882917,-0.000250683049448641
2.123,0.000794741329534106,-0.000232541845622991
2.124,0.000793896908142083,-0.000217458494135847
2.125,0.000794200496535174,-0.000202021488973747
2.126,0.000796073858688375,-0.000186287368956206
2.127,0.00084634148652466,-0.000170016758153035
2.128,0.000883403968169327,-0.000151671082746052
2.129,0.000943497177754407,-0.000130773811013507
2.13,0.000993409716947757,-0.000104076528805619
2.131,0.00105841884728797,-7.21812949349698e-05
2.132,0.00105493251143433,-4.36913369649128e-05
2.133,0.00105777865974994,-1.17778161793369e-05
2.134,0.00105878746264696,2.31433784271262e-05
2.135,0.00101233918336668,4.22744802294206e-05
2.136,0.000956656937930831,5.85731840385129e-05
2.137,0.000907204358639903,7.4092064061837e-05
2.138,0.000853515458432098,9.11625034045738e-05
2.139,0.000809830724838651,0.000110198497390579
2.14,0.000749704775911376,0.000132477134244358
2.141,0.000754040650338377,0.000144013680559774
2.142,0.000752054243245184,0.000153710889511105
2.143,0.000764678373512813,0.000164889762378106
2.144,0.000846555780381909,0.000172426740800535
2.145,0.000915797432294651,0.000181967699563468
2.146,0.000983417246396061,0.000194128662095283
2.147,0.00104978489939441,0.000209790651302444
2.148,0.00112688727216706,0.000230031076255133
2.149,0.00119657761405644,0.000256560943551642
2.15,0.00122843136203894,0.000283020340281159
2.151,0.00124552044844148,0.000310011343622574
2.152,0.00127153715996814,0.000339801835103348
2.153,0.00129303053438611,0.000372384886956956
2.154,0.00123643909423281,0.000390418643514689
2.155,0.00119049761650565,0.000402443449662615
2.156,0.00113436994903726,0.000413741181135852
2.157,0.00108288439703539,0.000425513792923216
2.158,0.00103948354980183,0.000439699784538838
2.159,0.00101308609480419,0.000441091562886076
2.16,0.00100705554027592,0.000440828517754399
2.161,0.000997062652145408,0.000439076631632507
2.162,0.00100153869489683,0.000438877008703986
2.163,0.00100244134314548,0.000439866211263351
2.164,0.00105718875464874,0.000440088299364039
2.165,0.00111759342217828,0.000441288348696445
2.166,0.00117167848163975,0.000445421866022755
2.167,0.00123424427431591,0.000452352637233699
2.168,0.00130037730098183,0.000464108773575944
2.169,0.00130355283513293,0.000472974760644618
2.17,0.00131040889418059,0.000482966405261742
2.171,0.0013187831795866,0.000494944531132469
2.172,0.00133784091730846,0.000510690078873832
2.173,0.00134405376446353,0.000530130455706768
2.174,0.00128234916293395,0.000537410996900578
2.175,0.00122949664916078,0.000540386780867763
2.176,0.00117567727695072,0.000543681070729662
2.177,0.00112744974130937,0.000548404186668072
2.178,0.00108270395642368,0.000556067221782863
2.179,0.00107223875963702,0.000550780241932225
2.18,0.00106159991466187,0.000543288974095946
2.181,0.00105518888405138,0.00053602832079408
2.182,0.00104630139239512,0.000528505160405868
2.183,0.00108343781407263,0.00051971780183302
2.184,0.00111431933573436,0.000511639037940326
2.185,0.00116584451867837,0.00050567278435365
2.186,0.00121001628649157,0.000504310766348326
2.187,0.00126177979059193,0.000506995445005098
2.188,0.00131902735693201,0.000515060407999923
2.189,0.00131220978118788,0.000519387525878101
2.19,0.00131240211917674,0.000526466566568962
2.191,0.00131232709601594,0.00053630003711258
2.192,0.00132349235965548,0.000550478307869029
2.193,0.00128842730903757,0.000547628822091861
2.194,0.00123547062341232,0.000542486895671046
2.195,0.00118501054086676,0.00053606197150774
2.196,0.00113539580674957,0.000529988173140594
2.197,0.00108447569415802,0.000525684408990867
2.198,0.00108298968763592,0.00050989329558554
2.199,0.00108254603822074,0.000494608589490908
2.2,0.00108510292730291,0.00048058414564045
2.201,0.00109096188251148,0.000468346569270084
2.202,0.00110070051977164,0.000458492005064814
2.203,0.00114691708190985,0.000448255856649593
2.204,0.00119781926455105,0.000439205049396874
2.205,0.0012399706852882,0.000433257136957965
2.206,0.00130108044810143,0.000430168001088138
2.207,0.00129408834274681,0.000424191534799112
2.208,0.00128518907851813,0.000418873760425376
2.209,0.00128293729012537,0.000416716609837109
2.21,0.00126807742092396,0.000417344836271816
2.211,0.0012610338281127,0.000423818865443459
2.212,0.00125488650739832,0.000436303137809957
2.213,0.001216932170873,0.000435352520644805
2.214,0.001157055345068,0.000433612415010387
2.215,0.00109881041546534,0.000431932289075176
2.216,0.00104829479128347,0.00043079645534122
2.217,0.00104497049946294,0.000417678257566612
2.218,0.00104875840366458,0.000402808094335905
2.219,0.0010512980667082,0.000387195305542098
2.22,0.00105722414584498,0.000371980739322153
2.221,0.00106054561240758,0.000358200344294124
2.222,0.00108426758390984,0.000347473592991976
2.223,0.00114577804893638,0.000335888942299689
2.224,0.00120048237115416,0.000326818449329636
2.225,0.00125403744688049,0.000320300630540726
2.226,0.00132948770942837,0.000317291641952877
2.227,0.00132150334509675,0.000309520294076715
2.228,0.00131931392465229,0.000304023285860933
2.229,0.00131200899430613,0.000299673003309298
2.23,0.00131025727214967,0.000299413114538238
2.231,0.00129893320488721,0.000303110927217964
2.232,0.001291935878795,0.000313368253609669
2.233,0.001258069242577,0.000309665618292765
2.234,0.00120053182250387,0.000304742358341992
2.235,0.00114913912652846,0.000299628035177135
2.236,0.00109949850024595,0.000295792245991244
2.237,0.00105812498794018,0.000292963137108804
2.238,0.00103899691384671,0.00027724450097516
2.239,0.00105429828292662,0.000259643957443434
2.24,0.0010750234440068,0.000242743737821682
2.241,0.00109486668442212,0.000226975798222506
2.242,0.00112030407114189,0.000213443251313117
2.243,0.00118068442716119,0.00019813849129352
2.244,0.0012291029916423,0.000185321170975583
2.245,0.00127967165439346,0.000174596614978595
2.246,0.00134555378334352,0.000167792120817578
2.247,0.00139935220825101,0.000166701920556289
2.248,0.00139673797629696,0.0001648530972303
2.249,0.001385539519344,0.000162682823984739
2.25,0.00138047487904594,0.000163693611484994
2.251,0.00136642894345424,0.000167361971461943
2.252,0.00135732545841816,0.000176699833553728
2.253,0.00130493695111478,0.000171620011839679
2.254,0.00126245378125686,0.000164741890027797
2.255,0.00121236137416403,0.000157425891614715
2.256,0.00114809531263073,0.000153076838550814
2.257,0.00109240860296196,0.000150682129826107
2.258,0.00109604742381927,0.000135631257199453
2.259,0.00111359581609568,0.00011980368236747
2.26,0.00112628019573411,0.000103708356509025
2.261,0.00114538998680047,8.87181810219628e-05
2.262,0.00116568834397469,7.63587776655417e-05
2.263,0.00122103730657398,6.3093778364498e-05
2.264,0.00127028711309111,5.19525182346436e-05
2.265,0.00131645130064611,4.33967544063996e-05
2.266,0.00137639712947088,3.84147712697014e-05
2.267,0.0014242527294227,3.94799897366349e-05
2.268,0.00143417274984146,4.00189967674214e-05
2.269,0.00142335127587853,4.0329518545934e-05
2.27,0.00142027071298052,4.38262883678542e-05
2.271,0.00141603969407415,5.03851679455325e-05
2.272,0.00136704075906979,4.33354097658101e-05
2.273,0.0013241215540627,3.34995517652925e-05
2.274,0.00128582835785703,2.33158495501207e-05
2.275,0.00123202467743629,1.52218208441801e-05
2.276,0.00119071166757592,8.55396684334986e-06
2.277,0.00113333268275429,6.40358070180813e-06
2.278,0.00114950015295152,-5.61958100087079e-06
2.279,0.00116327817915926,-1.83105532416405e-05
2.28,0.00118004133589478,-2.97692091517643e-05
2.281,0.00123769886321365,-4.29035258829313e-05
2.282,0.00128570798164719,-5.39111414905036e-05
2.283,0.00133107359351657,-6.26754105952365e-05
2.284,0.00138122457897046,-6.82907890315332e-05
2.285,0.00144085453192275,-6.93016759314435e-05
2.286,0.00148910203510765,-6.4168125431141e-05
2.287,0.00149694496862729,-5.84389721665635e-05
2.288,0.00148970490315514,-5.19091441752995e-05
2.289,0.00148724426242603,-4.10417892057757e-05
2.29,0.00145382707683578,-4.41226935970485e-05
2.291,0.00140416341594006,-4.89598751733933e-05
2.292,0.00136559780212294,-5.5321013188947e-05
2.293,0.00132300344770029,-5.98299005508118e-05
2.294,0.00127750158441101,-6.17049489736732e-05
2.295,0.00128092081134959,-7.34708055243893e-05
2.296,0.0013012991043393,-8.45762149680462e-05
2.297,0.00131939832920729,-9.50195189868275e-05
2.298,0.00134778064564151,-0.00010247967213689
2.299,0.00142369784143535,-0.000111296373247805
2.3,0.00148396071812146,-0.000117105080488955
2.301,0.00154942772156432,-0.000119827267045736
2.302,0.00160671950824891,-0.000118378387180373
2.303,0.00160463744146595,-0.0001178914453005
2.304,0.0015976826766415,-0.000116787372237137
2.305,0.00159686090648055,-0.000111766145265813
2.306,0.00158957609147347,-0.000103538582236606
2.307,0.00158361299342275,-8.96228218263406e-05
2.308,0.00157822622305697,-6.86034480367748e-05
2.309,0.00152748290947892,-6.03812750243349e-05
2.31,0.00147075805232835,-5.36747616340372e-05
2.311,0.00142349300306498,-4.7735841253671e-05
2.312,0.00143637714514451,-5.5052160591873e-05
2.313,0.00144555596058834,-6.45114252675882e-05
2.314,0.00145301075615943,-7.45994254232052e-05
2.315,0.00146256276002835,-8.38270305627553e-05
2.316,0.00146996870172376,-9.12932240607622e-05
2.317,0.00148676354207826,-9.52153823458035e-05
2.318,0.00150851057542554,-9.69465478964371e-05
2.319,0.00154871752795668,-9.83803489334467e-05
2.32,0.00161479948909793,-9.9112197340212e-05
2.321,0.00167224553760223,-9.57420613958981e-05
2.322,0.00165830327571166,-9.60134595961448e-05
2.323,0.00164834609542317,-9.54343557202919e-05
2.324,0.00164232809873135,-9.31909370831541e-05
2.325,0.00164209186691334,-8.83085462711208e-05
2.326,0.00162926557732616,-8.02408815445133e-05
2.327,0.001621019625527,-6.54226955598136e-05
2.328,0.00158511590127263,-6.2036885653205e-05
2.329,0.00152596729714671,-5.89166666903895e-05
2.33,0.00147389423108921,-5.52309726107314e-05
2.331,0.00141983543185886,-4.94175329144309e-05
2.332,0.0014405879855865,-5.44597552485371e-05
2.333,0.00145170796213167,-6.2509069130634e-05
2.334,0.00146453051124106,-7.04519248983515e-05
2.335,0.00147802151759994,-7.70359038487212e-05
2.336,0.00151922661547364,-8.27524902939358e-05
2.337,0.00157474804644567,-8.72937756192238e-05
2.338,0.00162145450052892,-8.8206725201212e-05
2.339,0.00167973447713275,-8.49629308311006e-05
2.34,0.00173338523453105,-7.60284122633959e-05
2.341,0.00174347933740862,-6.76033961495293e-05
2.342,0.00174437113541214,-5.64420543411326e-05
2.343,0.00174577269538108,-4.20571506942191e-05
2.344,0.00171520494405436,-4.20474798936143e-05
2.345,0.00166164564273156,-4.45447999065651e-05
2.346,0.00161727067562566,-4.84225719126763e-05
2.347,0.00157394641890433,-5.13451795807196e-05
2.348,0.00151639106288316,-5.17868150260448e-05
2.349,0.00146406354439135,-5.00589446360555e-05
2.35,0.00144944623508366,-5.88147806908079e-05
2.351,0.00145010716149193,-6.65859484723641e-05
2.352,0.00144457154896397,-7.41110615799512e-05
2.353,0.00148702624178876,-8.30598578012709e-05
2.354,0.00153044134442721,-9.15211633732427e-05
2.355,0.00156692990326251,-9.77195004751574e-05
2.356,0.00162380047348398,-0.000100500743923815
2.357,0.00167635446014471,-9.77390715291016e-05
2.358,0.00168574490989265,-9.52077261990869e-05
2.359,0.0016856342213589,-8.99663887492519e-05
2.36,0.0016887540321534,-8.12532745100847e-05
2.361,0.001693228845442,-6.91772418241476e-05
2.362,0.00170126054151636,-5.10368269962536e-05
2.363,0.00164347143256418,-4.66841726574629e-05
2.364,0.00159063723709191,-4.41034826317299e-05
2.365,0.00154091428164725,-4.18951560570702e-05
2.366,0.00149686892056799,-3.94138484295925e-05
2.367,0.001466410563249,-4.88597546212666e-05
2.368,0.00146302015094601,-5.91790202807974e-05
2.369,0.00145413202749432,-7.06439598807673e-05
2.37,0.00145763451637105,-7.99004538202253e-05
2.371,0.0014548098274764,-8.71639965598359e-05
2.372,0.0015119765734093,-9.53342413078651e-05
2.373,0.00155938759701703,-0.000101059861542852
2.374,0.00161385091266973,-0.000104867093358496
2.375,0.00167508198089072,-0.000104642216791295
2.376,0.00172833693317452,-9.89005191666115e-05
2.377,0.00175308859226238,-9.34818558589456e-05
2.378,0.00175770242403698,-8.82221351241608e-05
2.379,0.00176376074371835,-8.08549848757556e-05
2.38,0.00177127100035618,-7.09217799479411e-05
2.381,0.0017814581402777,-5.59731829418153e-05
2.382,0.00171976283147135,-5.34580851840882e-05
2.383,0.00167120514790261,-5.30492813751726e-05
2.384,0.00161760605499975,-5.27486736764948e-05
2.385,0.00157139674439115,-5.1282590857904e-05
2.386,0.00150562477268264,-4.69762062605406e-05
2.387,0.00148775544824775,-5.50829474075254e-05
2.388,0.00148342741568835,-6.37125095120372e-05
2.389,0.00146956467555421,-7.37552637549155e-05
2.39,0.00147410640351198,-8.16143679787107e-05
2.391,0.00154277598494025,-9.1450564349449e-05
2.392,0.00160477355541518,-9.91272833686385e-05
2.393,0.00166618918044998,-0.000103831165362889
2.394,0.00172357774031704,-0.000104572216353183
2.395,0.00179357289870133,-0.000100179210994977
2.396,0.00179723733465896,-9.8573972962257e-05
2.397,0.00181268631692284,-9.35591877139208e-05
2.398,0.00182072689995883,-8.65949849349068e-05
2.399,0.00182047817933187,-7.63947149964861e-05
2.4,0.00182751049365232,-5.98795682282827e-05
2.401,0.00178634198669177,-5.77746505983634e-05
2.402,0.00173622565988986,-5.75674780994295e-05
2.403,0.00169144785951304,-5.87253524217957e-05
2.404,0.00163221736964323,-5.80638940084754e-05
2.405,0.00157373151452163,-5.53605339976282e-05
2.406,0.00156129250915802,-6.46935201611964e-05
2.407,0.00155929667338753,-7.48009060918542e-05
2.408,0.00155334445071536,-8.5472159033706e-05
2.409,0.00155101813740435,-9.4659274429032e-05
2.41,0.00155580618307066,-0.000101258133566706
2.411,0.00161922535405798,-0.000108670830012647
2.412,0.00168138327488232,-0.000114595502617387
2.413,0.00173420849785325,-0.000117314776816035
2.414,0.00179434816248351,-0.000116850852669825
2.415,0.0018696138419071,-0.000111370718377801
2.416,0.00187516435162815,-0.000108631640296009
2.417,0.00189106183799028,-9.88559531311384e-05
2.418,0.00189122880493105,-8.10697037600394e-05
2.419,0.00188892018036839,-5.10710775766809e-05
2.42,0.0018854126010061,-9.70462453547816e-06
2.421,0.00187359177081859,4.12266125118244e-05
2.422,0.00180918240931448,9.07798632505674e-05
2.423,0.00182913530354781,0.000125390042187923
2.424,0.00184743318710241,0.00015666167312578
2.425,0.00187312195223832,0.000187557754562973
2.426,0.00191062867370392,0.000219250269320292
2.427,0.00197862343496106,0.000253316232079304
2.428,0.00204744408256237,0.000293390980514896
2.429,0.00212374927077774,0.000339982226197688
2.43,0.00220430543510614,0.000394370362446217
2.431,0.00219170836308451,0.000431823456440383
2.432,0.0021944553181516,0.000459840747843998
2.433,0.0021745643768254,0.000483472753636693
2.434,0.00216158175273863,0.000503651653966208
2.435,0.00213638069934282,0.000522864902198272
2.436,0.00211457431391893,0.000541621583568519
2.437,0.00208341204006843,0.000560620719587068
2.438,0.00203163628860706,0.000581439917811344
2.439,0.00197817156761301,0.000607197452872299
2.44,0.00192568450761248,0.000637923417036779
2.441,0.00187486891004621,0.000673314668212355
2.442,0.0018765910710863,0.000710671026747378
2.443,0.00194379229949696,0.000739888909493613
2.444,0.0019962587967094,0.000764903150288432
2.445,0.00206647775748848,0.000791343056154248
2.446,0.00207158966530864,0.000801606984778658
2.447,0.00207152808358284,0.000808685605233006
2.448,0.00207444098509046,0.000813606874277062
2.449,0.00207086001911653,0.000818420347592552
2.45,0.00200707648005175,0.000819265878618969
2.451,0.00194257743107381,0.000822624758152868
2.452,0.0018782766367998,0.000829255724887845
2.453,0.00187082722572959,0.00083290325753177
2.454,0.00185917362913478,0.000839330137932748
2.455,0.00185426045192668,0.000848398509314396
2.456,0.0018551889859753,0.000859333018659647
2.457,0.00185981469907627,0.000875944648632998
2.458,0.00192663527065008,0.000878762210979045
2.459,0.00198595493489529,0.000877799053451311
2.46,0.00204815310371419,0.000876134362146397
2.461,0.00211136083074104,0.000874759504727929
2.462,0.00217612268776745,0.000874541998436007
2.463,0.00224295036861372,0.00087626602219032
2.464,0.00231240852407321,0.000880647409624402
2.465,0.0023347274723537,0.000873716082041953
2.466,0.00233685402050373,0.000866322902138006
2.467,0.00227698655692454,0.000852030422069494
2.468,0.00222390247767745,0.000840396504100116
2.469,0.00215256374898431,0.000830853461058267
2.47,0.00208945883246589,0.000826770765632701
2.471,0.00206145229098622,0.000823260893673461
2.472,0.00205978302790581,0.000821769923526339
2.473,0.00206184706943358,0.000825461392360061
2.474,0.00207447953348035,0.000834711355737983
2.475,0.00214882184633941,0.000832710932533731
2.476,0.00221161004422951,0.0008274095290422
2.477,0.00227785124552643,0.00082172564576638
2.478,0.00234722303468372,0.000817417190428327
2.479,0.00235252735928902,0.00079604007631473
2.48,0.00234245502193497,0.00077117830634843
2.481,0.00233925147072047,0.000743875904255675
2.482,0.00233368286882388,0.000716320122301384
2.483,0.00233463587557745,0.000689154154006
2.484,0.00233037120871095,0.000663238928009569
2.485,0.00226606982817802,0.000633531215203709
2.486,0.00220213805102975,0.000605616405940534
2.487,0.0021384732053863,0.000579140717419657
2.488,0.00207238620324468,0.000556868844436065
2.489,0.00200522255781447,0.000539035600433557
2.49,0.00196396045532314,0.000522438527919056
2.491,0.00193951802676185,0.000507952936313838
2.492,0.0019077981116385,0.000497834764420058
2.493,0.00189579183747116,0.00049089954154663
2.494,0.00188345612965408,0.0004903268184418
2.495,0.00192039455000247,0.000477788233118448
2.496,0.00195486325672031,0.000461909317705345
2.497,0.00199614212743282,0.000444731507260598
2.498,0.00203084354920193,0.000424952627528452
2.499,0.00204378247391499,0.000391344284075446
2.5,0.00203546458953796,0.000355724237048105
2.501,0.00203456347653303,0.000318001899953124
2.502,0.0020293140869888,0.000280977629271539
2.503,0.00203107097666943,0.000243883419793256
2.504,0.00198533746430779,0.000204087107578854
2.505,0.00193598574654406,0.000163711816288326
2.506,0.00189090289036202,0.000124782430427794
2.507,0.0018287748131355,8.83522877375698e-05
2.508,0.00177418096831865,5.67412428678082e-05
2.509,0.00175346654747885,2.50836622424089e-05
2.51,0.00174235783657055,-6.04372642404316e-06
2.511,0.00173139500196413,-3.58619432854201e-05
2.512,0.00172434102046253,-6.17297602008016e-05
2.513,0.00171313625698958,-8.23851647600571e-05
2.514,0.00172207530731863,-9.88694826415948e-05
2.515,0.00178531816908777,-0.000122394768269696
2.516,0.00184009633442161,-0.000150085035069136
2.517,0.0018896188160377,-0.000177782336498511
2.518,0.00194893317420647,-0.000204603433040851
2.519,0.00200986329073339,-0.000228153527121355
2.52,0.00203419458810753,-0.00026416993122319
2.521,0.00203748724224058,-0.000302947172000578
2.522,0.00204794155077867,-0.000342972150496501
2.523,0.00205671586110597,-0.000381473718796654
2.524,0.00206457765845401,-0.000418012878922458
2.525,0.00207134758855724,-0.000450488708537922
2.526,0.00202243839352562,-0.000486569535824266
2.527,0.00198076360544971,-0.000518267668367822
2.528,0.00193963056403478,-0.000547766860938603
2.529,0.00189264144056193,-0.000573599753455889
2.53,0.00184052621505131,-0.000596080764339701
2.531,0.0018301171586766,-0.000616715450160954
2.532,0.0018272955726964,-0.000635523514886716
2.533,0.00181842481076187,-0.000651234580124282
2.534,0.00182319186871679,-0.000664785236662246
2.535,0.00182182568384566,-0.000671611346533207
2.536,0.00187062116420986,-0.000688284779912951
2.537,0.00191177556312992,-0.000706181091504166
2.538,0.00195768803285915,-0.00072453051544813
2.539,0.00199750816959577,-0.000741785522860861
2.54,0.00204003329150033,-0.000758047752245472
2.541,0.00209887309821598,-0.000771107120955739
2.542,0.00211556672654465,-0.000795657517231152
2.543,0.00214272166094904,-0.000823226045066516
2.544,0.00214962702260887,-0.000850761989000026
2.545,0.00215797299063196,-0.000877002859308418
2.546,0.00213104672799128,-0.000905819918402995
2.547,0.00210620488359271,-0.000935511244289255
2.548,0.00207813240654669,-0.000964724941149298
2.549,0.00205381932208848,-0.000990718219188336
2.55,0.00201993528611755,-0.00101400798824236
2.551,0.001987241981639,-0.00103189816628912
2.552,0.00199615794182439,-0.00104888165611422
2.553,0.00199999875230975,-0.00106283242616767
2.554,0.00200200993573108,-0.0010738715933814
2.555,0.00201004954174123,-0.00108164447847869
2.556,0.00201088110369331,-0.00108335793811143
2.557,0.00205259620001452,-0.00109604716207884
2.558,0.00209933656323228,-0.00110867208776716
2.559,0.00214490247091802,-0.00112143476291859
2.56,0.00218585347704784,-0.00113345889600414
2.561,0.00218875144185525,-0.00115406872773621
2.562,0.00218782266688982,-0.00117467049603787
2.563,0.00219217509098228,-0.0011927407240917
2.564,0.00219855083544404,-0.00120737739043925
2.565,0.00220066356232665,-0.00121908811473581
2.566,0.00219698845378339,-0.00122482883899389
2.567,0.00219672178808885,-0.00122640342288133
2.568,0.00221438595968511,-0.00122903969927723
2.569,0.00223237198782885,-0.00122990663052219
2.57,0.0022567758732982,-0.0012332124072113
2.571,0.00229712263352603,-0.00123737940448621
2.572,0.0023335468538281,-0.00124038684783029
2.573,0.00237777148929156,-0.00124209612637233
2.574,0.00241766722223707,-0.00123999406770797
2.575,0.00245893398246775,-0.00123337652353139
2.576,0.00245740061312796,-0.00122750012108525
2.577,0.002460736134436,-0.00121742987519124
2.578,0.00246139546904457,-0.00120400827957895
2.579,0.00245837996229203,-0.00118691209888694
2.58,0.00245590740198086,-0.00116413638873114
2.581,0.00241495341354054,-0.00115141666779495
2.582,0.00237011274455663,-0.00113920812661295
2.583,0.0023595728618196,-0.00113823351756337
2.584,0.0023549447376267,-0.00113798674693188
2.585,0.00234417300629969,-0.00113874687754562
2.586,0.00235149447830693,-0.00113562414839613
2.587,0.00235237698502329,-0.00112887183128463
2.588,0.0023954687671545,-0.00111918812271056
2.589,0.00243304189035989,-0.00110557553747304
2.59,0.00246914524043338,-0.00108706011760851
2.591,0.00245074914099079,-0.0010720125241136
2.592,0.00244029477890588,-0.0010536110801736
2.593,0.00243196390349954,-0.00103238495053337
2.594,0.00242399849466255,-0.00100796001368214
2.595,0.00241299809274344,-0.000978523594802549
2.596,0.00236688507251527,-0.000959966631655873
2.597,0.00231956222809787,-0.000942338332479753
2.598,0.00227037214506962,-0.000923588094895123
2.599,0.00221730481925618,-0.000904153112405881
2.6,0.00218095632744891,-0.000895162111420933
2.601,0.00217126190225002,-0.000883940164887298
2.602,0.0021583052485194,-0.000870836655756269
2.603,0.00214897115970105,-0.000854534986262145
2.604,0.00219335561942373,-0.000836574088235287
2.605,0.00224005627772957,-0.000816337318950811
2.606,0.0022786918601091,-0.000790897827164239
2.607,0.00233752202556895,-0.000760693300163873
2.608,0.00233295042005705,-0.000732988407991242
2.609,0.00233721165332996,-0.000701556743326393
2.61,0.00233388350942332,-0.000667542880277205
2.611,0.00232842944478042,-0.000629607630458606
2.612,0.00226891577603364,-0.000605320462054137
2.613,0.00221276650437326,-0.000583873992480277
2.614,0.00215687756322001,-0.000562014016629531
2.615,0.00209375621329202,-0.000539426201737025
2.616,0.00203595094794507,-0.000513654138942332
2.617,0.00203290521538054,-0.000497451402804883
2.618,0.00202191637538459,-0.00048305081465938
2.619,0.00202398462140141,-0.00046679560221552
2.62,0.002016400050845,-0.000448473395563642
2.621,0.0020607128399659,-0.000428968799833729
2.622,0.00210850626260618,-0.000407718727658657
2.623,0.00215589440865552,-0.00038363700541616
2.624,0.00219778166657058,-0.000354059015727104
2.625,0.00225912707268388,-0.00031906013775207
2.626,0.00225478573453267,-0.00028767083823128
2.627,0.00226044983881582,-0.000253041959779932
2.628,0.00225546456167776,-0.000216420949772478
2.629,0.00218183503859307,-0.000192110661241196
2.63,0.00212010131351318,-0.000172187378287891
2.631,0.00206420600862928,-0.000152783565417092
2.632,0.00201099076342788,-0.000132457385730977
2.633,0.00195517511002863,-0.000109338397100478
2.634,0.00193403267938257,-9.68318146529756e-05
2.635,0.00193379062804642,-8.46348062247815e-05
2.636,0.00192141719774449,-7.197301579559e-05
2.637,0.00197065495658626,-5.94690295728784e-05
2.638,0.00202557275710836,-4.54021371162905e-05
2.639,0.00208056026042517,-2.84582986163073e-05
2.64,0.0021304154900446,-6.5363449847089e-06
2.641,0.00219666187771866,1.99921866196329e-05
2.642,0.00219375711496907,4.29453475733199e-05
2.643,0.00219926464107974,6.88750406622751e-05
2.644,0.00220004406404985,9.70054805015663e-05
2.645,0.0022024207640895,0.000129549618079816
2.646,0.00216871336912481,0.000146196268168808
2.647,0.0021097254766513,0.00015982317154406
2.648,0.00205647531371829,0.000172732779222307
2.649,0.0019987857324125,0.000186527992437513
2.65,0.00194304473461211,0.000202277097098025
2.651,0.00193161346704907,0.000205248871063046
2.652,0.00194159523108115,0.000209523510224463
2.653,0.00194316533249917,0.000214866944810155
2.654,0.00195646666897803,0.000222953942032922
2.655,0.00201615924864226,0.000232047696224091
2.656,0.00209054649551378,0.000242081963184204
2.657,0.00216010134843954,0.000255856330168946
2.658,0.00223585805906648,0.000273777646420725
2.659,0.00230773721678863,0.000297840875872091
2.66,0.00233411335948297,0.000320381086440724
2.661,0.00233869570353827,0.000342269983280408
2.662,0.00235471265010291,0.00036777387889475
2.663,0.00237212249516874,0.000396381595363926
2.664,0.00232046883276814,0.000408522236286291
2.665,0.0022732166430779,0.000416568497546232
2.666,0.00222143319214436,0.000422301654527946
2.667,0.00217924017793693,0.000426997706626298
2.668,0.00210924287167187,0.00043413842460488
2.669,0.00204867843823505,0.000444596318618873
2.67,0.00201405649440445,0.000441836629763714
2.671,0.00200513093164587,0.000437711605481172
2.672,0.00198233413953688,0.000433089435018963
2.673,0.00198183545389658,0.000430925594570697
2.674,0.00205013523573732,0.000426723430201059
2.675,0.00211223524228807,0.000424662456302238
2.676,0.0021807460826946,0.000424732966720354
2.677,0.00224698443768435,0.000428831668049301
2.678,0.00232254346262516,0.00043740478051274
2.679,0.00239930119464816,0.000452413386977935
2.68,0.00244346961565288,0.000465896007356803
2.681,0.00246369058243742,0.00047837874693768
2.682,0.002488504913451,0.000492572433399563
2.683,0.00252520476548272,0.000511218720952833
2.684,0.00254199104530419,0.000533249733414454
2.685,0.00248274621533499,0.000540244642277365
2.686,0.00243061505509071,0.000540904313281243
2.687,0.0023711756087304,0.000540292755695726
2.688,0.00231302379299403,0.000538748101186926
2.689,0.00225375424240255,0.000539715222260984
2.69,0.0021965540999092,0.000542686667740711
2.691,0.00215665260159377,0.000530312322548521
2.692,0.00214489707362088,0.000517983870358563
2.693,0.00211922423609387,0.000504346260838062
2.694,0.00211625448357964,0.000492672760005974
2.695,0.00210696390924527,0.000482527362804519
2.696,0.00216780190882237,0.000470249542744772
2.697,0.00222098507213279,0.000459567198533795
2.698,0.00227736083357546,0.000451500799633076
2.699,0.00233613345858522,0.000447262502714929
2.7,0.00239182224819688,0.000449064955920897
2.701,0.00246978587387546,0.00045662746441355
2.702,0.00247899284405001,0.000459940017526694
2.703,0.0024985800018419,0.000465592048081553
2.704,0.00250722565459087,0.000472679654876407
2.705,0.00252814122575218,0.000483829430465155
2.706,0.00248138901949827,0.00047717801553504
2.707,0.00242878871001965,0.000468427630930301
2.708,0.00238518352357694,0.000458500310839882
2.709,0.0023301079970088,0.000448361148808252
2.71,0.00228464455613389,0.00044016905749239
2.711,0.00222595292334543,0.000434901905076279
2.712,0.00221218415621006,0.00041769500450245
2.713,0.00220642315403903,0.000400821237734383
2.714,0.0021942769784167,0.000383587231204019
2.715,0.00219867616741472,0.000369160905985988
2.716,0.00226384620878222,0.000353992734231701
2.717,0.00232424225181496,0.00034074997487793
2.718,0.00238815970102935,0.000330133503942787
2.719,0.0024483302017916,0.000324190168754512
2.72,0.0025174681704407,0.000322655246900339
2.721,0.00252129865221236,0.000317145801330188
2.722,0.00253424061016431,0.000314636108451838
2.723,0.00253471795366101,0.000313902286255829
2.724,0.002546131890598,0.000318226170192948
2.725,0.0025503246865278,0.000326490279344671
2.726,0.00248516263616012,0.000321765424060705
2.727,0.00242846205293678,0.000313958844377071
2.728,0.00237438360394026,0.00030600314552498
2.729,0.00231843203748619,0.000298462077136352
2.73,0.00228747984402564,0.00027884313185883
2.731,0.00227548864875786,0.000259749040860846
2.732,0.0022551646521922,0.000240952880330492
2.733,0.00225400806636499,0.000224371470588514
2.734,0.00224419337260185,0.000209943031726945
2.735,0.00229340494218589,0.000195846510672282
2.736,0.00234455733706178,0.000183742060341663
2.737,0.00239655141679487,0.000175061350407957
2.738,0.00245878614747675,0.000170744704985071
2.739,0.00246087048164087,0.000163581133278967
2.74,0.00247208735277226,0.000158643703442096
2.741,0.0024669696555029,0.000155239431113396
2.742,0.00247408611036164,0.00015649569299675
2.743,0.00246101102199581,0.000161318098953755
2.744,0.00245807065403143,0.000173197915317502
2.745,0.00241559226480125,0.00017204555357947
2.746,0.002358199328315,0.000169027836029456
2.747,0.00230619457529335,0.000165395648373701
2.748,0.0022906304361514,0.000147700371761039
2.749,0.0022955533075538,0.000129669584556624
2.75,0.00229040712204266,0.000111571747599348
2.751,0.00229979009636607,9.52720846265076e-05
2.752,0.00230534059905824,8.15490594029966e-05
2.753,0.00230725039895493,7.10901098873173e-05
2.754,0.00236462666983049,6.08567079734557e-05
2.755,0.00242080199377673,5.30607548707707e-05
2.756,0.00248203767893542,4.99608862739032e-05
2.757,0.00254671157842055,5.1243797392575e-05
2.758,0.00254201542067309,4.85181122217293e-05
2.759,0.00254643976637975,4.79468277896355e-05
2.76,0.00254964864896898,4.92502910257042e-05
2.761,0.00255345782522629,5.33821855165928e-05
2.762,0.00256492085942167,6.26548714965924e-05
2.763,0.00253096592751056,5.73788987653367e-05
2.764,0.00247830835413756,5.06676343493551e-05
2.765,0.00242603379369668,4.33358694189034e-05
2.766,0.00237867052581822,3.72776295484156e-05
2.767,0.00232653754380847,3.34639116766899e-05
2.768,0.00232540163081315,1.80545510973795e-05
2.769,0.00233631770193989,2.75170238900335e-06
2.77,0.00233785820844276,-1.24097301759107e-05
2.771,0.00234887297089429,-2.51772471807632e-05
2.772,0.00235409775956546,-3.4960942488893e-05
2.773,0.00239601356464745,-4.41079209138051e-05
2.774,0.002453696928985,-5.08991547698012e-05
2.775,0.0025092145096633,-5.43063042808267e-05
2.776,0.00257431451393239,-5.40926573396328e-05
2.777,0.0025761862580925,-5.72354490169791e-05
2.778,0.00258639316190793,-5.74983571787757e-05
2.779,0.0025806947054203,-5.59696143373478e-05
2.78,0.00258276577033293,-4.93651832856878e-05
2.781,0.00257386777666448,-3.89271781008338e-05
2.782,0.00252244510728781,-4.17098681033679e-05
2.783,0.00246105630268335,-4.48811842726493e-05
2.784,0.0023924790263692,-4.79230623067206e-05
2.785,0.0023303736236699,-4.85403582546895e-05
2.786,0.0023345122072342,-5.98572946091669e-05
2.787,0.00232766071010935,-7.33160076943351e-05
2.788,0.0023272498345348,-8.65020801381067e-05
2.789,0.0023206248910331,-9.90881729509008e-05
2.79,0.00233039305753741,-0.000108075812178532
2.791,0.00240019148132912,-0.000118324661706248
2.792,0.0024618451803378,-0.000125446214788549
2.793,0.00253463104668964,-0.000128725159822485
2.794,0.00259867198574012,-0.000126176382934773
2.795,0.00267530562772815,-0.000119059849388869
2.796,0.00268222291645586,-0.000115731024388055
2.797,0.00269622568327417,-0.000110399098262826
2.798,0.00270131304924816,-0.000103607732909461
2.799,0.00271289003347847,-9.28878112506637e-05
2.8,0.00272179183066427,-7.78203723924009e-05
2.801,0.00266484330422313,-7.66369795404676e-05
2.802,0.0026178218126195,-7.89147637109133e-05
2.803,0.00256066934927778,-8.13986089688856e-05
2.804,0.0025101106443649,-8.30885278199078e-05
2.805,0.00245094840036177,-8.21155652989125e-05
2.806,0.00239535144288783,-7.82970572991704e-05
2.807,0.00237543052065477,-8.69168931130204e-05
2.808,0.00237325043147191,-9.5412046542509e-05
2.809,0.00236662223556887,-0.000104507461956505
2.81,0.00237403551718283,-0.000110706962962392
2.811,0.00244310796359809,-0.000119424184742811
2.812,0.00250483110137498,-0.000126110530986878
2.813,0.0025662153161169,-0.000130469585044479
2.814,0.00262437312393644,-0.000130616542673934
2.815,0.00269084792369647,-0.000126214007926395
2.816,0.00275283824247071,-0.000114977874704325
2.817,0.0027735260937804,-0.000104437851771555
2.818,0.00277337508246431,-9.36942537073659e-05
2.819,0.00278185985161149,-7.91846945294994e-05
2.82,0.00278868531598837,-6.11890729723119e-05
2.821,0.0027303705522502,-5.71473036179992e-05
2.822,0.00268134777912321,-5.67455390941274e-05
2.823,0.00262219628205067,-5.73083086219395e-05
2.824,0.00257055229280743,-5.79183832231656e-05
2.825,0.00250934255474219,-5.63994119286981e-05
2.826,0.00249301587077625,-6.66233971179375e-05
2.827,0.00249630169234212,-7.59757963839092e-05
2.828,0.00248793557186227,-8.52509113885014e-05
2.829,0.00250147898854234,-9.27576448836454e-05
2.83,0.00256791904993532,-0.000100315192257006
2.831,0.00262971464568053,-0.000104867197389114
2.832,0.00269348916121026,-0.000105727387738563
2.833,0.00275516326175124,-0.000101435612931744
2.834,0.00277376608924827,-9.72373846247487e-05
2.835,0.00277075085901089,-9.22149835211328e-05
2.836,0.00277679221102678,-8.24813188666229e-05
2.837,0.00278291871928584,-6.86701712018234e-05
2.838,0.002731342406034,-6.75253934380171e-05
2.839,0.00268547172740275,-6.88141868341874e-05
2.84,0.00263835946886827,-7.01630015047527e-05
2.841,0.00259651366487103,-7.10363671335146e-05
2.842,0.00256351636005731,-8.24443274636266e-05
2.843,0.00256660674656862,-9.48240831432634e-05
2.844,0.00255738344439313,-0.000106764075217369
2.845,0.00257080539517098,-0.000115858099166422
2.846,0.00257955356628099,-0.000121334619153646
2.847,0.00264329579882902,-0.000126854306184476
2.848,0.00270221265392392,-0.000130039226703627
2.849,0.00277344127156651,-0.000129997745744459
2.85,0.00284050893645019,-0.000124424405882284
2.851,0.00286250325548459,-0.000120497251569707
2.852,0.00286507652645632,-0.000117201896756292
2.853,0.00287385816760271,-0.000110661537486678
2.854,0.00288216504171651,-0.000100787905809308
2.855,0.00289480685560902,-8.65449363481874e-05
2.856,0.00290899066273217,-6.69856387536805e-05
2.857,0.00285192979037538,-6.12838357873513e-05
2.858,0.00279860599821531,-5.71560784186631e-05
2.859,0.00274676027321776,-5.40984795581734e-05
2.86,0.00268110959586938,-4.99739368117202e-05
2.861,0.00267381413664968,-5.89957352432058e-05
2.862,0.00265848732723462,-7.05080251071633e-05
2.863,0.00266253006944464,-8.24433438459948e-05
2.864,0.00265417093267828,-9.55216542439241e-05
2.865,0.00266974982212957,-0.000105235059132291
2.866,0.00267783203431074,-0.000111048786654466
2.867,0.00274559606516914,-0.000116648268055686
2.868,0.00281502594994544,-0.000119587592439852
2.869,0.00288009772418868,-0.000118113166861167
2.87,0.00294927708177921,-0.000112796186756914
2.871,0.00295355118234308,-0.000112735925485941
2.872,0.00296642187169507,-0.000110790756581269
2.873,0.00296528436929402,-0.000107636542631573
2.874,0.00297382394616976,-0.000100237530067659
2.875,0.00297087929633706,-8.96234889748437e-05
2.876,0.00297667312705541,-7.24881124516963e-05
2.877,0.00292321145580245,-6.82732012062814e-05
2.878,0.00286882293566043,-6.53723710358212e-05
2.879,0.00281938233644038,-6.26457273916747e-05
2.88,0.00276424999732859,-5.83598604091407e-05
2.881,0.00275996203687096,-6.71202713377617e-05
2.882,0.00274781823360945,-7.82878049032654e-05
2.883,0.00274240701682679,-8.91351125703599e-05
2.884,0.00273767804434556,-9.9714692144981e-05
2.885,0.00274437755835687,-0.000106531396352305
2.886,0.00280932499846185,-0.000114513886722178
2.887,0.00287129257747604,-0.000119104992353902
2.888,0.00292891982111433,-0.000120073116250619
2.889,0.00299351619952495,-0.000117906611451002
2.89,0.00305412664953338,-0.000109848963520454
2.891,0.00307933645320846,-0.000102304248721152
2.892,0.00308336797502626,-9.43471765130766e-05
2.893,0.00309185262333269,-8.35084301280542e-05
2.894,0.00310110672699627,-6.9521465289879e-05
2.895,0.00304912497487138,-6.88483599073364e-05
2.896,0.00300314966340515,-7.09275745244264e-05
2.897,0.00295170407448603,-7.31933202157697e-05
2.898,0.00290735829817681,-7.48984166769606e-05
2.899,0.00285470701013462,-7.44186180241524e-05
2.9,0.00283770325585363,-8.48128331872866e-05
2.901,0.00283007901201174,-9.45614809702011e-05
2.902,0.00281662758316632,-0.000104897939626092
2.903,0.00281498025286397,-0.00011233243388048
2.904,0.00287868080691105,-0.000123263410583996
2.905,0.00293697855979132,-0.00013106828613324
2.906,0.00300098719772966,-0.0001367076505005
2.907,0.00306011422327053,-0.000137072904017987
2.908,0.00312487537163248,-0.000132273005254535
2.909,0.00312825280123649,-0.000129556844546352
2.91,0.0031422059245774,-0.000124821702082611
2.911,0.00314901164026224,-0.000118002958667263
2.912,0.00316402970080395,-0.000106554658822255
2.913,0.0031705642467656,-9.12042634259591e-05
2.914,0.00317853498589998,-6.8700677299971e-05
2.915,0.00311572639774266,-5.93226055425888e-05
2.916,0.00306110866518667,-5.42275570499795e-05
2.917,0.00300267524110818,-4.98965603734636e-05
2.918,0.00294733384904369,-4.54648295156179e-05
2.919,0.00291917366330231,-5.59600195801924e-05
2.92,0.002918648286145,-6.74397547786865e-05
2.921,0.00291157615960513,-7.91246502812593e-05
2.922,0.00291332730412522,-8.99553004735099e-05
2.923,0.00290328411327835,-9.80517940172287e-05
2.924,0.00291432922944508,-9.96019717006136e-05
2.925,0.00291547300159235,-9.13531620627683e-05
2.926,0.00298471069092192,-7.73035328690552e-05
2.927,0.00304713207803606,-5.41460661079296e-05
2.928,0.0031132765798139,-2.40609118246082e-05
2.929,0.00309059049811708,-2.96034462343719e-06
2.93,0.00307001342775208,2.12842537874458e-05
2.931,0.00305029917883824,4.6888732107675e-05
2.932,0.00303500774986463,7.52692903083774e-05
2.933,0.00301983555894586,0.000108289802668415
2.934,0.00300683256542364,0.000146663963175142
2.935,0.00299220538664708,0.000190227999716075
2.936,0.00298045474329217,0.000240158108830157
2.937,0.00296772642438635,0.000296353509848746
2.938,0.00295586376515833,0.000359872174228504
2.939,0.00290872413869917,0.000405820121370137
2.94,0.00283635886604947,0.000447038358042495
2.941,0.00284612484900013,0.000469882502190211
2.942,0.00283420798901796,0.00048152882314545
2.943,0.00283124448384227,0.000488844044737535
2.944,0.00282348927397094,0.000492825617126991
2.945,0.00283205581534517,0.000496274398304408
2.946,0.00284009375028185,0.000500147763489334
2.947,0.00284917941968528,0.000505616604121462
2.948,0.00286989763752384,0.000514317357033778
2.949,0.00289842804356997,0.000525828868174871
2.95,0.00292265512990805,0.000542148062088355
2.951,0.00299952455481636,0.000558097423261184
2.952,0.00309210924567073,0.000575036724004385
2.953,0.00312667471148482,0.000587084938858007
2.954,0.00314148350442273,0.000596114552919691
2.955,0.0031597931899048,0.000608092820864659
2.956,0.00316254687981764,0.000620996210156599
2.957,0.00317327548797933,0.000637601821632972
2.958,0.00317562667154612,0.000657012012373115
2.959,0.00318683058556929,0.000681591840421547
2.96,0.00313774404003773,0.000693276326829972
2.961,0.00312509370385848,0.000685716896986155
2.962,0.00313285549128941,0.000674014658080591
2.963,0.00313146553497488,0.000658502680055018
2.964,0.00313829638932903,0.000642212479271653
2.965,0.00313832146826357,0.000625362741543734
2.966,0.00315802446165819,0.000609793412141568
2.967,0.00322221099011092,0.000595644459060629
2.968,0.00328572897996033,0.000585839937137012
2.969,0.00335478254074282,0.000580638346881102
2.97,0.00336056705107483,0.000569952654000672
2.971,0.00337328290033498,0.000562485262702084
2.972,0.00338276221595384,0.000556171640617664
2.973,0.00333357867453235,0.000534170632290831
2.974,0.00328827937457168,0.000508008161905049
2.975,0.00324038738738405,0.000480213984453748
2.976,0.00318470192105482,0.00045175057309832
2.977,0.00313748153619685,0.000424023902150017
2.978,0.003084734903586,0.000398336756333828
2.979,0.00302755314118749,0.000374865460975593
2.98,0.00301315521786241,0.000341874782374296
2.981,0.00300350497782677,0.00030966123120757
2.982,0.00299375362779088,0.000278576594038848
2.983,0.00304423022625576,0.000247191003500846
2.984,0.00308853890215798,0.000217450768474237
2.985,0.00313109765576036,0.000191681543351641
2.986,0.00318280692382188,0.000169705643692564
2.987,0.00323498459092005,0.000154932974966604
2.988,0.00325470525265549,0.000141821515626139
2.989,0.00326308309266607,0.000131887923972618
2.99,0.00327898017135141,0.000126574134532043
2.991,0.00328999985150976,0.000125698407906827
2.992,0.00330602724251803,0.000131783716733114
2.993,0.00326380180425706,0.000125028823079187
2.994,0.00321676235443152,0.000116582608717108
2.995,0.00317849778962912,0.000106809919915241
2.996,0.00312181713268044,9.80235759254211e-05
2.997,0.00312122020365229,7.79822090121174e-05
2.998,0.00311158476825194,5.53539655097635e-05
2.999,0.00311076073620352,3.24676713379102e-05
3,0.00309788797445887,1.07662452353829e-05
3.001,0.00311565008796692,-9.3845835033024e-06
3.002,0.00312212009444835,-2.62941996475585e-05
3.003,0.00315769303517554,-4.42116677010773e-05
3.004,0.00321159734709953,-5.92451999443244e-05
3.005,0.00326858103493569,-7.17478518924564e-05
3.006,0.00332267388119243,-7.97808997323179e-05
3.007,0.00337725892944404,-8.32598285513964e-05
3.008,0.00338654257200717,-8.83782312012804e-05
3.009,0.00339058732256335,-9.29973766138903e-05
3.01,0.00339984944440299,-9.58039040991343e-05
3.011,0.00340290751779474,-9.63507557236176e-05
3.012,0.00341352016827664,-9.12989047729962e-05
3.013,0.00337859158870079,-0.000101008615030096
3.014,0.00334122443684731,-0.000113530910806792
3.015,0.00330771768198424,-0.000128657412082955
3.016,0.00324616739883347,-0.000143414829749555
3.017,0.00319250919754055,-0.000156479258731523
3.018,0.00313753236387064,-0.000166575045821737
3.019,0.00312035339534257,-0.000187754635154191
3.02,0.00311414888361853,-0.000206954797843772
3.021,0.00310024280002429,-0.000226773206576436
3.022,0.00313713119002538,-0.000246802327398377
3.023,0.00319118556774674,-0.000266051275714552
3.024,0.00323790483108698,-0.000281539614024162
3.025,0.00329013991187587,-0.000294285022212293
3.026,0.00333905255598013,-0.000301146699825283
3.027,0.00339414131898548,-0.000302013122246703
3.028,0.00345181767324461,-0.000297632188114572
3.029,0.0034565069194326,-0.000293670663700174
3.03,0.00347041458486681,-0.000287207285851576
3.031,0.00348077238889089,-0.000278540864912358
3.032,0.00342338758117582,-0.000284357750569952
3.033,0.00337577755199927,-0.000295028921586837
3.034,0.0033286833755588,-0.000307047995853404
3.035,0.00328103126137999,-0.000319848711378912
3.036,0.00322586574132357,-0.000330965550683515
3.037,0.0031678007399971,-0.000340544988567726
3.038,0.00315608993748025,-0.000359454015841754
3.039,0.00315349255916376,-0.000377081241667909
3.04,0.00314537109475844,-0.000394494149226599
3.041,0.00313969379093626,-0.000409152080675157
3.042,0.00313109539348092,-0.000422008545758912
3.043,0.00317743336984371,-0.000435016766277774
3.044,0.00321730033423053,-0.00044537502456049
3.045,0.00327689941475977,-0.000453217777053816
3.046,0.00327491485153872,-0.000465671950048929
3.047,0.00327992859487345,-0.000475746009587497
3.048,0.00327656609499253,-0.000484856274760415
3.049,0.00327596588669492,-0.000490956340336968
3.05,0.00327028912802376,-0.000494027027273858
3.051,0.00326607628107682,-0.000493420658944976
3.052,0.00323188360976087,-0.000505174825101651
3.053,0.00318585229743199,-0.000518965721402809
3.054,0.00314293635592054,-0.00053345528018045
3.055,0.00315267004924026,-0.000557338683580266
3.056,0.00315529416644969,-0.000583597594552787
3.057,0.00315782756536946,-0.00061027904098393
3.058,0.00316057305777001,-0.000636667370135846
3.059,0.00316347249344459,-0.000662724283176486
3.06,0.00321205928297995,-0.000689641594896817
3.061,0.00326048076522463,-0.000715906276270883
3.062,0.00331783984245487,-0.000739755296514044
3.063,0.00331780711038563,-0.000769448405247619
3.064,0.00332200910778877,-0.000797219818941541
3.065,0.00332323633552603,-0.000823513058105352
3.066,0.00332871178368092,-0.00084711857535319
3.067,0.00333500141497846,-0.000867241017441678
3.068,0.00333889231663426,-0.00088274677402389
3.069,0.00333600792409113,-0.000893767419861968
3.07,0.00329013238682609,-0.000912030503363526
3.071,0.00323860033302563,-0.000927060676559621
3.072,0.00324033286967505,-0.000949886165512281
3.073,0.00323635032231281,-0.000973427150200101
3.074,0.00323801555222535,-0.000996128852556011
3.075,0.00323053227325097,-0.00101686209933644
3.076,0.00322422129057068,-0.00103634462934948
3.077,0.00325282591012956,-0.00105212719092729
3.078,0.00328021757405843,-0.00106250261835378
3.079,0.00332493753626565,-0.00106748250378791
3.08,0.00336249557731417,-0.00106607564735089
3.081,0.00339508076091358,-0.00106308252268117
3.082,0.00340859218047527,-0.00105916708686332
3.083,0.00341783305636136,-0.00105187547690472
3.084,0.00339470175596309,-0.00105530841116114
3.085,0.00335815494131586,-0.00105860039356698
3.086,0.00332941523621148,-0.00106128246482468
3.087,0.00328861650582854,-0.00106027509883749
3.088,0.00324938041405895,-0.00105659910242312
3.089,0.00319539950160973,-0.00104612625796341
3.09,0.00318370896174135,-0.00104221758603407
3.091,0.00318152996564016,-0.00103507563113153
3.092,0.00322715377941538,-0.0010252196828005
3.093,0.00327073483210055,-0.00101232729789907
3.094,0.00331460773953901,-0.000995331677213274
3.095,0.00336857468873861,-0.000973416415444295
3.096,0.00341220759564528,-0.000945234535451367
3.097,0.00343667596062854,-0.000914213508855677
3.098,0.00344101354148099,-0.000880877157051596
3.099,0.00338156834629034,-0.000859396831202563
3.1,0.00333509586756379,-0.000839144299955241
3.101,0.00328114839006584,-0.000819111577717968
3.102,0.00322567030538803,-0.000796230283418242
3.103,0.00317513758495498,-0.000770247976826455
3.104,0.00315409486662394,-0.00075107386185469
3.105,0.00315197505661332,-0.00073090534282988
3.106,0.00314287860072597,-0.000709316283320605
3.107,0.00317978558555986,-0.000686302813788509
3.108,0.00323689630096253,-0.000662185102966228
3.109,0.00328243075838363,-0.00063427205372335
3.11,0.00334247983882362,-0.000602751508596289
3.111,0.00339292887056504,-0.000565985550332604
3.112,0.00341821589805556,-0.000529161309448134
3.113,0.00342122371784233,-0.000492474936534593
3.114,0.00343359543566479,-0.000452653628713606
3.115,0.00344098123445423,-0.000410039489187164
3.116,0.00338460680682995,-0.000382456863015357
3.117,0.0033348657714707,-0.000357693137980952
3.118,0.00327707974477495,-0.000331774198713886
3.119,0.00322746283005097,-0.000304734839342402
3.12,0.00315654180619383,-0.000272678760926348
3.121,0.0031488616633578,-0.000251141774571084
3.122,0.00314360442828002,-0.000231305383570857
3.123,0.00312599784610881,-0.000211952928608372
3.124,0.00312102379759601,-0.000190913587427288
3.125,0.00318753678474587,-0.000171897494419593
3.126,0.00324727121313213,-0.00015086514784296
3.127,0.00331336758490589,-0.000127855723003778
3.128,0.00337314461532056,-0.000100849030769568
3.129,0.00344993114164948,-6.95585224319006e-05
3.13,0.00346311634745006,-4.29427756795664e-05
3.131,0.0034843030410428,-1.41665896556953e-05
3.132,0.00348857764651422,1.67507131040856e-05
3.133,0.00350337979560756,5.26325758544166e-05
3.134,0.00351026365519461,9.28364152537053e-05
3.135,0.00344875789858352,0.000118284089576648
3.136,0.00338950340107972,0.000140248105772178
3.137,0.00331576226004903,0.000165555372212522
3.138,0.00324608444277085,0.000192253241265039
3.139,0.00324666358784611,0.000205704345360325
3.14,0.00324187338958291,0.000216473795775385
3.141,0.00323196285990051,0.000226576359134534
3.142,0.00322665493348366,0.000236901697680425
3.143,0.00321790632519565,0.000248789015442563
3.144,0.00320894173618052,0.000262570389703787
3.145,0.00326415035801614,0.000275614868227136
3.146,0.00330992903924357,0.000290215648358239
3.147,0.00338157430006858,0.000306921478747224
3.148,0.00345185839050781,0.000328001600406747
3.149,0.00346175130679002,0.00034413202115785
3.15,0.00346598553131571,0.000360036227003313
3.151,0.00347626372395046,0.000377901774806455
3.152,0.00348410055015366,0.000398101081046098
3.153,0.00349910170967058,0.000422930193908988
3.154,0.00351288116683874,0.000452649855488374
3.155,0.00344770323180783,0.000467884540639729
3.156,0.00339483293440988,0.000480202507602667
3.157,0.00332991519343215,0.000493250353699681
3.158,0.00326891056424066,0.000508762931547002
3.159,0.00327614471286924,0.000511818951815346
3.16,0.00326790907551023,0.000511043812304046
3.161,0.00325899262310809,0.000509914679814594
3.162,0.00324499660260988,0.000508825060347606
3.163,0.00324159623701973,0.000509985858004991
3.164,0.00330909913084593,0.000511245843956343
3.165,0.0033704625241521,0.000514760791520075
3.166,0.00344504711349402,0.000520823044834251
3.167,0.00351654562023336,0.000531243164579476
3.168,0.00360259192949546,0.000546375329260218
3.169,0.00362259715618196,0.000555914658507961
3.17,0.00364982248406605,0.000566285123715426
3.171,0.00366445067572604,0.000577594351778787
3.172,0.00368640176784847,0.000593383670935921
3.173,0.00365486389509142,0.00059275381113244
3.174,0.00360766448201349,0.000590859361073781
3.175,0.0035689055018983,0.00058824538779606
3.176,0.00352929047384942,0.000585256249070576
3.177,0.00347305520073096,0.000585928246638612
3.178,0.00341937228368931,0.000587818656187122
3.179,0.00340558135925027,0.000580116055937996
3.18,0.00340137411869741,0.000572889910246011
3.181,0.00339496507480364,0.000567039304743167
3.182,0.00344970546202466,0.000560855312227937
3.183,0.00351628812510138,0.000554471790678079
3.184,0.0035717977023876,0.000550819734681907
3.185,0.0036452134928994,0.000550185396529734
3.186,0.00371285320128454,0.000554686901692969
3.187,0.00374873311324324,0.000558040177160657
3.188,0.00375803059832832,0.000561190487533558
3.189,0.00377834965269728,0.000568832809976216
3.19,0.00379586715604231,0.000579899719678811
3.191,0.00374338885823342,0.000575785931717754
3.192,0.00369839933433033,0.000570772660000884
3.193,0.00364854661906412,0.00056475134306172
3.194,0.00360309565675743,0.000557149093643572
3.195,0.0035368864429243,0.000553264287796118
3.196,0.00352308909345635,0.00053795473491447
3.197,0.00350055270778753,0.000521058247532402
3.198,0.00349231122283344,0.000505100836684813
3.199,0.00347707413097462,0.000489097064704569
3.2,0.00352597042380634,0.000473026643836694
3.201,0.00356966043437415,0.000457679213752449
3.202,0.00361812013899977,0.000444168866532202
3.203,0.00367994830584587,0.000433656577427888
3.204,0.00373914680432231,0.000428434865991367
3.205,0.00381189318924711,0.000428189303353144
3.206,0.00382658548916579,0.00042392700947097
3.207,0.00384848367262136,0.000421091564148601
3.208,0.00386368436230181,0.000419823825390853
3.209,0.00388819543954344,0.00042410509008467
3.21,0.0038542062257055,0.000412341917478742
3.211,0.00381162490331721,0.00039887995856519
3.212,0.00377865646692879,0.0003838564580389
3.213,0.00371616919107805,0.000370229689728885
3.214,0.00365947780583,0.000360407891045633
3.215,0.00366470786729704,0.000342314003790256
3.216,0.00366196433003811,0.000323670506501228
3.217,0.00365567846157383,0.000306182911752495
3.218,0.00364903302285828,0.000290101856402325
3.219,0.00369969139711722,0.000273928055107009
3.22,0.00374488622649395,0.00025951648727901
3.221,0.00380668357521137,0.00024749916617961
3.222,0.00386189986023976,0.000240026097978352
3.223,0.00392950511169194,0.000237465543562798
3.224,0.00393820835844663,0.000231130042851635
3.225,0.00395212602308077,0.000227673116843852
3.226,0.00395501970822672,0.000227068504938643
3.227,0.00396416826340012,0.000231154168389869
3.228,0.0039320204927762,0.000221105157767409
3.229,0.00387724694283066,0.000211615314029912
3.23,0.00382604049796224,0.000202503051429548
3.231,0.00377625525724697,0.000194457610386445
3.232,0.00372776188481842,0.000187346278373468
3.233,0.00370914474613533,0.000171326551751005
3.234,0.0037066087908791,0.000154937571721636
3.235,0.00369673104302098,0.00013961164688675
3.236,0.00370470424405411,0.000127538801687255
3.237,0.00375769840020521,0.000116638901721089
3.238,0.0038190985637542,0.000107126941923608
3.239,0.00387237037705155,0.000100943436153578
3.24,0.00394143611515524,9.8429286836621e-05
3.241,0.00394737990956154,9.17024017715318e-05
3.242,0.00396100797824651,8.87396094455539e-05
3.243,0.00396048463161216,8.78216066549364e-05
3.244,0.00396769938122261,9.08931840631344e-05
3.245,0.00392851291850778,8.06333900955636e-05
3.246,0.00388171525328153,6.97447834074882e-05
3.247,0.00384156224459488,5.88269167106081e-05
3.248,0.00379755604277211,5.01635218934648e-05
3.249,0.00377424979272377,3.39547191580136e-05
3.25,0.00377695273129492,1.81505223935119e-05
3.251,0.00377979624063639,2.84721601928606e-06
3.252,0.00382135857488224,-1.08854159545091e-05
3.253,0.00387823489658497,-2.3215555130407e-05
3.254,0.00392784146117076,-3.1776185414556e-05
3.255,0.00399265203293592,-3.63779065135628e-05
3.256,0.00405116716012486,-3.56004379611363e-05
3.257,0.00405847747897225,-3.60642415970225e-05
3.258,0.00407272574901609,-3.3768559788705e-05
3.259,0.0040861134735954,-2.88348823855866e-05
3.26,0.0040374429711339,-3.59187236614322e-05
3.261,0.00399784585795958,-4.64195825975455e-05
3.262,0.00395944776148175,-5.62900503083275e-05
3.263,0.00391151084157882,-6.41530709925009e-05
3.264,0.00386937765227662,-6.9113494726436e-05
3.265,0.00387324342309887,-8.29081957655076e-05
3.266,0.00387400819797801,-9.62942754607621e-05
3.267,0.00387487453375104,-0.000108776834029212
3.268,0.00387203453400783,-0.000119058437071773
3.269,0.0039238177996554,-0.00012858484081435
3.27,0.00396821460784798,-0.000136432656991647
3.271,0.00402985176143281,-0.000141523629231755
3.272,0.00408550658923987,-0.000142107298355842
3.273,0.00408322638607499,-0.000145662397480262
3.274,0.0040879725989793,-0.000146006575416135
3.275,0.00409033334211124,-0.000143709778104073
3.276,0.00409596368107939,-0.000136837016269209
3.277,0.00409370810229915,-0.000125295703092276
3.278,0.00402641994822594,-0.000124492550313715
3.279,0.00396842029831152,-0.000125322926312954
3.28,0.00391117730015811,-0.000125666934902902
3.281,0.00391593200021286,-0.000135649488899825
3.282,0.00391152154989322,-0.00014721832141501
3.283,0.003913265012815,-0.000157939015078878
3.284,0.00391406643919353,-0.00016781360473328
3.285,0.00391763330978526,-0.00017509573725577
3.286,0.00397825523981411,-0.000181524223153595
3.287,0.00403374856836092,-0.000184512097303524
3.288,0.00408926640108402,-0.000184388909763744
3.289,0.00414686092610204,-0.000180150416718261
3.29,0.00416663787387163,-0.000177741452209168
3.291,0.00416654278263245,-0.000173960971739273
3.292,0.00417080487608018,-0.000167124989527867
3.293,0.00417485071638618,-0.000156540387147186
3.294,0.00412286559549388,-0.00015785869979873
3.295,0.00407900471069851,-0.000161505823322472
3.296,0.00402922455366518,-0.000164463217420641
3.297,0.00398488135511,-0.00016671850254163
3.298,0.00392300907447266,-0.000165352107348249
3.299,0.00391085383975203,-0.000172219430147946
3.3,0.00389756103897579,-0.00017962038312419
3.301,0.00390603330214975,-0.000185738063619489
3.302,0.00390798753319527,-0.000191100302997627
3.303,0.00395765770348304,-0.000195896983487376
3.304,0.00401654399978272,-0.000200089247729685
3.305,0.00406922386427891,-0.000201276282216833
3.306,0.00413525022559884,-0.000198722160617337
3.307,0.00419572523559688,-0.000190900305721053
3.308,0.00421747553978418,-0.000184309112426506
3.309,0.00422121256702956,-0.000177655480034289
3.31,0.00423304263978694,-0.000167643151048891
3.311,0.00423917694938557,-0.000154348333092302
3.312,0.00424951470821942,-0.000135079125662574
3.313,0.00421091248552063,-0.00013030195141539
3.314,0.0041490427929569,-0.00012610389933887
3.315,0.00409227919098032,-0.000122216965047717
3.316,0.00403577734635909,-0.000117626585708408
3.317,0.00397678791670388,-0.000111902618106008
3.318,0.00397963098316773,-0.000115760351440619
3.319,0.00398523156326987,-0.000121877446657648
3.32,0.00398003064682757,-0.000129141668917365
3.321,0.00397805956898459,-0.000134620085893156
3.322,0.00396969410115899,-0.000138475463770216
3.323,0.00397596527849,-0.000138835534298776
3.324,0.00404938759333981,-0.000139322047706336
3.325,0.0041167688580693,-0.00013730027995501
3.326,0.00418951410021298,-0.000132518100678436
3.327,0.0042621638216371,-0.000124185510597064
3.328,0.00426333255813145,-0.000123236200657628
3.329,0.00427166121185351,-0.000119385154661866
3.33,0.00427612498150803,-0.000113383039606507
3.331,0.00428715966894138,-0.000104521024806015
3.332,0.00430110273545454,-9.25272899929275e-05
3.333,0.00431343859104187,-7.55511241260498e-05
3.334,0.00426598334920078,-7.00605712671831e-05
3.335,0.00423408714474824,-6.5772826328081e-05
3.336,0.00417630102103966,-6.25051838656354e-05
3.337,0.00412622361982565,-5.63741416627073e-05
3.338,0.00411972026869873,-6.15740845680279e-05
3.339,0.00411246316601378,-6.76296395775156e-05
3.34,0.00410431047903206,-7.36813875968356e-05
3.341,0.00416375900227438,-7.99902414315157e-05
3.342,0.00421466449294518,-8.42668953111581e-05
3.343,0.0042688597574729,-8.60036641601725e-05
3.344,0.00431812721849689,-8.39038477150611e-05
3.345,0.0043842443876855,-7.76366450064847e-05
3.346,0.00445048481169231,-6.51126867727281e-05
3.347,0.00446296184492642,-5.53887913011253e-05
3.348,0.0044842270958607,-4.29213963268893e-05
3.349,0.0045051167596931,-2.81342736180301e-05
3.35,0.00445168313614087,-2.84592315054621e-05
3.351,0.00441023146350631,-3.13885671554548e-05
3.352,0.00436067584878937,-3.51336840428429e-05
3.353,0.00431207475751042,-3.52267705172604e-05
3.354,0.00426240387505015,-3.39958255884398e-05
3.355,0.00427134392188563,-4.02560891429871e-05
3.356,0.00428083380129395,-4.68660611152028e-05
3.357,0.00428234743449389,-5.27825326806508e-05
3.358,0.00428377883581871,-5.65978976443393e-05
3.359,0.00433507917810132,-5.94059812676351e-05
3.36,0.0043893748837039,-6.08073645885776e-05
3.361,0.00443725502288079,-5.94488367253176e-05
3.362,0.00446307719699932,-5.81036071871099e-05
3.363,0.00446690805840375,-5.58323740654787e-05
3.364,0.00447307037075625,-5.02700729669847e-05
3.365,0.00446738153876493,-4.10793618328409e-05
3.366,0.00440128264688029,-4.09662352624518e-05
3.367,0.00434483677538742,-4.37146477553774e-05
3.368,0.00427791550616745,-4.46771558688663e-05
3.369,0.0042675777814598,-5.47554133689676e-05
3.37,0.00426216783943123,-6.57687866552625e-05
3.371,0.0042464930833043,-7.74870588930998e-05
3.372,0.00425033883053597,-8.63729527588175e-05
3.373,0.00431360987873873,-9.46099747722862e-05
3.374,0.0043746477985199,-9.94375831039895e-05
3.375,0.00443641924215553,-0.000100907383774884
3.376,0.00450056774628037,-9.76760907431262e-05
3.377,0.00453031777193667,-9.68313326717429e-05
3.378,0.00454292099681403,-9.38087909982954e-05
3.379,0.00455975409617507,-8.76082813935919e-05
3.38,0.00456981138641322,-7.82709784600821e-05
3.381,0.00451715880704726,-8.031705474143e-05
3.382,0.00447341573354894,-8.60619135398255e-05
3.383,0.0044159859822018,-9.12170848162974e-05
3.384,0.00436025450391347,-9.55313903837629e-05
3.385,0.00430328056037751,-9.47346545236427e-05
3.386,0.00429292189174616,-0.000103994208830172
3.387,0.0042722647187737,-0.000114720294498993
3.388,0.00425547088034619,-0.000124452177036827
3.389,0.00423040035513713,-0.000133091430169319
3.39,0.00427562666657011,-0.000141875832907701
3.391,0.00431196859713786,-0.000148369920025482
3.392,0.00436451220583386,-0.000152503955573924
3.393,0.0044102732302953,-0.000153068063106665
3.394,0.00446678753036769,-0.000149186831702397
3.395,0.00452062037141729,-0.000139606131092651
3.396,0.00455422725935336,-0.000131359079726001
3.397,0.00456999457896091,-0.00012247481604899
3.398,0.00458778384574206,-0.000111178874732387
3.399,0.00459629385512762,-9.71365615016762e-05
3.4,0.00454924975553274,-9.83784150605516e-05
3.401,0.00449332427536883,-0.000101249624802069
3.402,0.00444248549366689,-0.000104500185016954
3.403,0.00439056160948327,-0.000106838508164897
3.404,0.00434534192923422,-0.000106828116371915
3.405,0.00428026291309755,-0.000103964427988601
3.406,0.00426057199122711,-0.000111434066018601
3.407,0.00424828925204238,-0.000119934699779889
3.408,0.00422468203025013,-0.000129656909517828
3.409,0.00422244811967817,-0.000136802638036837
3.41,0.00428746027390187,-0.000144734908555044
3.411,0.00434977047250496,-0.00014991763494121
3.412,0.00440925877090372,-0.0001490851966921
3.413,0.00447014589473238,-0.00013772186424893
3.414,0.00453929724048831,-0.000113706834120986
3.415,0.00460930452478124,-7.61899610682848e-05
3.416,0.00461803407964074,-3.48381736122727e-05
3.417,0.00463725525700049,1.57925478726506e-05
3.418,0.00464224908848908,7.32747786167387e-05
3.419,0.0046575238042652,0.000139658505268536
3.42,0.00466248311398829,0.000212472540010888
3.421,0.00467829683820025,0.000293343577211502
3.422,0.0046909173632675,0.000351967631146977
3.423,0.00474218510009748,0.000405144087396336
3.424,0.00478068404139338,0.000452899422365483
3.425,0.00483642028758564,0.000500064395821898
3.426,0.00481406075012113,0.000532989177764842
3.427,0.00479914389505166,0.000558374162520192
3.428,0.00477597698495034,0.000581343577527926
3.429,0.00475678774551806,0.000602780630063915
3.43,0.00472665314908058,0.000623395561867635
3.431,0.00470250824582961,0.000644998894373028
3.432,0.00465380864422759,0.000664950804097397
3.433,0.0045769641029296,0.00068522902625523
3.434,0.0045025815556704,0.000708490846877519
3.435,0.00449687824887193,0.000731656454464935
3.436,0.0044871004925408,0.00075815676627955
3.437,0.00449577057268494,0.000787380948143346
3.438,0.00450132425799203,0.000820460175042226
3.439,0.00455775190017356,0.0008452650856135
3.44,0.00459979605591052,0.000868265244229172
3.441,0.00467224132311767,0.000894235765666718
3.442,0.00468165788699751,0.000903150254813301
3.443,0.00469460291194694,0.000908734801180644
3.444,0.00462640051511419,0.00090444065808476
3.445,0.004569006903885,0.000900880386330072
3.446,0.00451104671324075,0.000898035991018453
3.447,0.00445293380741539,0.000897073141538696
3.448,0.00439439077494373,0.000898918699727524
3.449,0.00433567681229094,0.000904336814879891
3.45,0.00433701750952212,0.000908432303329376
3.451,0.00433479110789204,0.000915365838727811
3.452,0.00434460276949561,0.000924182560393449
3.453,0.00435344153715132,0.000937023447040941
3.454,0.00441302912095486,0.000936387457689647
3.455,0.00446110673605609,0.000931366025246516
3.456,0.00451482674632107,0.000924449044318543
3.457,0.00456557400742688,0.000916650550448317
3.458,0.00455750658044796,0.000890683246283441
3.459,0.00453698339000556,0.000860629537043744
3.46,0.00452240110557048,0.000827644684765094
3.461,0.00449594438596588,0.00079361125517452
3.462,0.00447889961563511,0.000759163384083661
3.463,0.00444307738558438,0.00072620306234672
3.464,0.00441567436522563,0.000696951338391538
3.465,0.00435254876749781,0.000667152001054716
3.466,0.00429542592445687,0.000639706463364809
3.467,0.0042771990417687,0.000613159069339619
3.468,0.00427946045795312,0.000586813597200142
3.469,0.00428180064278656,0.000565657327537217
3.47,0.00429536185094389,0.000548847885631087
3.471,0.00431124740541229,0.000537612972972168
3.472,0.00432897687681479,0.000516062513938209
3.473,0.00437018551145084,0.000496116022259074
3.474,0.00440922473983223,0.000478489865165854
3.475,0.00445667001175411,0.000465675147002187
3.476,0.00450532151594869,0.000457285155949172
3.477,0.00456253632487938,0.000455716815805529
3.478,0.00461889354539784,0.000458838075356349
3.479,0.00468241879321054,0.000469101952705331
3.48,0.00468312166596985,0.000471847299264749
3.481,0.00469205629867061,0.0004759090739484
3.482,0.00464679493875293,0.000478455272198086
3.483,0.00461081640442292,0.000485893731780374
3.484,0.0045467841416536,0.000497022733064456
3.485,0.00454936636089011,0.000511469153591571
3.486,0.00455665919949415,0.000528528456793631
3.487,0.00456540656407793,0.000549438039169958
3.488,0.00457778293903268,0.000574828683306328
3.489,0.00463779211235188,0.000590675679185027
3.49,0.00469504220371551,0.000606581875648216
3.491,0.00475242030378342,0.000623827172509139
3.492,0.00480830257081228,0.00064300561245989
3.493,0.00479777312521095,0.00064535209531702
3.494,0.00477832175193685,0.00064549162146571
3.495,0.0047573944359976,0.000645103133847136
3.496,0.00471375777945824,0.000643051475037348
3.497,0.00464492556036856,0.000638757646804211
3.498,0.00458213992879748,0.000636749704297279
3.499,0.00451654089829177,0.000636767010557537
3.5,0.00445298825473039,0.000639839997195302
3.501,0.00438887927473892,0.000646233125396245
3.502,0.00432267266070525,0.00065626341688485
3.503,0.00426047442541366,0.000658073624807465
3.504,0.00425757840112441,0.000651058673144134
3.505,0.00424445459634026,0.000637280028258469
3.506,0.00425785138258634,0.000620864903662643
3.507,0.00426077547056366,0.000601692993917713
3.508,0.00427204186190263,0.000583276152624268
3.509,0.00426895622594171,0.000557549369653354
3.51,0.00424020588089981,0.000528619718036194
3.511,0.00421121455196256,0.000500171944962546
3.512,0.00418043475994211,0.000473857464138472
3.513,0.00414806477840994,0.000449382042673252
3.514,0.00411509205715617,0.000428189095842024
3.515,0.00411789575152193,0.000405109891473632
3.516,0.00417043682156496,0.00037191841749451
3.517,0.00421211771815057,0.000333887222130236
3.518,0.00425166443418611,0.000293970080365968
3.519,0.00428943082462852,0.000253568787139391
3.52,0.00432641047305564,0.000213791154551002
3.521,0.00432207502185749,0.000164780834312206
3.522,0.00428827890811835,0.000114059709223679
3.523,0.0042414650302637,6.19743597407019e-05
3.524,0.00420206722171392,1.38004815449233e-05
3.525,0.00415504909551788,-3.28852943567992e-05
3.526,0.00411599610040948,-7.34401076724067e-05
3.527,0.00410782651068432,-0.000111750113604314
3.528,0.00411453456473001,-0.000147607518449833
3.529,0.00412000340809661,-0.000179722141631089
3.53,0.00415300834430136,-0.000221011571259089
3.531,0.00418767657953792,-0.000263422028928595
3.532,0.00422919150116494,-0.000305385652802082
3.533,0.00426871935434994,-0.000346591144080755
3.534,0.00432178679160454,-0.000385037857306259
3.535,0.00433028382759975,-0.000431956632093111
3.536,0.0043450086349904,-0.000480952386561984
3.537,0.00434358063789314,-0.000527928645843612
3.538,0.00434205271948204,-0.00057359270590257
3.539,0.00433440057700631,-0.000614525035931235
3.54,0.00428490458479011,-0.000657703896916717
3.541,0.00424395723010342,-0.000697940340831482
3.542,0.00419466318007638,-0.000736834038937484
3.543,0.00414889142851896,-0.000769349692054944
3.544,0.00413961916964081,-0.000800490048617486
3.545,0.00414035894415708,-0.000830613712577588
3.546,0.00413904942782572,-0.000857867739908147
3.547,0.00414916840271784,-0.000881978539741479
3.548,0.00415834735426808,-0.000902090454835303
3.549,0.00419924109391249,-0.000930679706653059
3.55,0.0042448887090271,-0.000959849425598069
3.551,0.00428315495849701,-0.000989883010960924
3.552,0.00432961319035022,-0.00101877442861908
3.553,0.00438249056744886,-0.00104385712369898
3.554,0.00443276214088496,-0.00106748938306261
3.555,0.00444572593562973,-0.00110259450108208
3.556,0.00446133489414793,-0.00113704091882
3.557,0.00447130019086513,-0.00117000131817002
3.558,0.0044430665536058,-0.00120667203076175
3.559,0.00442313492225465,-0.00124158690206744
3.56,0.00439271545215348,-0.00127531901655309
3.561,0.00436175237685047,-0.00130564195096744
3.562,0.00433137914999326,-0.00133206036176126
3.563,0.00434136911560168,-0.00135591022564868
3.564,0.00434817519528397,-0.00137704831714131
3.565,0.00435682907250468,-0.00139516652990701
3.566,0.00436965707480546,-0.00140880433336771
3.567,0.0044089958835502,-0.001427545285481
3.568,0.0044472081563666,-0.00144466251648917
3.569,0.00447563549898817,-0.00146058179892244
3.57,0.00451543122356369,-0.00147354783058906
3.571,0.00454157673829741,-0.0014830398240912
3.572,0.00455420318895233,-0.00149800441455422
3.573,0.0045528168226819,-0.00151211854727945
3.574,0.004552315251913,-0.00152366452953984
3.575,0.00452032695561532,-0.0015347352238021
3.576,0.00449652540063875,-0.00154217021562586
3.577,0.00445130411313822,-0.00154720601323416
3.578,0.00441233520299278,-0.00154623202310639
3.579,0.00440548857932617,-0.00154081115283422
3.58,0.00440924994368271,-0.00153146364839124
3.581,0.00440945621547468,-0.0015165506782025
3.582,0.00441235666369821,-0.0014957174821707
3.583,0.00445624662185362,-0.00148168488675049
3.584,0.00449191184493126,-0.00146721025868346
3.585,0.00452692265404738,-0.0014488597501251
3.586,0.00452529873197036,-0.00144073468625155
3.587,0.00451591096458554,-0.00143326904648572
3.588,0.00451320021322944,-0.00142481642604558
3.589,0.0045147690172801,-0.00141421154447907
3.59,0.00448858794605945,-0.00140123900503863
3.591,0.00441948178564714,-0.00139101398949598
3.592,0.00435323292352212,-0.00137698542959119
3.593,0.00429375574321969,-0.00135933075460171
3.594,0.00422922225294057,-0.00133709328215753
3.595,0.00419778117139709,-0.0013125368063881
3.596,0.00418584120121698,-0.00128573241989949
3.597,0.00417072677467574,-0.00125516531710002
3.598,0.00417166694157513,-0.00121963169716133
3.599,0.00417048160521851,-0.00117635434155106
3.6,0.00421305507471795,-0.00114334293991697
3.601,0.00427160066184525,-0.00110817317991024
3.602,0.00432103411181565,-0.0010714155145769
3.603,0.00436341954319868,-0.00103246982058935
3.604,0.00436317832118131,-0.00100877070933841
3.605,0.00434763360623724,-0.000988408792150508
3.606,0.00433411925059956,-0.000969189142305926
3.607,0.00431473463073291,-0.000947720781359074
3.608,0.00430115138730185,-0.000923617212901295
3.609,0.00423080428261624,-0.000902335150891664
3.61,0.00417074155654355,-0.000878224589995646
3.611,0.00410433081638973,-0.000852022684411424
3.612,0.00402861330049726,-0.00082250298246761
3.613,0.00403319561264723,-0.000792976180555405
3.614,0.00403169142725369,-0.000759893763550179
3.615,0.00403212235006477,-0.000723462631060656
3.616,0.00403068784142286,-0.00068240143482462
3.617,0.00404579549997858,-0.000635868107332516
3.618,0.00412184868278394,-0.000595068107998309
3.619,0.00418161425383612,-0.000558256456823836
3.62,0.00424573249586045,-0.000519392110660544
3.621,0.00422853277525157,-0.000498139939863196
3.622,0.00421829552214958,-0.000478903850438361
3.623,0.00420905985432378,-0.000460077099579792
3.624,0.00420348260817879,-0.000440931578456649
3.625,0.00418530093021582,-0.000420703043399417
3.626,0.00416525675512516,-0.000399190836928742
3.627,0.00410591529405501,-0.000379103614303655
3.628,0.00404826902476621,-0.000357398604488079
3.629,0.00398690728487508,-0.000333620743491414
3.63,0.00396875004949995,-0.000309597152646668
3.631,0.00398024949858768,-0.0002846150478229
3.632,0.00398869080028169,-0.00025581005416464
3.633,0.00399771022858487,-0.000222869627377942
3.634,0.00401465475508487,-0.000185889827610086
3.635,0.00408768704248211,-0.000154536628791724
3.636,0.00413990950186836,-0.000125785943048684
3.637,0.0042033900474697,-9.52388932589643e-05
3.638,0.00425168316355292,-6.28120771850593e-05
3.639,0.00425423562953594,-4.53000495855282e-05
3.64,0.00424165239470283,-3.05417725223189e-05
3.641,0.00423305426835676,-1.68982499637038e-05
3.642,0.00422067428558751,-2.6667326034624e-06
3.643,0.00414253459828735,5.78423711927734e-06
3.644,0.00407445566283056,1.71697272837723e-05
3.645,0.00399811822723054,3.00518283087303e-05
3.646,0.00393371166320686,4.77562177254587e-05
3.647,0.00384975035535854,6.85039321164926e-05
3.648,0.00385239957672243,8.83844780750209e-05
3.649,0.0038493446229617,0.000111516469279815
3.65,0.00385472694341822,0.000137398727614091
3.651,0.00385685092370764,0.00016767597478079
3.652,0.00385948645958819,0.000202930050014039
3.653,0.00391656645441614,0.00022613316191028
3.654,0.0039549529730361,0.000245614377530623
3.655,0.00401626120927638,0.000267152020844375
3.656,0.00406823078393231,0.000290259830251605
3.657,0.00412525888504784,0.000314845913892747
3.658,0.00412784961785406,0.000323020789117279
3.659,0.00411155836447874,0.000328348840721637
3.66,0.00409859164300021,0.000332907403605032
3.661,0.00408750829451545,0.000337766488732127
3.662,0.00408210443006014,0.000344184868256769
3.663,0.00402042883563167,0.000346211136369734
3.664,0.00397037654820885,0.000349785052503382
3.665,0.00390195678611624,0.000353986703006459
3.666,0.00384649703799574,0.000362184164145851
3.667,0.00376995071059746,0.000373290797411274
3.668,0.00377690323290145,0.000382566737388512
3.669,0.00378053627888665,0.00039468177023011
3.67,0.00378758233920463,0.000409347872853294
3.671,0.00379030668951655,0.000428465373636777
3.672,0.00381548190094885,0.000452244211113062
3.673,0.00390145280041461,0.000467704833172211
3.674,0.00396704458848915,0.000477673895338426
3.675,0.00403327368532779,0.000486611313127883
3.676,0.00409141035830324,0.000496015799697547
3.677,0.00416729003372393,0.000508218909720859
3.678,0.00415900824761141,0.000501036235376784
3.679,0.00415350134009176,0.000491182885556829
3.68,0.00415187018849394,0.000480204066453771
3.681,0.00414809768549558,0.00046949356756848
3.682,0.00415053481785673,0.000459166233204023
3.683,0.00414272732918445,0.000452026492353041
3.684,0.00407458434557395,0.000438631469438233
3.685,0.0040182883460154,0.000427302363032567
3.686,0.00395130309747136,0.000416942823913857
3.687,0.00389511640167972,0.000410619304512361
3.688,0.00381807956597505,0.000407098349596069
3.689,0.00382428011746018,0.000400953407834637
3.69,0.0038296128254949,0.000398126811674782
3.691,0.00383696152533498,0.000398237133377388
3.692,0.00383810085039433,0.000402496101680694
3.693,0.00385832664059832,0.000410922647378242
3.694,0.00388055011646932,0.000427339172347996
3.695,0.00392609435234277,0.000431267144220093
3.696,0.00398862280047891,0.0004343832332383
3.697,0.00403620740646433,0.00043593376245149
3.698,0.00410033332734632,0.000440304776695211
3.699,0.00415420364040706,0.000446614719171345
3.7,0.00413324387683377,0.000436463099675433
3.701,0.00411871308074116,0.000424096350447156
3.702,0.00410364109374808,0.000411733034175188
3.703,0.00409167168758834,0.000400288106210789
3.704,0.00408142296017331,0.000390647061944638
3.705,0.00402299058287856,0.000377693486969366
3.706,0.00396182855454381,0.000364572871020208
3.707,0.00391051192021566,0.000354093765260188
3.708,0.00383441660779679,0.000345300351790534
3.709,0.0037701388785058,0.000342267491213355
3.71,0.00376523796860642,0.000341101197689098
3.711,0.00376730296450496,0.000342065723135554
3.712,0.00376587327730711,0.000345957220368676
3.713,0.00376552099775756,0.000353821505075735
3.714,0.00379811038162169,0.000350394659497655
3.715,0.00384493105144562,0.000344727302404868
3.716,0.00387294623086028,0.000337908765549177
3.717,0.00393217477539788,0.000332942255825974
3.718,0.00397889547207422,0.000329831188040863
3.719,0.00396731877090591,0.000314386723887283
3.72,0.00394435395217265,0.000297030324112879
3.721,0.00393203743073327,0.000279884853473411
3.722,0.00391673174576043,0.00026393030101507
3.723,0.00386948917639715,0.000245862650287532
3.724,0.00380845266083225,0.000226859717249339
3.725,0.00374716654373734,0.000210769588598669
3.726,0.00369004611579762,0.000197823215637549
3.727,0.00367965106915963,0.00018748554957948
3.728,0.00368802909659374,0.000178910215553829
3.729,0.00369347438326742,0.000174997877378069
3.73,0.00370959744472095,0.000175067757358205
3.731,0.00373030176444716,0.000181246198484419
3.732,0.00378152810019774,0.000177989199381889
3.733,0.00382737376591375,0.00017475894075808
3.734,0.00386652347451161,0.000172303006260699
3.735,0.003864782639647,0.000157402354947822
3.736,0.00384704370954292,0.000140722060016529
3.737,0.00383496960030075,0.000123574898293399
3.738,0.00381991503571015,0.000107294471183794
3.739,0.0038089802597576,9.24618364221419e-05
3.74,0.00376176409340294,7.65737918176912e-05
3.741,0.00371306092516423,6.27968032728687e-05
3.742,0.00366895831405737,5.20176438449371e-05
3.743,0.00366878633481131,4.32473878682615e-05
3.744,0.00368992213170066,3.61508239497543e-05
3.745,0.00370794788025347,3.26439227713582e-05
3.746,0.00372964000409858,3.3570265568883e-05
3.747,0.00374750051467527,4.07497325041195e-05
3.748,0.00377582936255488,3.81882129444899e-05
3.749,0.00382918965583881,3.79674982444733e-05
3.75,0.00387971057740086,3.97570945715464e-05
3.751,0.00385857249378188,2.88757226827863e-05
3.752,0.00384417721504915,1.50495199048306e-05
3.753,0.00383162531619304,1.29805356002821e-06
3.754,0.00381903094325449,-1.12568794971013e-05
3.755,0.00381186631468596,-2.21208526079431e-05
3.756,0.00376889221986591,-3.36615479145097e-05
3.757,0.00371399108514408,-4.42347932251841e-05
3.758,0.00366581229893571,-5.12614964348623e-05
3.759,0.00366321776086837,-5.64660397078809e-05
3.76,0.0036774528842811,-6.02217672965311e-05
3.761,0.0036886750891787,-6.04455207641186e-05
3.762,0.00370435164846959,-5.72588674088714e-05
3.763,0.00372481820612576,-4.8568153220907e-05
3.764,0.00377494318850759,-4.95704616612636e-05
3.765,0.00382183759877247,-5.06129240682718e-05
3.766,0.00385911983914133,-5.14428194236527e-05
3.767,0.00391927782516281,-4.89863555960257e-05
3.768,0.00391148085756501,-6.01726807872294e-05
3.769,0.00390015735957023,-7.35484213180149e-05
3.77,0.00389423311015852,-8.78403706521813e-05
3.771,0.00387369551561997,-0.000101030832212079
3.772,0.00385630389509195,-0.000112272567344585
3.773,0.00380987858277062,-0.000124656837011294
3.774,0.00376032806907705,-0.000135881849713915
3.775,0.00371237919593099,-0.000144809782525901
3.776,0.00365849215372815,-0.000151141517581721
3.777,0.00367628913676939,-0.000156614089302065
3.778,0.00368750291116228,-0.000159739992338259
3.779,0.0036962431073296,-0.000159791894297767
3.78,0.00371385548697,-0.000156414471538913
3.781,0.00372954364372175,-0.000146884963593052
3.782,0.0037595111930816,-0.000148221583672947
3.783,0.00381234273763625,-0.000147505293934924
3.784,0.00385941181739336,-0.000145299897267914
3.785,0.00390497864699875,-0.000140821007609149
3.786,0.00387445444504591,-0.000149108028712042
3.787,0.00385163757244616,-0.000158787033414931
3.788,0.00383392088335405,-0.000168162685271811
3.789,0.00381510915386308,-0.000176692508242815
3.79,0.00377250101446145,-0.00018588607447495
3.791,0.00372648582168673,-0.000193848662719653
3.792,0.0036685746666915,-0.00019943867012745
3.793,0.00362103156888736,-0.000200737354115632
3.794,0.00362155510594501,-0.000199459247390066
3.795,0.0036316324763011,-0.000195113999193308
3.796,0.00364832375100349,-0.000187609385192411
3.797,0.00366163960505951,-0.000174129320184957
3.798,0.00369864401925942,-0.000171293479953927
3.799,0.00375112685288787,-0.000167810460017292
3.8,0.0037914043497591,-0.00016404319656016
3.801,0.00384221097795051,-0.000158260172771485
3.802,0.00383558486974117,-0.000165101921049848
3.803,0.00382226565455837,-0.000173181329642447
3.804,0.00381294987768329,-0.00018234602953715
3.805,0.00379006910306213,-0.000190037744135951
3.806,0.00377171777167808,-0.000195544942953207
3.807,0.00371644342533838,-0.000203341321828088
3.808,0.00367143954756935,-0.000209636230750987
3.809,0.00360667175657889,-0.000214528471010889
3.81,0.00355275384356532,-0.000214455953211401
3.811,0.00355123382403682,-0.000212905604245472
3.812,0.00356495095147029,-0.000210180607786603
3.813,0.00357652219346396,-0.000204625274976777
3.814,0.00359270194708048,-0.000195858839702856
3.815,0.00361784332715952,-0.000181579603783955
3.816,0.00364238114796591,-0.000160030504006869
3.817,0.00369551351110917,-0.000148493316765197
3.818,0.00374051851245798,-0.000138320329425012
3.819,0.0038038800351915,-0.00012744057743197
3.82,0.00385649739553095,-0.000115840184575167
3.821,0.00384113373141903,-0.000121173236681205
3.822,0.00382039973854093,-0.000128011180803134
3.823,0.0038042594238983,-0.000135383882994555
3.824,0.0037883716429408,-0.000141928492613241
3.825,0.00377296098712771,-0.000146893517898317
3.826,0.00376207135995877,-0.000149730874524689
3.827,0.00371052874736505,-0.000156465208614009
3.828,0.00366200265198769,-0.000162044481992529
3.829,0.00361262311402672,-0.000166288061565434
3.83,0.00356911903520729,-0.000167696910269133
3.831,0.00356280614415849,-0.000168471600929698
3.832,0.00358262612052646,-0.000168354750527733
3.833,0.0035971451776626,-0.000165472047156001
3.834,0.00361857149193411,-0.000159162408003122
3.835,0.00363510647310187,-0.000146469961681883
3.836,0.00365511387634955,-0.000128880931078212
3.837,0.00372582649369465,-0.000117176558715959
3.838,0.00377375018557343,-0.000108518394542623
3.839,0.00383821203299438,-9.85448827243718e-05
3.84,0.00389592188738426,-8.58493994869702e-05
3.841,0.00387748236499053,-8.79733139254602e-05
3.842,0.00386105819404116,-9.31776212385049e-05
3.843,0.00385189244375704,-9.94676045062981e-05
3.844,0.00383409338320899,-0.000105843850335574
3.845,0.00381836583956047,-0.000111224627786122
3.846,0.0037727252691157,-0.000118856940742873
3.847,0.00373005057965607,-0.000125155693584733
3.848,0.00368248437070233,-0.000129760410982338
3.849,0.00363704279812952,-0.000131315972737245
3.85,0.0035773770513915,-0.000128876309957227
3.851,0.00358639956545316,-0.00012718659804456
3.852,0.00359811669422637,-0.000122729395217736
3.853,0.00362201280202428,-0.000115422625376893
3.854,0.00364522393310129,-0.000102506115740808
3.855,0.00367913293497499,-8.41377946316779e-05
3.856,0.00375390175859513,-7.43732453544754e-05
3.857,0.00381157479719574,-6.68125147285648e-05
3.858,0.00387288878909983,-5.87363277620989e-05
3.859,0.00392498610741501,-4.95939739801332e-05
3.86,0.00391909552345198,-5.52954800852046e-05
3.861,0.00390664034880173,-6.36034584167722e-05
3.862,0.00389987023947673,-7.30154184915843e-05
3.863,0.00389127858226324,-8.18262766640876e-05
3.864,0.00387329229619844,-8.79231442904582e-05
3.865,0.00385912939927712,-9.21266609060223e-05
3.866,0.00380017804625798,-0.000100230620411978
3.867,0.00375257166872592,-0.000105839536524044
3.868,0.00368633354332798,-0.000109788828866697
3.869,0.00369654995167195,-0.000116616684065818
3.87,0.00371199699985038,-0.000120892546154661
3.871,0.00372888321642868,-0.000122366808007091
3.872,0.00374478392285881,-0.000119224382729599
3.873,0.00376973301636062,-0.000111270232852623
3.874,0.0038032620031362,-9.67515698558907e-05
3.875,0.00383393510033007,-7.40331121005799e-05
3.876,0.00388115680412441,-6.05880296153938e-05
3.877,0.00392927881954225,-4.78229466936986e-05
3.878,0.00399270385757488,-3.34690665456105e-05
3.879,0.00397533486548181,-3.58491202578914e-05
3.88,0.00396353984420077,-4.2165851731224e-05
3.881,0.00395573282896352,-5.06228027580824e-05
3.882,0.00394260938960928,-5.91496208831033e-05
3.883,0.00393480081483113,-6.7770408016643e-05
3.884,0.00390922637684455,-7.42332686521352e-05
3.885,0.00383393056594362,-8.36862725746013e-05
3.886,0.00377171622686566,-9.00932626859974e-05
3.887,0.00371019226079042,-9.39118008412287e-05
3.888,0.00364249244974977,-9.38317487288454e-05
3.889,0.00366037610864341,-9.53624590966373e-05
3.89,0.00367331341591549,-9.4279482702575e-05
3.891,0.00368317925769642,-9.07562796279571e-05
3.892,0.00369769474521872,-8.42031860284753e-05
3.893,0.00371765813202563,-7.19040178865371e-05
3.894,0.00375429460779548,-7.03310563173742e-05
3.895,0.00380090232782315,-6.96236693688568e-05
3.896,0.00384088802124188,-6.83498799780025e-05
3.897,0.00388398430396014,-6.55794912545193e-05
3.898,0.00393542225867327,-5.8869775992676e-05
3.899,0.00397810310304656,-4.98955212265839e-05
3.9,0.00397366531536561,-5.58150464677887e-05
3.901,0.00395193130205438,-6.36551847871258e-05
3.902,0.00393229498888427,-7.14470341934836e-05
3.903,0.00391192633734875,-7.77953555042288e-05
3.904,0.00384507875994673,-8.9627925542568e-05
3.905,0.00378758621122268,-9.96768064132625e-05
3.906,0.0037274706602552,-0.000108263989914925
3.907,0.0036763044369462,-0.00011385248778395
3.908,0.00360909764051442,-0.000115970291272138
3.909,0.00355222455895087,-0.000112175949187221
3.91,0.00355316375224609,-0.000106673021722514
3.911,0.00356508345977186,-9.87749530372839e-05
3.912,0.00357775612594125,-8.86258532589168e-05
3.913,0.00359069311388503,-7.32020583352755e-05
3.914,0.00362039720074252,-7.07300761152996e-05
3.915,0.00367589730999755,-6.94121429213879e-05
3.916,0.00371739374508474,-6.94267890580802e-05
3.917,0.00377156055028326,-6.72017960874349e-05
3.918,0.00381036125362313,-6.40547396779101e-05
3.919,0.00386847427911857,-5.47801148864657e-05
3.92,0.00386235504655867,-5.59984186204177e-05
3.921,0.00385052479409177,-5.28741638526897e-05
3.922,0.00384131011709535,-4.35691928522552e-05
3.923,0.00382459836217899,-3.37089260625256e-05
3.924,0.00378108527788573,-2.38777084663466e-05
3.925,0.00373782587513361,-1.07108717460891e-05
3.926,0.00369451117975576,6.84705390802121e-06
3.927,0.00364876494401256,2.87864831036155e-05
3.928,0.00360320157358121,5.61184320491681e-05
3.929,0.00355658337781994,8.89756285573085e-05
3.93,0.00356857338625397,0.000121029690096863
3.931,0.0035885431710214,0.000157996804382721
3.932,0.00361433547521176,0.00019922998022559
3.933,0.00364130511859952,0.00024698259587419
3.934,0.00367084157059138,0.000300824292000013
3.935,0.00375816501417847,0.000340774529354659
3.936,0.00381621040954519,0.000371960581562747
3.937,0.00388773813100488,0.000400366732211055
3.938,0.00386088622530436,0.000408199255228003
3.939,0.0038303215185486,0.000406890416234318
3.94,0.0037954503721892,0.000401455844485865
3.941,0.00376168259290044,0.000393497418986033
3.942,0.0037290520860817,0.000384882362098993
3.943,0.00368843868119105,0.000375831874174726
3.944,0.0036512602148195,0.000367878580068204
3.945,0.00360842329016428,0.000363544486101153
3.946,0.003599529093821,0.000357834188109474
3.947,0.00359628452657658,0.000355686971381663
3.948,0.00359439869827421,0.000358579465029318
3.949,0.00359308505052776,0.000367640086252341
3.95,0.0036345158385741,0.000381112416194651
3.951,0.00369809740482781,0.000399531183066737
3.952,0.00371597952100383,0.000416195754946114
3.953,0.00373668340682057,0.000436162768632731
3.954,0.00375081480859139,0.000458722775397102
3.955,0.00377719039324235,0.000486207151392914
3.956,0.00377675778081083,0.000516732140358855
3.957,0.00371427085190115,0.000538864941381501
3.958,0.00364978076530244,0.000557715862395058
3.959,0.00363511305092617,0.00056280440787887
3.96,0.00360759809045664,0.000562169817444558
3.961,0.00358332413705533,0.000558819499204333
3.962,0.0035551239345619,0.000553325507734403
3.963,0.0035992801431828,0.000546866958632819
3.964,0.00364531916904087,0.00054038776232157
3.965,0.0036929171391802,0.000535720890693259
3.966,0.00375579518110252,0.000533547640461485
3.967,0.00382269704551359,0.000535203286305741
3.968,0.00386605494071735,0.000535265203188584
3.969,0.00389888217371741,0.000535523219364231
3.97,0.00393555906008258,0.00053844475597703
3.971,0.00390118264147366,0.000526681984550303
3.972,0.0038689964843261,0.000511910372643254
3.973,0.00383834084686517,0.000496517700323829
3.974,0.00380554353394426,0.000480219698831552
3.975,0.00375332303606062,0.000466887303658681
3.976,0.00373376942926118,0.000443568306231379
3.977,0.00369647195398472,0.000417887381424675
3.978,0.00368078100463515,0.00039395086304489
3.979,0.00365685443307539,0.000371275280480754
3.98,0.00364931802666099,0.000351816947534889
3.981,0.00363316001180231,0.000335486358681192
3.982,0.0036732399808991,0.000321077364534739
3.983,0.00373005487256635,0.000308323882590444
3.984,0.00379172730399715,0.0003006370926113
3.985,0.00383451691788616,0.000290136354651971
3.986,0.00385888494205599,0.000279134128400971
3.987,0.00387979248446063,0.000268947345327564
3.988,0.00391159556173496,0.000263328060568946
3.989,0.00392965689858584,0.000260360412451366
3.99,0.00388399983945849,0.000247192893820525
3.991,0.00383927626007363,0.000229955818155159
3.992,0.00379353745010399,0.000213011432596888
3.993,0.00374893184942571,0.000196101738050736
3.994,0.00369753323277113,0.000182297767607198
3.995,0.00366742604988798,0.000157524233592499
3.996,0.00365212003570244,0.000130958895905198
3.997,0.00362342330917054,0.000101788478461096
3.998,0.0036615575149977,7.17265901823416e-05
3.999,0.00370994996314796,4.11945839162708e-05
4,0.0037613467463516,1.1979529936812e-05
4.001,0.0038160306376094,-1.46117631572018e-05
4.002,0.00387283357887172,-3.7635069379538e-05
4.003,0.00392947454342362,-5.64332073535456e-05
4.004,0.00394928375805288,-7.78546737467134e-05
4.005,0.00397828713287807,-9.67530437613884e-05
4.006,0.00400311663081212,-0.000112424986152992
4.007,0.00403195335665288,-0.000123635670449096
4.008,0.00405573093086407,-0.00013024352476565
4.009,0.00408137358350391,-0.00013071278109994
4.01,0.00405257824518677,-0.000140332718047032
4.011,0.0040258670075081,-0.00015168906323082
4.012,0.00399468161023744,-0.000175511514362903
4.013,0.0039890088097826,-0.000200831215414476
4.014,0.00397042206087586,-0.000227813713284841
4.015,0.00395969556590722,-0.000253145822868672
4.016,0.00393960737592501,-0.000277014485622284
4.017,0.00398310384257269,-0.000299128787351444
4.018,0.00402841020797308,-0.000318466010224949
4.019,0.00407655418650498,-0.000334269946455745
4.02,0.00412745710206609,-0.000345795460076515
4.021,0.00414445077416716,-0.000360063198026284
4.022,0.00416992704464186,-0.000370113720298548
4.023,0.00418244982963651,-0.000377149615163941
4.024,0.00420162516480886,-0.000379998834595663
4.025,0.00416095062770897,-0.000393892042276855
4.026,0.00412267677438428,-0.000407521695692581
4.027,0.00408397152990469,-0.000419783735672086
4.028,0.0040447144056546,-0.000430288710214111
4.029,0.00401893103119642,-0.000449173507593603
4.03,0.00400730776668714,-0.000467742848634822
4.031,0.00398773175660968,-0.000486238906046654
4.032,0.00397604041362779,-0.000502233942681229
4.033,0.00402814395073221,-0.000516492431804128
4.034,0.004079341060798,-0.000527918618679846
4.035,0.00413329982855877,-0.000536222540728937
4.036,0.00418755170426338,-0.000539752249151371
4.037,0.00422088664576556,-0.000543723702482291
4.038,0.00424692715835282,-0.000545665017262165
4.039,0.00427896150799323,-0.000544300140540799
4.04,0.00429650740033799,-0.00053964628866271
4.041,0.00432102683095646,-0.000529689581565795
4.042,0.00429095487140778,-0.000532463135045236
4.043,0.00425342263721406,-0.000537066397918229
4.044,0.00421962596684421,-0.000542638988117627
4.045,0.0041883404603577,-0.000560437260516577
4.046,0.00417559688553653,-0.000579070010102323
4.047,0.00415777389268192,-0.000598497834208178
4.048,0.00414526192658095,-0.00061724196520202
4.049,0.00412428673746705,-0.000635694600001846
4.05,0.00411944064126616,-0.000651769517917122
4.051,0.00417205773356888,-0.000667944434570356
4.052,0.00422755386259715,-0.000681940052940533
4.053,0.00428983357659495,-0.000693899918918883
4.054,0.00432333278929908,-0.000710045732165487
4.055,0.00435528889249673,-0.000727719833511331
4.056,0.00438722002596777,-0.000745095874607526
4.057,0.00440572283472488,-0.000760898822186384
4.058,0.00443313727483986,-0.000772403875136107
4.059,0.00444394091938134,-0.00078003723793163
4.06,0.00446316813362601,-0.000781702796379291
4.061,0.00443140253743902,-0.000794832065279361
4.062,0.00438711303937217,-0.00080844805910002
4.063,0.00434407058966976,-0.000821780023895435
4.064,0.00429947176097565,-0.000834196454947145
4.065,0.00426063398769436,-0.000856731777036157
4.066,0.00424229841070603,-0.000878107373590731
4.067,0.00421560249672922,-0.000899039374767874
4.068,0.00419774711841405,-0.000916698595910648
4.069,0.00417219883766506,-0.000932867000743465
4.07,0.00419918794791377,-0.000946034466888346
4.071,0.00422805122890152,-0.000956758273425562
4.072,0.00426251091214501,-0.000961013831372592
4.073,0.00430860057123468,-0.000964200732368137
4.074,0.00433220731962434,-0.000967876071897522
4.075,0.00436692623767785,-0.000967901253443482
4.076,0.00439320982644344,-0.000964000185964153
4.077,0.00442002434954232,-0.000956008026210153
4.078,0.00438353744092256,-0.000958114738084548
4.079,0.00434772753913144,-0.000959891534592971
4.08,0.00431252842825955,-0.00096133990135211
4.081,0.00429760821924536,-0.000972941732688082
4.082,0.00429100994458657,-0.00098319284038495
4.083,0.00427892215083901,-0.000992403783682649
4.084,0.00427070772348223,-0.000999581927346171
4.085,0.00425577664494746,-0.00100348505228182
4.086,0.00430411042521948,-0.00100555233524047
4.087,0.00434963973031802,-0.00100276101823182
4.088,0.00439900101548898,-0.000996001508862254
4.089,0.00442626820132191,-0.00098891752134378
4.09,0.00444323877614931,-0.000980443014443222
4.091,0.00446666657132892,-0.000968157489922405
4.092,0.00447919059076381,-0.000952323889486961
4.093,0.00443589393071927,-0.000944810562207909
4.094,0.00439686079008051,-0.000938102152126141
4.095,0.00435129094148497,-0.000928873495954774
4.096,0.00430523236625435,-0.000915331957415166
4.097,0.00426767232377663,-0.000911818512839502
4.098,0.00424938497923239,-0.000907210858899443
4.099,0.00422233478268391,-0.000902299955135744
4.1,0.00426542424069629,-0.000895068021409595
4.101,0.00430790469338459,-0.000885473686532634
4.102,0.00435145611464023,-0.000872521550370153
4.103,0.00440302233242021,-0.000855043760809082
4.104,0.00445240639883395,-0.000831483116776499
4.105,0.0045059473230026,-0.000802183882997409
4.106,0.00455924745860008,-0.000765911368967698
4.107,0.00459955181318288,-0.000728539271046991
4.108,0.00463354746606647,-0.000689695932521106
4.109,0.00466800449971112,-0.000647699117391598
4.11,0.00462939741976763,-0.000622400495621678
4.111,0.00459218150601799,-0.000599770045398906
4.112,0.00455703822808757,-0.000577724829214032
4.113,0.00452635682612576,-0.000554703169347748
4.114,0.00447085251117048,-0.000529672294934058
4.115,0.00441070138356533,-0.000502924736799637
4.116,0.00436946444220939,-0.000486013749096181
4.117,0.00434029725087617,-0.000469134423428108
4.118,0.00430126325020629,-0.000452447831996938
4.119,0.00433775567490267,-0.00043456002681963
4.12,0.00438669964589164,-0.000416317160866875
4.121,0.00443154249913414,-0.000393748742478717
4.122,0.00448734767214884,-0.000367511661255815
4.123,0.00454311137107727,-0.000334795047868708
4.124,0.00461312929726878,-0.000295657940751481
4.125,0.00464643201457068,-0.000259116627641554
4.126,0.00468721783187686,-0.000220308825876647
4.127,0.00470521282915325,-0.000180305465362851
4.128,0.0046577165287238,-0.000153155383693038
4.129,0.00461203823159883,-0.000133292418423248
4.13,0.00456537379048265,-0.000115324772103909
4.131,0.00452028503871006,-9.7288947482177e-05
4.132,0.00447698462672872,-7.78623239304221e-05
4.133,0.00443852113006708,-7.10175905166976e-05
4.134,0.00441658896544711,-6.28551661218668e-05
4.135,0.00439077861400668,-5.39627956830935e-05
4.136,0.00437068173687384,-4.24574858791105e-05
4.137,0.00433661987508827,-2.93484086356655e-05
4.138,0.00437670084554117,-1.52434478493113e-05
4.139,0.00443267295019864,-2.70166556903817e-07
4.14,0.00448584202482335,1.86128832068144e-05
4.141,0.00454914010518133,4.14227435786008e-05
4.142,0.0045528958790173,5.77399833655567e-05
4.143,0.00457524881252047,7.77943634889255e-05
4.144,0.00459119813930759,0.000100051656054922
4.145,0.00461739886671622,0.000126262294205426
4.146,0.00464330504839363,0.000156292442854478
4.147,0.00466967313852693,0.000192289629570963
4.148,0.00462471252870755,0.000213714708620805
4.149,0.00457025969478391,0.000234777733018721
4.15,0.0045199262723535,0.00025569258653424
4.151,0.0045266408845653,0.000264692255307231
4.152,0.004518567270693,0.00027043298291124
4.153,0.00450573714044824,0.000275791738630626
4.154,0.00449377100130056,0.000281868896228332
4.155,0.00448625611823043,0.000290339097072934
4.156,0.00455155194020419,0.000299498644109997
4.157,0.00461732957989002,0.000312887412123042
4.158,0.00467877289812355,0.000330024760452796
4.159,0.00470550933620049,0.000344172048563129
4.16,0.00473562119067085,0.000359063048535169
4.161,0.00475452324961901,0.000374663613486148
4.162,0.00478823969222254,0.000394874996655858
4.163,0.00481485865713432,0.000419790312852941
4.164,0.00476244936712281,0.000430823864019769
4.165,0.00471201890203561,0.000438761424499723
4.166,0.00465843402627506,0.000448239885006751
4.167,0.00464456813361721,0.000445129269470657
4.168,0.00461688575675858,0.000439734492451493
4.169,0.00459698118172389,0.000435338857470047
4.17,0.00457591142250052,0.0004318820751949
4.171,0.00455956372297475,0.000431182591212664
4.172,0.00461476482372166,0.000430528359480487
4.173,0.00467705882523803,0.000433844634533664
4.174,0.00473949997344017,0.00044094720888288
4.175,0.00480040647859633,0.000452989854682673
4.176,0.00486325579586642,0.000464393356408244
4.177,0.00489732729619109,0.000473830790043372
4.178,0.0049439470087056,0.000486372126843992
4.179,0.00497802158070224,0.000502241988796781
4.18,0.00493673743043535,0.000503016546448076
4.181,0.00489374697195188,0.000501487170868842
4.182,0.00485538094270239,0.000498929802996262
4.183,0.00481487926337211,0.000496084308847733
4.184,0.00475761024962115,0.000496100777703512
4.185,0.00470206398020876,0.000498246540699132
4.186,0.00467430783837527,0.000488203607957538
4.187,0.00463961628316618,0.000476393680357123
4.188,0.0046073443924331,0.000465135257406157
4.189,0.0045652766336277,0.000453974247025368
4.19,0.00459743357080216,0.00044309774616158
4.191,0.00464321945389406,0.000432347938985389
4.192,0.00468973812511239,0.000425552784651839
4.193,0.00474775115695688,0.000422936045832711
4.194,0.00480737722852264,0.000426049665971151
4.195,0.00488367618087381,0.000435103832246653
4.196,0.00490971715979361,0.000440502115726771
4.197,0.00495072141396374,0.000450212526266758
4.198,0.00498074025533699,0.000462255099805076
4.199,0.00501850507429552,0.000478036384835012
4.2,0.00498058236354397,0.000475097715422812
4.201,0.00493888399745901,0.000468502535300341
4.202,0.00490133224195153,0.000460421653682375
4.203,0.00486451412727491,0.000452037157133434
4.204,0.00481681219003341,0.000446277010420992
4.205,0.00476919802628702,0.000442719258315127
4.206,0.0047390332099553,0.000428008421441195
4.207,0.0047120631108436,0.000413301317429282
4.208,0.0046851736103765,0.000399525528495259
4.209,0.00473863165688235,0.000386070910531167
4.21,0.0047885549918402,0.000373300395055287
4.211,0.00483895138299333,0.000362341951278267
4.212,0.00488786897163591,0.000354955291287207
4.213,0.00494227608698067,0.000351788341230064
4.214,0.00499925231025684,0.000354297050459085
4.215,0.0050167888050252,0.00035417565291429
4.216,0.00504288301334288,0.000356932632281537
4.217,0.00506956594517426,0.000362208316535773
4.218,0.0050945601169093,0.000371011811508504
4.219,0.00504647986848872,0.000366453355463148
4.22,0.0049995973926137,0.000357155278843446
4.221,0.0049531869805171,0.000347764654368699
4.222,0.0049045764161323,0.000338519519705482
4.223,0.00484369150955812,0.000333479064103581
4.224,0.00482162336778805,0.000318622881290864
4.225,0.00479874831988353,0.000302647248219823
4.226,0.00477666787225993,0.000286872195697119
4.227,0.00475312882737742,0.000272352476797522
4.228,0.0047967635579397,0.000259202550850379
4.229,0.00484375935189415,0.000247012717921991
4.23,0.00488844809967177,0.000238168046792664
4.231,0.0049470825992991,0.000233478725808978
4.232,0.00500506560293172,0.000234760501147901
4.233,0.00506665465642842,0.000241810891709104
4.234,0.00507172130632575,0.000243253248075725
4.235,0.00509280084161234,0.000248918954031174
4.236,0.00511585939376851,0.000257519253016203
4.237,0.00514853113238748,0.000269986376265741
4.238,0.00511011599487962,0.000264393232956572
4.239,0.00506673079355477,0.000255849721680301
4.24,0.0050278853288695,0.000245856437161018
4.241,0.0049865349231753,0.000235389703622524
4.242,0.00493147604777938,0.000227976753396864
4.243,0.00487984645404801,0.000223426806995219
4.244,0.00486037468555675,0.00020840870410721
4.245,0.00484706652791134,0.00019329997738049
4.246,0.00482474101036742,0.000178471023830229
4.247,0.00480293207612612,0.000164778629980211
4.248,0.00485166765398639,0.000151758422417714
4.249,0.00490004690304681,0.000140527431711279
4.25,0.00495870250288433,0.000132103858414667
4.251,0.00501136124375903,0.000128380224404978
4.252,0.00507048889625645,0.000128950320034016
4.253,0.00512647338023592,0.000135627372570613
4.254,0.00517858590370695,0.000142057331849188
4.255,0.00520569133381645,0.000147264217079168
4.256,0.0052433825363959,0.000155298712584406
4.257,0.00527054237781033,0.000166382386603769
4.258,0.00522606192232462,0.00016142933940283
4.259,0.00518778773767696,0.000153485190014346
4.26,0.00514899234683499,0.000143038941952445
4.261,0.00509866362370155,0.000133935991764034
4.262,0.0050444838164013,0.000125007369655539
4.263,0.00497997050428205,0.000120818508127674
4.264,0.00494766785967209,0.000105992778222319
4.265,0.00492204341163269,9.0490009562294e-05
4.266,0.00488708811035628,7.39041514729588e-05
4.267,0.00487007210655102,5.97001362977467e-05
4.268,0.00491675726702097,4.42423707101014e-05
4.269,0.00497207502635244,3.15301378900901e-05
4.27,0.00503244742704079,2.20179681864607e-05
4.271,0.00508982045892611,1.74550119432237e-05
4.272,0.00515800178699278,1.83452564366804e-05
4.273,0.00518369416591118,1.61279416382998e-05
4.274,0.00521675930770812,1.66429584309569e-05
4.275,0.00523380913673125,1.93025611144315e-05
4.276,0.00526393685540247,2.69916434150752e-05
4.277,0.00528202973836513,3.85115984999906e-05
4.278,0.00522605200664957,3.7187213307921e-05
4.279,0.00517367928637857,3.25430769969048e-05
4.28,0.00512217391718379,2.7417045230127e-05
4.281,0.0050724393273864,2.45960276822887e-05
4.282,0.00506271408227992,1.10770832331131e-05
4.283,0.00503938182385152,-4.34757140371778e-06
4.284,0.00502161616482714,-1.9289910825282e-05
4.285,0.0050050778408128,-3.15835601149006e-05
4.286,0.00498096807513247,-4.22972635624186e-05
4.287,0.00502399876294619,-5.16473439968745e-05
4.288,0.00506932016953718,-5.89316526312667e-05
4.289,0.00511523891611755,-6.3568123333968e-05
4.29,0.00516571166550243,-6.43390227657581e-05
4.291,0.00517275611216917,-6.84404594424315e-05
4.292,0.00518984606988073,-6.90951721170618e-05
4.293,0.00519867635092237,-6.70382042983197e-05
4.294,0.00521370031684607,-6.10178011183349e-05
4.295,0.005225000859037,-5.10865862149434e-05
4.296,0.00517153619536996,-5.3002690817483e-05
4.297,0.00512348607317375,-5.65869549903897e-05
4.298,0.0050724135729876,-6.02737151833566e-05
4.299,0.005012915551497,-6.05289362460293e-05
4.3,0.00499824329961078,-7.06243952959817e-05
4.301,0.00497507158042161,-8.23424382164761e-05
4.302,0.00495013527326764,-9.44793575032299e-05
4.303,0.00492498069002156,-0.000105101807441776
4.304,0.00497176897635614,-0.000113964183554582
4.305,0.00502182231686139,-0.000119839057565685
4.306,0.00507904606913305,-0.000120968839908642
4.307,0.00512874461489747,-0.000116746695441761
4.308,0.00518297170281845,-0.00010785789165163
4.309,0.00522609571175294,-9.96341054765315e-05
4.31,0.00525046442345464,-8.96409979656565e-05
4.311,0.00527359047547092,-7.63675460566104e-05
4.312,0.00524182067333273,-7.88355352434045e-05
4.313,0.0051930970887583,-8.33801265805456e-05
4.314,0.00515011333021641,-8.84129349634777e-05
4.315,0.00510035373984346,-9.28035886870737e-05
4.316,0.00505847362010075,-9.46970082491005e-05
4.317,0.00504314382084935,-0.000104857535647762
4.318,0.0050186130690625,-0.000115168993111592
4.319,0.00499372256158053,-0.000124675210232184
4.32,0.00503622188047953,-0.000132814155663907
4.321,0.00508120913219228,-0.000138109698856803
4.322,0.00513926665762023,-0.000139750408197192
4.323,0.00519381612068509,-0.00013609935122999
4.324,0.0052305446753313,-0.00013136557295923
4.325,0.00525112100377694,-0.000125744653619919
4.326,0.00528011621310083,-0.000116328278427669
4.327,0.00528956468588089,-0.000104549411450161
4.328,0.00523739900219804,-0.000102199372997547
4.329,0.00518847110263591,-0.000102815415855828
4.33,0.00514040701852025,-0.000102919659785983
4.331,0.00512226986924761,-0.000113271441040175
4.332,0.0050948641602663,-0.000124880298739194
4.333,0.0050818149402103,-0.000134580471317758
4.334,0.00505974372389096,-0.000142793038834466
4.335,0.00504682237653223,-0.000147578019453976
4.336,0.00509021826769994,-0.000150730196163018
4.337,0.00514165688745017,-0.000150155049877976
4.338,0.00519993600321777,-0.000145437742388288
4.339,0.00520858429022395,-0.000145507685413104
4.34,0.0052333081554886,-0.000142616430953313
4.341,0.00524843074656171,-0.00013820362803002
4.342,0.00527157119220448,-0.000128680490063537
4.343,0.00527970128864762,-0.000115184124792611
4.344,0.00522079272169723,-0.000113158980111883
4.345,0.0051691400498626,-0.000113656282223873
4.346,0.00511421840924249,-0.000114342219974473
4.347,0.00506310810094709,-0.000113062554841892
4.348,0.00503467016699108,-0.000124297823552888
4.349,0.00501197994753219,-0.000136785434934283
4.35,0.00498759788622939,-0.000148639335399547
4.351,0.00495170152865982,-0.000160526857112209
4.352,0.00493632316775268,-0.000168985317086201
4.353,0.00499520537315071,-0.000176815428382993
4.354,0.00505460086027271,-0.000181852570643792
4.355,0.00512230715499178,-0.000182647305998096
4.356,0.00518340788093093,-0.000178319660462833
4.357,0.00524852438434308,-0.000169443471943642
4.358,0.00529168390644828,-0.000163114677927512
4.359,0.00532018891852003,-0.000155750429665424
4.36,0.00535199581773357,-0.000145484062566925
4.361,0.00537590125583394,-0.000132191229805401
4.362,0.00541100646437283,-0.000113839641003977
4.363,0.0053725924376705,-0.000111609001399171
4.364,0.00533431308747417,-0.000111572909993862
4.365,0.00530035634838924,-0.000112384914804975
4.366,0.00525814524832094,-0.000112036927225556
4.367,0.00521055629794045,-0.000111197168627009
4.368,0.00514684401935817,-0.000106544925989716
4.369,0.00510364087823259,-0.000113722621891299
4.37,0.005074502950396,-0.000121381478102367
4.371,0.00502930860957817,-0.000130869449629312
4.372,0.00506681990879713,-0.000140471244819251
4.373,0.00510291585122139,-0.000148709341391939
4.374,0.00513318956364008,-0.000154138388513914
4.375,0.00516577704011173,-0.000156943633650486
4.376,0.00520953412915343,-0.000154686401239335
4.377,0.00526142541108365,-0.000145327795069761
4.378,0.00532400140586859,-0.000129136599173074
4.379,0.00534196148287634,-0.000116140595249059
4.38,0.00537359109494347,-9.94582705993174e-05
4.381,0.00540129914286691,-8.08751225119808e-05
4.382,0.00535240169406676,-8.03395422364628e-05
4.383,0.00530277297048876,-8.26190829197881e-05
4.384,0.00525613113207955,-8.63344119667597e-05
4.385,0.00521111069815951,-8.97612257910185e-05
4.386,0.00516503560399719,-9.2331518822375e-05
4.387,0.00511415707677059,-9.131504862947e-05
4.388,0.00510321717366265,-9.84802309751398e-05
4.389,0.00508909598828877,-0.000106260145275205
4.39,0.00506894475889744,-0.000113566867483816
4.391,0.0051193872103239,-0.000119948532083414
4.392,0.00516959192954743,-0.000125275651280121
4.393,0.00522218699100375,-0.000127874146595763
4.394,0.00527247451646394,-0.000126624506306461
4.395,0.00533017002600437,-0.000120413288608012
4.396,0.00534058752129319,-0.00011716851140775
4.397,0.00536492820589109,-0.00010830998526562
4.398,0.00538126047123354,-9.5763601346277e-05
4.399,0.00533723266522388,-9.72501838147344e-05
4.4,0.00529152956146869,-0.00010022950556221
4.401,0.00524674620056012,-0.000104439107326104
4.402,0.00519215445685213,-0.000106877383896309
4.403,0.00513724356997037,-0.000106761790408083
4.404,0.00512010387878079,-0.000114208835756524
4.405,0.00509604326064366,-0.000120201147518484
4.406,0.00507230880492154,-0.000120271412971051
4.407,0.00511779869527794,-0.000111376421978893
4.408,0.00518051607413094,-9.53675398223663e-05
4.409,0.00524621724666346,-7.18934160676143e-05
4.41,0.00531590397820745,-4.16861772854493e-05
4.411,0.0053891731462472,-4.67567271300595e-06
4.412,0.00546604188102056,3.92797396687183e-05
4.413,0.00554656471057247,9.04251783963028e-05
4.414,0.00563097038800306,0.000149083063655964
4.415,0.00566965725183164,0.000206396906047179
4.416,0.00572230066736405,0.000268311505954466
4.417,0.0057622181749179,0.000333015665261283
4.418,0.00570458894297172,0.000376057129195084
4.419,0.00564824909699459,0.000408535800155707
4.42,0.00558642772145127,0.000435046176674447
4.421,0.00552454980006849,0.000456791891285668
4.422,0.00551442954764491,0.000465180260809439
4.423,0.00549138117740684,0.000470447304872779
4.424,0.00548069261517366,0.00047685824182353
4.425,0.00547251495932727,0.00048407732072453
4.426,0.0054516167931293,0.000493432911421121
4.427,0.00540499214677072,0.00049852607436307
4.428,0.00535569186487802,0.000501660135535875
4.429,0.00530464783889477,0.000505035764186479
4.43,0.0052501653523959,0.000509335362016805
4.431,0.00519626009672386,0.000516573828432454
4.432,0.00515318594632178,0.000520294493544293
4.433,0.00509749539699093,0.000520312307204063
4.434,0.00504889336303071,0.000522650103455091
4.435,0.00506849956552837,0.000524311185301329
4.436,0.00509011492151521,0.000531003891408588
4.437,0.00511202011058054,0.000541623639386479
4.438,0.00513431122545095,0.000557101828849549
4.439,0.00515802061938861,0.000578124877692265
4.44,0.00518358925744793,0.000605170683064538
4.441,0.00517805172649108,0.000628492422429683
4.442,0.00516748261855002,0.000652750802731084
4.443,0.00514917504268088,0.000679585760420987
4.444,0.00513715638178391,0.000710526106755482
4.445,0.00511673327500234,0.000750197706162026
4.446,0.00508740160508048,0.000784754642890351
4.447,0.00503761312192534,0.000821906639665804
4.448,0.00506895577942647,0.000852930576624833
4.449,0.00506674811543516,0.000881597071159979
4.45,0.00506910281615729,0.000912350570267395
4.451,0.00507815515524978,0.000944272911515054
4.452,0.0050833118182049,0.000977611536515821
4.453,0.00510351844303963,0.00101392374528542
4.454,0.00511493369943831,0.00105252249211879
4.455,0.0050893827918228,0.00108425958333497
4.456,0.00505315012876847,0.00111236195688263
4.457,0.00501557710741328,0.00113820264340503
4.458,0.00497173275830168,0.00116236058385827
4.459,0.0049144310214979,0.00118341190514243
4.46,0.004837794628132,0.00120239099739367
4.461,0.00484826980101185,0.00121894726195143
4.462,0.00485643296573147,0.00123425144788125
4.463,0.00486839845376464,0.00124913196950599
4.464,0.00488275433557633,0.00126731664460433
4.465,0.00491710632430615,0.0012878793961526
4.466,0.00499831474028162,0.00129767706475536
4.467,0.00506836287811308,0.0013049484827346
4.468,0.00513716378029836,0.00131198400522764
4.469,0.00520480475320547,0.00132021355830025
4.47,0.00519579714795826,0.00131122328573169
4.471,0.00517802123049934,0.00129988226350208
4.472,0.0051624195329273,0.00128805208741656
4.473,0.00513191978412548,0.00127815063134901
4.474,0.00504697251568605,0.00126271918294352
4.475,0.00497607379069383,0.00125101016996915
4.476,0.00489933036990004,0.00124130258095412
4.477,0.00489909417084895,0.00123191632243363
4.478,0.00490474424057249,0.00122346655374289
4.479,0.0049133624269156,0.00121854277554057
4.48,0.00492744443493115,0.00121832529924082
4.481,0.00494285096388643,0.00122427716493573
4.482,0.0049982365506615,0.00122101692591559
4.483,0.00504373012381386,0.0012165543301676
4.484,0.00511134237907904,0.00121375873703716
4.485,0.005080728951716,0.00119014245791282
4.486,0.00505227777064958,0.00116004274982051
4.487,0.00501680188628357,0.00112718943127027
4.488,0.00498106218266894,0.00109289992181139
4.489,0.00494411725525568,0.00105831297003228
4.49,0.00490771260458678,0.00102414235221437
4.491,0.00487119811159019,0.000990882395945691
4.492,0.00483146646715987,0.000958703138618067
4.493,0.00475807573477078,0.000923241360890503
4.494,0.00468959367344246,0.000888132867346347
4.495,0.0046191534185686,0.000853384676052282
4.496,0.00454911175567692,0.000819815120562339
4.497,0.00455197473133736,0.000783759130817407
4.498,0.00455189048413524,0.000745898660473421
4.499,0.00455310360707704,0.000707142646734715
4.5,0.00455599185679148,0.000668620944377363
4.501,0.00456509994688988,0.000630890652354943
4.502,0.00457293633030906,0.000595748497818016
4.503,0.00459138047041781,0.000562464414953279
4.504,0.00464161281851272,0.000521581959902595
4.505,0.00467952182298777,0.000478281634684941
4.506,0.00473973508166569,0.000436334898510249
4.507,0.00479275409425594,0.00039524471330471
4.508,0.00480352674425945,0.000339924782198242
4.509,0.00478523790267058,0.000280397094386375
4.51,0.00472661743545911,0.000213196733667265
4.511,0.00468264818669231,0.000146361715427812
4.512,0.0046323405238057,7.94837673145921e-05
4.513,0.00458538132425426,1.44840890234921e-05
4.514,0.00453824700169971,-4.80394928822347e-05
4.515,0.00449226571025237,-0.000107278271882116
4.516,0.00444661525727478,-0.000162757746687336
4.517,0.00444770006875364,-0.000215871681103708
4.518,0.00445660266822273,-0.000266743311521267
4.519,0.00446680356500132,-0.000314278412534563
4.52,0.00447681009879054,-0.000356965566699285
4.521,0.0045059861664349,-0.000407144217014765
4.522,0.0045444670811882,-0.000457226761904628
4.523,0.00457068858947105,-0.000507982933206974
4.524,0.00461526966510972,-0.000555343811738995
4.525,0.00460422195974089,-0.000612486493794195
4.526,0.00459661501880434,-0.000670810154370427
4.527,0.00458917636483076,-0.000728261193364665
4.528,0.00458388751984991,-0.000784193115354825
4.529,0.00457804953579262,-0.000837790836394292
4.53,0.00455270244449614,-0.000891366717833353
4.531,0.00452896007499021,-0.000942114723355147
4.532,0.00449629223540227,-0.000990744621964412
4.533,0.00447201397362523,-0.00103504067251692
4.534,0.00449138251098747,-0.00107794704332853
4.535,0.00451330399111112,-0.00111774128787273
4.536,0.00453713473059809,-0.00115467438554001
4.537,0.00456103584535396,-0.00118774153352053
4.538,0.00458628408807178,-0.0012163545930699
4.539,0.00463757686019189,-0.00124895395159785
4.54,0.00467875211622512,-0.00128104532503714
4.541,0.00472887557782478,-0.00131067365089893
4.542,0.00477304343493077,-0.0013375917556957
4.543,0.00477514900388917,-0.00137389341893979
4.544,0.00476886962027825,-0.00141014257501831
4.545,0.00476536550658486,-0.00144509455408637
4.546,0.00475721861363381,-0.0014778247883942
4.547,0.00472526228325358,-0.00151187015491522
4.548,0.00470057935522132,-0.00154228188949357
4.549,0.00466450488635506,-0.00157025125238125
4.55,0.00468014732771938,-0.00159639271867945
4.551,0.00469307010718515,-0.00162036485842026
4.552,0.00471261494718968,-0.00164161232543758
4.553,0.00473582648430275,-0.00165709760249472
4.554,0.00476074118344267,-0.00166700285285931
4.555,0.00481233745613134,-0.00168003689802809
4.556,0.0048526526036257,-0.0016928247636841
4.557,0.00489658338688453,-0.00170242844345042
4.558,0.00488850532013073,-0.00172063273926287
4.559,0.00488399652936927,-0.0017389832666681
4.56,0.00487291966908299,-0.00175553622553709
4.561,0.00486376254169415,-0.00176952487769183
4.562,0.00484413295175891,-0.00178053865261107
4.563,0.00482719650623443,-0.00178746601254243
4.564,0.00479479004477623,-0.00179357061744945
4.565,0.00475394460338132,-0.00179597090462941
4.566,0.00471181308544094,-0.00179587910149848
4.567,0.00472179660513755,-0.00179249316832819
4.568,0.00473464604742816,-0.00178749434640196
4.569,0.00474755965574715,-0.00177852516618277
4.57,0.0047616229732742,-0.00176545842332454
4.571,0.00477689482966796,-0.0017468944944154
4.572,0.00479977471615439,-0.0017353415639228
4.573,0.00484233651335372,-0.00172182908237856
4.574,0.00487491202466289,-0.00170788644672343
4.575,0.00485191733602473,-0.00170536598241106
4.576,0.0048303009284087,-0.00170265633624511
4.577,0.00481322420295758,-0.00169890496964537
4.578,0.00477839562679878,-0.00169533487451956
4.579,0.00474474813475053,-0.0016891426565705
4.58,0.00469683574943942,-0.00168047816888184
4.581,0.00465257871533566,-0.00166600757652019
4.582,0.00466559319202428,-0.00164845192055002
4.583,0.00468142771192887,-0.00162691299004669
4.584,0.0046989609530396,-0.00160141113435508
4.585,0.00473106985774456,-0.0015845199995152
4.586,0.00477040395864353,-0.00156741916415559
4.587,0.00479893735345313,-0.00155032982402858
4.588,0.00482704710671808,-0.00152976169151553
4.589,0.00485411930976604,-0.00150602359208796
4.59,0.00488929042265079,-0.00147579401584308
4.591,0.00487754714096317,-0.00145524379585316
4.592,0.00485305081757406,-0.00143473740944733
4.593,0.00482526363784697,-0.00141382098087789
4.594,0.00478095989876252,-0.00139461269101882
4.595,0.00473589582979524,-0.00137365736943862
4.596,0.00468693497484945,-0.00135035625164415
4.597,0.00463643738976534,-0.00132429686021862
4.598,0.00457609574095292,-0.00129282232866407
4.599,0.00452176827212524,-0.00125431232564316
4.6,0.00453075871029697,-0.00121086826343797
4.601,0.00454853137055251,-0.00116254233293533
4.602,0.0045629052414391,-0.00110884835321962
4.603,0.00457539743932444,-0.00104937462356464
4.604,0.00458622800894372,-0.000982918755843443
4.605,0.0046101933645719,-0.000927958066620105
4.606,0.00465635694007131,-0.000872827635895912
4.607,0.0046808892168951,-0.000819439994804327
4.608,0.00466097571927847,-0.000782670638656557
4.609,0.00462102843829779,-0.000749803885427669
4.61,0.00458302958738757,-0.000718412098421828
4.611,0.0045453613401857,-0.000685596405802458
4.612,0.00450585831522806,-0.000651283065363162
4.613,0.00446918098151589,-0.00061320947960336
4.614,0.00438381726176134,-0.000580980291336131
4.615,0.00431736552461793,-0.000544372621967548
4.616,0.0042394657449855,-0.000505763652341118
4.617,0.00425454538228431,-0.00046874396038965
4.618,0.00427882008262869,-0.000429343712156194
4.619,0.00430332635643573,-0.000387954777277766
4.62,0.00432490088343986,-0.00034224314625636
4.621,0.00435793894858431,-0.00029177929073726
4.622,0.00439723166477052,-0.00023446543164074
4.623,0.00443900716272058,-0.000190634243149579
4.624,0.00450323692224062,-0.000148163827240866
4.625,0.00454999511717032,-0.000107639634811474
4.626,0.00451940941044858,-8.54683056024652e-05
4.627,0.00447701257778202,-6.58614891497211e-05
4.628,0.0044413470570017,-4.72970568995423e-05
4.629,0.00440450993525335,-2.83996514737206e-05
4.63,0.00437030094806101,-7.75176349288031e-06
4.631,0.0043161733151856,1.17114322925604e-05
4.632,0.0042709285082497,3.44081997016854e-05
4.633,0.00420655398971305,5.8339861722434e-05
4.634,0.00415867969110004,8.80113872026578e-05
4.635,0.00417232368411381,0.000119074542718811
4.636,0.00421142173615832,0.000150623568601072
4.637,0.0042494333129994,0.000185483259128094
4.638,0.00428798568291694,0.000223837515419101
4.639,0.00434672467433401,0.000248496729502667
4.64,0.00440113295854652,0.000271976401292506
4.641,0.00445782147736849,0.000295471815006776
4.642,0.00449841009208961,0.000318469334651961
4.643,0.00456227776852319,0.000344964227548039
4.644,0.00461348988449785,0.000373296044044624
4.645,0.00458490773037042,0.00038435864864772
4.646,0.00455971411950045,0.000393138462794707
4.647,0.00453439286518394,0.000402110276902734
4.648,0.00447341001457627,0.000405257978587481
4.649,0.00442947639964903,0.000410635899233514
4.65,0.00437027986410795,0.000416481759830722
4.651,0.00431825584287721,0.000425038410587553
4.652,0.00425098033834695,0.000436811912860713
4.653,0.00419101798353565,0.000454230842036607
4.654,0.00413912098460039,0.000479565936139903
4.655,0.00415269473233753,0.000507402810846158
4.656,0.00418266673340293,0.00053679297221948
4.657,0.00421102815152275,0.000570056565886101
4.658,0.00424526893670869,0.000584570558212316
4.659,0.00429963021785614,0.000596191785399935
4.66,0.00434182921816258,0.000604795159415028
4.661,0.00439082201839076,0.000613303234605067
4.662,0.00441926826348775,0.00062052606059676
4.663,0.00447170883876591,0.000630912380461701
4.664,0.00451404178751591,0.000643323491326675
4.665,0.0044741331717338,0.000640694760852822
4.666,0.00443642561449513,0.000635694323733116
4.667,0.00440162543614366,0.000631367206410327
4.668,0.00437094381568423,0.000627900411531768
4.669,0.00432064875302304,0.000620723729106765
4.67,0.00425997852119215,0.000612306244266503
4.671,0.00419649212938716,0.000604042932654703
4.672,0.00414283610333169,0.00060076743894083
4.673,0.00407001597701857,0.000599065914595964
4.674,0.00401503008276389,0.000605003174535046
4.675,0.00402817779142924,0.000612634177792004
4.676,0.00405606691320969,0.000621077099806355
4.677,0.0040795099486954,0.000632714629957343
4.678,0.00411466408742094,0.00064737916828439
4.679,0.00416117719509376,0.000668386024188894
4.68,0.00421906636980103,0.000674780782293494
4.681,0.00427314486580186,0.000677200506144671
4.682,0.00431814919963863,0.000677644792269061
4.683,0.00438818259617742,0.000679206383220277
4.684,0.0044320384600671,0.000679661545601229
4.685,0.00441512366002201,0.00066409045452176
4.686,0.00438361826363553,0.000646105039434575
4.687,0.00435561184122896,0.000626897524664327
4.688,0.00432764204362819,0.000608733650594717
4.689,0.00429992491720829,0.000591529445089278
4.69,0.00424362444212674,0.000570341990814294
4.691,0.0042038399651206,0.000552204909585685
4.692,0.00414800759140249,0.000535187530734504
4.693,0.00409688280622401,0.000520979655712628
4.694,0.00403951718379058,0.000511776759887672
4.695,0.00405652724105115,0.000504172692276927
4.696,0.00407315891565484,0.000499349216440292
4.697,0.00409865496562751,0.000497061182102965
4.698,0.00412905832414012,0.000500290552488181
4.699,0.00417002414109873,0.000508144539816624
4.7,0.0042483055637232,0.000508755724036858
4.701,0.00430641378654888,0.000505549955797657
4.702,0.00436668926792911,0.000502607876169181
4.703,0.00440993926393156,0.00049960599786486
4.704,0.00439262400239836,0.000481769719520853
4.705,0.00436432696812568,0.000461511424214467
4.706,0.00433889981704412,0.000439422767121944
4.707,0.00430726247068796,0.000418096445377991
4.708,0.00427252239297621,0.000397058130659711
4.709,0.00422185899308909,0.000374693986443908
4.71,0.00418359518235598,0.000355787482878789
4.711,0.00411853550992598,0.000337647072862324
4.712,0.00407121518715793,0.000326281029319864
4.713,0.00401341167764595,0.00031898110065548
4.714,0.00403446417327186,0.000313722491713297
4.715,0.00405285338070388,0.00030984591788813
4.716,0.0040684446100707,0.000308787947089995
4.717,0.00409296502629423,0.000310653682506434
4.718,0.00416363323773648,0.000305500619456334
4.719,0.00421234655528019,0.000296193421865432
4.72,0.00425437620478017,0.000286183022885189
4.721,0.00430357564944095,0.000277985127851099
4.722,0.00433314233598338,0.00027024205067655
4.723,0.0043184530664764,0.000251063879086133
4.724,0.00428970213633817,0.000231187391603549
4.725,0.00426437764351518,0.000211260016109993
4.726,0.00423587493138911,0.000193274147876732
4.727,0.00417278551330968,0.00017098311665481
4.728,0.0041251561510529,0.000153060606870092
4.729,0.00406273005454291,0.000136915210842692
4.73,0.00401527287179955,0.000125335623164191
4.731,0.00402744523270656,0.000116261587068012
4.732,0.00404886626127706,0.00010948594098148
4.733,0.00407149672944043,0.000105653406407002
4.734,0.00409617573383119,0.000106564009362098
4.735,0.00412334936741468,0.000113010716690454
4.736,0.00417915963115646,0.000110906272675959
4.737,0.00421624236690321,0.000105247297375655
4.738,0.00426041381484761,0.000100159917505116
4.739,0.00430330344177883,9.69536529188408e-05
4.74,0.00427089654265684,7.89584319882408e-05
4.741,0.00424011180019807,6.02508364658805e-05
4.742,0.00421520265154704,4.18555453532976e-05
4.743,0.0041881378990688,2.41123003779653e-05
4.744,0.00416783639114117,9.56740539986844e-06
4.745,0.00411509998514183,-8.04553056737989e-06
4.746,0.00407398025859902,-2.1949595434112e-05
4.747,0.00401475847432202,-3.38697893600415e-05
4.748,0.00397050604374984,-3.97915562323492e-05
4.749,0.00400008816708181,-4.31534631170627e-05
4.75,0.00403172747256282,-4.41680510266385e-05
4.751,0.00406301741373034,-4.22585306841805e-05
4.752,0.00409268742620262,-3.54187425370411e-05
4.753,0.00412808956964836,-2.43930342535559e-05
4.754,0.00420535601692836,-2.05749539820554e-05
4.755,0.00425949996038155,-2.04033608104393e-05
4.756,0.00431825890529861,-1.97073523305336e-05
4.757,0.00436872228943672,-1.85739481061153e-05
4.758,0.00434690053475599,-3.36559540097259e-05
4.759,0.00431803416726027,-4.93545921563254e-05
4.76,0.00429223476681479,-6.58382483664788e-05
4.761,0.00426137252540615,-8.1164452473359e-05
4.762,0.00422747283824924,-9.57755745807365e-05
4.763,0.00418786248955314,-0.000106192269808347
4.764,0.00412611505646093,-0.000118582805436973
4.765,0.00407013420900036,-0.000129469225109646
4.766,0.00400290893945538,-0.00013819694867323
4.767,0.00401960688293278,-0.000147233896497012
4.768,0.00404918513356205,-0.000153167825473755
4.769,0.0040815644708516,-0.000155859536210168
4.77,0.00411138696896836,-0.000153539586341511
4.771,0.00414394340379468,-0.000147087661948542
4.772,0.00419383712485182,-0.000133667797950709
4.773,0.0042423287431909,-0.000112584227610235
4.774,0.00428537640927205,-0.000102221144394621
4.775,0.00434399828987086,-9.21378523877081e-05
4.776,0.00431636610586898,-9.96700772595283e-05
4.777,0.00429288066861424,-0.000110001275418325
4.778,0.00427125475251115,-0.000121591639735408
4.779,0.00424916636497958,-0.000132671312991606
4.78,0.00421947854056486,-0.000144211654223292
4.781,0.00417804984241483,-0.000152168286633558
4.782,0.00413459847669241,-0.00015618482846208
4.783,0.00408672478887237,-0.00016039342095131
4.784,0.00404278672377203,-0.000161589081613733
4.785,0.00406286195021693,-0.000164897552449694
4.786,0.00409062768705713,-0.000166859371485417
4.787,0.00411969311559229,-0.00016772568326956
4.788,0.00415044313393231,-0.000164515459103676
4.789,0.00418891761981888,-0.00015708672725101
4.79,0.00423171080001544,-0.000143261839286146
4.791,0.00427866885111359,-0.000123376034321332
4.792,0.00434707732855122,-0.000109541549464298
4.793,0.0043975066494448,-9.82182974921808e-05
4.794,0.00436625065173351,-0.000104790507460872
4.795,0.00433264747768594,-0.000113037027832552
4.796,0.0043028245002842,-0.000122289426545907
4.797,0.00427575518264702,-0.000130881285763051
4.798,0.00424582554254894,-0.000139136801007911
4.799,0.00420859731847332,-0.000148086039325257
4.8,0.00418018263672875,-0.000154292253735311
4.801,0.00412985244521569,-0.000156997619661647
4.802,0.00408731713357853,-0.00015475979270646
4.803,0.0041187094532989,-0.000149659986765305
4.804,0.0041575127464318,-0.00014219052795128
4.805,0.00419301721890808,-0.000130927710684514
4.806,0.00423257106281723,-0.000115827161750182
4.807,0.00430118675480553,-0.000108756498684748
4.808,0.00434957740102406,-0.000105554541510788
4.809,0.00440277883588212,-0.000101938621513475
4.81,0.00443865482753982,-9.86822509624896e-05
4.811,0.00449549226987861,-9.19691260323208e-05
4.812,0.00447859165113791,-0.000100535153926384
4.813,0.00445672344850641,-0.000110443921501002
4.814,0.00442754400005585,-0.000122969705260823
4.815,0.00439009525194774,-0.000133483104742371
4.816,0.00435422695030504,-0.000141810491899153
4.817,0.00430532880457861,-0.00015240902678465
4.818,0.00426143030586138,-0.000161420427360337
4.819,0.00421610949397764,-0.000169121440417419
4.82,0.00416891854864714,-0.000173298232870378
4.821,0.00411882767109552,-0.000172137783068349
4.822,0.00415529049189302,-0.000169341265711609
4.823,0.00418986865067198,-0.00016487584802255
4.824,0.00422037185383883,-0.000157059169106522
4.825,0.00425282953163758,-0.000145874440288851
4.826,0.00429694773823075,-0.0001286082455767
4.827,0.0043370769612814,-0.000104506157811157
4.828,0.00436831850227067,-9.31143483900998e-05
4.829,0.0044079853844306,-8.31085568181456e-05
4.83,0.00444290845762705,-7.44720795589071e-05
4.831,0.0044910985943021,-6.33875166723419e-05
4.832,0.00453307185909561,-5.10388656867478e-05
4.833,0.00449396404469722,-5.44359422605667e-05
4.834,0.00445245879575628,-6.14384425396408e-05
4.835,0.00441415539324323,-6.83369052066896e-05
4.836,0.00437996289043925,-7.46633493921567e-05
4.837,0.00434317037055214,-7.91543727621247e-05
4.838,0.00427584925067915,-8.94302217942511e-05
4.839,0.00422909940718082,-9.61406671423637e-05
4.84,0.0041725398679432,-0.000100815989005631
4.841,0.00412495645902572,-0.000101757817601467
4.842,0.00407170812836805,-9.78154133067788e-05
4.843,0.00410042266514418,-9.22518643137749e-05
4.844,0.00412779210545049,-8.41613474995562e-05
4.845,0.00415820568448154,-7.33985395432457e-05
4.846,0.0041891674157683,-5.8646045322297e-05
4.847,0.00422461978329768,-3.73869796397308e-05
4.848,0.00424221507946426,-2.96975462715232e-05
4.849,0.0042857915968416,-2.3161323306875e-05
4.85,0.00431999696231784,-1.78690425871597e-05
4.851,0.00435858713539525,-1.13549805142443e-05
4.852,0.00438009007204409,-4.98668327375551e-06
4.853,0.00442172775070787,5.34411678254632e-06
4.854,0.00438658181209621,1.22982669975569e-06
4.855,0.00435402256188471,-5.17694620488784e-06
4.856,0.00432613583992133,-1.21044802600667e-05
4.857,0.00429825085895574,-1.91189488101817e-05
4.858,0.00426364247241699,-2.85738091354015e-05
4.859,0.00423012422695161,-3.81681746812745e-05
4.86,0.00418516408476331,-4.6316021556303e-05
4.861,0.00415350967300943,-5.01531436521985e-05
4.862,0.00411161469592239,-4.92812471526993e-05
4.863,0.00407176776443929,-4.29239033857276e-05
4.864,0.00411175304998513,-3.33579923256777e-05
4.865,0.00415656425155931,-2.13001058811391e-05
4.866,0.00419699035213011,-5.18493021844924e-06
4.867,0.00424305354446559,1.53248497743452e-05
4.868,0.00428177560268364,2.22122258460855e-05
4.869,0.00433074072502097,2.73924275178139e-05
4.87,0.00437020169307802,3.08078327162509e-05
4.871,0.00440501120500991,3.4751309484049e-05
4.872,0.00445558152674783,4.15490140855956e-05
4.873,0.00443034699944972,3.28706423773362e-05
4.874,0.00440105511283502,2.26121643852606e-05
4.875,0.0043697424784807,1.04626458708457e-05
4.876,0.00432724827291079,-4.15888991245339e-07
4.877,0.00428231056963895,-9.79942938494904e-06
4.878,0.00425234256292479,-2.00100696430838e-05
4.879,0.00420796461662718,-3.15783540143499e-05
4.88,0.00415994998727758,-3.9788320661982e-05
4.881,0.00412010102626904,-4.39571110842918e-05
4.882,0.00416296044073215,-4.56353392369047e-05
4.883,0.00420394799334262,-4.43759008480482e-05
4.884,0.00423837527798083,-3.99093975166354e-05
4.885,0.00428005192841781,-3.15018665059119e-05
4.886,0.00431612523415064,-1.73094518149397e-05
4.887,0.00436660954618366,-1.17741832953988e-05
4.888,0.00440074563841878,-8.39591482726387e-06
4.889,0.0044492104895834,-3.76550298808453e-06
4.89,0.00448124949534614,8.12737848521206e-07
4.891,0.0044527086377415,-9.31640608148321e-06
4.892,0.00441425783269525,-2.02652468628828e-05
4.893,0.00437621186939841,-3.23737248779654e-05
4.894,0.00433689933860443,-4.21887244146379e-05
4.895,0.00428737905837433,-5.54565364248583e-05
4.896,0.00424972216237067,-6.56071441406669e-05
4.897,0.00420125247210822,-7.4193708449688e-05
4.898,0.00416524440819975,-7.86488614205605e-05
4.899,0.00412241187664423,-7.92895999352505e-05
4.9,0.00415024744158122,-7.76731958334054e-05
4.901,0.00417593704468842,-7.48943630407006e-05
4.902,0.00420255058307108,-6.85614100314758e-05
4.903,0.00423841887076136,-5.87929976495483e-05
4.904,0.00428848393818105,-4.26265368950185e-05
4.905,0.00432998752004821,-3.84668148542544e-05
4.906,0.00437318146953887,-3.50600250749178e-05
4.907,0.00441139158020586,-3.21514442758741e-05
4.908,0.00444858580934665,-2.82577538164852e-05
4.909,0.0044870982339592,-2.20619563084945e-05
4.91,0.00444668371971317,-2.99539979546348e-05
4.911,0.00440799113045007,-3.51649935471654e-05
4.912,0.0043696652896904,-3.45305071989266e-05
4.913,0.00433068100387197,-2.63019416623655e-05
4.914,0.00432810220943918,-1.66404968482969e-05
4.915,0.00430071974124207,-6.92052670331345e-06
4.916,0.00427179951296087,6.27061584695943e-06
4.917,0.00424423048211856,2.42418420924873e-05
4.918,0.00421792304896033,4.78584378481584e-05
4.919,0.00419332977541548,7.80461764385287e-05
4.92,0.00422285040839948,0.000108358546407061
4.921,0.00427250920464644,0.000144973264404991
4.922,0.004322569977139,0.000187064928257763
4.923,0.00437769419228579,0.000236333907428665
4.924,0.00443536274546888,0.000292731846179672
4.925,0.00450880425490442,0.000335776061103521
4.926,0.00455552979489562,0.000372249056587115
4.927,0.00460946696253238,0.000406481178483464
4.928,0.00465985283873406,0.000438585057574159
4.929,0.00471411291335785,0.000470505492893125
4.93,0.00467568742823414,0.000482475218656964
4.931,0.00463425884845658,0.000488665729543813
4.932,0.0045905891763614,0.000492365049324983
4.933,0.0045470247384952,0.000494459608364028
4.934,0.00450380116086418,0.000496728275586056
4.935,0.00445791198355385,0.000500703376821621
4.936,0.00441137886278056,0.000510528609547312
4.937,0.00435459264674883,0.000527108907960372
4.938,0.00428828320073543,0.000550501170416551
4.939,0.00421441920250419,0.000578298401262167
4.94,0.00415524578283484,0.000614437608045082
4.941,0.0041658479774941,0.000656116197267131
4.942,0.00421543885907832,0.000703140032339067
4.943,0.00427709316208481,0.000757186320164305
4.944,0.00433973584551951,0.000797522552566265
4.945,0.00438461849074898,0.000833457991788411
4.946,0.00433773137423912,0.000847503412363115
4.947,0.00427913551223058,0.000857270127133436
4.948,0.00421481288602095,0.000863068671100531
4.949,0.00414741370783234,0.000867693702528927
4.95,0.00407869851450216,0.000871914460034262
4.951,0.004030378051963,0.000871949862612797
4.952,0.00396450032800471,0.000868929400487661
4.953,0.00399408671836309,0.000861543898370953
4.954,0.00402128894859711,0.000850671326450003
4.955,0.0040507597141853,0.000837179931435561
4.956,0.00408388181136342,0.000822802184746507
4.957,0.00412730413125371,0.000809531914698347
4.958,0.0041786175270639,0.000797503679240141
4.959,0.00423556646144866,0.000788748007882978
4.96,0.00429823643090141,0.000783048401931774
4.961,0.00436879650725755,0.000781274516554242
4.962,0.00437168479520039,0.000758736635692092
4.963,0.00433419412271169,0.000726708683294275
4.964,0.00428774682151534,0.00069376737275495
4.965,0.00424177007596161,0.000661113575878447
4.966,0.00422449152041867,0.000624467951714835
4.967,0.0041920254301098,0.000584888110984116
4.968,0.00416994031160193,0.000545768884675113
4.969,0.00414644245110928,0.000507674202459563
4.97,0.00418109990849553,0.000473168081172926
4.971,0.00421718163751051,0.000441764662891586
4.972,0.00423887248945144,0.000409453488070033
4.973,0.00427829855518983,0.000380694760997113
4.974,0.00430160528332553,0.00035466663008632
4.975,0.00427824584467655,0.000321844882960221
4.976,0.00424610696249741,0.00028659622467081
4.977,0.00421411502599931,0.000252537141348208
4.978,0.00418463322479951,0.000210233447343056
4.979,0.00414141106080771,0.000166185113707529
4.98,0.00410432857457687,0.000123224912162823
4.981,0.00407045423211331,8.24393655536881e-05
4.982,0.00409287134799696,4.26684988539261e-05
4.983,0.00412618055344558,7.37861148658592e-06
4.984,0.00416077525287516,-2.44650116042466e-05
4.985,0.00418180260373273,-5.84182297571623e-05
4.986,0.0042217852176973,-8.83108762479989e-05
4.987,0.00425169268528287,-0.000116340348034427
4.988,0.00429146580297039,-0.000138978577721383
4.989,0.00432429199149521,-0.000158842472938625
4.99,0.00430564296960393,-0.000186163638028092
4.991,0.00428855056691738,-0.000212281755610055
4.992,0.0042523661166311,-0.000247219236367557
4.993,0.00423471318606998,-0.000281410911546598
4.994,0.00420091601702361,-0.000315737046051701
4.995,0.00423499699090917,-0.00034772292536811
4.996,0.00427065775163181,-0.000376860645950439
4.997,0.00431095169999184,-0.000402414999281286
4.998,0.00435473682189622,-0.000422683057647311
4.999,0.00438994474964469,-0.000443932522591783
5,0.00443418204790049,-0.000460407393146067
5.001,0.00446985793648141,-0.000473909070388856
5.002,0.00450868204008893,-0.000481397013008311
5.003,0.00454155480649333,-0.000484565771664558
5.004,0.00451858790431186,-0.00049640913364829
5.005,0.00449480579633996,-0.000508299828354097
5.006,0.0044717295276737,-0.000517980399540485
5.007,0.00443241693187554,-0.000538468853458096
5.008,0.00440757568908336,-0.000559305951921052
5.009,0.00436780132998178,-0.000581033006554432
5.01,0.00433967963489352,-0.000600294688249736
5.011,0.00436754286867842,-0.00061775292902666
5.012,0.00440250524409337,-0.000630416374589604
5.013,0.00443906576215861,-0.000639801619387148
5.014,0.00448439917583702,-0.000643319397718722
5.015,0.00453202304906528,-0.000641001637043448
5.016,0.00458461972417435,-0.000638604914802665
5.017,0.00463204750814044,-0.000634445582193777
5.018,0.0046756701242905,-0.000627284641749881
5.019,0.00465751457538715,-0.000630013079536806
5.02,0.00463405568024954,-0.000635372539206702
5.021,0.00460671092213331,-0.000640416866486526
5.022,0.00457605972165183,-0.000644582514580938
5.023,0.00454174192719817,-0.000646420481829002
5.024,0.00450468349940657,-0.000645411033381393
5.025,0.00445278226613543,-0.000654443220569567
5.026,0.00441378168306738,-0.000663136293034272
5.027,0.00444695058011338,-0.000672338681958706
5.028,0.00448234622524315,-0.000678929957859453
5.029,0.00451975538897818,-0.000683874519991301
5.03,0.00455587667549206,-0.000684351687723295
5.031,0.00459589806709054,-0.000681321995189332
5.032,0.0046365214444516,-0.00067840445394951
5.033,0.00466803427133971,-0.000673822432304627
5.034,0.00471562388554655,-0.000665217694978126
5.035,0.00474510415541588,-0.000651923853575875
5.036,0.00471606774031088,-0.000649655397214011
5.037,0.00468671420740935,-0.000649814291876771
5.038,0.00465482351081878,-0.000651168433710714
5.039,0.004626931427357,-0.000662683982755152
5.04,0.00459944947760172,-0.000675685690676886
5.041,0.00455542962908231,-0.000690640554542932
5.042,0.00452643065518528,-0.000703786427244224
5.043,0.00448964750056754,-0.000715758467723704
5.044,0.00451564412676332,-0.000727068114603713
5.045,0.00454379164927217,-0.000736139373934741
5.046,0.00459133018954915,-0.000746237267783945
5.047,0.00461873210724155,-0.000756603614141205
5.048,0.00464985552243616,-0.000764779432699425
5.049,0.00467226051492067,-0.000769892983116971
5.05,0.00470068625442415,-0.000771373520756236
5.051,0.00472619448599842,-0.000768771918747191
5.052,0.00469472740708315,-0.000776524021904201
5.053,0.00466188462227634,-0.000785885204488135
5.054,0.00463757531093098,-0.000805800457456263
5.055,0.00460560926611594,-0.000828907628239173
5.056,0.00458117644211653,-0.000852117480517833
5.057,0.00454623198228645,-0.000875145202894501
5.058,0.00452521052516824,-0.000895337579677413
5.059,0.00448796328052424,-0.000913121108135961
5.06,0.00450462968659764,-0.000927817959502975
5.061,0.00452515881530673,-0.000937443831062534
5.062,0.00457636738858294,-0.000945398702480837
5.063,0.00460722888606888,-0.000952206030106262
5.064,0.00464654432337582,-0.000954610819085544
5.065,0.00467929681003022,-0.000953069799595641
5.066,0.00472341450661695,-0.000944935707751782
5.067,0.00470351886268615,-0.000947067270145929
5.068,0.00468183910035096,-0.000948451463261113
5.069,0.00465715458634287,-0.000949759628464109
5.07,0.00462592743224195,-0.000948769825965257
5.071,0.00461670561398791,-0.000956308630741476
5.072,0.00458616520507312,-0.000967164525760233
5.073,0.00456005814198523,-0.000976150333610037
5.074,0.00453207379684161,-0.000983662188064838
5.075,0.00450915636797021,-0.000987960631485152
5.076,0.00453799418505536,-0.000992163905684296
5.077,0.00457776322192829,-0.000990129211636437
5.078,0.0046210375268024,-0.000983103440899857
5.079,0.00466302463626215,-0.000969251405456062
5.08,0.00470661859248152,-0.000955504960711062
5.081,0.00475145252194588,-0.000940231303053318
5.082,0.00478442224309886,-0.000924098006657881
5.083,0.0048261320668579,-0.000904049893373227
5.084,0.00484612789896839,-0.000881172766834859
5.085,0.00482421633197115,-0.000865725964698416
5.086,0.00479231700242928,-0.000853766670275535
5.087,0.00476150875330181,-0.000842174736172929
5.088,0.00472909381564971,-0.000829129667595019
5.089,0.00468711686485363,-0.000828066789533954
5.09,0.00465570836587159,-0.000826026778339706
5.091,0.00461140736683201,-0.00082335693105412
5.092,0.00457680411099183,-0.000817302845368406
5.093,0.00461230148964406,-0.000809684834839286
5.094,0.0046582248709345,-0.000796674210158832
5.095,0.00470405110964065,-0.000778501288922484
5.096,0.00475378434410257,-0.000754236109159312
5.097,0.00479168086140887,-0.000729064083790976
5.098,0.00483285307366778,-0.000699729657483161
5.099,0.00486665721315748,-0.000666662599973056
5.1,0.00491313147130437,-0.000627070007447605
5.101,0.00489023386925582,-0.000598605423119236
5.102,0.0048698516601056,-0.000569151597279216
5.103,0.00483459495703489,-0.000552197232641216
5.104,0.00481302093818113,-0.000532329903122686
5.105,0.00479089667802619,-0.000511041992584005
5.106,0.0047735426131454,-0.000486902241927878
5.107,0.0048015556064934,-0.000458575838983455
5.108,0.00484640139761286,-0.000426675131900256
5.109,0.00489641938918928,-0.000390512912456287
5.11,0.00494822330021361,-0.000347859718462351
5.111,0.00499792511205416,-0.000305197440160776
5.112,0.00504727923080922,-0.000261011789037258
5.113,0.00510114571228369,-0.000213461523993153
5.114,0.00506636342237474,-0.000182187962948221
5.115,0.0050296684191479,-0.000151637973916874
5.116,0.00498993793765907,-0.000122133757750609
5.117,0.00495210601929484,-9.10452271118412e-05
5.118,0.00493708308299656,-7.00034742418532e-05
5.119,0.00489965766176183,-5.09797396849865e-05
5.12,0.00486430517955349,-3.0315190287622e-05
5.121,0.00491878700421603,-7.76207281333319e-06
5.122,0.00497527772847132,1.90234167229963e-05
5.123,0.00503320440188266,4.88327256328303e-05
5.124,0.00509125132612566,8.5011383237743e-05
5.125,0.00516042290397145,0.000121064913328806
5.126,0.00520834619548948,0.000156082739421526
5.127,0.00526839930600682,0.000194084531734584
5.128,0.00523640272698173,0.000213523995237219
5.129,0.00520333382777349,0.000230897278384434
5.13,0.00516995612936233,0.000246750969894793
5.131,0.00512868767274731,0.000262357578682981
5.132,0.00508748496355496,0.000281693229994662
5.133,0.005048056470703,0.00029003994357002
5.134,0.00502428002926026,0.000298742899867088
5.135,0.00497783727030971,0.000307172587562576
5.136,0.00502785832110772,0.000317270665173675
5.137,0.00507198842485752,0.000329727553262271
5.138,0.00512086979866282,0.000345297066917716
5.139,0.00517202589590889,0.000365379329691495
5.14,0.00519537731366168,0.000382232852363606
5.141,0.00524242159865462,0.000402971825548604
5.142,0.00527520945995563,0.000425516285785577
5.143,0.00531793463837256,0.000452346619089938
5.144,0.00535427859190473,0.000483204478588573
5.145,0.00531581896274052,0.000499316401431249
5.146,0.00526692952982705,0.000510897813104816
5.147,0.00521851139547809,0.000523740114976967
5.148,0.0051920829759691,0.000523931843269598
5.149,0.00515190130541095,0.000520878245817424
5.15,0.00511627045919201,0.000517445480744005
5.151,0.00507505900473863,0.000513843469830522
5.152,0.00503839056980334,0.000513787403368104
5.153,0.00507902192011258,0.000514424002039715
5.154,0.00513178199718381,0.000519538054648883
5.155,0.00518233627565613,0.000527254398536681
5.156,0.00523838791369423,0.000540358715063638
5.157,0.00529076875841144,0.000552020767250971
5.158,0.0053439157594056,0.000564574135449136
5.159,0.00539457007890492,0.000578811772948273
5.16,0.00544661987563086,0.000596334184002956
5.161,0.00541785970609384,0.000597853966840423
5.162,0.00539027098605852,0.00059783881768205
5.163,0.00536735297188126,0.00059787019614338
5.164,0.00533307255013185,0.000596619170025126
5.165,0.00526342362967086,0.000582307962038675
5.166,0.00522088241184768,0.000568931598773081
5.167,0.00517127717720324,0.000555359117194898
5.168,0.00519807900053584,0.000545165442223883
5.169,0.00522674616624119,0.000535715612002718
5.17,0.00526999214363201,0.000532134510259075
5.171,0.00532393172492328,0.00053363135396467
5.172,0.00537497233262107,0.000542766293941843
5.173,0.00543598126912075,0.000552885760101762
5.174,0.005478298815319,0.000563319506655502
5.175,0.00544080026758092,0.000557928443876754
5.176,0.00540555178049348,0.000548616081560482
5.177,0.00536173178301812,0.000537689589605927
5.178,0.00531821722798449,0.000528671417774795
5.179,0.00527614710979059,0.00052150146103519
5.18,0.00522793714357992,0.000504649660165446
5.181,0.00517197643860765,0.000489059520389967
5.182,0.0052028033151632,0.000475442051613539
5.183,0.00523585047691547,0.000465222675044785
5.184,0.00527515486583181,0.000457419365443856
5.185,0.00531925903365985,0.000455823486248896
5.186,0.00537106404353363,0.000458647226751929
5.187,0.0053983596698432,0.000458894390120923
5.188,0.00544730865434098,0.000463137477455466
5.189,0.00548449438222072,0.000469329248690198
5.19,0.00544730662060404,0.000461067120643754
5.191,0.00541073952553899,0.000449688947290416
5.192,0.00536629887209133,0.000436843628593864
5.193,0.0053181150304135,0.000426766255211986
5.194,0.00527161704948078,0.000419379662899788
5.195,0.00522650844743221,0.000401865043296423
5.196,0.00519213601131639,0.000385269999428672
5.197,0.00514505592468226,0.000368735318687363
5.198,0.00517421203186499,0.000354538471434795
5.199,0.00520774715986935,0.000341179445547568
5.2,0.00525048931844258,0.000332515791030608
5.201,0.0052996322448413,0.000328347746738844
5.202,0.00535164205215967,0.000331124036637709
5.203,0.0054206645730658,0.000334860638109613
5.204,0.0054691234863166,0.000338824628833501
5.205,0.00552767418217192,0.000346625212911567
5.206,0.00556893293207678,0.000357248554492595
5.207,0.00553865224870031,0.000353138066821579
5.208,0.00550420795524471,0.000343852085718133
5.209,0.00546991481990931,0.000333881056947594
5.21,0.00542461651135979,0.000322644901727953
5.211,0.00537476222742078,0.000314842444061825
5.212,0.00532183829347535,0.000294781302500047
5.213,0.00528404994983276,0.000274899636525827
5.214,0.00522978838260532,0.000253109621219161
5.215,0.00519247416442046,0.000234397187828084
5.216,0.00514567464419766,0.000217550093121133
5.217,0.00516705304622622,0.000202492038144264
5.218,0.00519852294363386,0.000189732514894458
5.219,0.0052395261530847,0.000179927640012512
5.22,0.00528836544629575,0.000175767696760754
5.221,0.00535049702431368,0.000177525815424684
5.222,0.00540279035864503,0.000177513788398309
5.223,0.00544149376443174,0.000176732991277795
5.224,0.00550395299027744,0.000180203804561629
5.225,0.00554992437804393,0.000186316108324203
5.226,0.00560604543593775,0.000197326751356752
5.227,0.00557748290946565,0.000190997947916272
5.228,0.00554827039900667,0.000182485153169987
5.229,0.00552054650153015,0.000172532160404582
5.23,0.00548816401286449,0.000162108193480281
5.231,0.00545186311292471,0.000154476316844065
5.232,0.00542833005432849,0.000135811682453357
5.233,0.00538440283064685,0.000114906962906558
5.234,0.00535091482199305,9.56743205203781e-05
5.235,0.00530482300608762,7.62970138801222e-05
5.236,0.00527374370552611,6.18556102598977e-05
5.237,0.00531775659228073,4.7334260460441e-05
5.238,0.00537212132698254,3.70124851920561e-05
5.239,0.00542464613107501,2.98202746750187e-05
5.24,0.00547774146201533,2.79472608347708e-05
5.241,0.00553469013085557,2.52382030451193e-05
5.242,0.00557304579389496,2.14129565506704e-05
5.243,0.00562617384289155,2.07234037208903e-05
5.244,0.00566174356736606,2.25617959844771e-05
5.245,0.00571139514681291,3.02050613081861e-05
5.246,0.005750071852631,4.24878814270779e-05
5.247,0.00572141315103213,4.18344937461179e-05
5.248,0.00568096704365257,3.75122134452233e-05
5.249,0.00563838924113647,3.41170693314852e-05
5.25,0.00560861718033465,1.91602745649444e-05
5.251,0.00558522723208045,3.62475000437179e-06
5.252,0.00553934308209391,-1.36977866678767e-05
5.253,0.00551362186990804,-2.90464095593079e-05
5.254,0.00547423254460717,-4.16491812445519e-05
5.255,0.00543769095233823,-5.06474791205358e-05
5.256,0.00546748830318686,-5.71319688008054e-05
5.257,0.00550580023772345,-5.98322007363539e-05
5.258,0.00555151162046593,-5.83516022006902e-05
5.259,0.00557543417098218,-6.06815086245938e-05
5.26,0.00561681117435102,-6.06105231856779e-05
5.261,0.00564280752051328,-5.99446503296575e-05
5.262,0.00568258314985348,-5.54115533833999e-05
5.263,0.00571343275932428,-4.73865997718814e-05
5.264,0.00574997064007488,-3.4189023323139e-05
5.265,0.00571612567732434,-3.42994908858474e-05
5.266,0.0056763359616487,-3.49365543547697e-05
5.267,0.00563620592648485,-3.56830765314564e-05
5.268,0.0056005686936266,-3.46432931663809e-05
5.269,0.00558733648746651,-4.40635561611002e-05
5.27,0.00555198623427399,-5.62150708612319e-05
5.271,0.00551462156312772,-6.777832363003e-05
5.272,0.00547597518177169,-7.85298116524613e-05
5.273,0.00551047743672114,-8.62595586694215e-05
5.274,0.00555575661388188,-9.24742540018841e-05
5.275,0.00559645369515304,-9.35333044344566e-05
5.276,0.00563909492325492,-9.12940564244402e-05
5.277,0.00568607481919443,-8.2534292772829e-05
5.278,0.00573319871961744,-7.36608959051588e-05
5.279,0.00575879769987038,-6.5169071392146e-05
5.28,0.00580354200365493,-5.21811375581716e-05
5.281,0.0058391813704481,-3.56310577903085e-05
5.282,0.00580307384585683,-3.33065826892409e-05
5.283,0.0057681219004647,-3.45518153151425e-05
5.284,0.00573557108136389,-3.66036409805148e-05
5.285,0.00570345740065393,-3.85080717654196e-05
5.286,0.00565892726131869,-5.20303925730659e-05
5.287,0.00562540055144218,-6.61309654035325e-05
5.288,0.00558816031259685,-7.91168845234447e-05
5.289,0.00554578238642646,-9.1759778045708e-05
5.29,0.0055191123804918,-9.97317139984633e-05
5.291,0.00555257857889601,-0.000107310156890361
5.292,0.00559530266527685,-0.000110238640780747
5.293,0.00563750948084989,-0.000110760729971793
5.294,0.00568429865353645,-0.00010593134709308
5.295,0.00573707494225887,-0.000101363139697386
5.296,0.00576949559604209,-9.77147466164618e-05
5.297,0.00581928085676547,-9.00781480537849e-05
5.298,0.00585871341282182,-7.92663047157749e-05
5.299,0.00590726022106802,-6.31014137683628e-05
5.3,0.00587614953102063,-6.19486593237961e-05
5.301,0.00584389983767076,-6.18432416341075e-05
5.302,0.00581152086534287,-6.27968814331803e-05
5.303,0.00577678218995357,-6.25781250108703e-05
5.304,0.00573828839532743,-6.15239308112137e-05
5.305,0.00567281261730922,-7.15006525014994e-05
5.306,0.00563176204521031,-8.14547688410827e-05
5.307,0.00558550107948646,-9.21093465092171e-05
5.308,0.00554766789226854,-0.00010030940294764
5.309,0.00558609320989837,-0.000107916133758212
5.31,0.00562837675362784,-0.000111510102733026
5.311,0.00566403502648412,-0.000111735364882903
5.312,0.00570520268149161,-0.000108250370844165
5.313,0.00575589172525288,-9.84603931352135e-05
5.314,0.00581446661734192,-8.12050840223733e-05
5.315,0.00588113755483697,-6.36975113911253e-05
5.316,0.00592664937940928,-4.64377196208732e-05
5.317,0.00598515453104095,-2.51493432308347e-05
5.318,0.0059585495819082,-2.31155402345418e-05
5.319,0.00592693521367694,-2.43610054930787e-05
5.32,0.0058983740780324,-2.77273734218264e-05
5.321,0.00586326231636611,-3.19845324590617e-05
5.322,0.00582200216217476,-3.39898068145161e-05
5.323,0.00577987267266641,-3.41897125758495e-05
5.324,0.00572511854808489,-4.54548503412422e-05
5.325,0.00567798968998387,-5.66396137333114e-05
5.326,0.00563305247226328,-6.60667532862425e-05
5.327,0.00566624064643898,-7.46336895253719e-05
5.328,0.00570423811491205,-8.07319761915171e-05
5.329,0.00574594705601323,-8.41711522130972e-05
5.33,0.00579182957860668,-8.19850716210491e-05
5.331,0.00584962043906438,-7.46290787706494e-05
5.332,0.00588341004726397,-6.795840935786e-05
5.333,0.00593072132030807,-5.76367394032329e-05
5.334,0.00597148430661814,-4.49340176064683e-05
5.335,0.00601081993287796,-2.84933106480256e-05
5.336,0.00597974874614917,-2.57222333229223e-05
5.337,0.00594252921772368,-2.71449677221036e-05
5.338,0.00590711112151392,-2.85814457975375e-05
5.339,0.00586678821321404,-3.04893535096884e-05
5.34,0.00580796810026086,-4.32288600495934e-05
5.341,0.00577061741603363,-5.44886545373324e-05
5.342,0.00573255989515968,-6.51872057138014e-05
5.343,0.00569929124845166,-7.23203866714872e-05
5.344,0.00574345353987881,-7.8623560907598e-05
5.345,0.00579312404866518,-8.06927222787857e-05
5.346,0.00584493133306982,-7.97979202022958e-05
5.347,0.00590055680859602,-7.32520204569931e-05
5.348,0.0059585286304511,-6.65019221338103e-05
5.349,0.00599749471049566,-6.04445926695174e-05
5.35,0.00605231211087924,-5.08976458055144e-05
5.351,0.00609418759734782,-3.84914463443797e-05
5.352,0.00614483713429681,-2.04243215137789e-05
5.353,0.00611420597082977,-1.72860181100187e-05
5.354,0.00608307419018235,-1.53240055030812e-05
5.355,0.00605050550923954,-1.47312311056802e-05
5.356,0.00601377091695419,-1.2655363393399e-05
5.357,0.00598283719251183,-2.36610308767538e-05
5.358,0.0059388055293429,-3.58825615752734e-05
5.359,0.00590637503892155,-4.67611488714215e-05
5.36,0.00586897253124795,-5.64874370507784e-05
5.361,0.00590780589218054,-6.32186406773205e-05
5.362,0.00594146610456044,-6.78128495135155e-05
5.363,0.00597667841784635,-6.89397501926758e-05
5.364,0.00602389866281434,-6.48768577397596e-05
5.365,0.00607731599486052,-5.39773832810009e-05
5.366,0.00612797971358162,-4.21183030091532e-05
5.367,0.00617419133326508,-2.7624174829266e-05
5.368,0.00622362183821088,-9.33765384819596e-06
5.369,0.00619681190415106,-8.49477876008198e-06
5.37,0.00615726343426783,-1.06109089543227e-05
5.371,0.00611965543101851,-1.40596850070063e-05
5.372,0.00608426912220311,-1.72901352553656e-05
5.373,0.00604401049073883,-1.97612019461335e-05
5.374,0.00601254773828875,-3.26942268821795e-05
5.375,0.00598921657636774,-4.35234953195529e-05
5.376,0.00595658423185604,-5.35078082988805e-05
5.377,0.00592496712789038,-6.18030768995137e-05
5.378,0.00595939156895265,-6.69797932448812e-05
5.379,0.00600492919876015,-7.09011370003676e-05
5.38,0.00605261684543901,-7.04681086157177e-05
5.381,0.0061098159107129,-6.54876879647159e-05
5.382,0.00614385617911754,-6.17744543741638e-05
5.383,0.00619357981487325,-5.43857269055814e-05
5.384,0.00623390400319479,-4.52130747740642e-05
5.385,0.00626498518443078,-3.37748744689281e-05
5.386,0.00623754496545335,-3.29177722910301e-05
5.387,0.00620522454174959,-3.59951668043035e-05
5.388,0.00617170880963228,-3.88026391563434e-05
5.389,0.00613713173360661,-4.12500711424735e-05
5.39,0.00608603002559021,-5.53938585475255e-05
5.391,0.00605453951739805,-6.81884319522763e-05
5.392,0.00600993749457673,-8.16536395202849e-05
5.393,0.00604084346435218,-9.23122828239142e-05
5.394,0.00607393770916036,-0.000102331012006851
5.395,0.00611185261325626,-0.000108700649730231
5.396,0.00616390541000601,-0.00011078016343824
5.397,0.00621021441929119,-0.000106133102764583
5.398,0.00622991639333513,-0.00010355600673928
5.399,0.00627159666145484,-9.67329174514364e-05
5.4,0.00630169362264388,-8.70980834875024e-05
5.401,0.00634638470467952,-7.1923741573332e-05
5.402,0.0063164014156204,-7.24083483242821e-05
5.403,0.00628321786652957,-7.47949840490536e-05
5.404,0.00624906814481425,-7.74591949287418e-05
5.405,0.00621237504793475,-7.45745392972119e-05
5.406,0.00618193798729857,-7.76032102269286e-05
5.407,0.00614751051174242,-7.55049533880947e-05
5.408,0.00611279235648352,-6.85438139655381e-05
5.409,0.00612884091140688,-6.10848828985766e-05
5.41,0.00617208835618117,-5.16759438496939e-05
5.411,0.00621858562736167,-3.81154981828336e-05
5.412,0.00626870151385341,-1.89193225834661e-05
5.413,0.00632061160467007,7.45734328194692e-06
5.414,0.0063775489211403,4.13674504388117e-05
5.415,0.00643554925876744,8.51093490473742e-05
5.416,0.00649922526240811,0.000137790321364017
5.417,0.00652742347595341,0.000188805155359073
5.418,0.00657769845108473,0.000244571570285679
5.419,0.0066251547119269,0.000304188839666208
5.42,0.0065994270080944,0.000341646408048568
5.421,0.00655182800024667,0.000372087276605593
5.422,0.00650296010219618,0.000398692129446654
5.423,0.00645187540233163,0.000423360016520491
5.424,0.00639676762415494,0.000447515497611572
5.425,0.00634138769709028,0.000472453866452116
5.426,0.00628345124107425,0.000499260371836507
5.427,0.00622321509945558,0.000528835259712701
5.428,0.00616078749222308,0.000561788887764592
5.429,0.0060962334525306,0.000598674155356138
5.43,0.00605994545205721,0.000638122216356729
5.431,0.00608298890118553,0.000675205054728123
5.432,0.00611250036006202,0.000718193240867526
5.433,0.00615261843389342,0.000767378090541282
5.434,0.00620673873433477,0.000821521398577219
5.435,0.00626047424788024,0.000885551827746689
5.436,0.00629456673947996,0.000939431119615863
5.437,0.00634933408519634,0.000998887179434693
5.438,0.00631292303393971,0.0010459560864951
5.439,0.00626492609115514,0.00108904153076939
5.44,0.00620607975956859,0.00113176525769326
5.441,0.00614188334374097,0.00117469520854885
5.442,0.00607173971672114,0.00121868123473456
5.443,0.00599655778000464,0.00126440074018941
5.444,0.00595905915267295,0.00130347219780574
5.445,0.00598294622732317,0.00134428504317274
5.446,0.0060321708857132,0.00138937279683904
5.447,0.00608985719506514,0.00143674950659101
5.448,0.00616138943446021,0.00148990817998157
5.449,0.00618934954947878,0.0015292278132582
5.45,0.00621716295628172,0.00156503162982086
5.451,0.00624582024574076,0.00159873951722961
5.452,0.00627283341307561,0.00163154427229106
5.453,0.00630038851831039,0.00166441976629383
5.454,0.00627474844659745,0.00168605994906829
5.455,0.00624826008242592,0.00170363397779799
5.456,0.00620261170125667,0.00171650507413779
5.457,0.00616579314535961,0.00172970213833562
5.458,0.00611309402173676,0.00174252064119501
5.459,0.00615367438602527,0.00175520287651143
5.46,0.0061980601401517,0.00176897518042862
5.461,0.00625052125988649,0.00178441012080055
5.462,0.00630388645082044,0.00180368753857535
5.463,0.0063615848125346,0.00182675242459196
5.464,0.00641127019368067,0.00183730750483657
5.465,0.00636881180584276,0.00182264719690922
5.466,0.00631475045679493,0.00180087334561474
5.467,0.00625980774459067,0.00177445074670318
5.468,0.00620338460476872,0.00174495798690755
5.469,0.00615769717996799,0.00171475281038069
5.47,0.00609408563609438,0.00168452942589004
5.471,0.00603832456679971,0.00165780105148267
5.472,0.00598131674953023,0.00163446492451674
5.473,0.00592625327026465,0.00161574802754205
5.474,0.0058554225624502,0.00159007768671399
5.475,0.00578327912244764,0.00156257550473926
5.476,0.00570578161468974,0.00153457389501449
5.477,0.00567052525498957,0.00149946955065056
5.478,0.0056152729127993,0.00145994149513035
5.479,0.00557846597426744,0.00142025410017194
5.48,0.00552672709939961,0.00137925440007558
5.481,0.00554441152844919,0.00134063925305411
5.482,0.00556586418617678,0.00130342294547142
5.483,0.00560018537940208,0.00126996715057676
5.484,0.00564378365626233,0.00123893227297078
5.485,0.00569255636131924,0.00121099888336756
5.486,0.00572951535203354,0.00117943523876302
5.487,0.00576318010917244,0.0011468387311992
5.488,0.0057986666719599,0.00111418160420523
5.489,0.00577242764022876,0.00106703064651703
5.49,0.00574080121600766,0.00101425870732497
5.491,0.00569302195307883,0.000959740189552305
5.492,0.0056468331651578,0.000905157682233759
5.493,0.0055869566972406,0.000837268240384437
5.494,0.00554975187395006,0.000767080134715992
5.495,0.00550009386200395,0.000694166338887914
5.496,0.00552430335729402,0.000619156801124399
5.497,0.00555411877491263,0.000543239520727989
5.498,0.00558832122806153,0.000468080541406624
5.499,0.00562825280756351,0.000395156795031604
5.5,0.0056716751487052,0.000325447331173512
5.501,0.00571817162083072,0.000259868154954435
5.502,0.00575082783923011,0.000191587050704434
5.503,0.00578560607619451,0.000124538362797133
5.504,0.0058241479917569,5.99373464999498e-05
5.505,0.00586254808355856,-1.79902519081843e-06
5.506,0.00590419641927611,-6.00013761864471e-05
5.507,0.00594547554964608,-0.000114194616842145
5.508,0.0059375771748193,-0.000177989607369644
5.509,0.00593249983802801,-0.000243253880029437
5.51,0.00591395498729495,-0.00030849714543052
5.511,0.00588996775406783,-0.000373363332696608
5.512,0.00586296332601513,-0.000435554059509735
5.513,0.00583713316976328,-0.000493784613669779
5.514,0.00580085911095456,-0.00055924271869745
5.515,0.00578645376105093,-0.00062344730076408
5.516,0.00575659787981541,-0.000687808983743154
5.517,0.00573509202205686,-0.000748649608388774
5.518,0.00577058383477509,-0.000808796988137517
5.519,0.00580806206787255,-0.000866189734342826
5.52,0.00584722117944238,-0.000921618002999391
5.521,0.00588999867362313,-0.000973587442678558
5.522,0.00593173676374721,-0.00102186580072078
5.523,0.00597881292259413,-0.00106519838668784
5.524,0.00602394752109268,-0.00110819119269767
5.525,0.006068678340643,-0.00114917067706383
5.526,0.00611665861648944,-0.00118600109678546
5.527,0.00615282475467867,-0.00122038061616841
5.528,0.00619210909074008,-0.0012491583625045
5.529,0.00622760767220984,-0.00127273141860418
5.53,0.00626390281573182,-0.00129070394325326
5.531,0.00625554332033182,-0.00131535205333316
5.532,0.00624176153462106,-0.00134083399284146
5.533,0.00620941632879285,-0.00137599120417609
5.534,0.00619840282973918,-0.00141158409274922
5.535,0.00617941073335043,-0.00144778650989152
5.536,0.00616432087012162,-0.00148258435091064
5.537,0.00614131132518206,-0.00151579581444233
5.538,0.00617184515166965,-0.0015455643144438
5.539,0.00620378227760387,-0.00157275740521601
5.54,0.00623509506874706,-0.00159627842047166
5.541,0.00626784885926849,-0.00161569026314262
5.542,0.00630836819410327,-0.00162875448987793
5.543,0.00635177886360284,-0.00163556441420221
5.544,0.00637917152259854,-0.00164302248088283
5.545,0.00641830481136689,-0.00164561249554401
5.546,0.00644128715840414,-0.00164567455679521
5.547,0.00641399168121645,-0.0016549285356971
5.548,0.00638611886200929,-0.00166669514531514
5.549,0.00635876363737359,-0.00167745911058154
5.55,0.00632853399916653,-0.0016874689675182
5.551,0.00629796689094882,-0.00169527743894776
5.552,0.00626300510019962,-0.00171136821681633
5.553,0.00623734878190941,-0.00172737487483393
5.554,0.00620781404192529,-0.00174349145115715
5.555,0.00618367104252262,-0.0017583042901943
5.556,0.00621459626602882,-0.00177320831951272
5.557,0.00625392574923251,-0.00178389596007489
5.558,0.00629347997502367,-0.00179058514439767
5.559,0.00633606250172404,-0.00179263087158493
5.56,0.00637587720387385,-0.00178914495199506
5.561,0.00639997050098827,-0.00178663207608976
5.562,0.00643449760802178,-0.00177978225577918
5.563,0.0064590380671884,-0.00177060708583554
5.564,0.00649004988799567,-0.00175515171212309
5.565,0.00646893170309836,-0.0017512562621696
5.566,0.0064431770270201,-0.00174813032623589
5.567,0.00641795413212287,-0.00174568219714061
5.568,0.00638310138507825,-0.0017419884697778
5.569,0.00636896417907198,-0.00174551282370994
5.57,0.00634003591106665,-0.00175034664389456
5.571,0.00632993863946353,-0.00175316823765376
5.572,0.00630268432527952,-0.001754713607164
5.573,0.00628475753107549,-0.00175315377170865
5.574,0.00632037691996513,-0.00174853133954594
5.575,0.00636381410856733,-0.00173975630544221
5.576,0.00640600342532232,-0.00172522818319643
5.577,0.00641659403702454,-0.00171287368542555
5.578,0.00644269149564655,-0.00169643964674099
5.579,0.00646494813269452,-0.00167719168072816
5.58,0.00648623708519021,-0.00165278305226196
5.581,0.00650011513327825,-0.00162326110683525
5.582,0.00645592488624496,-0.00160298142230486
5.583,0.00640759701187989,-0.00158419905063617
5.584,0.00635982935587148,-0.00156378476931313
5.585,0.006323068456552,-0.00155278819124721
5.586,0.00628395148483675,-0.00154166721609705
5.587,0.00625346640477926,-0.00152812881754089
5.588,0.00620456657292196,-0.00151283504085548
5.589,0.00622775682113631,-0.0014946990617683
5.59,0.00624887568586719,-0.00147363481709539
5.591,0.00626653193736286,-0.00144858964421712
5.592,0.00629506074167023,-0.00141936823968253
5.593,0.00629984603411215,-0.00139183369455603
5.594,0.00631347488650654,-0.00136119109393773
5.595,0.00631656327343628,-0.0013286241167762
5.596,0.00632919595592331,-0.00129060190679631
5.597,0.00633186519069453,-0.00124831653336888
5.598,0.00626819082234406,-0.00121857577599971
5.599,0.0062053713247778,-0.00118868814150991
5.6,0.00614595357575103,-0.00115721867442126
5.601,0.00608505154257346,-0.00112355323472091
5.602,0.00604103340459592,-0.00110104523227367
5.603,0.00599430581810412,-0.00107881523787545
5.604,0.00595013537108815,-0.00105504290502445
5.605,0.00598825167951434,-0.00102958606311571
5.606,0.00602725727890243,-0.00100017235652389
5.607,0.00606540233857021,-0.000966699250519731
5.608,0.00610407481480356,-0.000927571602329647
5.609,0.00614466481206569,-0.000882459963771232
5.61,0.0061934116406844,-0.00082932444226097
5.611,0.00620497301674427,-0.00077946845186061
5.612,0.00623662459509092,-0.000725889182356998
5.613,0.00621009907672708,-0.000691254730417701
5.614,0.00616575292529222,-0.000661756795119206
5.615,0.00612350146861707,-0.000634087649098225
5.616,0.00608447223305881,-0.000605964958082905
5.617,0.00603369494761501,-0.000576685604359084
5.618,0.00597766818341801,-0.000545077265108163
5.619,0.00591951953670446,-0.000508996842952747
5.62,0.00585915408506196,-0.000484058429022882
5.621,0.00588891449094553,-0.00045858095701945
5.622,0.00591689914758581,-0.000432319971131301
5.623,0.0059590767006337,-0.000404251929471022
5.624,0.00600381025089668,-0.000370437814016245
5.625,0.00605616173080892,-0.00033151396051273
5.626,0.0061135276565249,-0.000284486718720334
5.627,0.00617079958423549,-0.000235078750851381
5.628,0.00620661391436284,-0.000185365885849054
5.629,0.006158217535879,-0.000153233249487073
5.63,0.00610725725248801,-0.000126708480732818
5.631,0.00606090153793373,-0.000101609122090951
5.632,0.00600728936746987,-7.76671784914473e-05
5.633,0.00597804287658043,-6.31748163643087e-05
5.634,0.0059381423496068,-4.95647089736595e-05
5.635,0.00590520238328502,-3.46915618116839e-05
5.636,0.00586180433518228,-1.86117120259954e-05
5.637,0.00583429013628508,1.62862241387396e-06
5.638,0.00588307077221874,2.31078366900728e-05
5.639,0.00593440135038329,4.92931871893809e-05
5.64,0.00597749113645408,7.3334095598232e-05
5.641,0.00599958601642347,9.60156895436493e-05
5.642,0.00603392429544282,0.000120650633350927
5.643,0.00607246191998049,0.000148669946244684
5.644,0.00609779444602745,0.000179187116838786
5.645,0.00605466968621358,0.000198081643235926
5.646,0.00600534665184109,0.000214726033712476
5.647,0.00595675273021187,0.000232937939508071
5.648,0.0059240483809985,0.000239525127695039
5.649,0.00588941789132523,0.000244970113637166
5.65,0.00583892841760766,0.000250408945044911
5.651,0.00588086302621875,0.000258467534092033
5.652,0.0059227830628601,0.000268477216826157
5.653,0.00596719699728633,0.000282768269543376
5.654,0.00600914272060777,0.000300550380234077
5.655,0.00605597574020156,0.000322490344340232
5.656,0.00609420302894633,0.000343303396655503
5.657,0.00611789931158357,0.000363499204787288
5.658,0.00615400142949795,0.000387925448129822
5.659,0.00616985765614893,0.000414210729001496
5.66,0.00613423514533966,0.000424760852927752
5.661,0.00608348841249249,0.000431842807286087
5.662,0.00603568883834636,0.000438258339149677
5.663,0.00598135685379548,0.000444869427302985
5.664,0.00592735678869178,0.000454060764640718
5.665,0.00587022776108026,0.000450677070626293
5.666,0.0058247130213767,0.00044754147134568
5.667,0.00577188127384252,0.000443812992788062
5.668,0.0057193199905968,0.000442782267030373
5.669,0.00575592195770953,0.0004419572796594
5.67,0.00579199668989312,0.000443824501810408
5.671,0.00583514745891257,0.000448849169004062
5.672,0.00588601606562946,0.00046017131121584
5.673,0.00594568514650484,0.000477322563592009
5.674,0.00596733226415599,0.000489571181510717
5.675,0.0060102366965671,0.000504999688963947
5.676,0.00604704400761277,0.000522114085064418
5.677,0.00607972161524902,0.000541795796205946
5.678,0.00612455546440095,0.000567783057571269
5.679,0.00608968060711281,0.000575191549053222
5.68,0.00605056176000938,0.000578250212995846
5.681,0.00601164493920206,0.000579057229780244
5.682,0.00597080958190376,0.000580232105052481
5.683,0.00592712366886771,0.000582173998359081
5.684,0.00588522043560583,0.000571274043087822
5.685,0.00585222771515715,0.000559978299907449
5.686,0.00580742237374959,0.000547199041188551
5.687,0.00577908900692215,0.000537336886981488
5.688,0.00572975450455897,0.000528613844182124
5.689,0.00577103200028356,0.000521646525442676
5.69,0.00581366581899773,0.000515955649124322
5.691,0.00585867658284791,0.00051338350426261
5.692,0.00590640080901484,0.000514922945175467
5.693,0.0059526967397967,0.000522307030290714
5.694,0.00599409252116314,0.000528136485999031
5.695,0.00603564974322385,0.000535547307602524
5.696,0.00607442787483647,0.000545079000942306
5.697,0.00611249511554545,0.000557909976192428
5.698,0.00613469169742556,0.000572953465698967
5.699,0.00609855836472659,0.000575695540391552
5.7,0.00605372162479291,0.000572181664122706
5.701,0.00601343211707571,0.000567484694914688
5.702,0.00596604662766171,0.000562008262317892
5.703,0.00592031171558315,0.000558413102360267
5.704,0.00586836302891738,0.000541089532277272
5.705,0.00582839725042519,0.000523158722019579
5.706,0.00578953486540932,0.000504850076331442
5.707,0.00573698115994733,0.00048737305628993
5.708,0.0057059971931785,0.000473773410523737
5.709,0.00573745839374212,0.000460049357363101
5.71,0.0057803117929118,0.000449807850692763
5.711,0.005828491203782,0.00044261141542834
5.712,0.00587897538270956,0.000441211646147466
5.713,0.00593636080547002,0.000445135058765478
5.714,0.00596433100144166,0.000444883211161151
5.715,0.00601031482849878,0.000447470238515491
5.716,0.00604715504508654,0.00045138916117482
5.717,0.00608169034857957,0.000457864407349073
5.718,0.00612862852265421,0.000470061217733297
5.719,0.00609761011489589,0.00046519710804338
5.72,0.00606831072538193,0.000456822027609327
5.721,0.00604033355292748,0.000446822484664267
5.722,0.0060092432889417,0.00043687583269314
5.723,0.00597567280708039,0.000427201188442583
5.724,0.00591127861681792,0.000404407176488597
5.725,0.00587479748436254,0.000382793696935668
5.726,0.005835116702281,0.000362632705452115
5.727,0.0057909618741475,0.000343619189871081
5.728,0.00575790476093412,0.000328696305648635
5.729,0.00578964655743395,0.000312647346992212
5.73,0.00583532016654777,0.000299240166386605
5.731,0.00588612991892513,0.000288726248646509
5.732,0.0059356863331642,0.00028334013640452
5.733,0.00597816046995927,0.000277008012951219
5.734,0.0060067361116473,0.000270233633384076
5.735,0.00604348100618342,0.000267012476315609
5.736,0.00607409749707304,0.000267036639211737
5.737,0.00610997718720985,0.000272262129243694
5.738,0.00614272643462721,0.000282740612738697
5.739,0.0061820889309061,0.000300277293911744
5.74,0.00614089871186695,0.000301218847375495
5.741,0.00609315402074399,0.000301201416454178
5.742,0.00607330536564333,0.000287891756454661
5.743,0.00603789001372458,0.000270732023281983
5.744,0.00601744802496803,0.000253874666162834
5.745,0.00597494728966566,0.000235355231247958
5.746,0.00595611848577873,0.000220448334200873
5.747,0.00593404175162808,0.000208974482285851
5.748,0.00590114911729785,0.00020056021477477
5.749,0.00594426497059921,0.000195809845656314
5.75,0.0059951555145997,0.000194315302632198
5.751,0.006011278407105,0.000187810596728399
5.752,0.0060358070103469,0.000181817504107173
5.753,0.00604394870888007,0.000175704266055121
5.754,0.00607127521505399,0.000173912658595066
5.755,0.00608837998496467,0.000175869830498887
5.756,0.00611072798091867,0.000183124250404232
5.757,0.00606683445398447,0.000177880933905472
5.758,0.00602284469587638,0.000172410092484643
5.759,0.00597949092779437,0.000168060427081784
5.76,0.00596342247023217,0.000152986425106638
5.761,0.00593200936752631,0.000135520382884835
5.762,0.00591067023762595,0.000118629929620973
5.763,0.00587830156466667,0.000102588699690043
5.764,0.00592248506587553,8.97581073118769e-05
5.765,0.00597115703831234,7.97465673073594e-05
5.766,0.00601708334872057,7.35251761676547e-05
5.767,0.00606769794904928,7.08615157065107e-05
5.768,0.00612850524555412,7.51065235527482e-05
5.769,0.00616631515316055,7.84545537582115e-05
5.77,0.00621213596824631,8.48672014704954e-05
5.771,0.00625346866018893,9.38300157843908e-05
5.772,0.00621632611706552,8.72495972328857e-05
5.773,0.00617875660086291,7.7031738945188e-05
5.774,0.00613874911792759,6.64996045727229e-05
5.775,0.00610148536487204,5.65091832654963e-05
5.776,0.00605925136078356,4.80239209881828e-05
5.777,0.00601517099998639,4.17388402129126e-05
5.778,0.00596032360361368,2.4757627194727e-05
5.779,0.00591809280150703,8.23839788449687e-06
5.78,0.00586935816614611,-7.49054573662145e-06
5.781,0.00589889915149715,-2.25442281706623e-05
5.782,0.00593483641741822,-3.50313688058379e-05
5.783,0.005981119038148,-4.41995001606021e-05
5.784,0.00602696110232871,-4.79821537154868e-05
5.785,0.00607938381538372,-4.73025153766016e-05
5.786,0.00614012319192608,-3.86761475207886e-05
5.787,0.00619527059157006,-2.87958583917169e-05
5.788,0.00622892931921943,-1.83829684760051e-05
5.789,0.00627751775317694,-3.00616407694632e-06
5.79,0.00624902602700342,-4.9737253246529e-06
5.791,0.00622088543527441,-1.01879336684707e-05
5.792,0.00619430038266067,-1.67009554327691e-05
5.793,0.00617092516090575,-2.33573582078539e-05
5.794,0.00613188041739218,-2.94069350778026e-05
5.795,0.00608488300176395,-3.38250848694877e-05
5.796,0.00604245524069898,-4.85708700409537e-05
5.797,0.00601256496274566,-6.21207106581978e-05
5.798,0.00596525823622432,-7.60508185046471e-05
5.799,0.00593771664595372,-8.64151917573386e-05
5.8,0.00598370660340558,-9.62310572369951e-05
5.801,0.0060317883639775,-0.000103703002745925
5.802,0.00608347042730988,-0.00010874866313354
5.803,0.00613823957047909,-0.000108190009811993
5.804,0.0062004095469858,-0.000101876750781715
5.805,0.00622926825879815,-9.89190329975798e-05
5.806,0.0062754282933933,-9.27467825077022e-05
5.807,0.00630994045816865,-8.47097884412173e-05
5.808,0.00634554269057671,-7.31049219824254e-05
5.809,0.00637493611735788,-5.69057932054973e-05
5.81,0.00642208396805441,-3.43029057356392e-05
5.811,0.00638978581809843,-2.82979494569124e-05
5.812,0.00635991925246134,-2.53329610365727e-05
5.813,0.00632433164222011,-2.36304600385595e-05
5.814,0.00628108713945887,-2.27379215553269e-05
5.815,0.006225498667776,-3.54988934448963e-05
5.816,0.00619377218781081,-4.84299945850419e-05
5.817,0.00615344315390363,-6.17459892671701e-05
5.818,0.00612562142443329,-7.32045888186539e-05
5.819,0.00607995282864055,-8.33659072224657e-05
5.82,0.00611884011486413,-9.16112151200799e-05
5.821,0.00616110435879507,-9.79073432205713e-05
5.822,0.0062034328537012,-0.000100084241590193
5.823,0.00625328767449801,-9.84791074689628e-05
5.824,0.00630950402942174,-9.00146922255818e-05
5.825,0.00635323417489715,-8.18783914280363e-05
5.826,0.00638302744132345,-7.35601822954846e-05
5.827,0.00642465684940689,-6.18631702083983e-05
5.828,0.00646012239157459,-4.68554173961855e-05
5.829,0.00641879112058224,-4.72977567377297e-05
5.83,0.00637870476517105,-4.99197577549793e-05
5.831,0.00633821829216196,-5.24765918316628e-05
5.832,0.00629939378182526,-5.40527780040767e-05
5.833,0.00626185818121372,-5.32004646340289e-05
5.834,0.00620755949956356,-6.61003466750354e-05
5.835,0.00618245554114645,-7.81631506411307e-05
5.836,0.00613787833286135,-9.08950494815097e-05
5.837,0.00611617448733748,-0.000100589727320355
5.838,0.00617210590882887,-0.000107740359862718
5.839,0.00622161038562592,-0.000112967632263705
5.84,0.00627440169492017,-0.000115766608943357
5.841,0.00632446650566786,-0.000113530823800445
5.842,0.00637903351221156,-0.000106679453672709
5.843,0.00641542742075951,-0.000101599934242913
5.844,0.0064595142792544,-9.36925561971225e-05
5.845,0.00648970290854552,-8.38513577756661e-05
5.846,0.00652892604238221,-6.95493663839808e-05
5.847,0.00655223235742561,-5.13752374129428e-05
5.848,0.00651606432523622,-4.4722510377404e-05
5.849,0.00647439167524104,-4.31919141576365e-05
5.85,0.0064303575034872,-4.20588484305595e-05
5.851,0.00638633666151725,-4.08630893792838e-05
5.852,0.00633419685005565,-5.32565555816378e-05
5.853,0.00630133907207443,-6.60540021322764e-05
5.854,0.00625937693077845,-7.95253649501504e-05
5.855,0.00623086555770301,-9.0922662452475e-05
5.856,0.00618253797944731,-0.000101164864421077
5.857,0.00621733260307427,-0.000109404320633777
5.858,0.00625574300327464,-0.000115534705738329
5.859,0.00629592209779186,-0.000117288006256655
5.86,0.00634731522396475,-0.000115543856699429
5.861,0.00640914619350393,-0.000106904518327566
5.862,0.00644130460359637,-0.000100775729722391
5.863,0.00648455829019781,-9.23121863481424e-05
5.864,0.0065206125268604,-8.20340729209001e-05
5.865,0.0065651451630386,-6.69502091981133e-05
5.866,0.00660322497867235,-4.79831806637354e-05
5.867,0.00655531475067597,-4.66043921469872e-05
5.868,0.00650874045913854,-4.72065831962909e-05
5.869,0.00646707310960875,-4.859223038578e-05
5.87,0.00642039542563472,-4.98500652000855e-05
5.871,0.0063748969658022,-4.98510087393877e-05
5.872,0.00632670889949531,-4.69549549240167e-05
5.873,0.00627654237066311,-5.81898720004026e-05
5.874,0.00623996796990424,-7.00048071441972e-05
5.875,0.00618855342096881,-8.30874511888458e-05
5.876,0.00616470671356085,-9.38997846178236e-05
5.877,0.00611936115308435,-0.000103562462350826
5.878,0.00615646457761884,-0.0001115430465497
5.879,0.00619788715991524,-0.00011817648645851
5.88,0.00623431042458536,-0.000122177603005202
5.881,0.006278271517708,-0.000123219737314606
5.882,0.00633779247895285,-0.000117162207488974
5.883,0.00639521124732866,-0.000104172684657233
5.884,0.00645095947048961,-9.19093762199452e-05
5.885,0.00648787280190446,-8.01662255008329e-05
5.886,0.00652829882860733,-6.59889502898636e-05
5.887,0.00657118326786024,-4.75132319414651e-05
5.888,0.00661075246587573,-2.51228259538494e-05
5.889,0.0065693336485402,-1.94570552105588e-05
5.89,0.00652590486834233,-1.89268636984763e-05
5.891,0.00648128182009513,-1.95432295789777e-05
5.892,0.00643846843285052,-2.01761765498687e-05
5.893,0.00639468251472224,-1.93031887606443e-05
5.894,0.00635294303465412,-1.62250200839154e-05
5.895,0.00629029399520939,-2.84629632830158e-05
5.896,0.00625745288844174,-4.08554663893779e-05
5.897,0.00621901527352428,-5.29552226620211e-05
5.898,0.00618452277454149,-6.30308779247524e-05
5.899,0.00622624225366717,-7.3531394602977e-05
5.9,0.00627467425630763,-8.21133259047424e-05
5.901,0.00632776236967243,-8.81106468228476e-05
5.902,0.0063781918013834,-8.93695025539487e-05
5.903,0.00643269356480602,-8.62238065456045e-05
5.904,0.00649164016936612,-7.38795934653314e-05
5.905,0.00653734352623034,-5.67231699470927e-05
5.906,0.00656776370230975,-3.34125422044029e-05
5.907,0.00660129856770487,-1.76476442181883e-06
5.908,0.00663637000464054,3.71562982428575e-05
5.909,0.00667249077624744,8.23932183249276e-05
5.91,0.0067095242693404,0.000133671802617308
5.911,0.00667102976235989,0.000171609760044489
5.912,0.00662445137760607,0.000208645497657978
5.913,0.00657573624655993,0.000245148966753927
5.914,0.00651919602183152,0.000283636659887287
5.915,0.00645973789515689,0.00030666250405198
5.916,0.00642501125568148,0.000327890600460068
5.917,0.00646756896833807,0.000349784050193036
5.918,0.00652200794144728,0.000379098573582981
5.919,0.00657725306828291,0.000415640713674892
5.92,0.00663637230615152,0.000461397206671821
5.921,0.0066663506045244,0.00050178295286496
5.922,0.00669790068188243,0.000542622133579806
5.923,0.00667389175305416,0.000572517878983436
5.924,0.00664706332878185,0.000597285313479634
5.925,0.00660576111213574,0.000621574332923758
5.926,0.00656696264210642,0.00064658311182153
5.927,0.00656529123417169,0.00066833425884727
5.928,0.00655881523007659,0.000688140353295563
5.929,0.00659755565747744,0.000709401257640851
5.93,0.00665183648458713,0.000732707260627186
5.931,0.00671575022102525,0.000760838515361295
5.932,0.0067779334482757,0.000792979045390774
5.933,0.00680322905195202,0.000822096971498931
5.934,0.00684774003855658,0.000854693654811056
5.935,0.00687460169399235,0.00088806760214577
5.936,0.00681653409188864,0.000904237179102152
5.937,0.00676007793732744,0.00091587879895022
5.938,0.00670448295233806,0.000928598929896496
5.939,0.00666348200431755,0.000934889490950941
5.94,0.00661542206071697,0.000946865635724825
5.941,0.00658480295719777,0.000966051194709105
5.942,0.00654722762524139,0.000991013876935454
5.943,0.00647793880551665,0.00100924630293003
5.944,0.00642989508314096,0.00102649489900963
5.945,0.00639744756216615,0.00104643450212688
5.946,0.00635890180028003,0.00106648393427111
5.947,0.00632138245367341,0.00108846161552223
5.948,0.00627882616556633,0.00111188473972529
5.949,0.00621605013038699,0.00112411361037351
5.95,0.00615405134642509,0.00113300445417858
5.951,0.00608743466913303,0.00113717637183569
5.952,0.00606782836986073,0.00113167447977841
5.953,0.00602426408977829,0.00111751479456457
5.954,0.00599989698069565,0.00110065291026151
5.955,0.00604605197908369,0.0010791295194012
5.956,0.00609550259589158,0.00105694052077454
5.957,0.00615081480774803,0.00103313149563278
5.958,0.00620728005109138,0.00100977541500569
5.959,0.00624710159839424,0.000981014151048065
5.96,0.00628295383331708,0.000949785146292959
5.961,0.00632167093467136,0.000918973278156709
5.962,0.00635793202433062,0.000889405362832496
5.963,0.0064022354640676,0.000864382032303601
5.964,0.00643587816112055,0.000841953696744724
5.965,0.00640939432813119,0.000808218612927403
5.966,0.0063703486504906,0.000769703924666354
5.967,0.00631828919399386,0.000731915223264878
5.968,0.00628024437927346,0.000679155568073575
5.969,0.00624094815213843,0.000621922217539983
5.97,0.00620252474018728,0.000562296396376505
5.971,0.00616287913688965,0.000501582761492148
5.972,0.00612066675194419,0.000440941335880241
5.973,0.00609681783083485,0.000382906153669926
5.974,0.00612826315548295,0.000326245964526739
5.975,0.00616912261367129,0.000274471369489604
5.976,0.00621538027172753,0.000227315006658624
5.977,0.00626229341806377,0.00018589032989752
5.978,0.0063116439914568,0.000150159601881028
5.979,0.00636251631482009,0.000120991762540545
5.98,0.00641763622540117,9.53542525863327e-05
5.981,0.00645152273220969,7.2489636819606e-05
5.982,0.00642540250454522,4.07191809467244e-05
5.983,0.00640008682604335,7.66834806043004e-06
5.984,0.00636352968838013,-2.36753456465677e-05
5.985,0.00632879496730589,-5.30227802286731e-05
5.986,0.00628729022446248,-8.95444998099681e-05
5.987,0.00626901117014422,-0.000123912113229097
5.988,0.00624579911251577,-0.000156910799489984
5.989,0.00628276570026262,-0.000185979575031803
5.99,0.00632870611013337,-0.000212508651911303
5.991,0.00637791159347854,-0.000234828456591452
5.992,0.00643007468368798,-0.000252810705473894
5.993,0.00648508652619518,-0.000266248673690739
5.994,0.00650921889986632,-0.000282035334449315
5.995,0.0065463384696455,-0.000293997500817988
5.996,0.00657706392313877,-0.000304302695710024
5.997,0.00661409840624079,-0.000311008646067756
5.998,0.00659155256246647,-0.000329815085195473
5.999,0.00657105295527087,-0.000349412129797666
6,0.0065498497759304,-0.000369703126532173
6.001,0.0065093093734506,-0.000388712345810949
6.002,0.00647442434949535,-0.000415766287730823
6.003,0.00646385272240494,-0.000442675110588264
6.004,0.00644479120213097,-0.000467195128084519
6.005,0.00648848441543175,-0.000488180990816489
6.006,0.00653550106961357,-0.00050682846044342
6.007,0.00658091398649212,-0.000521632132604033
6.008,0.00662385928220113,-0.000535616588576482
6.009,0.0066480222211092,-0.000549812165915375
6.01,0.00667808326468667,-0.000559972000660547
6.011,0.0066993498280053,-0.000567526348351832
6.012,0.00672647261119143,-0.000570062755538725
6.013,0.0067457577846892,-0.00056786415561344
6.014,0.00670930944843877,-0.000574397042597985
6.015,0.00667220245369346,-0.000582065212595961
6.016,0.00663474832657427,-0.000601675033882254
6.017,0.00661785061337768,-0.000621079570794603
6.018,0.00658704683817797,-0.000641794644232863
6.019,0.00656722996156067,-0.000659843229876778
6.02,0.00660872862257769,-0.000674849884022444
6.021,0.00665085056320864,-0.000685963217545382
6.022,0.00669863754707543,-0.000693719798026848
6.023,0.00674744217727978,-0.000696838058767302
6.024,0.00679808286446671,-0.000695091260059177
6.025,0.00684367187393755,-0.000692859716932004
6.026,0.00687072793364407,-0.000690753885655593
6.027,0.00691041710178367,-0.000684542964889789
6.028,0.00689165748527822,-0.00069232591150431
6.029,0.00686525901660579,-0.000701539704361598
6.03,0.00683745760318075,-0.000712229200492631
6.031,0.00679598779427055,-0.000721881461947071
6.032,0.00675384915850423,-0.000729522803120275
6.033,0.00672049008048053,-0.000746734746046585
6.034,0.0066954091677087,-0.000762300963026763
6.035,0.00674062339781444,-0.000776070162950393
6.036,0.00678263498572858,-0.000786802594844538
6.037,0.00682884022040399,-0.000794483518092359
6.038,0.00687499748364949,-0.000796695776526857
6.039,0.00692419225266682,-0.000793505258520288
6.04,0.00697382480372947,-0.000783751085239537
6.041,0.0070210701881891,-0.000772700924899783
6.042,0.00704857831276416,-0.000759583661075092
6.043,0.00708678271020781,-0.000741715289110212
6.044,0.00705550043581466,-0.000738066530648396
6.045,0.00702608929070476,-0.000735043356747123
6.046,0.00700043328754562,-0.000731805424464882
6.047,0.00696743106698858,-0.000728440277767528
6.048,0.00691832748578231,-0.000721068795965674
6.049,0.00688757951097751,-0.000719983051622242
6.05,0.00687064389164621,-0.000713875111845119
6.051,0.00683862789757825,-0.000706003391230503
6.052,0.0068660168646618,-0.000692002419453219
6.053,0.006906683937597,-0.000673870757906148
6.054,0.00694355494480045,-0.000650474301689963
6.055,0.00699349070813411,-0.000624727161594285
6.056,0.00701377329900904,-0.000597415628647069
6.057,0.00702847791720527,-0.000565176322644134
6.058,0.00704078617862435,-0.000526627222299292
6.059,0.00705423869746383,-0.000480770550227438
6.06,0.00706259790730842,-0.000427723325094109
6.061,0.00707893609390967,-0.000364865454399343
6.062,0.00703706209169289,-0.000313222146452796
6.063,0.00698483864456824,-0.000258581610214581
6.064,0.00696661194913772,-0.000214842515145863
6.065,0.00695366202873305,-0.000170374882715152
6.066,0.00692054571340503,-0.000124814697579967
6.067,0.00689940913468529,-7.47699718599559e-05
6.068,0.00695332053892468,-2.29453050075157e-05
6.069,0.00701976599651068,3.4080076333487e-05
6.07,0.00708735469718222,9.57501702726349e-05
6.071,0.00714850360677879,0.000162826956689954
6.072,0.00720771282134169,0.00022898957604528
6.073,0.00725005810563659,0.000294021102567099
6.074,0.00730132760030273,0.000361304921556393
6.075,0.00725799711326999,0.000403597891765251
6.076,0.00720980540439626,0.000439706752357161
6.077,0.00716461574709606,0.000471296488012585
6.078,0.00712114693686986,0.000499885486361151
6.079,0.00711439579747893,0.00051301483485372
6.08,0.00708665756208617,0.000518557259704566
6.081,0.00705964390213065,0.000519733368891162
6.082,0.00703648051698472,0.00051706163050913
6.083,0.00701439939335379,0.000512948740736041
6.084,0.00698611945744453,0.000507132925066989
6.085,0.00703419004848019,0.000501007982831814
6.086,0.00708083480685893,0.000494132360896127
6.087,0.00712583302619563,0.000487910782341616
6.088,0.00717230816378087,0.000478259173643469
6.089,0.00719284545589103,0.00046484947033526
6.09,0.00723159631959083,0.000454080502347465
6.091,0.00726506188501033,0.000444747395250633
6.092,0.00722593746366079,0.000419758994039066
6.093,0.00718809018182813,0.000390681468891318
6.094,0.00714959405117819,0.000360412420575884
6.095,0.00711094652100932,0.000329169968046272
6.096,0.00706464747322129,0.000287099066272223
6.097,0.00703900937483319,0.000244081635408622
6.098,0.00701299647679344,0.000200966981697082
6.099,0.00698930046775418,0.000159344538104123
6.1,0.00703490242882898,0.000119381487585224
6.101,0.00708114292427394,8.14715937654809e-05
6.102,0.00713282627263449,4.63607678687361e-05
6.103,0.00718274828753859,1.47634752419856e-05
6.104,0.00723455620306204,-1.27775025953181e-05
6.105,0.00726600403091405,-4.24381480917391e-05
6.106,0.00730042807070957,-6.98448222080095e-05
6.107,0.00733065536402841,-9.49264076017253e-05
6.108,0.00736470075824831,-0.000116055382976321
6.109,0.00739017504444284,-0.000133391133272431
6.11,0.00735997546527817,-0.000160474743851058
6.111,0.00732053401243857,-0.000190351880707651
6.112,0.00727252347245342,-0.000217058017726091
6.113,0.00722728942543814,-0.000240672796319841
6.114,0.0071959626081685,-0.000273138518774418
6.115,0.00718165699163095,-0.000305079391604401
6.116,0.00715213247197362,-0.000336961129511648
6.117,0.00712870482938014,-0.000366041477200041
6.118,0.00716915410956139,-0.000392940337445913
6.119,0.00721151033206993,-0.000416156387556377
6.12,0.00726432098647442,-0.000434918482726643
6.121,0.00730864218567484,-0.000448483032858493
6.122,0.00735619151439834,-0.000456902439768592
6.123,0.00739378975067177,-0.000465241761757162
6.124,0.00742913346495879,-0.000472054096176511
6.125,0.00745721458466943,-0.000476774205923958
6.126,0.00749979931843424,-0.000476209801801408
6.127,0.0075241338132611,-0.000471355983505006
6.128,0.00748575399743987,-0.000478379099487336
6.129,0.00744831528917131,-0.00048907916833274
6.13,0.00740729496473674,-0.000500381164272534
6.131,0.00736777535687125,-0.000508532303552689
6.132,0.00732059468083363,-0.000515476353135758
6.133,0.00725946765228939,-0.000533528756394896
6.134,0.00722685094705863,-0.000551025076154843
6.135,0.00719539197653756,-0.000567567016933446
6.136,0.00716279881901485,-0.000582068372832145
6.137,0.00712182064087877,-0.000594510493557132
6.138,0.00715891947155301,-0.000604239107825755
6.139,0.00719167461524998,-0.000611512156900806
6.14,0.00722650294249795,-0.000615462952143708
6.141,0.00726859070760805,-0.000615943180045209
6.142,0.00731664958464774,-0.00060960379543662
6.143,0.00737590706338064,-0.000598616526911511
6.144,0.00740041077861668,-0.000591614049564926
6.145,0.00743749700590033,-0.000580330526513906
6.146,0.00746034255544661,-0.000567202680270384
6.147,0.00749580870747465,-0.000548988234123582
6.148,0.00751873183089344,-0.00052673591232133
6.149,0.00747106890306194,-0.000518961717175026
6.15,0.00742776571683363,-0.000514186709580977
6.151,0.00737982515388483,-0.000510359469018284
6.152,0.00732591627687598,-0.000503185623249136
6.153,0.00727573767269628,-0.00049292807121698
6.154,0.00726131024149944,-0.000492075898971378
6.155,0.00723080389690867,-0.000494113064967161
6.156,0.00720397913726062,-0.000494740777673031
6.157,0.00717807665399177,-0.000493581774146545
6.158,0.00721970090689852,-0.000489093536176988
6.159,0.00726759853173649,-0.000483932183099389
6.16,0.00731816285934705,-0.000474357181432739
6.161,0.0073782384812983,-0.000459656798659891
6.162,0.00742859239636943,-0.000439879959457434
6.163,0.00746848241706277,-0.00042033484607551
6.164,0.00749056314460981,-0.000400001267679528
6.165,0.00752396198248288,-0.000375285383023005
6.166,0.00755945940771062,-0.000346490540236277
6.167,0.00751604221160219,-0.000335284184398432
6.168,0.00746922989078132,-0.000325968839503088
6.169,0.00742739478391697,-0.000317337770059933
6.17,0.00738274139510336,-0.000309301862898237
6.171,0.00732999239961203,-0.00029805174888542
6.172,0.00731773812326174,-0.000295855977694715
6.173,0.00728727034246916,-0.000296877699305254
6.174,0.00726252378027125,-0.000296423132689405
6.175,0.0072342822801469,-0.000294865142176581
6.176,0.00720399434449306,-0.000290240890985172
6.177,0.00725843701850513,-0.000283830054743028
6.178,0.00731407662272972,-0.000274285805473118
6.179,0.00737129302846956,-0.000262004214053091
6.18,0.00742683949140576,-0.000245061152840176
6.181,0.00749205874415156,-0.000224261651868729
6.182,0.00750936519087667,-0.000209436809720909
6.183,0.00754576025665502,-0.000190472027562005
6.184,0.00757066234173355,-0.000170024406714819
6.185,0.0076080059258843,-0.000144970624067542
6.186,0.00763141280699351,-0.000116383876500481
6.187,0.0075809575320072,-0.000102467864089684
6.188,0.00753291054896114,-9.2788602661209e-05
6.189,0.00748131458112913,-8.46068263471444e-05
6.19,0.00742456441491779,-7.38651992492345e-05
6.191,0.00737073807133528,-6.06845179346727e-05
6.192,0.00734153258619158,-5.99504730609546e-05
6.193,0.00731692815315058,-6.0662509401288e-05
6.194,0.00728500639867291,-6.1825320581077e-05
6.195,0.00725473537915477,-6.14947914481245e-05
6.196,0.00730649822322386,-5.97682402788124e-05
6.197,0.00736300388514292,-5.4434023042893e-05
6.198,0.00741889851126377,-4.65610265717453e-05
6.199,0.00747312424271807,-3.42025509512678e-05
6.2,0.00754296475663882,-1.68559233766907e-05
6.201,0.00760324953145257,6.71293988657728e-06
6.202,0.00764915951458039,2.91620319246011e-05
6.203,0.00768383376754014,5.1433256208433e-05
6.204,0.00773074749816804,7.75744443221038e-05
6.205,0.00776079135830136,0.000106357325093731
6.206,0.00771144663589862,0.000118488878340928
6.207,0.0076679493645261,0.000124847999552702
6.208,0.00761915708563228,0.000128021245291265
6.209,0.00756539798060725,0.000132766550887897
6.21,0.00751716373536692,0.000139057013781418
6.211,0.00746643286121551,0.000146600034097555
6.212,0.00740818159524077,0.000140904530728181
6.213,0.00737929960186051,0.00013459534442356
6.214,0.00734415733139576,0.000128482998368096
6.215,0.00730444987640702,0.000123909180596959
6.216,0.00735347530814796,0.000119763620071822
6.217,0.00740516959818562,0.000117804881986927
6.218,0.00745776877497968,0.000117476710937869
6.219,0.00751003208744781,0.00012103488729498
6.22,0.0075813814837583,0.000129680024212542
6.221,0.00764420721374007,0.000144030878543255
6.222,0.00768663158080977,0.000156188746751162
6.223,0.00771648483354672,0.000168330783008874
6.224,0.0077631224455906,0.000185165345186589
6.225,0.00779218439830585,0.000204535705015219
6.226,0.00783649299113093,0.000230524501530327
6.227,0.00779994950672885,0.000237681019184033
6.228,0.00776613519768955,0.000240972902546821
6.229,0.00773419088080121,0.000242345088895868
6.23,0.00769575511901392,0.0002432408264752
6.231,0.00763878740725537,0.00024668120258875
6.232,0.0076113946828514,0.0002374182637504
6.233,0.00759087876883167,0.000226316024817597
6.234,0.00755916893136444,0.000213397035604024
6.235,0.00754650666823716,0.00020216117463262
6.236,0.00752089061018662,0.000191643011395071
6.237,0.00755591893805571,0.000184391017828134
6.238,0.00760557954541567,0.00017793878593686
6.239,0.00765669422283658,0.000175974194341288
6.24,0.00771321436475081,0.000177844640582014
6.241,0.00777028982834833,0.000185997780571101
6.242,0.00780808164011675,0.000192952430710491
6.243,0.00783831121921158,0.000200822862737482
6.244,0.00787431262680766,0.000211958008066448
6.245,0.00790655307759753,0.000226548992631248
6.246,0.00786343625747105,0.000225339784754142
6.247,0.00781796197722337,0.00021976366999138
6.248,0.00776167758394876,0.000214672510721492
6.249,0.00770834005425418,0.000210825560321204
6.25,0.00765721591723871,0.000209137927470682
6.251,0.00762917362300584,0.000196716342623748
6.252,0.00760751851599229,0.000183928464427219
6.253,0.00757729687982467,0.000171065808088677
6.254,0.00755034301225649,0.000159718220097915
6.255,0.0075996885779765,0.000148185528729194
6.256,0.00765539007009786,0.000140586615599458
6.257,0.00771459192024594,0.000135843234492394
6.258,0.00777167458763435,0.00013655857284417
6.259,0.0078412032992505,0.000141890264443445
6.26,0.0078747473484706,0.000143957780163739
6.261,0.00791760822932525,0.000149102372422327
6.262,0.00794774728033965,0.000155795017584226
6.263,0.00799416987042567,0.000167400994593447
6.264,0.00802545797619971,0.00018216916242858
6.265,0.00797997515342925,0.000181041950921113
6.266,0.00794116515207086,0.000177552209769172
6.267,0.00789747901297157,0.000173039489669791
6.268,0.00785904629881419,0.0001698964410769
6.269,0.00781623127865968,0.000168493911909817
6.27,0.00778422932296616,0.000154134547726448
6.271,0.00775419670282531,0.00013909786212507
6.272,0.00772706139781793,0.000124867680339813
6.273,0.00769895335977277,0.000111993351896322
6.274,0.00774457989969327,0.00010113080968871
6.275,0.00778821452985164,9.2188051594444e-05
6.276,0.00783575763030548,8.52713665691063e-05
6.277,0.00788308864229573,8.33778535295759e-05
6.278,0.00794249350475896,8.62120179829784e-05
6.279,0.00799526002500476,9.56413733038119e-05
6.28,0.00803377736463385,0.000105153746913
6.281,0.00805767591697458,0.000115062121393839
6.282,0.00808873639295907,0.000128345041342959
6.283,0.00811316217238983,0.000144669985954859
6.284,0.00806430519719245,0.000145027592362346
6.285,0.00801885652238142,0.000141697713769207
6.286,0.00797664895964543,0.000137452185680897
6.287,0.00792947623994758,0.000132110003308261
6.288,0.00787074001913112,0.000129894684297194
6.289,0.00783873505064759,0.000117286094828417
6.29,0.00781209995280243,0.000104122410158614
6.291,0.00777853113890482,9.00603349692775e-05
6.292,0.00776099871891602,7.884448267792e-05
6.293,0.00781448665194194,6.78473919206724e-05
6.294,0.00787325026017415,6.09327586058583e-05
6.295,0.00792928468291437,5.69003809055557e-05
6.296,0.00798064403349703,5.66711001419584e-05
6.297,0.00803474017868249,5.71130342445492e-05
6.298,0.00806708683337495,5.72099700638651e-05
6.299,0.00810915936798225,6.07395145928447e-05
6.3,0.00813521323886162,6.7326601892681e-05
6.301,0.00817346586326351,8.10036945543824e-05
6.302,0.00813590728102787,7.99846369262669e-05
6.303,0.00809694923070723,7.86531214491126e-05
6.304,0.00806145980553882,7.6685005808097e-05
6.305,0.00802030435080252,6.22811182995342e-05
6.306,0.00799767785769957,4.76544709994697e-05
6.307,0.0079728496228437,3.34971582723886e-05
6.308,0.00794935243160574,2.10954508496619e-05
6.309,0.00799530273091196,1.18407031434176e-05
6.31,0.0080420840405606,6.33089653229169e-06
6.311,0.00808746938234793,4.83424970504354e-06
6.312,0.00813719003998918,8.52555552932621e-06
6.313,0.0081658037560032,1.13860107244235e-05
6.314,0.00819615933327683,1.71656145209198e-05
6.315,0.00822166113954617,2.5435058481682e-05
6.316,0.0081786025715073,2.00397221808979e-05
6.317,0.00813969120781041,1.2804626647378e-05
6.318,0.00809701491200633,4.58704225536621e-06
6.319,0.00804397308896663,-9.64422073645999e-07
6.32,0.00799402157626079,-3.62727410391228e-06
6.321,0.00796786095746816,-1.44951961190132e-05
6.322,0.00795285233410182,-2.43547706262892e-05
6.323,0.00800643298451548,-3.18078205117089e-05
6.324,0.00806730165873845,-3.76560414275251e-05
6.325,0.00812696106038993,-4.06362330384047e-05
6.326,0.00818309655049771,-3.93001442096641e-05
6.327,0.00824706961080328,-3.3248107088546e-05
6.328,0.00830510675177059,-2.10374808766733e-05
6.329,0.00835699177369138,-7.827578119457e-06
6.33,0.00838886548612159,5.70998137633394e-06
6.331,0.00843698842328594,2.41912613311857e-05
6.332,0.00840594625511767,2.4411179488204e-05
6.333,0.00837197228650848,2.18489682605183e-05
6.334,0.00834090687411946,1.69584369007492e-05
6.335,0.00829753325214642,1.26228055573052e-05
6.336,0.00824715783976,8.31168705700547e-06
6.337,0.00818692103820502,-6.59765919114319e-06
6.338,0.00815488365667134,-2.07100800379556e-05
6.339,0.00812425069564003,-3.40130950596818e-05
6.34,0.00816277379890068,-4.4639438330718e-05
6.341,0.00820126405515985,-5.44456937508486e-05
6.342,0.00823863073092827,-6.06971781377252e-05
6.343,0.00829645810037419,-6.24805548306018e-05
6.344,0.00834855053481807,-5.77746726255213e-05
6.345,0.00839677423295684,-5.13403350305142e-05
6.346,0.00842198393715818,-4.43058894283865e-05
6.347,0.00845952479488461,-3.23669491616996e-05
6.348,0.00848606887563563,-1.6948182409382e-05
6.349,0.0084430211613426,-1.53238292942559e-05
6.35,0.00839888894324269,-1.86685826394362e-05
6.351,0.00835423392986508,-2.18196235763357e-05
6.352,0.00830566979217111,-2.57448582742237e-05
6.353,0.00824980347184217,-4.12833549549019e-05
6.354,0.00822041305052827,-5.63865019092558e-05
6.355,0.00818875510722559,-7.16163786365631e-05
6.356,0.00816481661655425,-8.3917888055729e-05
6.357,0.0081343171935399,-9.441487355627e-05
6.358,0.00817212443077634,-0.000102349635304866
6.359,0.00821426251062014,-0.000109316876766075
6.36,0.00825534842983613,-0.000112195656240432
6.361,0.00831244623549695,-0.000111165087449405
6.362,0.00832969150165127,-0.000114138172774225
6.363,0.0083639366434276,-0.00011355499732113
6.364,0.00837852547314766,-0.000111413356561396
6.365,0.00840763472864956,-0.000103827916411781
6.366,0.00842530747997336,-9.18700680780371e-05
6.367,0.00844887557535659,-7.28874815207337e-05
6.368,0.00840655317650921,-6.88248740384756e-05
6.369,0.00835417825355412,-6.53371178258588e-05
6.37,0.00830579707456469,-6.20735398363381e-05
6.371,0.00830659051415084,-6.84073511995065e-05
6.372,0.00829437912900578,-7.79236303101727e-05
6.373,0.00827772495278591,-8.77638468430031e-05
6.374,0.00825769096733285,-9.65655818132016e-05
6.375,0.0082394743064418,-0.000103413112920392
6.376,0.00828242812763891,-0.00010673845756104
6.377,0.00833155124215817,-0.000107587530482289
6.378,0.00837765269476653,-0.000104647324568996
6.379,0.00842069851783384,-9.71092170705679e-05
6.38,0.00847777716370674,-8.85112430865087e-05
6.381,0.00850858137981418,-8.0488578209359e-05
6.382,0.00854346289832208,-6.93087746763132e-05
6.383,0.00856949129993793,-5.53523753702989e-05
6.384,0.00852709424539242,-5.49041447255871e-05
6.385,0.00848607627320427,-5.94285842393516e-05
6.386,0.00844070907261995,-6.43122576546307e-05
6.387,0.00839958227927111,-6.79336468034641e-05
6.388,0.00834723052979818,-6.94262651843025e-05
6.389,0.00832631700117017,-8.11858962803114e-05
6.39,0.00830601154709245,-9.27411594453531e-05
6.391,0.00827747922676768,-0.000104009158115703
6.392,0.00825193355583024,-0.000113636780864512
6.393,0.0082965306665058,-0.000121070989036132
6.394,0.00833789800279956,-0.0001276667898929
6.395,0.00837519395123279,-0.000131576248453225
6.396,0.00842656418105879,-0.000131637661957895
6.397,0.00847963858040204,-0.000124540241966897
6.398,0.00853406767263107,-0.000116224678482935
6.399,0.00856448481112639,-0.000107928501242249
6.4,0.00860080987173085,-9.63336778525004e-05
6.401,0.00862103709214531,-8.22017545718534e-05
6.402,0.0085753450041996,-8.04404531516423e-05
6.403,0.00853103986827579,-8.32632431204683e-05
6.404,0.0084821450595482,-8.66001241443537e-05
6.405,0.00843453830848438,-8.776722457704e-05
6.406,0.00838664164614676,-8.70529098161987e-05
6.407,0.00834809230120491,-9.76820753056939e-05
6.408,0.00833027265231468,-0.000107845888571156
6.409,0.00830422567511878,-0.000117770776549397
6.41,0.00834693138181474,-0.000125364486281809
6.411,0.00839699151868785,-0.000131976790881505
6.412,0.00844242838739075,-0.00013549875289609
6.413,0.00848940770219066,-0.000134668443958152
6.414,0.00853992849503164,-0.000128457515031044
6.415,0.00859138771081468,-0.000115396161096015
6.416,0.00864718427047394,-0.000101115698476151
6.417,0.00867719181751669,-8.73577995358366e-05
6.418,0.00872014237246819,-6.94501060717334e-05
6.419,0.00868818542384553,-6.98361839880923e-05
6.42,0.00864787813492212,-7.29094895294824e-05
6.421,0.00861099022455065,-7.79404052326793e-05
6.422,0.00857149359309387,-8.22291515476525e-05
6.423,0.00852555729165091,-8.54892535092078e-05
6.424,0.00846928868070562,-8.17724306975132e-05
6.425,0.00844921496445613,-8.27425254293357e-05
6.426,0.00842776897607371,-7.64852366144098e-05
6.427,0.00844162239755632,-6.07993157580866e-05
6.428,0.0084846157555572,-3.40633925206002e-05
6.429,0.00853115551034723,7.40982596736384e-06
6.43,0.00857667265132548,6.11354325864011e-05
6.431,0.00862389701637412,0.000127662667473827
6.432,0.00868749552239686,0.000205238354420212
6.433,0.00873070090634056,0.000277107642701946
6.434,0.00877332168802249,0.000349497994870496
6.435,0.00881703566042386,0.00042228346593004
6.436,0.00886138108662218,0.000496273874230013
6.437,0.00884282866588606,0.000552240738274201
6.438,0.00882650195506267,0.000596981943590646
6.439,0.00880394874659296,0.000633308414274281
6.44,0.00877974650370447,0.000663833491415133
6.441,0.00874781436742551,0.000692819129644751
6.442,0.00871395672449114,0.000722157942221691
6.443,0.00867136727173611,0.000750890803787874
6.444,0.00859747183153577,0.000778012165568887
6.445,0.00852942905231023,0.000807830362082707
6.446,0.00845897781210648,0.000839071691034199
6.447,0.00838810828355665,0.000871795638818618
6.448,0.00831641845893403,0.000905917453634553
6.449,0.0082435647217572,0.000941234418847581
6.45,0.00817521509064537,0.000978781932433226
6.451,0.0081674338387562,0.00101767845735001
6.452,0.00821279995608444,0.00103969180581298
6.453,0.00823718256772648,0.00105244777236801
6.454,0.0082949654136075,0.00106234193670857
6.455,0.00833467965399634,0.00106796100639939
6.456,0.00838846187538439,0.00107354299693874
6.457,0.00836505445852311,0.00106268453555469
6.458,0.00834180465909057,0.00104774433643612
6.459,0.00831304232573927,0.00103146567980356
6.46,0.00828522376053712,0.00101483579867506
6.461,0.00822622819859944,0.00099552365377209
6.462,0.00816916563774743,0.00097864548875698
6.463,0.00810992458280701,0.00096536966504579
6.464,0.00810402750368188,0.000957237261309529
6.465,0.00811319467106636,0.000953242005594213
6.466,0.00812794457884507,0.000957025609888418
6.467,0.00817119231272501,0.000950567878359121
6.468,0.00822165121780944,0.000944189993954347
6.469,0.00826289234226433,0.000937544273202917
6.47,0.00832076783794708,0.000934555743399457
6.471,0.00829979915172039,0.000917597316124008
6.472,0.00828154651895742,0.000900574391790587
6.473,0.0082533521161948,0.000886043987153806
6.474,0.00822872553210733,0.000874650784501496
6.475,0.00819540315805337,0.000867863154627113
6.476,0.00816592419234148,0.000865616968421856
6.477,0.00810386407427072,0.000863148318639928
6.478,0.00812314607753667,0.000862575560259371
6.479,0.00814051394103048,0.000864239065146322
6.48,0.00816331785532193,0.000867671736689724
6.481,0.00818820018608744,0.000875437828289249
6.482,0.00822041017956458,0.000887742873297404
6.483,0.00825583827848688,0.000905450384062756
6.484,0.0082979701209926,0.000928147916266275
6.485,0.0083649533445981,0.000944313375236594
6.486,0.00835553331934447,0.00094116637531183
6.487,0.00833771624308848,0.000933605257815384
6.488,0.00832150702415574,0.000922003528010362
6.489,0.0082744520760893,0.000904539625531331
6.49,0.00822938967254169,0.000885799248480701
6.491,0.00818350640824521,0.00086678867732265
6.492,0.00819733163614231,0.000844936624335324
6.493,0.00822164378908696,0.00082325309812431
6.494,0.00824698472002301,0.000802840588357168
6.495,0.00827786057488321,0.000783483686554287
6.496,0.00831281086212483,0.000766157968499603
6.497,0.00835183727105257,0.000751471635437428
6.498,0.00839491296105228,0.000739770822055619
6.499,0.0084495778855669,0.000718121347685563
6.5,0.00851147586746966,0.000694940361774254
6.501,0.00851706937965436,0.000652945219778767
6.502,0.00849055866968517,0.000603598513340742
6.503,0.00846151037489034,0.000549592807242483
6.504,0.00843444509566484,0.000494930883237932
6.505,0.00838211189105325,0.000435867287913505
6.506,0.00833942865344438,0.000377769657568139
6.507,0.00829775877363349,0.000320778937188571
6.508,0.00830395419925225,0.000265215781699302
6.509,0.00831975953220582,0.000212218698967259
6.51,0.00833686637892377,0.00016258775134026
6.511,0.00835776201054884,0.000116934079512299
6.512,0.00837971705239395,7.60348906446162e-05
6.513,0.00842648673957053,2.93069055701256e-05
6.514,0.00846735257831264,-1.7160339508604e-05
6.515,0.00851933677938195,-6.15660676182572e-05
6.516,0.00856226129112471,-0.00010436244138845
6.517,0.00856663211735658,-0.000158128226991627
6.518,0.00855694704022274,-0.000213283586341317
6.519,0.00854593695925762,-0.000269380703252498
6.52,0.00852592477917725,-0.000323493528861685
6.521,0.00847216875802193,-0.000382083314227233
6.522,0.00842977085293595,-0.00043711733783619
6.523,0.00837902330459141,-0.000490809255172087
6.524,0.00833176148007957,-0.000540501474406208
6.525,0.00833840018315294,-0.000587165134125434
6.526,0.00834192269811698,-0.000632127411107297
6.527,0.00835254043327798,-0.000675065395436547
6.528,0.00836144838704014,-0.00071431783180298
6.529,0.00837461333871933,-0.000750294285731978
6.53,0.00838805915062821,-0.000781777395735483
6.531,0.00840726161634013,-0.000809384309218453
6.532,0.00844821843387441,-0.000839721803809923
6.533,0.00848193156475636,-0.000871568951489321
6.534,0.00852838505430094,-0.000898828062569024
6.535,0.00857584461639268,-0.000923083613556586
6.536,0.0085761659043256,-0.000958027821854557
6.537,0.00856765727013142,-0.000992250619584467
6.538,0.00852599227489915,-0.00103040421976469
6.539,0.00849734405042215,-0.00106440898669907
6.54,0.0084611393991688,-0.00109628523385907
6.541,0.00842951995162484,-0.00112260305787221
6.542,0.0083867621499455,-0.00114556135264227
6.543,0.00834895770259014,-0.00116181467140497
6.544,0.00835463306530624,-0.00117254878222073
6.545,0.00836164027490385,-0.00117965770350326
6.546,0.00840735808662681,-0.00119184077855877
6.547,0.00843751252612469,-0.00120723405746598
6.548,0.00846452312269875,-0.00122200630582636
6.549,0.00850159191564947,-0.00123520359527579
6.55,0.00853160752407716,-0.00124705739691194
6.551,0.00850779132819884,-0.00126897010222782
6.552,0.00848786698627775,-0.00129142905378049
6.553,0.00846930804137082,-0.00131273954608002
6.554,0.00842937666035984,-0.00133613678661204
6.555,0.00838829651051315,-0.00135616589487803
6.556,0.00834887584678952,-0.00137335341516037
6.557,0.00830387396248738,-0.00138736954994029
6.558,0.00830773582655262,-0.00139604146052968
6.559,0.00831195868579143,-0.00140256622664409
6.56,0.0083246228383373,-0.00140480237019375
6.561,0.00834346416696192,-0.0014006386008571
6.562,0.00837539592181192,-0.00140318606680956
6.563,0.00842091166857738,-0.0014040052272915
6.564,0.00845565564866761,-0.00140460240592261
6.565,0.00848841931720793,-0.0014025949309322
6.566,0.00846887813256097,-0.0014110401953053
6.567,0.00845362958781826,-0.00141986061707999
6.568,0.00842682823112029,-0.00142804592065926
6.569,0.0084027462338637,-0.00143394921679396
6.57,0.0083693250371812,-0.00143956088316177
6.571,0.00831894335446926,-0.00144456813187682
6.572,0.00827606289973354,-0.0014441954595123
6.573,0.00828031008170956,-0.00143921439444078
6.574,0.00829030820214808,-0.00143143924053007
6.575,0.00830243500358521,-0.00142038822034274
6.576,0.00831347126974142,-0.00140349979574039
6.577,0.00833279469690518,-0.00138087267319947
6.578,0.00839261253517538,-0.00136218833228102
6.579,0.00843477700067265,-0.00134432889293606
6.58,0.00848973422542082,-0.00132329555855309
6.581,0.00853064828910486,-0.00129950172940946
6.582,0.00852687965233659,-0.00128867498807234
6.583,0.00850276104958598,-0.0012800901264553
6.584,0.00847885651216433,-0.00127157944832673
6.585,0.00845117762241275,-0.00126052213347627
6.586,0.00839203805951524,-0.0012519328052264
6.587,0.00833900949945901,-0.00124220344874743
6.588,0.00828268880605289,-0.00123009246879352
6.589,0.00822928870033103,-0.00121368897897794
6.59,0.00824028211633463,-0.00119279434284331
6.591,0.00824800022695395,-0.00116961901004314
6.592,0.00825963401921118,-0.00114407023430713
6.593,0.00827743194572294,-0.00111262202815182
6.594,0.00829550205071724,-0.00107527589931961
6.595,0.00832109273732873,-0.00103246943582702
6.596,0.00837249649865537,-0.000994911756090622
6.597,0.00841691503158196,-0.000958207115393184
6.598,0.0084640746540957,-0.000918712532275989
6.599,0.00844460105457405,-0.000896746596318165
6.6,0.00842354726689744,-0.000877139874715105
6.601,0.00840076023476976,-0.000859442616367889
6.602,0.00837846543788306,-0.000842446591534651
6.603,0.00834177002997799,-0.000824549814251063
6.604,0.00828910461638749,-0.000807777219066885
6.605,0.00822853444853076,-0.00079095754995484
6.606,0.00816884597922805,-0.000770190617800259
6.607,0.00809518030994862,-0.000746956507707675
6.608,0.00809511563301286,-0.000722791838082937
6.609,0.00810252844419772,-0.000694323493839688
6.61,0.00812093126032889,-0.000662132444568198
6.611,0.00814252682064877,-0.000623877279994689
6.612,0.0081780660943742,-0.000580072688960043
6.613,0.00825383364574032,-0.000542370340346432
6.614,0.00830200705807027,-0.000508471965352142
6.615,0.00836423380577085,-0.000474125159736383
6.616,0.00840870602230152,-0.000437555619961782
6.617,0.00839063388640638,-0.000418995175975767
6.618,0.0083621631331979,-0.000404411710734187
6.619,0.00833950731338785,-0.000391679808228906
6.62,0.00830624728934173,-0.000379614785556703
6.621,0.00827453532447867,-0.000367255106413222
6.622,0.00823088325808924,-0.000353035081133268
6.623,0.00814474316815142,-0.00034517955180885
6.624,0.00807627266701759,-0.000333940714956515
6.625,0.00798587947972621,-0.000322769705825787
6.626,0.00791090037350179,-0.000306297080409579
6.627,0.00791351815285242,-0.000286927258045466
6.628,0.00791835581175368,-0.000266167866930678
6.629,0.00792472120543099,-0.000241695133164299
6.63,0.00794752704871324,-0.000213749087142667
6.631,0.0079783786061503,-0.000178682575757316
6.632,0.00801594457011529,-0.000136592362496024
6.633,0.0080857895038784,-0.000106422995098054
6.634,0.00815812448303227,-7.50652529308837e-05
6.635,0.00821620147500197,-4.43621349905388e-05
6.636,0.00827818029817498,-1.1111132860786e-05
6.637,0.00833105376356363,2.21070986466398e-05
6.638,0.00831466276566732,3.61897694475255e-05
6.639,0.0082830592919213,4.583842625977e-05
6.64,0.008255082392889,5.29832843121913e-05
6.641,0.00822685942711425,6.02022597089302e-05
6.642,0.00819937618173252,6.77307162337271e-05
6.643,0.00813100435823196,6.76281991404681e-05
6.644,0.00808070480737533,6.96832127534686e-05
6.645,0.00801886652813442,7.21244741627158e-05
6.646,0.00794665143850433,7.60844921419146e-05
6.647,0.00788783490818141,8.54849185272788e-05
6.648,0.00790005991775527,9.88396038162365e-05
6.649,0.00791116919693675,0.000113931149335056
6.65,0.00792110618895689,0.000130899188004241
6.651,0.0079401459219587,0.000153485603693493
6.652,0.00796916653425777,0.000181533437484782
6.653,0.00803532455552312,0.000201269129765869
6.654,0.0080750020204833,0.000217358884429864
6.655,0.00813791170307259,0.000234937312673988
6.656,0.00817805369521589,0.000253099486785646
6.657,0.00823832510265156,0.000276034468268072
6.658,0.00821655933959026,0.000281227851852028
6.659,0.00819133347487466,0.000282170906117096
6.66,0.00817035518000324,0.000280901098268616
6.661,0.00813525677235427,0.000278839886811655
6.662,0.00805368118580361,0.000268403513453475
6.663,0.00799370870945368,0.000260732817782106
6.664,0.00792713824093848,0.000253988195767829
6.665,0.00786757547848471,0.000252093180588386
6.666,0.007802457846659,0.000253688947866704
6.667,0.00780900534453928,0.00025929641143918
6.668,0.00781627525417147,0.000268358629022303
6.669,0.00784032285463136,0.000280619867642717
6.67,0.00786873716432209,0.000298041675012073
6.671,0.00790496536520495,0.000320204419132386
6.672,0.00797587705674477,0.000333471895341886
6.673,0.00802913383120869,0.000344176130375184
6.674,0.00808352350714153,0.00035579990428708
6.675,0.00813214316308527,0.000367971591071381
6.676,0.00818083648575259,0.000384361928057408
6.677,0.00816843013548877,0.000383983565768131
6.678,0.00814159433044854,0.000379703842073642
6.679,0.00812004575871183,0.000372995716347857
6.68,0.00808027693989239,0.000365674913663239
6.681,0.00799666003182717,0.000350091228640936
6.682,0.00793367623456598,0.000337139865191904
6.683,0.00787209926082379,0.000326180172539603
6.684,0.00781534732371334,0.000319671611608785
6.685,0.00774628947252514,0.000316170583738284
6.686,0.00768771453494209,0.000318899857892185
6.687,0.00769859440658926,0.000324891892333368
6.688,0.00771664510238258,0.000331998834525671
6.689,0.00773326333474601,0.000342669360544834
6.69,0.00775738725875402,0.000357193553213619
6.691,0.00782551518957056,0.000363878976356591
6.692,0.00786170368960434,0.000365237706384136
6.693,0.00791617222774276,0.000367199737760449
6.694,0.00795629734044033,0.000370520152694676
6.695,0.00800917499765913,0.000375745205862532
6.696,0.0080611403735282,0.000386935492381391
6.697,0.0080312518823506,0.000380043356183357
6.698,0.00800293977244634,0.000370539874051778
6.699,0.00797473215551681,0.000359830063024535
6.7,0.00794902891372775,0.000348861292086278
6.701,0.00790278474220896,0.000332529428985651
6.702,0.00786759013075246,0.000317674859413586
6.703,0.0078193052242401,0.000303177530571352
6.704,0.00776750851182514,0.000290786042399738
6.705,0.0077245161376778,0.00028341421059358
6.706,0.0076620773747881,0.000278717603971967
6.707,0.00767581807617306,0.000275352406139684
6.708,0.00769069269328912,0.000275627179517235
6.709,0.00771470422078885,0.00027868801622305
6.71,0.00774926653042272,0.000287334946098172
6.711,0.00776921338547433,0.00028267468755977
6.712,0.00781456308679254,0.000278423809596862
6.713,0.00785099452146519,0.000274104801637032
6.714,0.00787668231840594,0.000271086614747451
6.715,0.00791672082381567,0.000270197206529266
6.716,0.00795007325469065,0.000273047874434718
6.717,0.00790648819002143,0.000262073045675881
6.718,0.00786322698697753,0.000248330174456135
6.719,0.00782396530948853,0.000234738677573954
6.72,0.00779448418035789,0.000219064911746336
6.721,0.00774388241267523,0.000201154803173564
6.722,0.00769621505397268,0.000186323342957373
6.723,0.0076429989868549,0.000174409474319126
6.724,0.00759246099222184,0.000167356781824612
6.725,0.00759991452499677,0.000163933381726433
6.726,0.00762589966783661,0.000162555136110409
6.727,0.00765666342657677,0.000166595287459381
6.728,0.00769368866991661,0.000175526076962251
6.729,0.00773920521129894,0.000173521743501714
6.73,0.00779249746403974,0.000172073400839912
6.731,0.00783926804237535,0.000171460049097072
6.732,0.00787973396351412,0.000172754074322323
6.733,0.00792573735398146,0.000175620197345516
6.734,0.00789880633635842,0.00016282948393137
6.735,0.00786635993579436,0.000148264671861131
6.736,0.00783672538906821,0.000132594828210264
6.737,0.00780832059039688,0.000117544871828301
6.738,0.00774997249125183,9.83331527760201e-05
6.739,0.00770361683611612,8.01183547755602e-05
6.74,0.00765353577005953,6.39034583889142e-05
6.741,0.0075926293744849,4.96977901236484e-05
6.742,0.00754694430391335,4.1814628011061e-05
6.743,0.00756413472999786,3.88816573560491e-05
6.744,0.00758270042129949,3.84302728360653e-05
6.745,0.00759955355918861,4.13203012369356e-05
6.746,0.00762164491202247,4.94932090303601e-05
6.747,0.00766080312321486,4.79974854729615e-05
6.748,0.0077039452337073,4.62404557856066e-05
6.749,0.0077257088510624,4.3337487037276e-05
6.75,0.00777460790116481,4.30800720204738e-05
6.751,0.00780085100454189,4.41956550959466e-05
6.752,0.00777550506794536,3.22708367254121e-05
6.753,0.00773810002118,1.82603319362484e-05
6.754,0.00770281334403396,4.1655102454019e-06
6.755,0.0076662621174452,-1.22788756983239e-05
6.756,0.00762834791669494,-2.78115322656092e-05
6.757,0.00758010625057901,-4.2121235390602e-05
6.758,0.00753229396417997,-5.39521314694147e-05
6.759,0.00748298847863296,-6.16965419980575e-05
6.76,0.00745048895507615,-6.37227571297361e-05
6.761,0.00747470738436487,-6.16751860217368e-05
6.762,0.00750543139757287,-5.77851510134564e-05
6.763,0.00753953983893411,-4.9539485137251e-05
6.764,0.0075658735427809,-5.30822324962821e-05
6.765,0.00761165409480251,-5.66850759355364e-05
6.766,0.00764519233439203,-6.03768717332698e-05
6.767,0.00768002267822407,-6.20720750044157e-05
6.768,0.00771194467797691,-6.22740905617536e-05
6.769,0.0077475913562987,-5.68373523670007e-05
6.77,0.00772779837844557,-6.39392528383187e-05
6.771,0.00768961800465641,-7.32371274489996e-05
6.772,0.00763347024212362,-8.6647601678258e-05
6.773,0.00758904879690839,-9.7967729126236e-05
6.774,0.0075398934007796,-0.000107581235748444
6.775,0.00748740036440829,-0.00011410813696261
6.776,0.00743283448429584,-0.000115511321677308
6.777,0.00745430488674489,-0.000113347698767252
6.778,0.0074738283173657,-0.000107514819422616
6.779,0.00750060249167503,-9.69851434595159e-05
6.78,0.00754184084010952,-9.51281176420071e-05
6.781,0.00756403630190896,-9.68554936841559e-05
6.782,0.00759135081878749,-9.70983470222619e-05
6.783,0.00763291410147054,-9.46290503605618e-05
6.784,0.00766229429881372,-8.97091388518123e-05
6.785,0.00762206888231131,-9.84750792695221e-05
6.786,0.00757734494071406,-0.000108327309790823
6.787,0.00753053290455064,-0.000118007609653026
6.788,0.00748428486714637,-0.000129444686985891
6.789,0.00743774310535356,-0.000139669158276956
6.79,0.00738706654822293,-0.000147590556350941
6.791,0.00733502503368334,-0.000152582179763716
6.792,0.00728383559050018,-0.000152690362916874
6.793,0.00730712309707901,-0.00014931385716388
6.794,0.00732870850139191,-0.000142517771422823
6.795,0.00736031504486094,-0.000130184931844302
6.796,0.0073941464277098,-0.000112400069369578
6.797,0.00744630037271523,-0.00010392250704383
6.798,0.00747497977699848,-9.8277192161822e-05
6.799,0.00752214344460335,-9.11983432806407e-05
6.8,0.00756126328520733,-8.18254780565741e-05
6.801,0.00752146816172393,-8.82574432067296e-05
6.802,0.00748369157120845,-9.68229970766399e-05
6.803,0.0074468430918397,-0.000105708268209104
6.804,0.00741404655605894,-0.000114146937036486
6.805,0.00737162898232798,-0.00012467236274194
6.806,0.00732091449395413,-0.000136120362983772
6.807,0.00727937420625008,-0.000143530881616616
6.808,0.00722998269502966,-0.000148025065378588
6.809,0.00724096171501873,-0.000148761108262396
6.81,0.00725918119744721,-0.00014825164776483
6.811,0.00729467957823898,-0.000141840003754834
6.812,0.00733319786825344,-0.000129682337413783
6.813,0.00738476248359989,-0.000124744678334898
6.814,0.00741627816502392,-0.000121513894825287
6.815,0.00746717224393147,-0.000116351808155335
6.816,0.00750949988017236,-0.000108740339961111
6.817,0.0074684241949347,-0.000116360501527579
6.818,0.00742951001952864,-0.000125449785770226
6.819,0.00739189470000017,-0.000134330195622978
6.82,0.00735747320895072,-0.000142386632635494
6.821,0.00731709191800948,-0.00015195605598517
6.822,0.00726985308409912,-0.000161643905660258
6.823,0.00723228139326987,-0.000167614111840075
6.824,0.00718487187782859,-0.000170417568020165
6.825,0.00720160844306692,-0.000169530081668035
6.826,0.00722256602783205,-0.000167146315334765
6.827,0.00725542937981501,-0.000159352605955954
6.828,0.0072967492634772,-0.000146356982395901
6.829,0.00735552351026982,-0.000139808860465551
6.83,0.0073946743496372,-0.000135566492070638
6.831,0.00742929313202428,-0.000130824861772461
6.832,0.00747533198010497,-0.000121313299125902
6.833,0.00744944016026483,-0.000125789479716754
6.834,0.00742046797654957,-0.000132752617485299
6.835,0.00739556983154834,-0.000140588881343828
6.836,0.0073715974555196,-0.000149147441145636
6.837,0.00733458785929184,-0.000158136800124664
6.838,0.00730373723446801,-0.00016300432414118
6.839,0.00725727833823909,-0.000165172482624265
6.84,0.00722677980714953,-0.000160977268661933
6.841,0.00726997710721434,-0.000152069157930201
6.842,0.00731170765814064,-0.000138988516076688
6.843,0.00734328490844433,-0.000138313630198117
6.844,0.00738929747040262,-0.000137722613343216
6.845,0.00742475590155124,-0.000137449854656579
6.846,0.00745881014552834,-0.000134846987385584
6.847,0.00750028291254605,-0.000129107853578558
6.848,0.00747011476682121,-0.00013583650185145
6.849,0.00744195336832012,-0.000142143804858663
6.85,0.00740136487618384,-0.000151897258600098
6.851,0.00737440335583909,-0.000158783302491305
6.852,0.00733724199266945,-0.000163680802438171
6.853,0.00730311196999769,-0.000164871032538427
6.854,0.0073276433289939,-0.000161612422693136
6.855,0.00735353263381299,-0.000156256742797678
6.856,0.00739443363579299,-0.00014511843849685
6.857,0.00743043457821893,-0.000128023067047178
6.858,0.00745715772936039,-0.000121679698006028
6.859,0.00749924645731267,-0.000112582757937518
6.86,0.00753453980270744,-0.000102500469145006
6.861,0.0075677563786286,-9.05193414691419e-05
6.862,0.00752990146045151,-9.33358177186983e-05
6.863,0.00749179573230103,-9.81905807925787e-05
6.864,0.00745811262119822,-0.00010357495693436
6.865,0.00742210932056703,-0.000108297078784791
6.866,0.00737576764450265,-0.000115649638112725
6.867,0.00733784409574488,-0.000121651084775021
6.868,0.00728594826372108,-0.000126478454809786
6.869,0.00724111916322797,-0.000126790678623367
6.87,0.00726968156407446,-0.000123559067548851
6.871,0.00730033381260869,-0.000117598127467866
6.872,0.007334304639994,-0.000108031758996985
6.873,0.00736304252817084,-9.36356213577794e-05
6.874,0.00740229329533706,-8.96720722696753e-05
6.875,0.0074383951340471,-8.5846891903385e-05
6.876,0.00747448146919523,-8.0900722315147e-05
6.877,0.00750228628285389,-7.45907922851674e-05
6.878,0.00754605091224636,-6.50417323999619e-05
6.879,0.00751174506573828,-7.01004471996836e-05
6.88,0.00747662142839672,-7.7779131293032e-05
6.881,0.00744155941403564,-8.53941038508887e-05
6.882,0.00740796720102629,-9.479968110776e-05
6.883,0.00737576445281056,-0.000103321196894823
6.884,0.00733975570319241,-0.000109958535322252
6.885,0.00730137485031597,-0.000113269185775311
6.886,0.00726402769682116,-0.000111963862294173
6.887,0.0072895489424012,-0.000106937031890963
6.888,0.00731803735115669,-0.000100746114883588
6.889,0.00735730264982502,-8.92238002895285e-05
6.89,0.00740468543710983,-7.22214027969459e-05
6.891,0.00746597435904335,-6.31520204626979e-05
6.892,0.007505690289122,-5.71192265848008e-05
6.893,0.00755359829743386,-4.99710903879569e-05
6.894,0.0075831910577288,-4.2176178928377e-05
6.895,0.00755793372075991,-4.8733144678681e-05
6.896,0.00752314488604356,-5.81075788099183e-05
6.897,0.00748945950004375,-6.86766629741098e-05
6.898,0.00745284536329181,-7.83952345808081e-05
6.899,0.00739304780068473,-9.32041556023222e-05
6.9,0.0073517070778583,-0.000104626578535938
6.901,0.00730183041689888,-0.000113945506955759
6.902,0.00725394941674397,-0.00011950312392045
6.903,0.00728021390975376,-0.000121372526520669
6.904,0.00730118330027781,-0.000120916032072704
6.905,0.00732739639747991,-0.000116435948286697
6.906,0.00736424475612224,-0.000103700433144172
6.907,0.00740453529745793,-7.71782321542513e-05
6.908,0.00743103115021965,-5.17350798795446e-05
6.909,0.00743627057455416,-2.23897393689665e-05
6.91,0.00745449391564858,1.64119140804719e-05
6.911,0.00746543644519101,6.21888777866952e-05
6.912,0.00743800865565729,9.70644150791178e-05
6.913,0.00743718898806553,0.000134587868009239
6.914,0.00743673738526955,0.000174626334723704
6.915,0.00743674258472031,0.000218727897523807
6.916,0.00743726775818897,0.000268054271593821
6.917,0.00743861227066978,0.000323631467287255
6.918,0.00744114469576741,0.000386408168591146
6.919,0.00746337529964451,0.000432386155058195
6.92,0.00746461357160414,0.000470466903969347
6.921,0.00747360335766731,0.000505612227943819
6.922,0.00748075316260769,0.000538773169784901
6.923,0.00749216339696796,0.000571784574588785
6.924,0.00746080195703228,0.000597593985123324
6.925,0.00742252250418022,0.000624172189804484
6.926,0.00737215069518534,0.000656542971353424
6.927,0.00732005264404434,0.000695588234678746
6.928,0.00730522748581392,0.000731089556566533
6.929,0.00729604408763106,0.000766229610932756
6.93,0.00729075893238592,0.000801902784000941
6.931,0.00728937914190186,0.000838874585375016
6.932,0.00729203251820024,0.000877748935695477
6.933,0.00733997370420496,0.000919281954794127
6.934,0.00739256538089377,0.000964488325896573
6.935,0.00744836802465329,0.00101396791911362
6.936,0.00751141361950872,0.00106942817015571
6.937,0.00758412387368844,0.00112993058481381
6.938,0.00765630408332738,0.00118604671430195
6.939,0.00771493610129032,0.00123709525595328
6.94,0.00767066511678383,0.00126225440431854
6.941,0.00761649288929774,0.00127466081808575
6.942,0.00756027752061771,0.00127931525932856
6.943,0.0075025570893165,0.00127808164453319
6.944,0.00744363835562242,0.00127258280453385
6.945,0.00741334334874865,0.0012617267963258
6.946,0.00738425706158577,0.00124668186452859
6.947,0.00735639655040453,0.00122942395283004
6.948,0.00732961689966618,0.00121155086346564
6.949,0.00734335888554026,0.00118979059246715
6.95,0.00736639040243434,0.00116984143232879
6.951,0.00739917979064926,0.00115250831227443
6.952,0.00743453932786905,0.0011396004633461
6.953,0.00747347182079332,0.00113212659283091
6.954,0.00753050786339351,0.0011195717967149
6.955,0.00756586735286404,0.00110997273754931
6.956,0.00753666553339538,0.00108666359366777
6.957,0.00748418201441529,0.0010636441904206
6.958,0.00742546249276267,0.00104187310003212
6.959,0.00735656213365075,0.0010216927394463
6.96,0.00728078172104539,0.00100270761047461
6.961,0.00719667865844447,0.000985570529993762
6.962,0.00710869305168572,0.000971174968706801
6.963,0.00701368458675659,0.000959093731451199
6.964,0.0069444798297381,0.000949830934695028
6.965,0.00685392381376646,0.000943459686617409
6.966,0.00677753195877429,0.000944036960699612
6.967,0.00678096797786243,0.000945313582630614
6.968,0.00680193882137541,0.000946613183111567
6.969,0.00683991875050656,0.000951294034626904
6.97,0.00687076520354686,0.000938967484479136
6.971,0.00690144755951968,0.000920932378907169
6.972,0.00693652896142497,0.000899651603771034
6.973,0.006963415627927,0.000875248229602998
6.974,0.00700858329015733,0.00085096890060582
6.975,0.00703705813260658,0.000824686195914748
6.976,0.00707690957901885,0.000800353081317151
6.977,0.00710941907177511,0.000777056513255325
6.978,0.00716135463627411,0.000752595500575381
6.979,0.00721363550899423,0.000727921007873888
6.98,0.00723028188990014,0.000692115775753677
6.981,0.00725841545934063,0.000654231896085045
6.982,0.00727625194833599,0.000613757401624226
6.983,0.00730856373799985,0.000574783768414133
6.984,0.00732828505635076,0.000536640773433572
6.985,0.00735828829503161,0.000502169872010905
6.986,0.00738861596306875,0.000472655738179506
6.987,0.00741804068529795,0.000448023946127973
6.988,0.00739580643342153,0.000412022179021254
6.989,0.00736763515117453,0.000373724049299806
6.99,0.00733916539156493,0.000334654635585352
6.991,0.00730753874115335,0.000295438852776719
6.992,0.00727563819026218,0.000257865870645024
6.993,0.00722298327417676,0.000210702239688665
6.994,0.00718898851626295,0.000163767224856337
6.995,0.00713763932369678,0.000115559666156728
6.996,0.00709749808317042,7.03864180647829e-05
6.997,0.00711991588908961,2.51834647158056e-05
6.998,0.00714735947938919,-1.63815420541891e-05
6.999,0.00718140056292479,-5.59314449707915e-05
7,0.00721944280122876,-9.17545858951097e-05
7.001,0.00727392416207478,-0.000127464770977581
7.002,0.00731723568391151,-0.000162575419506317
7.003,0.007358217073622,-0.000196310566848046
7.004,0.00739944259083008,-0.000226288561122501
7.005,0.00744407634536698,-0.00025178471324977
7.006,0.00748761153348158,-0.000272894143092506
7.007,0.00753146240288765,-0.000288817338752023
7.008,0.00757588422437435,-0.000299707897471913
7.009,0.00756730402869965,-0.000319879774717147
7.01,0.00754021481772476,-0.000343081836981285
7.011,0.00748687080083765,-0.000379319474357487
7.012,0.00745628413735006,-0.000416676870010624
7.013,0.0074099235906989,-0.000456544779717738
7.014,0.00743561579752977,-0.000494366207823282
7.015,0.00746698040040612,-0.000529383108533066
7.016,0.00749671031251333,-0.00056017300526201
7.017,0.00753288772236187,-0.000586684480979038
7.018,0.00757723572524074,-0.00060609913983356
7.019,0.007625369040654,-0.000618092851391083
7.02,0.00767610374512298,-0.00062237051439934
7.021,0.00772967432003081,-0.000619206028809993
7.022,0.00777162192504458,-0.000615179155019741
7.023,0.00782429088153798,-0.000605205234220696
7.024,0.00787528962898244,-0.000589952098614566
7.025,0.00785870568433103,-0.000585903215851558
7.026,0.00784122238279568,-0.000582330394612585
7.027,0.00781506802492097,-0.000576099444114742
7.028,0.00777134296657398,-0.000568125873917857
7.029,0.00772298027827692,-0.000551872685945309
7.03,0.00767105159653258,-0.000540727876552904
7.031,0.00763615655433059,-0.000523456188110893
7.032,0.00766018208138772,-0.000503609865309229
7.033,0.00770003398962219,-0.000475570009790316
7.034,0.00774684051316003,-0.000440272935794239
7.035,0.00779283829248253,-0.000395579945233482
7.036,0.0078629458707268,-0.00034485440907267
7.037,0.00791203657854862,-0.000289280337576525
7.038,0.007957349262732,-0.000226701159340537
7.039,0.00800061636676653,-0.000156433090549413
7.04,0.00803194028054169,-7.92344283902513e-05
7.041,0.00808077968341065,9.60919062914511e-06
7.042,0.0081290878023826,0.000106194296620843
7.043,0.00811854233623918,0.000179903110506419
7.044,0.00813864807141744,0.000250135923255346
7.045,0.00812994830222967,0.000312838023452444
7.046,0.00814377122591914,0.000373923776687213
7.047,0.00814057604912065,0.000431427033669274
7.048,0.00810417896013428,0.000478004813225907
7.049,0.00805628267046318,0.000517098182423847
7.05,0.00800184013429689,0.000553435597455465
7.051,0.0079545191157478,0.0005874394681053
7.052,0.00791318540849766,0.00062167602566382
7.053,0.00795311060792683,0.000654925753790281
7.054,0.00799546279296617,0.000684768268662928
7.055,0.0080429873464658,0.000714854622205663
7.056,0.00808492080571693,0.000724752301560938
7.057,0.00812099571133017,0.000726526929042848
7.058,0.00816376368372454,0.000722356104366828
7.059,0.00819354092303852,0.000713130106963722
7.06,0.00822910329978256,0.000700933005244042
7.061,0.00819166267289516,0.000668904357614852
7.062,0.00814817209082992,0.0006284108130723
7.063,0.00810294906069363,0.00058365289019735
7.064,0.00805890319018834,0.000535795676745054
7.065,0.00801672534019277,0.000486034128852675
7.066,0.00797445993035087,0.000434296895937047
7.067,0.00791628297911207,0.000374634236553151
7.068,0.00786974211275836,0.000314791371333445
7.069,0.00780675596743822,0.000252389659927466
7.07,0.00781564390725062,0.000188832954512275
7.071,0.0078255110303776,0.00012493692707144
7.072,0.00784242865456233,6.07965512526842e-05
7.073,0.00786658369753052,-1.3929721096595e-06
7.074,0.00788931771414173,-6.03368346591693e-05
7.075,0.00792057516243032,-0.000115675907841506
7.076,0.00795473148626095,-0.000165696013271432
7.077,0.00799617202711726,-0.000210900127538327
7.078,0.00803737417046303,-0.000250340579944386
7.079,0.00808352371208645,-0.000284502354892469
7.08,0.00813185522037105,-0.00032363448814321
7.081,0.00812401253034377,-0.000377257173957646
7.082,0.00811353385401663,-0.000432443289934969
7.083,0.00809497181272214,-0.000489669798534043
7.084,0.00807348791669112,-0.000545290170345714
7.085,0.00804708325395867,-0.000599170331472054
7.086,0.00801495330484405,-0.000649869389575564
7.087,0.00797322923919245,-0.000700602840367326
7.088,0.00794749925028919,-0.000747277021572179
7.089,0.00796772247177397,-0.000790487758922487
7.09,0.00800337228393785,-0.000832564014777659
7.091,0.0080357903072261,-0.000870459150342284
7.092,0.00807443352717212,-0.00090363423323836
7.093,0.00810889351994683,-0.000931048765559495
7.094,0.00814519780462116,-0.000952597072160444
7.095,0.00818500430902691,-0.000967269924094294
7.096,0.00823130205292432,-0.000985983795043499
7.097,0.00826475890664381,-0.00100502000688812
7.098,0.00830292096857057,-0.00102080314014574
7.099,0.00827868090782485,-0.0010499974517974
7.1,0.00825614451354436,-0.00108113475442706
7.101,0.00823333347674133,-0.00111179148802837
7.102,0.008209850093241,-0.00114109433754767
7.103,0.00818526726261722,-0.0011669896063683
7.104,0.00815868414073346,-0.00118929870044676
7.105,0.00810828046296785,-0.00121253351764744
7.106,0.00807942688032185,-0.00123041984956568
7.107,0.00803915230120267,-0.00124422369227317
7.108,0.00801274824707635,-0.00125184975184478
7.109,0.00797290890143759,-0.00125317241203671
7.11,0.00799936953861942,-0.00125096474762887
7.111,0.00802200465778118,-0.00124448945988165
7.112,0.00804244540487923,-0.00123539884374624
7.113,0.00806802057342082,-0.0012215054230762
7.114,0.00810011653269305,-0.0012006927875613
7.115,0.00812867663574192,-0.00118925372800277
7.116,0.00816616973478187,-0.00117739073079104
7.117,0.00819069753548923,-0.00116609143216423
7.118,0.00822956523689495,-0.00115145580732873
7.119,0.0082576635866613,-0.00113510354189711
7.12,0.00821941460289254,-0.00113406662393017
7.121,0.0081770166208736,-0.00113264405134955
7.122,0.00813486014779536,-0.00113058701094138
7.123,0.00809243505660739,-0.00112665806844781
7.124,0.00804734097184211,-0.00112604185680726
7.125,0.00800445681728179,-0.00112249104241974
7.126,0.00795994994966576,-0.00111664037593939
7.127,0.00791561241975705,-0.00110706604214145
7.128,0.00793140134645488,-0.00109338080404392
7.129,0.00796420509995414,-0.00107824913254073
7.13,0.00799876667012973,-0.00105700394677655
7.131,0.00803653990825979,-0.0010307973079009
7.132,0.00807822313040903,-0.000998031215959538
7.133,0.00812416203734967,-0.000958593340523062
7.134,0.00817142830549112,-0.000927488832745738
7.135,0.0082148031332663,-0.000897501174663418
7.136,0.00825760196233446,-0.000866693153160458
7.137,0.00822987960068529,-0.000851851207547105
7.138,0.0081953994466719,-0.000843400050858034
7.139,0.0081593221150859,-0.00083548562551633
7.14,0.00812288492559383,-0.000827817671897879
7.141,0.00808007465111524,-0.000819585994956518
7.142,0.00803174502730825,-0.000808287387186857
7.143,0.00796842777546218,-0.00079801584113276
7.144,0.0079124429049041,-0.000782695121039789
7.145,0.00784943118712907,-0.00076478766395599
7.146,0.00787124898972403,-0.000742986469386198
7.147,0.00788909734392806,-0.000718405082138052
7.148,0.00790625651985401,-0.00069094261955116
7.149,0.00794031878285953,-0.000657895594365243
7.15,0.00798038131481056,-0.000618742793164206
7.151,0.00800575445860226,-0.000591298889568714
7.152,0.00804768318671912,-0.000563170213467079
7.153,0.00809003228652619,-0.000534071752080145
7.154,0.00805943757021738,-0.000520710486086429
7.155,0.00802192501460637,-0.000512180465673306
7.156,0.00797967387424973,-0.000505053934025501
7.157,0.00794124091858991,-0.0004962713518607
7.158,0.00789481072596364,-0.000486812575404949
7.159,0.0078408887261761,-0.000473221391529499
7.16,0.0077744299638833,-0.000460813893847334
7.161,0.00771616395862054,-0.000443724175814064
7.162,0.00774128221804747,-0.000423741063164729
7.163,0.00776672351980905,-0.000403605931832807
7.164,0.00779082546126153,-0.000380378326159725
7.165,0.00781983351096732,-0.000353553255042216
7.166,0.00786191458982398,-0.000318963469911393
7.167,0.00790741008506455,-0.000279139652614779
7.168,0.00797727858392178,-0.000245858364943785
7.169,0.00802626101936636,-0.000216346471213602
7.17,0.00808151493856767,-0.000185719905172688
7.171,0.00805565899963139,-0.000173246345652966
7.172,0.00803124136226953,-0.000164968262603982
7.173,0.0080085007625972,-0.00015801242070268
7.174,0.0079776524000405,-0.000153882185191134
7.175,0.00793103813804488,-0.000149540496925282
7.176,0.00786640174454611,-0.00014783911662225
7.177,0.00782406356631957,-0.000142574669435513
7.178,0.0077652455194349,-0.000133843015806268
7.179,0.00772144012916526,-0.000119203456183159
7.18,0.00774946579623096,-0.0001004246727625
7.181,0.00779418904260216,-8.064923704032e-05
7.182,0.00784128316845542,-5.52607273235917e-05
7.183,0.0078869184923249,-2.60197743231494e-05
7.184,0.00793882606271559,8.11189277172275e-06
7.185,0.00798405176233776,2.91712978821024e-05
7.186,0.00803167504460888,4.80829350680834e-05
7.187,0.00807502305845706,6.58945217333895e-05
7.188,0.00813084887021735,8.50396637711581e-05
7.189,0.00816661796520142,0.000103215074168272
7.19,0.00813125547425554,0.000103195387181454
7.191,0.00809099754660463,0.000100741188726494
7.192,0.00804657564873748,9.58174113530608e-05
7.193,0.00799768092746876,9.13336715462898e-05
7.194,0.00795158594186648,8.90832377795636e-05
7.195,0.00789542922756037,8.19301633908087e-05
7.196,0.00785028727401376,7.90276179715166e-05
7.197,0.0077882905129545,7.65121105121835e-05
7.198,0.00774005806817884,7.92808483250362e-05
7.199,0.00775551425784177,8.45898633078379e-05
7.2,0.00779358575576592,9.09295529363807e-05
7.201,0.00783280702506808,0.000101287023127283
7.202,0.00787646924101112,0.000116974285191362
7.203,0.00792283465646471,0.000139645166984781
7.204,0.00797913930777307,0.000169278121223526
7.205,0.00803761202329605,0.000188938085369128
7.206,0.00808133446506513,0.000205218144059605
7.207,0.00813618431228816,0.000222529322011278
7.208,0.00810392698933922,0.000219471361628865
7.209,0.00807068425288464,0.000213598853663066
7.21,0.00803559155071946,0.00020537566722717
7.211,0.00799988146162114,0.000198113607032202
7.212,0.00795071146266885,0.00018972584931698
7.213,0.00791026715782354,0.000178920733848342
7.214,0.00786514184457435,0.000170828082383445
7.215,0.00781097820131174,0.000165831239519132
7.216,0.00784396422844352,0.000163604401937634
7.217,0.00787796998922941,0.000164356329102389
7.218,0.00791325066730629,0.000167932773499524
7.219,0.00795578598727573,0.00017618109927181
7.22,0.00799207053429368,0.000190515295811045
7.221,0.0080362006184966,0.000210200788362758
7.222,0.00808528545017238,0.000222400629974473
7.223,0.00812056820521933,0.000232427431383075
7.224,0.00815065232504741,0.00024278396853894
7.225,0.00810381422063061,0.00023576685945309
7.226,0.00805694119583282,0.000224895916704215
7.227,0.00801180318744297,0.000212825268872119
7.228,0.00797083245849342,0.00020103711465036
7.229,0.00790787643817805,0.000185349782319488
7.23,0.00787155595911188,0.000174071174325108
7.231,0.00782460130839885,0.000165885204954141
7.232,0.00777527741129508,0.00016212081170025
7.233,0.00773779790665161,0.000163308366550263
7.234,0.00775991507207999,0.000168881756764383
7.235,0.00780075894578962,0.000176117677189447
7.236,0.00784527588023531,0.000189981336965239
7.237,0.00786503999455776,0.000189048822013982
7.238,0.00790627173681662,0.000187012866872227
7.239,0.00794216973033381,0.000184087501063079
7.24,0.00797915448110614,0.000182152161229743
7.241,0.00801431811986211,0.000181579022205225
7.242,0.00797816902800488,0.000164047279970492
7.243,0.00793342295874149,0.000145931886496586
7.244,0.00789276576543491,0.000128251574593174
7.245,0.00784576823669093,0.000110432834257823
7.246,0.00781396825944988,9.15326922719673e-05
7.247,0.0077728626691379,7.54883418227492e-05
7.248,0.00773940519934363,6.3804840377657e-05
7.249,0.00769415819134628,5.60906974035325e-05
7.25,0.00772518910980515,5.26483836434943e-05
7.251,0.00775419947890178,5.31003592932344e-05
7.252,0.00778364424673487,5.67906022916342e-05
7.253,0.00781682180190204,6.61713384708107e-05
7.254,0.00782772680762512,6.39291802357889e-05
7.255,0.00785925386052785,6.20373922324835e-05
7.256,0.00788367083179979,5.99230854416155e-05
7.257,0.0079160828600477,6.0176696280001e-05
7.258,0.00794420515999828,6.24692723528164e-05
7.259,0.00789718820548095,4.87579223452106e-05
7.26,0.00784648429426841,3.50123340929764e-05
7.261,0.00779739382070409,2.20506263016174e-05
7.262,0.00775912991829983,8.26763048311641e-06
7.263,0.00771084232552219,-3.90872938987874e-06
7.264,0.00766911311108856,-1.32628953131153e-05
7.265,0.00761902527008598,-1.93517324840187e-05
7.266,0.00758430215275888,-2.05600019077545e-05
7.267,0.00761596529652641,-1.70231841369883e-05
7.268,0.00765151984143735,-1.23661281530851e-05
7.269,0.00769349936643455,-3.25810601314869e-06
7.27,0.00773047720102076,1.11388555375513e-05
7.271,0.00776836322501705,1.44982196377819e-05
7.272,0.00780506268339513,1.65669785220368e-05
7.273,0.00784339970878782,1.86386753642243e-05
7.274,0.00788794060290888,2.22832755936708e-05
7.275,0.00792161479755771,2.6950035868667e-05
7.276,0.00789629463402469,1.6335193568584e-05
7.277,0.00785502670436007,2.85438166031105e-06
7.278,0.00780992047019471,-1.23647130292337e-05
7.279,0.00776655882846405,-2.5288041065108e-05
7.28,0.0077012285289525,-4.27471986885197e-05
7.281,0.00766168728960342,-5.62794727659299e-05
7.282,0.00760974253838675,-6.74922121188803e-05
7.283,0.00757485933089427,-7.36059643265397e-05
7.284,0.00761173877426637,-7.45887875132634e-05
7.285,0.00764711319959314,-7.38067460579472e-05
7.286,0.00767903856251422,-6.8892258560993e-05
7.287,0.00771592748252673,-5.92437913531918e-05
7.288,0.0077572493862525,-4.29017334452331e-05
7.289,0.00780458501337821,-2.00420347736818e-05
7.29,0.00786649403728429,-4.93170612358984e-06
7.291,0.00790656286963592,5.83017029870403e-06
7.292,0.00795784368364998,1.80570201343544e-05
7.293,0.00791925585002047,1.03809615515926e-05
7.294,0.0078799111680109,-1.48128479054987e-06
7.295,0.00784206116575941,-1.39890248050389e-05
7.296,0.00780907895398912,-2.64563362070147e-05
7.297,0.00777029761637841,-3.93076839286244e-05
7.298,0.00772619445754247,-4.92731819294323e-05
7.299,0.00765717925470479,-6.33434731447391e-05
7.3,0.00761524846501716,-7.31250805650063e-05
7.301,0.00755955498233654,-7.94281022257204e-05
7.302,0.00758745390864274,-8.27525603229184e-05
7.303,0.0076131057215247,-8.27428176681799e-05
7.304,0.00763619160550698,-8.02473376095847e-05
7.305,0.00766901705148326,-7.22973936519988e-05
7.306,0.00770067802230678,-5.87946586080301e-05
7.307,0.00774875586122105,-3.76448772695936e-05
7.308,0.00778444070795782,-2.60606799461494e-05
7.309,0.00782091173688646,-1.58268559157237e-05
7.31,0.00786778429782973,-4.42510910531047e-06
7.311,0.00782973347982651,-1.28004178650554e-05
7.312,0.00778797622580963,-2.34086388911092e-05
7.313,0.00774660290708939,-3.54384839259536e-05
7.314,0.00770696646072604,-4.68779220842985e-05
7.315,0.0076698875280648,-5.70025243310512e-05
7.316,0.00762612822248272,-6.63046717035987e-05
7.317,0.00759969496764631,-7.64127297214756e-05
7.318,0.00756115115567144,-8.44838634733724e-05
7.319,0.00754012094507825,-8.83831259729795e-05
7.32,0.00756153094040512,-9.17074693789766e-05
7.321,0.00760389427798245,-9.16949731667449e-05
7.322,0.0076457370637152,-8.77029277777108e-05
7.323,0.0076878982700451,-7.90805836064501e-05
7.324,0.00773362747334393,-6.42651876681111e-05
7.325,0.00778730314431345,-4.24504072623622e-05
7.326,0.00783251423047294,-2.91558685703297e-05
7.327,0.00787248950670815,-1.72460297569454e-05
7.328,0.00783390074449505,-2.3587882700904e-05
7.329,0.0077960284812493,-3.24735013351174e-05
7.33,0.00775928874602616,-4.2796431773573e-05
7.331,0.0077174006888408,-5.35217442300118e-05
7.332,0.00767617977286107,-6.15048742541591e-05
7.333,0.00762882816600137,-6.82591817047773e-05
7.334,0.00757971428380749,-7.71920651276847e-05
7.335,0.00753423907497321,-8.16567918015543e-05
7.336,0.0075715146932413,-8.30832570157813e-05
7.337,0.00760811231799721,-8.32381901790802e-05
7.338,0.00764487626922869,-8.00527920155059e-05
7.339,0.00767821864377404,-7.29159290670522e-05
7.34,0.00772248318286682,-6.06838809703025e-05
7.341,0.00776695230903584,-4.25364672765327e-05
7.342,0.0078093581451087,-3.19779598103032e-05
7.343,0.0078464117576544,-2.24086181316308e-05
7.344,0.00788852691277042,-1.10950507182794e-05
7.345,0.00785574210844447,-1.62989953118586e-05
7.346,0.00782226926714497,-2.57292355764771e-05
7.347,0.0077910229049291,-3.63029497714717e-05
7.348,0.00775048860938507,-4.90952272305112e-05
7.349,0.00773284260403057,-6.26356217735546e-05
7.35,0.00770390969913078,-7.33765247859508e-05
7.351,0.00767593000779365,-7.9424379220705e-05
7.352,0.00765867478576503,-8.07452746924286e-05
7.353,0.007627593322738,-7.66999509940192e-05
7.354,0.00766341767290033,-6.90022620435382e-05
7.355,0.00770403993360355,-5.65802152207029e-05
7.356,0.00774420337426524,-4.07708239040239e-05
7.357,0.00776184784891534,-3.72707846443276e-05
7.358,0.00779099425303501,-3.49172097973693e-05
7.359,0.00782210233815711,-3.27029630201037e-05
7.36,0.00785088451711192,-2.94858929904551e-05
7.361,0.00787539743022135,-2.52208541115517e-05
7.362,0.00783247137684971,-3.49569888801193e-05
7.363,0.00779059815622195,-4.58211320822355e-05
7.364,0.00774968538149117,-5.66749269971245e-05
7.365,0.00770323911830692,-7.00286707654429e-05
7.366,0.00766357884384865,-7.99386285664783e-05
7.367,0.00761998098648935,-8.80876010515563e-05
7.368,0.00757954202472361,-9.16228787429252e-05
7.369,0.00761584327673126,-9.07778904876699e-05
7.37,0.00765018831026585,-8.72200899040276e-05
7.371,0.00768744476258253,-7.91325050512048e-05
7.372,0.00772055406851768,-6.63408514683939e-05
7.373,0.00776314910133796,-4.75763497428949e-05
7.374,0.00780174568968572,-3.83324194601076e-05
7.375,0.00783208877695915,-3.16717569234237e-05
7.376,0.00787338941779294,-2.39609688013065e-05
7.377,0.00784306262388102,-3.19248675432759e-05
7.378,0.0078114263317408,-4.37389518770925e-05
7.379,0.00778146422676416,-5.61535875798214e-05
7.38,0.00773949835607498,-7.07224181586419e-05
7.381,0.0076883092233274,-8.33550270503691e-05
7.382,0.00765339993890253,-9.50374025547873e-05
7.383,0.00760705567662122,-0.000104003057514956
7.384,0.00757794625818381,-0.000108482662100562
7.385,0.00761632429367892,-0.000109433227492239
7.386,0.00766261108677066,-0.00010769422990542
7.387,0.0077086848585809,-0.000101836355875906
7.388,0.0077522731180756,-9.07061488802929e-05
7.389,0.00780145854617422,-7.3952591194415e-05
7.39,0.00784441825447305,-6.74272211476645e-05
7.391,0.00787942500382097,-6.27129511121538e-05
7.392,0.00792331822808394,-5.71551734072084e-05
7.393,0.00795531880508718,-5.11464955587626e-05
7.394,0.0079213136969755,-6.1461071841018e-05
7.395,0.00788090044875458,-7.40303427966271e-05
7.396,0.00783995305110944,-8.82953821674803e-05
7.397,0.00780081049249476,-0.00010124526391031
7.398,0.00775687806785073,-0.000113368067386155
7.399,0.00772761036155358,-0.000126787405594797
7.4,0.00768877964211476,-0.000137232563303058
7.401,0.0076490582568011,-0.00014421507015272
7.402,0.00762399114874503,-0.000145818395346942
7.403,0.00766316480366683,-0.00014241049488195
7.404,0.00770619920147125,-0.000138218159795311
7.405,0.00774883719639336,-0.000129573266181959
7.406,0.00779030642643328,-0.0001136575690035
7.407,0.00783782521709775,-8.69473352320127e-05
7.408,0.00786424317415487,-6.5857456714058e-05
7.409,0.00789859858626719,-3.99501269002789e-05
7.41,0.00792421139457213,-1.17885056044598e-05
7.411,0.00795323403606294,1.99389453394705e-05
7.412,0.0079804682698139,5.55050908560561e-05
7.413,0.00803358172890163,9.43348495041074e-05
7.414,0.00809090625105023,0.000137661633373087
7.415,0.00811181174639478,0.000174648030993041
7.416,0.00815826490658129,0.000215574143911046
7.417,0.00819006685711279,0.000258487606609736
7.418,0.0081373994202916,0.000282910563833838
7.419,0.00807972523052775,0.000303053089997063
7.42,0.00801959846789658,0.000319751655268152
7.421,0.0079573376132737,0.000334072836801369
7.422,0.00792626118975769,0.000341456473001711
7.423,0.00787452594997337,0.000347202059947538
7.424,0.00784204836359524,0.000356885364421966
7.425,0.00780641556887471,0.000370455358935318
7.426,0.00774858108135725,0.000377200125014576
7.427,0.00768610857457829,0.000381293039316277
7.428,0.00762130341933233,0.000383789534512735
7.429,0.007598016414953,0.000388181515265817
7.43,0.00756328590417479,0.000394384929551905
7.431,0.00754441349471852,0.000406143995797192
7.432,0.00752161130234904,0.000422583027002821
7.433,0.00749290994908406,0.000446943446576087
7.434,0.00749055343764975,0.000465723815329999
7.435,0.00745098156729657,0.000482242721966286
7.436,0.00742684842626529,0.00050529955149986
7.437,0.00746466472773046,0.000533271816044956
7.438,0.00751216210854038,0.000566746165909238
7.439,0.00757040017111732,0.000597494143610322
7.44,0.00762688801437705,0.000627861390780637
7.441,0.0076817846598165,0.000659289989980549
7.442,0.00773501280019758,0.000692874835229951
7.443,0.00778757982270308,0.000729471946227411
7.444,0.00775967950858552,0.000749164105579458
7.445,0.00772909907152358,0.000765527884699246
7.446,0.00769755471711695,0.000782337971220293
7.447,0.00764652792320887,0.00078385208300058
7.448,0.00760348066171941,0.000785450889174033
7.449,0.00755660214359219,0.000786270987564119
7.45,0.00751212762071913,0.000786801625272671
7.451,0.00746632628459399,0.000786771371169837
7.452,0.00743055025340812,0.000787177527125316
7.453,0.00745210367886651,0.000794479838022721
7.454,0.00749150321207564,0.000808444725699187
7.455,0.00754046020722814,0.000828243407903106
7.456,0.00756413538122384,0.000841449887200307
7.457,0.00757989653914609,0.000853256032127714
7.458,0.00755240413615231,0.000849556577584287
7.459,0.00751414201971031,0.000838141912218371
7.46,0.00747251980632382,0.000821157205110778
7.461,0.00742771041400248,0.000801464605880375
7.462,0.00738151427482908,0.000780029457175813
7.463,0.00733283831161952,0.000754631651812887
7.464,0.00728937956192432,0.000729121669016564
7.465,0.00724046417772836,0.00070331988580441
7.466,0.00726593401626449,0.000676354194247164
7.467,0.00730442850409219,0.000651144190731368
7.468,0.00734916425840184,0.000627948832261027
7.469,0.00740056690239056,0.000608899709669375
7.47,0.00745891004307571,0.000595052108630201
7.471,0.00752397837379119,0.000587178906524155
7.472,0.00759564596946575,0.0005857464908407
7.473,0.00767395366914284,0.000591265756645143
7.474,0.00773480979378706,0.000588014171467144
7.475,0.00780777297126609,0.000586749741674719
7.476,0.00780739540013786,0.000568092276592103
7.477,0.00776465824236459,0.00054383200491831
7.478,0.00771299651887899,0.000518187008285542
7.479,0.00766337037186053,0.000494319182780034
7.48,0.00761592521602136,0.000472727460580413
7.481,0.00758261117958382,0.000451680713700775
7.482,0.00754542094104594,0.000432298986963009
7.483,0.0075097947368932,0.000414980608654414
7.484,0.00754541203121481,0.000400325054218831
7.485,0.00758144062552802,0.000386757015224171
7.486,0.00762179839292254,0.000375915420215922
7.487,0.00766032709597662,0.000368669591730819
7.488,0.00770310592112948,0.000364389564532774
7.489,0.0077572806438511,0.000352443924412305
7.49,0.00779618910357409,0.000338158494732566
7.491,0.0077751246024244,0.000307345827095407
7.492,0.0077452901168433,0.000272923385667589
7.493,0.00770476665389925,0.000235030379761803
7.494,0.00766412966944429,0.000197640118711484
7.495,0.00761266163465729,0.000155589321454042
7.496,0.0075800026514917,0.000115481407851503
7.497,0.00754655856924346,7.67407366092931e-05
7.498,0.00751453948318369,4.0378639302785e-05
7.499,0.00754313845635148,5.19115798053305e-06
7.5,0.00757790668826393,-2.74963415475282e-05
7.501,0.00761977484395854,-5.77197354997283e-05
7.502,0.0076628838278547,-8.34908448479887e-05
7.503,0.00771139606781155,-0.000104866479837096
7.504,0.00776279153635926,-0.000120657046086936
7.505,0.00781877053080736,-0.000130700980507215
7.506,0.00786591488807087,-0.000148365497736169
7.507,0.00790586066122267,-0.000166502131212831
7.508,0.00796687357198176,-0.000181941124262175
7.509,0.00796177584116198,-0.000212528619335628
7.51,0.00794559351508629,-0.000245521151564565
7.511,0.00791183463278064,-0.00028133644655387
7.512,0.00787893657419466,-0.000315578394980476
7.513,0.00784797297729142,-0.000347369014217058
7.514,0.00781670653144418,-0.000381020642283125
7.515,0.00779173377551472,-0.000413153631904695
7.516,0.00776259562851756,-0.000442926865645843
7.517,0.00773763425443046,-0.000468260404398679
7.518,0.00770121215280387,-0.000490663392084312
7.519,0.00772990175612246,-0.000511635365270602
7.52,0.00776430157268851,-0.000528858434523272
7.521,0.00780109015381313,-0.000543578014842505
7.522,0.00784138612428288,-0.000553943808563606
7.523,0.00787903430919545,-0.000560276156777284
7.524,0.00792435657108121,-0.000561400834781511
7.525,0.00797374078208494,-0.000557250634517725
7.526,0.00801737697056966,-0.000561320886231897
7.527,0.00805240290293044,-0.000566494479598556
7.528,0.00809709363488,-0.000570210445097974
7.529,0.00812860885987911,-0.000573454293479825
7.53,0.00810049901267802,-0.000591998333712818
7.531,0.00807043702177628,-0.000612987166353218
7.532,0.00803848661750424,-0.000635468527073191
7.533,0.00800441468841094,-0.000657151823500179
7.534,0.00795864349862749,-0.000682653567188773
7.535,0.00793116899067852,-0.000705400408612333
7.536,0.00789180412845109,-0.000726893174633203
7.537,0.00785907780084724,-0.000743495629080493
7.538,0.00781997978050833,-0.000756371919213683
7.539,0.0077868839911873,-0.000763080532586502
7.54,0.0078192831449359,-0.000766886768550634
7.541,0.00785129866278051,-0.00076955747074603
7.542,0.00788823550169699,-0.000768797364881835
7.543,0.00792858314486544,-0.000764538632757106
7.544,0.0079748564149043,-0.000755294687625696
7.545,0.00801035801526462,-0.000756824431701886
7.546,0.00804024177099546,-0.000760940940274846
7.547,0.00807797348381837,-0.000764419483540113
7.548,0.00810376994828161,-0.000769391314627554
7.549,0.00814501372670907,-0.000771511071230024
7.55,0.00817246935256783,-0.000772596981111984
7.551,0.00813893065680297,-0.000789358212176683
7.552,0.00810371267208096,-0.000809898046277679
7.553,0.00806889159875106,-0.000832423941631188
7.554,0.00802755887959084,-0.00085583154748381
7.555,0.00797427748784921,-0.000884463185320206
7.556,0.00794202874730779,-0.0009102449488117
7.557,0.00790322075582749,-0.000934279626421286
7.558,0.0078691519409325,-0.000953107623184457
7.559,0.00782941223830391,-0.000968998884664896
7.56,0.00779681068590652,-0.000978528809789603
7.561,0.0078154839148175,-0.000984784575017217
7.562,0.00784440966363795,-0.000988961491422302
7.563,0.00788823065024063,-0.000987559687187001
7.564,0.00793481103919907,-0.000980550261186874
7.565,0.00798902558676041,-0.000982066387419711
7.566,0.00802029760969662,-0.000986854517260938
7.567,0.00805142647548121,-0.000989911252038289
7.568,0.00808677117715268,-0.000990053515706524
7.569,0.00810534519941574,-0.000988078188718988
7.57,0.00807379296554125,-0.000997040972207819
7.571,0.00803223236659091,-0.00100677000137445
7.572,0.00798720532849231,-0.00101525267531305
7.573,0.00794314046144836,-0.00102031592333063
7.574,0.00789996085286842,-0.00102171929888867
7.575,0.00786742476408449,-0.00102374857541471
7.576,0.00783405179327775,-0.00102440575026597
7.577,0.00779003560941936,-0.00102313220476308
7.578,0.00775309861493576,-0.00101614339087558
7.579,0.00779205467408883,-0.00100513205133534
7.58,0.00782646994928367,-0.000991997267815625
7.581,0.00785979683133134,-0.0009755149135251
7.582,0.0078985147304456,-0.00095379593963596
7.583,0.00793954859448813,-0.000926827722648627
7.584,0.00799292006141278,-0.000891428890787693
7.585,0.00803130983218334,-0.000865409017983931
7.586,0.00806934848781423,-0.00083957719499439
7.587,0.0080953338873045,-0.000813056285078162
7.588,0.0081353795260959,-0.000782216167461769
7.589,0.00809891781123437,-0.000768260074450633
7.59,0.00805781534184537,-0.000757692465357729
7.591,0.00801578015914183,-0.000746893008910232
7.592,0.00797148287942952,-0.000735414963266123
7.593,0.00795870656109752,-0.000722909009349404
7.594,0.00793598982391676,-0.000709980302972923
7.595,0.007911657340809,-0.000694084939259931
7.596,0.00788981433375946,-0.000673203913228948
7.597,0.00785957175383347,-0.000648456596584468
7.598,0.00790139356017786,-0.00062121979931834
7.599,0.00795218143790879,-0.000589058726271963
7.6,0.00799926367094292,-0.000553028491504626
7.601,0.00800589637841571,-0.000530650593676019
7.602,0.00803248367200326,-0.000508311360000235
7.603,0.00804443425463886,-0.000486386708576814
7.604,0.00806937976390493,-0.000461678403017918
7.605,0.00808402875589536,-0.000434464881631458
7.606,0.00802580947216481,-0.000420407704464942
7.607,0.00796511698804346,-0.000406687477615075
7.608,0.00794203879392483,-0.000392187633228236
7.609,0.00790721268602929,-0.000377826885951005
7.61,0.00787537931723439,-0.000360653256759158
7.611,0.00783433393711663,-0.000340263512611627
7.612,0.00779962696835978,-0.000315123772188675
7.613,0.00783717580671243,-0.000285143513978237
7.614,0.00788146917161127,-0.000251837201935445
7.615,0.00793508892672197,-0.000212590979359606
7.616,0.00795450659559875,-0.000188557418449975
7.617,0.00799338710582255,-0.000164902672219691
7.618,0.00802032076319835,-0.00014180095109334
7.619,0.00805848172652408,-0.000115756587306504
7.62,0.00808339583548949,-8.80289864144124e-05
7.621,0.00803696744611419,-7.73042187329209e-05
7.622,0.00798450491163006,-6.84661465180647e-05
7.623,0.00793315976260966,-5.95528329683237e-05
7.624,0.00788118599886779,-4.92059501852049e-05
7.625,0.00781836156153937,-4.47355957416962e-05
7.626,0.00778122301263957,-3.74803340643104e-05
7.627,0.00774064429010055,-2.86853431099576e-05
7.628,0.00771173593494529,-1.52980210218479e-05
7.629,0.00767900030311234,2.45084651606664e-06
7.63,0.00771882677505187,2.11974426484463e-05
7.631,0.00775917814977022,4.15126216985473e-05
7.632,0.0077963909565981,6.43773138979675e-05
7.633,0.00784685653362777,9.31263378723401e-05
7.634,0.00790135548733959,0.000127574203548253
7.635,0.0079666896773573,0.000169858091618902
7.636,0.008006020207112,0.000197316851086038
7.637,0.00803068737477963,0.00022046536914011
7.638,0.0080769879003401,0.000244675770120384
7.639,0.00810642312902023,0.00026931810505687
7.64,0.00804714655738118,0.000273710325461585
7.641,0.00797779226882257,0.000273633630772152
7.642,0.00791037778438585,0.000273056767640834
7.643,0.00784512304908863,0.000273285882294638
7.644,0.00778204612569163,0.000275297247780248
7.645,0.00772228731078024,0.000280027791011717
7.646,0.00767958438107436,0.000283195999569774
7.647,0.00763856781804079,0.000286943882071122
7.648,0.00757833490642908,0.000291157850386192
7.649,0.00754113607245457,0.000301630120196961
7.65,0.00759335292372914,0.000315817216612502
7.651,0.00763939830552695,0.000330867164562765
7.652,0.00768701361554654,0.000349061956000374
7.653,0.00773244629337682,0.000371549730077581
7.654,0.0077862463751,0.000398716111397135
7.655,0.00785510925483641,0.000417203974980518
7.656,0.00789252556681507,0.00043002877680598
7.657,0.00794504941887871,0.000443155977313314
7.658,0.00796952144563491,0.000454296401248777
7.659,0.00801130326112666,0.000470796738164303
7.66,0.00796829384463696,0.000467765135524156
7.661,0.0079266975098987,0.000461132536299258
7.662,0.00788274516804034,0.000452091144341416
7.663,0.00784011029566134,0.000443444057370068
7.664,0.00779026163426829,0.000434623114550892
7.665,0.00776355004581036,0.000424433850543082
7.666,0.00772367921787348,0.000413091704506874
7.667,0.0076888182738947,0.00040393234639241
7.668,0.00765487869816796,0.000398435436275935
7.669,0.00760194008506057,0.000395005724238173
7.67,0.00757425836663108,0.000400030682560948
7.671,0.00762231221937288,0.000408012212533893
7.672,0.00767069725909171,0.000417066676430045
7.673,0.00772358183903509,0.000429968750012444
7.674,0.00777855552651249,0.000446670368778768
7.675,0.00781212243927005,0.000449110207943526
7.676,0.00783707813764373,0.000448945075161911
7.677,0.00787297184007813,0.000449252651224308
7.678,0.00788254874989931,0.000448312832270426
7.679,0.00790967026195366,0.000452049650622177
7.68,0.00793407311210698,0.000460071861726641
7.681,0.00788298804227213,0.000452033472227442
7.682,0.00783217783869841,0.000441969171369072
7.683,0.00778203130454373,0.000431660199751549
7.684,0.00775768958958284,0.000418818312555413
7.685,0.00773602815556474,0.000405592646104236
7.686,0.00770551335397313,0.000393115427651802
7.687,0.00767812149700453,0.000383993380041248
7.688,0.007641438553801,0.000378777956719423
7.689,0.00768755769715265,0.000378226550959204
7.69,0.0077301118957861,0.00037999133596256
7.691,0.00777500334187049,0.000385824268511026
7.692,0.00781606735509378,0.000395831053194351
7.693,0.00784866225205156,0.000396239496693707
7.694,0.00786659077425005,0.000393825651027579
7.695,0.00788771828945934,0.000392132967525827
7.696,0.00789003876471921,0.000389155017933074
7.697,0.00783481693796629,0.000373103706681699
7.698,0.00777379679287279,0.000355743297305644
7.699,0.00771695991397828,0.000339732509672397
7.7,0.0076625073806308,0.00032538355145989
7.701,0.00762462738247079,0.00031002843166561
7.702,0.00759502504231346,0.000297773085582209
7.703,0.00755574872553179,0.000287515044747999
7.704,0.00759773028887993,0.000280883014784128
7.705,0.00763380364364983,0.000274643597563407
7.706,0.00767113520478395,0.000270637855918798
7.707,0.00771952780481785,0.000273088627643969
7.708,0.00776426024594839,0.000280370745161851
7.709,0.00782018194653372,0.000281573565477533
7.71,0.00785314367333882,0.000279871834457879
7.711,0.0078892741344731,0.000279941346385537
7.712,0.00790427461196211,0.000279956843984686
7.713,0.00785935045734385,0.000265686251717301
7.714,0.00780909098744034,0.000249118799075687
7.715,0.00775839839138918,0.00023189133295265
7.716,0.00772615475171392,0.000213724468756449
7.717,0.00770600384867524,0.000198019775951463
7.718,0.00767658342631279,0.000184417699112094
7.719,0.00766140128855752,0.000176975928395773
7.72,0.00763073104170153,0.000172921999655906
7.721,0.00761596371550044,0.000176403397511737
7.722,0.00767130828519506,0.000184640150384774
7.723,0.00772522920040238,0.000196060583090907
7.724,0.00776596953706138,0.000194827250899199
7.725,0.0077933930430771,0.000190174447915359
7.726,0.00782630121204663,0.00018559235818294
7.727,0.00784031440097566,0.000180217800778482
7.728,0.00787166093947079,0.000178225054950742
7.729,0.00783783236773928,0.000163053497335253
7.73,0.00779624931363187,0.000145964696432854
7.731,0.00774126203206266,0.000128154441209116
7.732,0.00769068604842281,0.000113382220651381
7.733,0.00765271867460954,9.64650839174741e-05
7.734,0.00762281262250099,8.07209204625181e-05
7.735,0.00758998012352424,6.72941181041886e-05
7.736,0.00754972303077286,5.68735149876209e-05
7.737,0.00758436734633865,4.91524274768285e-05
7.738,0.00762395230394344,4.50383712234936e-05
7.739,0.00766161873622761,4.43103174223025e-05
7.74,0.00771372041888736,4.97459807797251e-05
7.741,0.00776693288060641,6.07860589244558e-05
7.742,0.00781472115108915,6.31537733848941e-05
7.743,0.00784175565000804,6.25644559358873e-05
7.744,0.00786381169864089,6.26301823051234e-05
7.745,0.00788076740104478,6.33646573466873e-05
7.746,0.00782672639658556,4.89859799869263e-05
7.747,0.00777364031403257,3.34843031189469e-05
7.748,0.00772414410836548,1.83446893181061e-05
7.749,0.00767433445115634,4.01528084553737e-06
7.75,0.00763232326489899,-1.27317989798703e-05
7.751,0.00760808877392424,-2.58553336990874e-05
7.752,0.00757645198364713,-3.64823898430511e-05
7.753,0.00754975245032337,-4.2039560469942e-05
7.754,0.00760163702413204,-4.33847920237596e-05
7.755,0.00764895462041209,-4.30561471180257e-05
7.756,0.00769762186637543,-3.95026282774547e-05
7.757,0.00774966801766552,-3.08278610883228e-05
7.758,0.00778530776274706,-3.32624970580953e-05
7.759,0.00780342126659283,-3.78943929973952e-05
7.76,0.00781794457550924,-4.24651526471087e-05
7.761,0.00784657446088375,-4.22499656508313e-05
7.762,0.00786581067778722,-3.90148146551805e-05
7.763,0.0078182507193493,-4.96858927503951e-05
7.764,0.00777162274090411,-6.13935394550569e-05
7.765,0.00774888778408778,-7.40702145351491e-05
7.766,0.0077355641462578,-8.42467672189096e-05
7.767,0.00771404917404537,-9.25707076300242e-05
7.768,0.00769219397172155,-9.74013124406814e-05
7.769,0.00766409646738152,-9.76190999690263e-05
7.77,0.00770110130619872,-9.44243056157923e-05
7.771,0.00775172346912598,-8.50454323489958e-05
7.772,0.00775760532782273,-8.90201264338586e-05
7.773,0.00778073197456108,-9.26886783652048e-05
7.774,0.00779242942590946,-9.6503518147717e-05
7.775,0.00779938087107245,-9.8959015742639e-05
7.776,0.00774921221091692,-0.000111666518778142
7.777,0.00770011295804384,-0.000124176074906224
7.778,0.00765384924738611,-0.000135257162503621
7.779,0.00764824078611343,-0.000144214692531397
7.78,0.00762605388720671,-0.000153272596350562
7.781,0.0076030466819891,-0.000159507766038125
7.782,0.00764068489587883,-0.000162592034514131
7.783,0.00767808025246494,-0.000162756967327926
7.784,0.00771825260542069,-0.000158326690735067
7.785,0.00775898086750782,-0.000148567652825726
7.786,0.00780555679710269,-0.000132012578237861
7.787,0.00782660827999444,-0.000126024762905574
7.788,0.00785151803340844,-0.000119297243434457
7.789,0.00786651899424887,-0.000111819413669445
7.79,0.0078111709641005,-0.000120005737567763
7.791,0.00774980423809458,-0.00013046836561581
7.792,0.00768914215635311,-0.00014045391766937
7.793,0.00763118487991012,-0.000148813036559059
7.794,0.00762713578004754,-0.000154916663578863
7.795,0.0076070535026714,-0.000161066943408505
7.796,0.00758138948294953,-0.000164909967647509
7.797,0.00755694872478053,-0.00016471197093737
7.798,0.00760072670900355,-0.000160879229947175
7.799,0.00764521627065546,-0.00015335646052278
7.8,0.00768610636822838,-0.000142097612993441
7.801,0.00773215270462946,-0.000138337799597155
7.802,0.00775536386979441,-0.000138101957552483
7.803,0.00778532052119321,-0.000136310400799422
7.804,0.0078095708311471,-0.000133112692715709
7.805,0.00776193839488367,-0.000144430741508605
7.806,0.0077106158512398,-0.000155888470811771
7.807,0.00766101489652286,-0.0001660503588653
7.808,0.00764793365337122,-0.000175749307261441
7.809,0.00762311101381851,-0.000185795637551722
7.81,0.00760312386062259,-0.000192627191486994
7.811,0.0075784467193821,-0.000196168268753405
7.812,0.00761389462974312,-0.000196231821388781
7.813,0.00764760036546053,-0.00019394401071543
7.814,0.00770135417654211,-0.000185143257621811
7.815,0.00775284648688282,-0.00017077563701845
7.816,0.00778436767927052,-0.00016516968841046
7.817,0.00780668716483257,-0.000160841679643475
7.818,0.00782048450612989,-0.000156004008863453
7.819,0.00777044866400365,-0.000164814806569769
7.82,0.00772208335465824,-0.00017468689518374
7.821,0.00767523537968301,-0.000184574671538984
7.822,0.00762758913474815,-0.00019343041361336
7.823,0.00757557200704249,-0.000200765401104475
7.824,0.00755218184065802,-0.000207818706035978
7.825,0.00752475132109855,-0.000214083017521127
7.826,0.00749342502047342,-0.000218118442856852
7.827,0.00753035215383991,-0.000220172951351516
7.828,0.00757421297878921,-0.000218650456219938
7.829,0.00761390208223439,-0.000213773023526931
7.83,0.00766801583467446,-0.000202669118456178
7.831,0.00772043213216669,-0.000185880262238536
7.832,0.00777640227391777,-0.000161377163436061
7.833,0.00778469117001708,-0.000150315384517319
7.834,0.00780797162111539,-0.000137758385431896
7.835,0.00782599982683501,-0.000124504480290055
7.836,0.00778911617713538,-0.000125359403184422
7.837,0.00774174847129175,-0.000130731617358437
7.838,0.00769815279400697,-0.000136586995703625
7.839,0.00765526902078618,-0.000142290823742064
7.84,0.00761326625884747,-0.000146669136751043
7.841,0.00756344201326643,-0.000149099641813033
7.842,0.00750718902580445,-0.000155075418195649
7.843,0.00747521798418152,-0.000156736071943775
7.844,0.00752290942086188,-0.000157043354411746
7.845,0.00757118477875923,-0.000155485440141712
7.846,0.0076140370690763,-0.000151466298285718
7.847,0.00766954422561842,-0.000142295246483126
7.848,0.00772560653011938,-0.000128069197603498
7.849,0.00778726562647413,-0.000106014994881665
7.85,0.00781391979335453,-9.52862472654026e-05
7.851,0.00784764367090044,-8.33223126464055e-05
7.852,0.00786871922012613,-7.14004055121231e-05
7.853,0.00781162086750577,-7.67545128471103e-05
7.854,0.00775819919748206,-8.37560051007435e-05
7.855,0.00770740671666146,-9.11484986741429e-05
7.856,0.00765794351980124,-9.80094884072136e-05
7.857,0.00760814556992454,-0.00010333764519771
7.858,0.00757314294879197,-0.000110436864412145
7.859,0.00755576039657491,-0.000113216683475248
7.86,0.0075324403971472,-0.000113014899410457
7.861,0.00757824023925092,-0.000109785473612789
7.862,0.00762277787242357,-0.000105168844029724
7.863,0.00767723673771823,-9.51664274750352e-05
7.864,0.00773003955348798,-8.07029878795995e-05
7.865,0.00779163359276258,-5.93247800763641e-05
7.866,0.00782020863969523,-4.98850810347062e-05
7.867,0.00785711617812739,-3.94486861644006e-05
7.868,0.00787666524162857,-2.96924861729608e-05
7.869,0.00782507708607047,-3.62060846879619e-05
7.87,0.00777183458756145,-4.49980239538572e-05
7.871,0.00772176388384764,-5.38631691057168e-05
7.872,0.00766726468756043,-6.23647337461009e-05
7.873,0.00762056442110979,-7.41920933417517e-05
7.874,0.00759639077058851,-8.25225912869376e-05
7.875,0.00757117346994004,-8.82665197989851e-05
7.876,0.00754942075881638,-8.9093184495348e-05
7.877,0.00760072073049413,-8.65533259494788e-05
7.878,0.00764657872912624,-8.19953063893042e-05
7.879,0.00769445158438701,-7.12893356556998e-05
7.88,0.00773746580116696,-5.01191133560619e-05
7.881,0.00778552954892898,-1.58917671255754e-05
7.882,0.00780349883204407,1.82228820570507e-05
7.883,0.00778634902267185,5.5151836428069e-05
7.884,0.00777756869767534,0.000100445871938526
7.885,0.00778346454138732,0.000138537475986633
7.886,0.00781709686682763,0.000180051086607735
7.887,0.0078515498536315,0.000224689937864619
7.888,0.00788755363970512,0.000273808758889549
7.889,0.0079250367806521,0.000328497680478601
7.89,0.00790767519283812,0.00037024323142254
7.891,0.00788653913597217,0.000409415398524515
7.892,0.00785991082260981,0.000447843964975825
7.893,0.00781810758656452,0.000471120785088985
7.894,0.00775130883850111,0.00048718498071737
7.895,0.00768749795500561,0.000501825701242908
7.896,0.00762416696209248,0.000516517550467832
7.897,0.007562168089409,0.000532598621944491
7.898,0.00750168125050672,0.000551081726409164
7.899,0.00751598884394382,0.000578643154185376
7.9,0.00753177991076737,0.000614989673548783
7.901,0.007569557976539,0.000664480521195554
7.902,0.00756999702776237,0.000710423367045021
7.903,0.0075624027303738,0.000756963101782027
7.904,0.00755362704695795,0.000805872390980678
7.905,0.00751545614154785,0.000843277054222602
7.906,0.00746074302632391,0.000875000937888726
7.907,0.00740219173876238,0.000906087569762848
7.908,0.00735300469701435,0.000934646253639204
7.909,0.00733162169985987,0.000968636568913828
7.91,0.00729769793054026,0.00100510316150371
7.911,0.00735557051205954,0.00104380032141754
7.912,0.00742168378119578,0.00108457921666949
7.913,0.00748774664335943,0.0011283325046062
7.914,0.00755757423433271,0.00117607815389054
7.915,0.00758025772785086,0.00120939720094593
7.916,0.00760910004417729,0.00124031665619895
7.917,0.00762373641717462,0.00126815186909435
7.918,0.00756022709397309,0.00127575529341761
7.919,0.00749440473682133,0.00127911348583309
7.92,0.00748494508759638,0.00127814170350787
7.921,0.00746580137433036,0.00127450979110422
7.922,0.00744607587213633,0.00127139468675408
7.923,0.00742643778141812,0.00127061797048528
7.924,0.00741106423784551,0.00127517830742835
7.925,0.0074646187556046,0.00128437175453694
7.926,0.00752420391789497,0.00129994881549539
7.927,0.0075827524708235,0.00132314705960657
7.928,0.00765991113069389,0.0013571976942513
7.929,0.00770837026131193,0.00138036716852336
7.93,0.0077400869588206,0.00140137100898996
7.931,0.00768636139195212,0.00140138410744206
7.932,0.00762582173880272,0.00139729714741632
7.933,0.00755979114440491,0.00139195243807189
7.934,0.00749115264162695,0.00138764609723241
7.935,0.00742006202420563,0.00138570028493967
7.936,0.0073474919371941,0.001387208786155
7.937,0.00731072171696588,0.00138901947872783
7.938,0.00728327478018548,0.00139416060079489
7.939,0.00734211908589142,0.00140183212529654
7.94,0.00739906877002251,0.0014120082716565
7.941,0.00745820073888319,0.00142768893403755
7.942,0.00751510148036818,0.00144974648445789
7.943,0.00757840451410253,0.0014799847276909
7.944,0.00761092390602109,0.00149787458615247
7.945,0.00762678360792473,0.00151238433743806
7.946,0.00760455288214607,0.0015092903572394
7.947,0.00754566499408071,0.00149516028069441
7.948,0.00748221410499954,0.00147781775213801
7.949,0.00741720573399198,0.00145964481208183
7.95,0.00735086587006664,0.0014421264167534
7.951,0.00728367567981634,0.00142638855140786
7.952,0.00721583517991545,0.00141320908085374
7.953,0.00714790220182378,0.00140410114014372
7.954,0.00711786026373433,0.00140039208610337
7.955,0.00716812731031382,0.0014051440631449
7.956,0.0072131432180712,0.00141857159176395
7.957,0.0072871783774614,0.00144502548698444
7.958,0.00733387451757004,0.00146264903352578
7.959,0.0072905656726888,0.00145843541071961
7.96,0.00722315518507449,0.00144882244750189
7.961,0.00715259011725573,0.00143912017810177
7.962,0.00707177469518078,0.00142877045785605
7.963,0.00698654739360661,0.00141802127629592
7.964,0.00689621955653199,0.00140839802911347
7.965,0.00680108446135072,0.0013992460709088
7.966,0.0067000060067467,0.00139276496287943
7.967,0.00659716711767055,0.00138862559260572
7.968,0.0065904291665521,0.00138270960977105
7.969,0.00659450414924615,0.00137263929873677
7.97,0.00662866343682395,0.00136461078165628
7.971,0.00666289920159467,0.00135669553118217
7.972,0.00669703972396782,0.00134921855321668
7.973,0.00673283184927352,0.00134274429394282
7.974,0.00677125476907951,0.00133783213317751
7.975,0.00680233285199209,0.001330290270318
7.976,0.00685602368974114,0.00132687772067147
7.977,0.00684624508921903,0.00130950884400099
7.978,0.006839466984655,0.00128998135139735
7.979,0.00678267474275489,0.00125278289120279
7.98,0.00673515538890809,0.00121061584077559
7.981,0.00673780008294511,0.00116296994765414
7.982,0.00674718217734898,0.00110988393987022
7.983,0.0067626067828853,0.00105500007603054
7.984,0.00678279179383722,0.000999855542003325
7.985,0.00680803705045835,0.000945675809474411
7.986,0.00683817442348613,0.000893335357494196
7.987,0.00687305038270623,0.000843516555736334
7.988,0.00691248577321102,0.00079675733410528
7.989,0.00695985528765874,0.000746415075122242
7.99,0.00702399340087199,0.000697748521200026
7.991,0.00702898880545605,0.000631599491973056
7.992,0.00702753703917072,0.000558300647870824
7.993,0.00702837431363347,0.000481434148766002
7.994,0.00701513156106394,0.000400346913276506
7.995,0.0070059623298789,0.00031863477851235
7.996,0.00699459239820415,0.000236043257525187
7.997,0.00698716755957633,0.000154009357285267
7.998,0.00697957129172209,7.24165319614389e-05
7.999,0.00694583225139108,-1.63848528954014e-05
8,0.00692215417866104,-0.000105393931433273
8.001,0.00688474681183567,-0.00019550496971088
8.002,0.00685310730646809,-0.000283660572412248
8.003,0.00681596245010396,-0.000370382695441929
8.004,0.00678453556206379,-0.000454236857716783
8.005,0.00674823963244853,-0.00053535658104048
8.006,0.0067463704525055,-0.000616191263313748
8.007,0.00678004255538044,-0.000697280150429247
8.008,0.00680487439107588,-0.000779963027445152
8.009,0.00683897879635907,-0.000861269461715441
8.01,0.00687247894271233,-0.000940507063953155
8.011,0.00690394378502173,-0.00101761824399421
8.012,0.00694135358710233,-0.00108924586386322
8.013,0.00697980445641704,-0.00115725801460581
8.014,0.00701997139840047,-0.00122111386307994
8.015,0.00706742647085723,-0.0012842220419732
8.016,0.00711362762215296,-0.00134469872369064
8.017,0.00716262999643653,-0.0014023539683477
8.018,0.00721552082954806,-0.00145567578936617
8.019,0.00727186173088148,-0.00150390275741902
8.02,0.00733053583800555,-0.00154638969671239
8.021,0.00739033808373893,-0.00158360474479385
8.022,0.00745233067118649,-0.0016155914492878
8.023,0.00751660182567034,-0.0016423565879819
8.024,0.00755636671215588,-0.00167232155505276
8.025,0.00757968294796819,-0.00170237519437799
8.026,0.00756985114662713,-0.00173865922627259
8.027,0.00756318423657809,-0.00177712041405814
8.028,0.00756527879439781,-0.00181320367298937
8.029,0.00756220302101821,-0.00184658920063047
8.03,0.0075733508544574,-0.00187419021247448
8.031,0.00759573954507552,-0.00190019787433859
8.032,0.00763702447895405,-0.00192002229386756
8.033,0.00768126190619199,-0.00193419644918436
8.034,0.00772501812777671,-0.00194174277402287
8.035,0.0077690734505903,-0.00194325578642718
8.036,0.00779090319332632,-0.00195001264319039
8.037,0.00781734468201619,-0.00195499748999284
8.038,0.00780197387529497,-0.00196940012409308
8.039,0.00778182758231493,-0.00198532933533535
8.04,0.00776641893586156,-0.00199980430866531
8.041,0.00772875117193475,-0.00201566073134019
8.042,0.00769105516870494,-0.0020266428437053
8.043,0.00765637992201043,-0.00203355821196538
8.044,0.00761353227246481,-0.00203745619077184
8.045,0.00758682323004639,-0.0020400863962492
8.046,0.00756572659656243,-0.00203646237530497
8.047,0.00759783728510846,-0.00203045748379899
8.048,0.00763211112429726,-0.00202149929398854
8.049,0.00766367442610755,-0.00201093801294111
8.05,0.00769123202071871,-0.00199806080039844
8.051,0.00773242926177763,-0.0019802033015307
8.052,0.00774495456474752,-0.00197193368638765
8.053,0.00776676926595851,-0.00196311215694195
8.054,0.0077764927767529,-0.00195532979378044
8.055,0.00779609544564731,-0.0019443681281181
8.056,0.00776438366968244,-0.00194580156151825
8.057,0.00773740171962944,-0.00194771044890352
8.058,0.00769671840493475,-0.00194982530377624
8.059,0.00765800841988953,-0.00194848488751281
8.06,0.00762665479999475,-0.00194854658640398
8.061,0.00761228802973549,-0.00194540395370524
8.062,0.00759265241941621,-0.00193982645653284
8.063,0.00762252927915738,-0.00193331686304626
8.064,0.00766623427869761,-0.00192346384073572
8.065,0.00770993310962513,-0.00191072500046274
8.066,0.00775048547594328,-0.0018940846211476
8.067,0.00778869286601382,-0.00187363749292224
8.068,0.00783572616663752,-0.00184645467529237
8.069,0.00788585645757726,-0.0018124355179413
8.07,0.00793099089364195,-0.00177186445125121
8.071,0.00794860397323202,-0.00173849402589799
8.072,0.00797198416005452,-0.00170334136908912
8.073,0.00793789237108124,-0.00168192105435427
8.074,0.00790517171547363,-0.00166154341363983
8.075,0.00786282108503615,-0.00164186698067575
8.076,0.00781442082858851,-0.00162070520764324
8.077,0.00777014923088756,-0.00159982751293247
8.078,0.00775227820485988,-0.00157388543010406
8.079,0.00772217040535515,-0.00154478452699947
8.08,0.00770667685382237,-0.00150780780208887
8.081,0.00775232110191805,-0.0014670263623921
8.082,0.00779956666772088,-0.00142341352740172
8.083,0.00784190655771491,-0.00137572476394687
8.084,0.00788844717332268,-0.00132255745921062
8.085,0.00790742292648468,-0.00128166027881949
8.086,0.0079181672168028,-0.00124391088010745
8.087,0.00793947535418358,-0.0012061263513462
8.088,0.00794075537761172,-0.00116804555375366
8.089,0.00787963528736894,-0.00114481117033355
8.09,0.00782007901769013,-0.00112358690076519
8.091,0.00775645399261874,-0.00110302417827368
8.092,0.00768808409871062,-0.0010810172330924
8.093,0.00762227750226855,-0.00105624354288081
8.094,0.00758819054528669,-0.00103075080497705
8.095,0.00755245455630096,-0.00100296666574123
8.096,0.00752274492156715,-0.000971095819262857
8.097,0.00757203248691431,-0.000935402132973828
8.098,0.00761690174910274,-0.000897690098670634
8.099,0.0076565559132953,-0.000857153958456536
8.1,0.00769329389479561,-0.000813101294549423
8.101,0.00774806120046044,-0.000761389459142725
8.102,0.00776117938178564,-0.000722323075776743
8.103,0.00778363474878099,-0.000683324543930441
8.104,0.007792298578959,-0.000645083733503082
8.105,0.00772501023964283,-0.000625244776042866
8.106,0.00766028569661425,-0.000606193221804718
8.107,0.00759596899060898,-0.000586923125568739
8.108,0.00752928137255656,-0.000566954322580859
8.109,0.00746497465787051,-0.000544686430058616
8.11,0.00741439564257874,-0.000524868254877908
8.111,0.00739696415757535,-0.000499949235124253
8.112,0.00737104381350052,-0.000472089629240224
8.113,0.00740998585201628,-0.000442985519487182
8.114,0.00746272672201736,-0.00041074226928528
8.115,0.00750728929079539,-0.000376424819040544
8.116,0.00756354950589317,-0.000336795308000237
8.117,0.00761432608902017,-0.00029177492775645
8.118,0.00766279185611708,-0.00024145772714701
8.119,0.00771127625677751,-0.000198900487048737
8.12,0.00773584463185123,-0.000160877416508054
8.121,0.00767897035498585,-0.000144960958299245
8.122,0.00762525966891789,-0.000132963092264016
8.123,0.00756802234872193,-0.000123261995219448
8.124,0.00751246473167303,-0.000113187602635456
8.125,0.00744804832597476,-0.000102758195136443
8.126,0.00738744649011568,-8.95559055852369e-05
8.127,0.00733975252076632,-7.79555879090177e-05
8.128,0.00732684911086216,-6.20848402727581e-05
8.129,0.00730364904738898,-4.35245736365997e-05
8.13,0.00733256723905317,-2.5729387007345e-05
8.131,0.00738880938099991,-4.60459790557755e-06
8.132,0.00743509069179627,1.7864515325372e-05
8.133,0.00749875690487701,4.57631508924417e-05
8.134,0.00756112124567197,7.94010007454382e-05
8.135,0.00761500100205671,0.000117849311067231
8.136,0.00766181168153386,0.000147564040218484
8.137,0.00768241169405499,0.000172245750281519
8.138,0.007710518018702,0.000197464953146542
8.139,0.00766572698589992,0.000203627718458943
8.14,0.00761740469860339,0.000205088188552971
8.141,0.00757282641018444,0.000204872009336443
8.142,0.00751753651088812,0.000204872746748519
8.143,0.00746638308736968,0.000207532600645211
8.144,0.00738948447355821,0.000210162996571894
8.145,0.0073691897667316,0.000214613276233344
8.146,0.00733548894959147,0.00021997794078038
8.147,0.00732843256655959,0.000231383999238111
8.148,0.00739421914876545,0.000245408239593903
8.149,0.00745467784883822,0.000259987678566109
8.15,0.0075101838553305,0.000276901791708695
8.151,0.00757411682548387,0.000298752213402198
8.152,0.0076361761570057,0.000326706977454627
8.153,0.00765833679486734,0.000340313042972995
8.154,0.00767373202150226,0.000351937742347375
8.155,0.0076932404847238,0.000363815048747662
8.156,0.00771512083316179,0.000376551147164617
8.157,0.00773268317554707,0.00039070467128971
8.158,0.00767854030423414,0.000388048610012737
8.159,0.00762106184369953,0.000382527051885018
8.16,0.00756503977632094,0.000376703354040775
8.161,0.00750976146080616,0.000371824636487272
8.162,0.00744614787216046,0.000367423366711805
8.163,0.00743062990462653,0.00036188661869252
8.164,0.00741240113905454,0.000357343765440665
8.165,0.00739994952649933,0.000355810596434136
8.166,0.00737699364082922,0.000357243375911587
8.167,0.00737808402803298,0.000365793413986959
8.168,0.00744986041741193,0.000377591243699349
8.169,0.00751898997706913,0.000390018434761941
8.17,0.0075860348592227,0.000405542698019901
8.171,0.00765227419472076,0.000425069074522555
8.172,0.00772436628545995,0.000450557805372787
8.173,0.00774031041278412,0.000459356371779129
8.174,0.00776537329091044,0.000465823012676447
8.175,0.00777628037084748,0.000469821075371246
8.176,0.00779818436557858,0.000475564572797516
8.177,0.00781565893187376,0.000482449304765598
8.178,0.00783852379053357,0.000492401169009227
8.179,0.00779392982541011,0.000485766727948811
8.18,0.00775038688948098,0.00047647305955445
8.181,0.00769837489546809,0.000465603632883393
8.182,0.0076461689627308,0.000456038872546638
8.183,0.007589275913073,0.000439710974957874
8.184,0.00757117753400662,0.000425525296357976
8.185,0.00754671776790028,0.000412641875046693
8.186,0.00753162777939216,0.000403662060648791
8.187,0.00750456817784247,0.000397801481544946
8.188,0.007550137891742,0.000393759309902153
8.189,0.00760332345497008,0.000392481550310519
8.19,0.00764792214881939,0.000393320875988035
8.191,0.00770518190546616,0.000399604753517246
8.192,0.00775842644045145,0.000411707043320497
8.193,0.00781388348805092,0.000430055492850634
8.194,0.00784426604621446,0.000437433027151879
8.195,0.00785523135844238,0.000440659957769041
8.196,0.00787240210058684,0.000444440390449719
8.197,0.00788261694412084,0.000448333887320462
8.198,0.00781936171383067,0.000433617140313702
8.199,0.00776038290418193,0.000416059513918376
8.2,0.00770028527848158,0.000397422218078869
8.201,0.00763936753080499,0.000379024955950324
8.202,0.00757556241762891,0.000361111195516239
8.203,0.00754748385646769,0.000342812650950985
8.204,0.00752805587152665,0.000326176421056201
8.205,0.00750670885349675,0.000311452092862541
8.206,0.00747726234734008,0.000299542655848029
8.207,0.00747310431084728,0.000293927320922815
8.208,0.0075279581209688,0.00029091240476159
8.209,0.00758973804142467,0.000289305588398903
8.21,0.00764589160923441,0.00029121341526589
8.211,0.00770817783878752,0.000298565704359766
8.212,0.00776703735510382,0.000311582021683021
8.213,0.00780509933748271,0.000314268777568349
8.214,0.00782161785214265,0.000312588368987232
8.215,0.00784766777062245,0.000311784580653063
8.216,0.0078642278127089,0.000310792865784004
8.217,0.00780790136611032,0.000291650063406368
8.218,0.00775568609957998,0.000270590184832165
8.219,0.0076998621905655,0.000248688652742246
8.22,0.00763339536254998,0.00022597236432037
8.221,0.00757063607116515,0.000207269652468867
8.222,0.0075406869802518,0.000188323531349399
8.223,0.00751755915042511,0.000172011333900213
8.224,0.00749706510805508,0.000158965801308475
8.225,0.0074678074113332,0.000149716864091598
8.226,0.00750874121559829,0.000143061611229789
8.227,0.00755385711285796,0.000139119726735082
8.228,0.00759164321572594,0.000137478318419648
8.229,0.0076482559276099,0.000141904556709427
8.23,0.00770186443129325,0.000151893539912906
8.231,0.00772105979571279,0.000150670493759553
8.232,0.00773364916426393,0.000148084557409667
8.233,0.00774633248571459,0.000145814967044355
8.234,0.0077654179676872,0.000145800770293525
8.235,0.00771022428755788,0.000128211098723685
8.236,0.00765875796600268,0.00011041393154837
8.237,0.00760404919780247,9.29134878744908e-05
8.238,0.00755094679440731,7.72751623827617e-05
8.239,0.00749783839549823,6.40886264025586e-05
8.24,0.00746117338016464,4.86853151762112e-05
8.241,0.0074558073061727,3.70592505879452e-05
8.242,0.00744156232501506,2.80429544923244e-05
8.243,0.00747880798651135,2.00533256988766e-05
8.244,0.00752895831762942,1.58365535603555e-05
8.245,0.00756980186226484,1.38670940352248e-05
8.246,0.00762422111101886,1.73864818662217e-05
8.247,0.00767916954009801,2.62156579786677e-05
8.248,0.00774223143901135,4.28837785053093e-05
8.249,0.00775787123885256,4.76936977478193e-05
8.25,0.00778066249447051,5.27777187758205e-05
8.251,0.00775183629464545,4.25359926408686e-05
8.252,0.00771098952349665,2.78182284867978e-05
8.253,0.00767420232148135,1.25232325162705e-05
8.254,0.00761904599694801,-5.09649336594142e-06
8.255,0.00756656725419819,-1.92713099539943e-05
8.256,0.00751581100758124,-2.95243065309703e-05
8.257,0.00748081900652873,-4.00364835554945e-05
8.258,0.00747330217609178,-4.49200802958294e-05
8.259,0.00752955738476036,-4.78121065944914e-05
8.26,0.00758196769160721,-4.9766394956019e-05
8.261,0.00762744182856373,-4.95536675145236e-05
8.262,0.00768175928244341,-4.46119100793729e-05
8.263,0.00773773839700131,-3.46646365235181e-05
8.264,0.0077543362801393,-3.44954283482135e-05
8.265,0.00776556201583966,-3.50396583972401e-05
8.266,0.00778460505269372,-3.31285574688978e-05
8.267,0.00780230032236384,-2.88370957149953e-05
8.268,0.00775147734869508,-4.11889912984575e-05
8.269,0.00770655458031611,-5.53778833249363e-05
8.27,0.00764335573585295,-7.197137288939e-05
8.271,0.00763544166623968,-8.84242339502794e-05
8.272,0.00761676077519892,-0.000103803634980859
8.273,0.00762174361865499,-0.000113840898848638
8.274,0.0076192604546451,-0.000119849270219685
8.275,0.00762212323262043,-0.000119782912708255
8.276,0.00761498192496447,-0.000115160551751203
8.277,0.00765825311895667,-0.000108768375414181
8.278,0.00771634343412694,-9.77143198122588e-05
8.279,0.00777694374728005,-8.22802021027136e-05
8.28,0.00777449520095555,-8.27263247870635e-05
8.281,0.00778417389312098,-8.38768431450365e-05
8.282,0.0077959476796954,-8.48169002591881e-05
8.283,0.00781087255812246,-8.43759876355543e-05
8.284,0.00782379924854893,-8.22781443373111e-05
8.285,0.00776871936201919,-9.60248217346527e-05
8.286,0.00771755585258509,-0.000109780843234653
8.287,0.00766080725436574,-0.000123326092755449
8.288,0.00760617284954775,-0.000134975929909353
8.289,0.00756633207624906,-0.000150061859307826
8.29,0.00755825926482661,-0.000160611865532456
8.291,0.00754491066196757,-0.000168117349217789
8.292,0.00754103279656178,-0.000170300616437025
8.293,0.00759833588100403,-0.000168589503133698
8.294,0.00765035881836232,-0.000165231480647232
8.295,0.00770598394813324,-0.000157479271813588
8.296,0.00776145179942677,-0.000144849645006495
8.297,0.00781881592450609,-0.000125249003834149
8.298,0.00782344603350774,-0.000118836401763689
8.299,0.00783780118859285,-0.000111556225848963
8.3,0.00784933756119981,-0.000103826092593018
8.301,0.00780033248120122,-0.000112036404063098
8.302,0.00775212676045447,-0.000122566513436728
8.303,0.00769592863506171,-0.000134719963195751
8.304,0.00764594273701236,-0.000145246801706689
8.305,0.00758756983588913,-0.000154244474822318
8.306,0.00752258262582832,-0.00016106422112816
8.307,0.0074970593182208,-0.000167465492217189
8.308,0.00747085255158863,-0.000171523908329863
8.309,0.00751884595975537,-0.000173506561704839
8.31,0.00756300748075648,-0.000174123751535527
8.311,0.00760806145275884,-0.00017206787021945
8.312,0.00764359319333229,-0.000166770938930416
8.313,0.00769366862026689,-0.000155803529298892
8.314,0.00774493655306108,-0.000139484791717437
8.315,0.00780022877851113,-0.000115643717085001
8.316,0.00780693784400073,-0.000102916759735117
8.317,0.0078275503890466,-8.90351377825227e-05
8.318,0.00779210744707504,-9.22450359269744e-05
8.319,0.00774563322091692,-0.000100637589715902
8.32,0.0076934076602229,-0.000111500141929066
8.321,0.00764608853792222,-0.000120416322377137
8.322,0.00759192687586936,-0.0001277720308418
8.323,0.00758032893096081,-0.00013365612517946
8.324,0.00756604579793938,-0.000137085866818876
8.325,0.00756259760538591,-0.000136124912492042
8.326,0.00762479580110941,-0.000131609636311092
8.327,0.00768247321399961,-0.000125446200545998
8.328,0.00773837500682226,-0.000115801123007797
8.329,0.0077969060068197,-0.000100894268016904
8.33,0.00779976535304323,-9.87050227824748e-05
8.331,0.00781391497634507,-9.55470758426946e-05
8.332,0.00782535815123158,-9.15301842190352e-05
8.333,0.00783952128488594,-8.52066384795513e-05
8.334,0.00779567789167821,-9.2567282840017e-05
8.335,0.00775227741788452,-0.000101646305926184
8.336,0.00770929891321009,-0.000110881466701573
8.337,0.00766416642623951,-0.000119540365537352
8.338,0.00764408478067412,-0.000130359174434935
8.339,0.00764004016677198,-0.000137182557416682
8.34,0.00764139160406344,-0.000140689853969367
8.341,0.00763390182112246,-0.000140168987100342
8.342,0.0076180761436197,-0.000136078552151253
8.343,0.00766102251342477,-0.000129606400859295
8.344,0.00771483651815553,-0.000118565224704659
8.345,0.00776270098595195,-0.000104003101507821
8.346,0.00781559443932764,-8.40541108251824e-05
8.347,0.00780604304919046,-7.84715249950718e-05
8.348,0.00781032244223189,-7.36669068882034e-05
8.349,0.00781485961704753,-6.86285640311146e-05
8.35,0.00781587685162688,-6.32473615174711e-05
8.351,0.00782205383092095,-5.51365933188497e-05
8.352,0.00777244483415215,-6.17328137942907e-05
8.353,0.00772093449849981,-7.02042633846101e-05
8.354,0.00766565037532178,-7.8926495477083e-05
8.355,0.00766056148051143,-8.76191452348074e-05
8.356,0.00764936065602476,-9.54375582545852e-05
8.357,0.00764915657696862,-0.00010003265029368
8.358,0.00764375446110605,-0.000101087602428773
8.359,0.00764165973929901,-9.65385540699359e-05
8.36,0.00770234847594912,-8.87361071824078e-05
8.361,0.00775704706072674,-7.97509767379578e-05
8.362,0.00781290829986436,-6.72594324268028e-05
8.363,0.00787075027280056,-4.99935935475704e-05
8.364,0.00788324698077399,-4.4895153717639e-05
8.365,0.00789393592854363,-4.16404091594935e-05
8.366,0.00790791241548384,-3.7959083644401e-05
8.367,0.00791349113376925,-3.44583084502248e-05
8.368,0.00792682793889246,-2.79007699826583e-05
8.369,0.00787471397519436,-3.72789345240987e-05
8.37,0.00782693669647788,-4.80406987429238e-05
8.371,0.00777371405354711,-5.92822074950705e-05
8.372,0.00772004884096992,-6.93084535044464e-05
8.373,0.00769423507990383,-8.14687208579579e-05
8.374,0.00768036137205561,-9.04174035804561e-05
8.375,0.00767220485983834,-9.59687079445382e-05
8.376,0.00765374332227294,-9.75699745811021e-05
8.377,0.00770467681335583,-9.55614440058539e-05
8.378,0.0077541812140757,-9.16437392629033e-05
8.379,0.00780004114789856,-8.349797532331e-05
8.38,0.00785189930379065,-6.97507879498516e-05
8.381,0.00790499990947839,-5.0075855049958e-05
8.382,0.00793924892383032,-3.94202214869521e-05
8.383,0.00795066994832131,-3.25959522328723e-05
8.384,0.00796145055620123,-2.50000441497922e-05
8.385,0.00792882012855366,-3.14020898898315e-05
8.386,0.00787990165194902,-4.2826815006336e-05
8.387,0.00783466764359249,-5.46994060179329e-05
8.388,0.00778415680092678,-6.6639135297919e-05
8.389,0.00773802207782626,-7.64139788563267e-05
8.39,0.00766716989462443,-8.57597539186683e-05
8.391,0.00765229044818146,-9.11637253827036e-05
8.392,0.00762857152589704,-8.98078832981541e-05
8.393,0.00761150766979484,-7.69577080210193e-05
8.394,0.0076665292817161,-5.88957183397243e-05
8.395,0.00772109537896049,-3.81436091476672e-05
8.396,0.00777738887181299,-1.28071365417814e-05
8.397,0.00783278935467042,1.68294255942225e-05
8.398,0.00789217435242621,5.26423419363042e-05
8.399,0.00795120234780304,9.46678384527444e-05
8.4,0.00801243004696737,0.000144081413409769
8.401,0.00807363438941561,0.00020140183616163
8.402,0.00807777929237346,0.000245118482092077
8.403,0.00808508497589322,0.000288496699308138
8.404,0.00809221966425699,0.000333107347471773
8.405,0.00810069596563044,0.000380583433851001
8.406,0.00811052992975595,0.0004320878207561
8.407,0.00806254547683897,0.000461222960389251
8.408,0.00798596947518668,0.000479060966563305
8.409,0.00790818979615409,0.000491959743829484
8.41,0.00782860820880699,0.000501849995192649
8.411,0.00774765950170143,0.000510430900344139
8.412,0.00766551139450898,0.000519089436568643
8.413,0.00765982418048158,0.000529687330311279
8.414,0.00763916388793037,0.000541157442969731
8.415,0.00763719394645236,0.000559221004050037
8.416,0.00763412563894295,0.000583333342541903
8.417,0.00763603530861119,0.000614643551611838
8.418,0.00763962968800492,0.00065289328998358
8.419,0.00764628280609002,0.00069878076179114
8.42,0.00765568785526158,0.000753002827858396
8.421,0.00766881201882489,0.000815906944435785
8.422,0.0076500540096739,0.000873485184310518
8.423,0.00761877932530699,0.000928926282760756
8.424,0.00757349185514083,0.000971537045343251
8.425,0.00749255948339641,0.00100527986918847
8.426,0.00741903540325416,0.00103652558444195
8.427,0.00739753380293065,0.00106380192562328
8.428,0.00740378808544981,0.00109313945243861
8.429,0.00740564397352737,0.00112336912369526
8.43,0.00742259180455079,0.00115759440793345
8.431,0.0075016425313364,0.00119218372444652
8.432,0.00757334334874162,0.00122773924673686
8.433,0.00766569333251107,0.00126914102483239
8.434,0.00768692842559494,0.00128807157264926
8.435,0.00770046349185318,0.0012980030918589
8.436,0.00771750534446838,0.00130246550725177
8.437,0.0076663464161328,0.00128178393983586
8.438,0.00761642686291555,0.00125244623386989
8.439,0.00756092891847165,0.00121603334503212
8.44,0.00750485935215783,0.00117516854050054
8.441,0.00744747889140161,0.0011316034399273
8.442,0.00738468583496695,0.00108656438184657
8.443,0.00732528426712096,0.00104282078196283
8.444,0.00725830911994538,0.000999546833409137
8.445,0.00719444882948199,0.000959588129245015
8.446,0.00719723193478309,0.000922381500471303
8.447,0.00719350528086744,0.000886590557467481
8.448,0.00720285896832161,0.00085600896836785
8.449,0.00721582654341727,0.000831394808673891
8.45,0.00725677634331863,0.000807723973465124
8.451,0.00730699937405634,0.000789387522136586
8.452,0.00734715144054165,0.000775476370360129
8.453,0.00740329915679494,0.000769169477646658
8.454,0.00745045437417333,0.00076847186438822
8.455,0.00745107495959648,0.000758152607754914
8.456,0.00743491332305694,0.000746083067477366
8.457,0.00737441643853884,0.000721672846428545
8.458,0.00731161162686567,0.000697265863371876
8.459,0.00724858095905265,0.000675557390319825
8.46,0.00718428479628221,0.000658480236258807
8.461,0.00717026818034077,0.000647972457861079
8.462,0.00717932367149906,0.000650068273389037
8.463,0.00718536789260009,0.000665611538265776
8.464,0.00722999455469431,0.000693539050449721
8.465,0.00729424756822184,0.000736353482769236
8.466,0.00727353401663164,0.000765844223556411
8.467,0.00725262521889232,0.000796975148836032
8.468,0.00722816007639578,0.000829949085713655
8.469,0.00719986050273914,0.000852914580973807
8.47,0.00713600185716602,0.000868857908446818
8.471,0.00707581821442357,0.000883084344623697
8.472,0.0070088242345318,0.000895616006636568
8.473,0.006941796356282,0.000908032808898951
8.474,0.0068715986930262,0.000920729977294032
8.475,0.00680071409814135,0.000934495835145543
8.476,0.00677924584187159,0.000945692001363962
8.477,0.00682272474018805,0.000949665074503225
8.478,0.00685353731207542,0.000947829348283524
8.479,0.00688833403186126,0.000942304979468567
8.48,0.00692613721838166,0.000937500381885392
8.481,0.00696871912849617,0.000936188164871676
8.482,0.00700412085854067,0.000933788062648155
8.483,0.00705378198309562,0.000934792372369431
8.484,0.00703886801551637,0.000919506681018201
8.485,0.00702802704942073,0.000899785398337682
8.486,0.00701220314467412,0.000875864001736837
8.487,0.00699759439240284,0.00084953974588764
8.488,0.00698191272441863,0.000821394719921986
8.489,0.00692135103353932,0.000778533020712735
8.49,0.00686855281019727,0.000731903867294603
8.491,0.006851884757817,0.000680468704302883
8.492,0.00685726487636744,0.000628708471236528
8.493,0.00686284494099504,0.000576585445081212
8.494,0.00687180947219131,0.000525962009818859
8.495,0.00691654975556108,0.000474179283005693
8.496,0.00696489120304732,0.000423744887975031
8.497,0.00701607120513011,0.000376336358194285
8.498,0.00707054934582139,0.000332747642594833
8.499,0.00712810672626854,0.000293435347966442
8.5,0.00714271635937918,0.000243613690165734
8.501,0.00715287228332382,0.000191490992045906
8.502,0.00716740045156565,0.000139364984512391
8.503,0.00714250007238012,7.4833409383801e-05
8.504,0.00711410213033755,6.47727424479827e-06
8.505,0.00707270136738637,-6.34930332638062e-05
8.506,0.0070293601010678,-0.000132543991490153
8.507,0.00704144108040063,-0.000200504197371443
8.508,0.00705439818157149,-0.000267601668570983
8.509,0.00707142307439909,-0.000331620651914666
8.51,0.00709255464646683,-0.000391596474913658
8.511,0.00711918773616274,-0.00044647060509545
8.512,0.007158200491198,-0.000501738487580117
8.513,0.00720873496779274,-0.000553773510200029
8.514,0.00725705959693823,-0.000602483685531841
8.515,0.00731326230436538,-0.000645694964823695
8.516,0.00737025432598028,-0.000683852417991404
8.517,0.00739643421693204,-0.000727023438047369
8.518,0.00739744612614541,-0.000772363586544367
8.519,0.00740133044663183,-0.000814012218783133
8.52,0.00740017142178999,-0.000852239875792138
8.521,0.00736197377266615,-0.000899021501418962
8.522,0.00733308663674638,-0.000945191046664851
8.523,0.00732634422716457,-0.000993052336927425
8.524,0.00734224629810238,-0.00103690273428847
8.525,0.00736081898223871,-0.00107710482278517
8.526,0.00738307680203443,-0.00111231924499655
8.527,0.00740353479040609,-0.00114252340907622
8.528,0.00743029864521207,-0.00116720549198601
8.529,0.00745753297438344,-0.00118587478572824
8.53,0.00750052391311308,-0.00120274922531705
8.531,0.00755231905389484,-0.00121645825094341
8.532,0.00760142631350549,-0.00122585291898619
8.533,0.00764675735119201,-0.0012325489701423
8.534,0.00765759518707464,-0.00124642736316805
8.535,0.00766115888024565,-0.00126161760366783
8.536,0.00766837297704382,-0.00127465249940178
8.537,0.00764291854300292,-0.00129702315795954
8.538,0.00762624047082523,-0.00131909400614855
8.539,0.00758775971519998,-0.00134259777040202
8.54,0.00760415401667416,-0.00136260770411145
8.541,0.00762137868392069,-0.00137967970786013
8.542,0.00763390778847547,-0.00139270635121114
8.543,0.00765563120066003,-0.00140045683775786
8.544,0.00769584931635602,-0.00140633215196723
8.545,0.00774334150886837,-0.00140816830706225
8.546,0.00778501996581878,-0.00140759350579833
8.547,0.00783644143893139,-0.00140086065562239
8.548,0.00783981343186465,-0.00140515799938673
8.549,0.00783046369702073,-0.00141181073153857
8.55,0.00782377695210713,-0.00141695772882522
8.551,0.00778645842501301,-0.00143287836731842
8.552,0.00774967727361313,-0.0014507855365134
8.553,0.00771116557360957,-0.00146979606598729
8.554,0.00766733835095254,-0.00148918293419203
8.555,0.0076715211665321,-0.00150679734221898
8.556,0.00767761020126576,-0.00152228817089906
8.557,0.00769226233805654,-0.00153408271247774
8.558,0.00770326085602564,-0.00154243456418096
8.559,0.00772458402291393,-0.00154453870372706
8.56,0.00776681806822182,-0.00154450455766031
8.561,0.00780061631045624,-0.00154293058553323
8.562,0.0078504839092879,-0.00153537000278764
8.563,0.00785489162381658,-0.00153844596398034
8.564,0.00786326515878937,-0.00154200893398448
8.565,0.00785127383122911,-0.00154735606352147
8.566,0.00784169474663405,-0.00154897558692213
8.567,0.00780912453478925,-0.00155801568248387
8.568,0.00777177752786181,-0.00156684281618197
8.569,0.00773545468755038,-0.0015736983153764
8.57,0.00769520372106564,-0.00157763867298982
8.571,0.00769831820366553,-0.00157926056090529
8.572,0.00771141265097334,-0.0015769441379741
8.573,0.00771950987460585,-0.0015712759850473
8.574,0.00774073019282612,-0.00155889646954666
8.575,0.0077504467635327,-0.00154915880461226
8.576,0.00778711469198505,-0.00153423940232833
8.577,0.00783191444618006,-0.00151462114484996
8.578,0.00787473819117558,-0.00149062056652005
8.579,0.00791140941192196,-0.00146151826141966
8.58,0.0079604573036876,-0.0014252545455461
8.581,0.00795203412607366,-0.00140164819370614
8.582,0.00794536858597678,-0.00137762038269246
8.583,0.00793372381206621,-0.00135284557170906
8.584,0.00787522715782765,-0.00134036029982942
8.585,0.00782477938817795,-0.00132733775626726
8.586,0.00777200508119532,-0.00131323953727031
8.587,0.00772557673157781,-0.00129610464020552
8.588,0.00765919157890925,-0.0012770820493882
8.589,0.00765942113623887,-0.00125404324427508
8.59,0.00765560101609723,-0.0012274979306231
8.591,0.00766431484094929,-0.00119502497541157
8.592,0.00771484616190336,-0.00116078705087047
8.593,0.00775231096845329,-0.00112657040776709
8.594,0.00780235000475654,-0.00108763456681432
8.595,0.0078524034365039,-0.00104395404077484
8.596,0.00789968366206073,-0.000994103546858305
8.597,0.00787966731726893,-0.000959813220144157
8.598,0.00786422510744054,-0.000926525055321425
8.599,0.00784737522457811,-0.000893457570868283
8.6,0.00777945374243153,-0.000875766967079472
8.601,0.007721201786116,-0.000857298512656757
8.602,0.00766284208061363,-0.000837988807098899
8.603,0.00759880862510372,-0.000818272608857862
8.604,0.00754041264418762,-0.000795298153167479
8.605,0.00752217011701899,-0.000770951578410062
8.606,0.0075373359119239,-0.000741135054475262
8.607,0.00754714410699625,-0.000707085504638216
8.608,0.00757882240411161,-0.00067455266451949
8.609,0.00763620670482152,-0.000637704164445252
8.61,0.00768650810956689,-0.00059825886920839
8.611,0.00774273836584087,-0.000553987898213371
8.612,0.00772989741415228,-0.00052592643558369
8.613,0.00771430368783892,-0.000499849201696434
8.614,0.00770456035862089,-0.000472721717121372
8.615,0.00769309326191745,-0.00044467111130686
8.616,0.00763180826740389,-0.000430202500479204
8.617,0.00757453605117959,-0.000416436070358239
8.618,0.00751451775912181,-0.000402307639966515
8.619,0.00751503291192852,-0.000386673537917659
8.62,0.00752569767676998,-0.000368070258333519
8.621,0.00753600819738636,-0.000345857157872831
8.622,0.00755090337492737,-0.000318393168434239
8.623,0.00756400071591067,-0.000285331196208993
8.624,0.00763036023035843,-0.000250360080879697
8.625,0.00768796213527287,-0.000215324283629637
8.626,0.00774681969018956,-0.0001766893236953
8.627,0.00772287929902585,-0.000157895402100539
8.628,0.00770319152619384,-0.000141426756147311
8.629,0.00768476706394858,-0.000125223915686201
8.63,0.0076689076474261,-0.000107869950781714
8.631,0.00765458899921954,-8.85154843636715e-05
8.632,0.00764336486605608,-6.61797943578568e-05
8.633,0.00757373429285116,-5.84787946733556e-05
8.634,0.00751925180923185,-4.94548908769876e-05
8.635,0.00751631198490316,-4.01635340513962e-05
8.636,0.00753514110625871,-2.77110833481475e-05
8.637,0.00755236572545179,-1.25699001045643e-05
8.638,0.00757726820348917,8.3141648635765e-06
8.639,0.00759658450311704,3.38927266507194e-05
8.64,0.00765423654471389,6.15410240931702e-05
8.641,0.00771876104728724,9.32708830042595e-05
8.642,0.00777406131786887,0.000127712473995456
8.643,0.00777102882626957,0.000146226735649457
8.644,0.00775038651923993,0.000159885704751617
8.645,0.00773189107488319,0.000173207101412609
8.646,0.00771398111735566,0.000186892484251244
8.647,0.0076615085880244,0.00018767414167431
8.648,0.0076019176802073,0.000187980622031125
8.649,0.00753949138290125,0.000189402780258252
8.65,0.00746709154680753,0.000191702762775581
8.651,0.00747096519705543,0.000196469095864293
8.652,0.00747571095285069,0.000203462567021695
8.653,0.00748124743200901,0.00021354537312912
8.654,0.00753387575576119,0.000224651013977895
8.655,0.00758431720969594,0.000237999406962786
8.656,0.00763299452501017,0.00025422627049726
8.657,0.00767187723545503,0.000272667194183673
8.658,0.0077300892528621,0.00029835682123508
8.659,0.00772459602041266,0.000310116065742938
8.66,0.00772077730663126,0.000320210479873628
8.661,0.00769347206010411,0.000318672341993897
8.662,0.00764927722236732,0.000313731409787132
8.663,0.0076123670699579,0.000309525831903468
8.664,0.00755578851582205,0.000304394892903903
8.665,0.00751375112202626,0.00030289312012971
8.666,0.0075004868514212,0.000302327773502475
8.667,0.00752284880970668,0.000307630129505021
8.668,0.00756085453760008,0.000310431687085611
8.669,0.00762131085986615,0.000317252973561943
8.67,0.00767675129184002,0.00032660411962443
8.671,0.00772979148302642,0.000339280632690786
8.672,0.00778993219221097,0.000357732191427207
8.673,0.00777425542757939,0.000360078621097992
8.674,0.00776283924564514,0.000362473664783591
8.675,0.00774847195218574,0.000365212029418971
8.676,0.00769364172891083,0.000354813842434465
8.677,0.00764182328788908,0.000343740376015533
8.678,0.00758154139112089,0.000331749778066659
8.679,0.00753114523919072,0.000322420043624483
8.68,0.00751643335137138,0.000314411863462427
8.681,0.00753622484423436,0.000312205911802477
8.682,0.00755159686391353,0.000314949662651498
8.683,0.00758633149240904,0.000316755126188895
8.684,0.00764586639716359,0.000322918585836884
8.685,0.00769809684365878,0.000331817869587858
8.686,0.00775129204670564,0.00034485229824599
8.687,0.00773202745781881,0.00034215313878716
8.688,0.00771268982801102,0.000338104495177294
8.689,0.00769579172635042,0.000334761873955647
8.69,0.00768006453255055,0.00033305792799021
8.691,0.00762294829165577,0.000318574963151352
8.692,0.00756965638868163,0.000303735611914768
8.693,0.00751241022944772,0.000289454629031405
8.694,0.00744476122365737,0.000275803114491713
8.695,0.00745063133744405,0.000264152161757514
8.696,0.00745930723490578,0.000255015656911217
8.697,0.00747034434601692,0.000249484248492138
8.698,0.00748114426730902,0.000248495319968622
8.699,0.00753965627996173,0.000249439954278674
8.7,0.00758792932043453,0.000250940386270604
8.701,0.00764006844543698,0.000256437465417814
8.702,0.00768049012003038,0.000264494721514408
8.703,0.00773685768151943,0.000279956001419335
8.704,0.00772943834220557,0.000281034302738403
8.705,0.0077249352467619,0.000280322061686877
8.706,0.00771205333039991,0.000278373208640215
8.707,0.00765071919390195,0.000261542443515617
8.708,0.00759945607507082,0.000243904962068275
8.709,0.00753823510808887,0.000225158798412839
8.71,0.00748816385661284,0.000207977427029327
8.711,0.00741565210022213,0.00019093744269516
8.712,0.0074207668791559,0.000176916532590499
8.713,0.00742446270013835,0.00016513164942672
8.714,0.00743135199659422,0.000157417170600804
8.715,0.00744769015544622,0.000155604877585702
8.716,0.00750445435015078,0.000154932117589768
8.717,0.00755691257599778,0.000155402093219792
8.718,0.00760902465489077,0.000158796539955264
8.719,0.00765440245854045,0.000165078893434312
8.72,0.00771298719285534,0.000178166171106886
8.721,0.00769844355349528,0.000174765415220601
8.722,0.0076877343435422,0.000170373425484815
8.723,0.00767329112578883,0.000165526869867372
8.724,0.00766288674588428,0.000162299839040203
8.725,0.00761325671061592,0.000145729800707817
8.726,0.00756729718370813,0.000128185202727338
8.727,0.00750890129556266,0.000109376241956949
8.728,0.00746296174923003,9.28309485752621e-05
8.729,0.00740533847996537,7.83181186617687e-05
8.73,0.00739590328221532,6.49861101948979e-05
8.731,0.00741395873772554,5.64049299091596e-05
8.732,0.00743043310374696,5.18555797875964e-05
8.733,0.0074526956750917,5.32927626580859e-05
8.734,0.00752072477385176,5.56687629025832e-05
8.735,0.00758170972903496,5.83254010583789e-05
8.736,0.00764305550477175,6.47002019726339e-05
8.737,0.00770014258845588,7.45487807247147e-05
8.738,0.00776186217970671,9.041960530487e-05
8.739,0.00775221915718491,9.0065369282688e-05
8.74,0.00774676814604053,8.85970389813417e-05
8.741,0.00773618684017204,8.62174849930453e-05
8.742,0.00773087332488898,8.54396881946329e-05
8.743,0.00772434611450957,8.63498804669627e-05
8.744,0.00765485286686136,7.03601990484914e-05
8.745,0.00759858120546821,5.4915903692776e-05
8.746,0.00753884474669131,3.98421523308823e-05
8.747,0.00748216687502981,2.644648982153e-05
8.748,0.00747529691691392,1.2816037521457e-05
8.749,0.00749618750862897,2.49217279929548e-06
8.75,0.00750872648246635,-5.53281116033588e-06
8.751,0.00751972196624685,-9.69363308006566e-06
8.752,0.0075240146431154,-9.69623802776765e-06
8.753,0.00755009408439101,-1.77322662453516e-06
8.754,0.00762825423108989,8.91436952410452e-06
8.755,0.00769681936062282,2.14985321389527e-05
8.756,0.00776310607047531,3.73570386838495e-05
8.757,0.00782834932742715,5.72840924574214e-05
8.758,0.00783297172401887,6.04828139132985e-05
8.759,0.00782153269926635,5.80394566813691e-05
8.76,0.0078156727560188,5.50330311455127e-05
8.761,0.00781076669978217,5.21191390142062e-05
8.762,0.00780493564420871,5.02019301170664e-05
8.763,0.00778556084284543,4.90613614291813e-05
8.764,0.00771482778504822,3.39518085875068e-05
8.765,0.00765866873492753,1.85578601204495e-05
8.766,0.00758319131212436,9.16045760968043e-07
8.767,0.00751996642006324,-1.41833326025576e-05
8.768,0.00751541574463013,-2.94014765959694e-05
8.769,0.00752168304572945,-4.20082019839119e-05
8.77,0.00752822481982646,-5.18940517423294e-05
8.771,0.00753674132149417,-5.76324481583734e-05
8.772,0.00754177144908597,-5.98707073159455e-05
8.773,0.00756569892508476,-5.39138860919386e-05
8.774,0.00763179654708287,-4.69949911333645e-05
8.775,0.00768886289663905,-3.95313088186189e-05
8.776,0.00775430928591364,-2.826058211014e-05
8.777,0.00781141337809962,-1.2695192400547e-05
8.778,0.00787430492960235,8.13848904684944e-06
8.779,0.00787053916039122,1.20349540866926e-05
8.78,0.00786643283414567,1.33120425304667e-05
8.781,0.00786480890245281,1.38475484577349e-05
8.782,0.00786663149149819,1.49283778642095e-05
8.783,0.00787000854858705,1.72077460864339e-05
8.784,0.00782599176022385,5.18654825504283e-06
8.785,0.00779449229633378,-8.19057535067502e-06
8.786,0.00774213538780482,-2.4666240647786e-05
8.787,0.00769805777428373,-3.90786364354301e-05
8.788,0.00764764656310453,-5.18480752336181e-05
8.789,0.00759538440394961,-6.13204266000644e-05
8.79,0.00760714375412583,-7.00794480223421e-05
8.791,0.00762731018043068,-7.55226087736371e-05
8.792,0.00765104536080549,-7.65915456270028e-05
8.793,0.00767294073640669,-7.32654389313248e-05
8.794,0.00771819100744059,-7.22343872736619e-05
8.795,0.00777450802935944,-6.89757819981596e-05
8.796,0.0078252067656381,-6.34183007802713e-05
8.797,0.00787296689859644,-5.44712732412078e-05
8.798,0.00792498827599905,-3.96790578612305e-05
8.799,0.0079655991088244,-2.07424163342629e-05
8.8,0.00802276370203302,6.66391852738313e-06
8.801,0.00801336097063701,1.8700074966016e-05
8.802,0.0080094700659122,2.8984583879732e-05
8.803,0.00800004966308522,3.75254841903372e-05
8.804,0.00794151529160778,2.88109040130213e-05
8.805,0.00789347706701561,1.80096029575583e-05
8.806,0.0078334784945035,5.15660948596786e-06
8.807,0.00778521048792754,-6.38295351179652e-06
8.808,0.00772417518626539,-1.68799363788885e-05
8.809,0.00765691633173531,-2.46856179584864e-05
8.81,0.00766208181231134,-3.11347221341185e-05
8.811,0.0076742802124556,-3.47497733774738e-05
8.812,0.00768462203031748,-3.47383625726727e-05
8.813,0.00771916611281527,-3.6755870667815e-05
8.814,0.00776424632982875,-3.66045961994188e-05
8.815,0.00780216182653931,-3.51307256595823e-05
8.816,0.00785281948518095,-2.85959207736441e-05
8.817,0.00789985091462402,-1.80812995932977e-05
8.818,0.00794964765296368,-1.53923349105467e-06
8.819,0.00793497865540618,1.75485174902512e-06
8.82,0.00792555393712295,5.18134882143695e-06
8.821,0.00791331898345752,8.8690329762553e-06
8.822,0.00785217544009717,-2.49942300906136e-06
8.823,0.00780457716972807,-1.43014909441685e-05
8.824,0.0077374662491162,-2.78219023135406e-05
8.825,0.00768282578525984,-3.85951652304706e-05
8.826,0.00768940352707801,-4.72367078246938e-05
8.827,0.0077015856817446,-5.23498465528904e-05
8.828,0.00771675349691625,-5.31971256921282e-05
8.829,0.00773237965746523,-4.91719861596129e-05
8.83,0.00779453643518588,-4.33566372688987e-05
8.831,0.00784636627375185,-3.72532787000779e-05
8.832,0.00790931958251825,-2.59567931299443e-05
8.833,0.00796318348892725,-1.10304903427894e-05
8.834,0.00802220985145627,9.74107996887241e-06
8.835,0.00801879301604533,1.61733590399171e-05
8.836,0.00800487461205448,1.91955997290716e-05
8.837,0.00799535747548669,2.26318699178552e-05
8.838,0.00795147061433605,1.20901236105309e-05
8.839,0.0079072384137519,-1.82618231536757e-07
8.84,0.0078568368382558,-1.29926750884746e-05
8.841,0.00781897376594045,-2.37721158948268e-05
8.842,0.00776001175860967,-3.39738798619815e-05
8.843,0.00770051964482146,-3.98863537728333e-05
8.844,0.00771216636012259,-4.28069482039661e-05
8.845,0.0077247273848866,-4.19992438280836e-05
8.846,0.00774101088228376,-3.54053882952177e-05
8.847,0.00780935699465947,-2.78019225832815e-05
8.848,0.00786104763820976,-2.13787995301251e-05
8.849,0.00791180243480423,-1.23273011140568e-05
8.85,0.00795716414718611,-1.63605980707526e-07
8.851,0.00801602075229244,1.8688243052567e-05
8.852,0.00799899497329252,2.15114224081936e-05
8.853,0.0079879286514487,2.37748827245921e-05
8.854,0.00797602402158711,2.57069179690483e-05
8.855,0.00796583459461717,2.90254266032686e-05
8.856,0.00795179356352438,3.37888964519473e-05
8.857,0.00787854228067884,2.08606258568222e-05
8.858,0.00781945717477855,7.87638823401826e-06
8.859,0.00775951956276371,-5.07679602440581e-06
8.86,0.00770510109073734,-1.65893269249429e-05
8.861,0.0077045937132118,-2.76171431874417e-05
8.862,0.00772479962934053,-3.54245153367794e-05
8.863,0.00774038336964075,-4.1043373579297e-05
8.864,0.00776988685740074,-4.03248883062979e-05
8.865,0.00779856156383796,-3.35254876645541e-05
8.866,0.00783154414784754,-1.8912741106103e-05
8.867,0.00790452593654534,-2.69291273713446e-06
8.868,0.00796533258740522,1.36731053798633e-05
8.869,0.00803024407655528,3.36147777864615e-05
8.87,0.00809161450879992,5.69615378041566e-05
8.871,0.00807742215917649,6.24150026244941e-05
8.872,0.00806723908752575,6.5345688725793e-05
8.873,0.00806021330094982,6.73329150663315e-05
8.874,0.00805594382345228,6.95705323479068e-05
8.875,0.00805158993116969,7.27707493657914e-05
8.876,0.00798789929942815,5.88201249930309e-05
8.877,0.00793998896907236,4.46478550911178e-05
8.878,0.00787591106855393,2.91610564572831e-05
8.879,0.00782333904024427,1.62706606559038e-05
8.88,0.00774942554149323,3.65179952693806e-06
8.881,0.00776123650753979,-6.52531600553452e-06
8.882,0.00776879748850315,-1.26071288811813e-05
8.883,0.00778246546574102,-8.74835442377098e-06
8.884,0.00779078860260004,6.2066813259487e-06
8.885,0.0078055965984734,3.20257310608141e-05
8.886,0.00789268864248323,6.12166032608608e-05
8.887,0.00796012971658992,9.09242889347017e-05
8.888,0.00802292868382014,0.000123977341181303
8.889,0.00808578444832332,0.0001616063220789
8.89,0.00814935255071079,0.000204601503738022
8.891,0.00821412115058083,0.000253844164949002
8.892,0.00828033589562909,0.000310248728372431
8.893,0.00834811441147279,0.000374665927135753
8.894,0.00832934213098536,0.000419925796455833
8.895,0.00831083449674102,0.000461984590516884
8.896,0.00829032848946295,0.000502506464692132
8.897,0.00826961826059956,0.000543365735110601
8.898,0.00822124954272,0.000563450102904872
8.899,0.00814878380470421,0.00057448700017021
8.9,0.00808203563144554,0.000582768458867122
8.901,0.00801402536410984,0.000589608218908744
8.902,0.00794708294497153,0.000596605736793876
8.903,0.00788040765433745,0.00060472142009016
8.904,0.00781393745087208,0.000614739090187666
8.905,0.007747408173158,0.00062724070077852
8.906,0.00768070438144631,0.000642681075943563
8.907,0.00769292740617617,0.000662732981634606
8.908,0.00769777572067981,0.000686223575840972
8.909,0.00772253397412156,0.000715571661050241
8.91,0.00774707858017749,0.000750271810209591
8.911,0.00781953382017455,0.000784482394409536
8.912,0.00787763435622661,0.000817998073877668
8.913,0.0079630619380441,0.000855978367932386
8.914,0.00803453529531089,0.00089518498452601
8.915,0.00803319807111669,0.000914476712062129
8.916,0.00801537803855161,0.000924906491859834
8.917,0.00799921205286212,0.000931627867477358
8.918,0.00797944154837,0.000935218800352466
8.919,0.00796123759621499,0.000937578076952272
8.92,0.00789348267521492,0.000921411137546291
8.921,0.00783864860840267,0.000901756973675005
8.922,0.00776128412765901,0.000877488747174193
8.923,0.00775930154371193,0.000851942686176166
8.924,0.0077630238677427,0.000827322614693371
8.925,0.00776500666138089,0.00080462617172844
8.926,0.00778651351226625,0.00078771807145217
8.927,0.00785546452302108,0.000772464082468172
8.928,0.00791098668092176,0.000757236153418106
8.929,0.00796259248923788,0.000743832891961282
8.93,0.00801859975668765,0.000734530712092063
8.931,0.00800182075157225,0.000708434172262851
8.932,0.00798586678563322,0.0006794596836186
8.933,0.00796686058573517,0.000648215850999889
8.934,0.00794917792354395,0.000616658548161231
8.935,0.00793113875329486,0.000585530916663968
8.936,0.00787361665376846,0.000541781093252924
8.937,0.00782585270907474,0.000497886852032559
8.938,0.00776468748620838,0.000454997405537672
8.939,0.00771085222532475,0.000420466533027852
8.94,0.00769692021053764,0.000398974513072858
8.941,0.00770600602441223,0.000397706417130439
8.942,0.00770649382112324,0.000415920295456895
8.943,0.00772615691278061,0.000453721099176851
8.944,0.00778472985328781,0.000501511546266875
8.945,0.00782428670257206,0.000556706892296199
8.946,0.00784573215074518,0.000599820598690681
8.947,0.00782511789870129,0.000631134853336157
8.948,0.00780328626917858,0.0006585352951472
8.949,0.00777501140341131,0.000682201483949152
8.95,0.00774829595916669,0.000704251445774851
8.951,0.00771365372730007,0.000712795117307152
8.952,0.00764603623371367,0.000712973550311691
8.953,0.00758572652762363,0.00071063432958296
8.954,0.00751870301116977,0.000706058255663222
8.955,0.00745581842413875,0.000700949704289244
8.956,0.00738324248793596,0.000695183774552743
8.957,0.0073934571812674,0.000687506779395497
8.958,0.00740230292513373,0.000678207253484886
8.959,0.0074345306562083,0.000663070702201785
8.96,0.00748096916288532,0.000647802469683101
8.961,0.00752124671526475,0.000630953213151875
8.962,0.00757216268317838,0.000616248067131453
8.963,0.00761819442809706,0.000603911644762811
8.964,0.00767202586250097,0.00059470587766336
8.965,0.00772013146574775,0.000587915024895802
8.966,0.00777780641827761,0.000585808394731324
8.967,0.00783463764406878,0.000587804116147395
8.968,0.00789934203258745,0.000591011235108851
8.969,0.00790976059368804,0.000579579952000309
8.97,0.00793700029339945,0.000568230790868818
8.971,0.00794268862506408,0.000556207980675905
8.972,0.00788292873186732,0.00053237403046752
8.973,0.00782775340364951,0.000510865940833993
8.974,0.00777268486265592,0.000492551172226074
8.975,0.00771811084919597,0.000478758207748953
8.976,0.00766212273075421,0.000470363795815887
8.977,0.00766213041388407,0.000468946886858113
8.978,0.00764963286056088,0.000473037156557943
8.979,0.00764447079023929,0.000484608049594104
8.98,0.00763983698237799,0.000503687241958317
8.981,0.00768674455010097,0.00052686061700441
8.982,0.00775618494734853,0.000557342678389028
8.983,0.00782586398755178,0.000593459366251381
8.984,0.00790018742813093,0.000635155825550571
8.985,0.00793329494300811,0.000663304451187896
8.986,0.00795020324651294,0.000687502733815959
8.987,0.00798395271283826,0.000712153895051748
8.988,0.00799638405265038,0.000734480751015398
8.989,0.00793813942871003,0.000740064170455801
8.99,0.00788087335306372,0.000743834002764343
8.991,0.00782845251281053,0.000740203294013642
8.992,0.00780878093538217,0.000738530091312972
8.993,0.00778341732074195,0.000737194362565141
8.994,0.00776392085495709,0.000738481545006275
8.995,0.00782855004331761,0.000740513031128209
8.996,0.00789812259954403,0.000744203077660155
8.997,0.00797259411517083,0.000751474569708144
8.998,0.00805180153458786,0.00076333207158702
8.999,0.0081358810438544,0.000780726925858344
9,0.00822495927646973,0.00080452276666676
9.001,0.00826076329508311,0.000814512483182928
9.002,0.00831169661837109,0.000825165866059574
9.003,0.00834842579239138,0.000835188051767355
9.004,0.00839652826601019,0.000848749474118504
9.005,0.00836893658015709,0.000845009448330492
9.006,0.00829043137472645,0.000833308146082068
9.007,0.0082116731174091,0.000823878916239029
9.008,0.00815949677516963,0.000812989119550966
9.009,0.00810902588687331,0.000802957222658773
9.01,0.00806557291710442,0.000796512570844399
9.011,0.00810747030758455,0.000793586364992827
9.012,0.00814886003266791,0.000793190566817092
9.013,0.00819375282486517,0.000796482562668177
9.014,0.00824004484872375,0.000806271017038007
9.015,0.00829385627721416,0.000824850397645682
9.016,0.00834858597583604,0.000850501865754694
9.017,0.0084065351041676,0.000884901038707753
9.018,0.00841588165051711,0.000910281217830877
9.019,0.00844034404269093,0.000936247473720897
9.02,0.00839336446810381,0.000942752525572077
9.021,0.00833910656975799,0.000943271915252064
9.022,0.00828642288451103,0.000941373069833273
9.023,0.00823278606793379,0.000938282611978536
9.024,0.00818165718334992,0.000935498819232938
9.025,0.00812438493803195,0.000932638704077338
9.026,0.00814371124290113,0.00092573873542473
9.027,0.00816541138367228,0.00091469846651504
9.028,0.00820074625273074,0.000904497851282549
9.029,0.00823411007490972,0.000895296738578188
9.03,0.00827074938864699,0.000888776168229799
9.031,0.00830635392218363,0.000885069420557161
9.032,0.00836149189248165,0.000881201653662345
9.033,0.00833708472301219,0.000853366018632895
9.034,0.00831355624001383,0.000817648927767756
9.035,0.00828869089789749,0.000776287749659821
9.036,0.00826363057882119,0.000731234250040569
9.037,0.00822423334350131,0.000672391537092754
9.038,0.00817556818350285,0.000608498592621909
9.039,0.00813037623020548,0.000542304690663964
9.04,0.00807921161885274,0.000473753389406195
9.041,0.00803176364235287,0.000405653792644955
9.042,0.00797854620023993,0.000336863040753366
9.043,0.00793110295551574,0.000269644726048512
9.044,0.00792393552812977,0.000201656527195393
9.045,0.00792288052234082,0.000133143139197933
9.046,0.00796891276355321,6.22260720912204e-05
9.047,0.00800390493010468,-1.24722444801439e-05
9.048,0.00804085458032946,-8.84538467668117e-05
9.049,0.00807390352664773,-0.000165479615035546
9.05,0.00811311573152623,-0.000241660846471314
9.051,0.00814611758139824,-0.000317604045679987
9.052,0.00818777528450451,-0.000391121721123655
9.053,0.00823217769402458,-0.000462505627885634
9.054,0.00827883240749074,-0.000530973218261732
9.055,0.00833013312762556,-0.000594940128131161
9.056,0.00834235181897582,-0.000667802644280013
9.057,0.00835512656386333,-0.000740210698497279
9.058,0.00835947997716776,-0.000811967454939999
9.059,0.00834043418767599,-0.000891267266070583
9.06,0.00832532086649655,-0.000971006908771277
9.061,0.00829744342605277,-0.00104990561253981
9.062,0.00826835523943852,-0.00112530079541284
9.063,0.00827373370840243,-0.00119779182184504
9.064,0.00828368682325424,-0.00126656685438498
9.065,0.00830278648401859,-0.00133062482583257
9.066,0.00832034893505011,-0.00138882234877996
9.067,0.00833658207592872,-0.00144117118695763
9.068,0.00837216356230281,-0.00149197638889886
9.069,0.00841564435636787,-0.00153748251882291
9.07,0.00845168674060983,-0.00157920226143188
9.071,0.00848994313786094,-0.00161607907623551
9.072,0.00848119860469419,-0.00166102262384632
9.073,0.00847330082942401,-0.00170331941926183
9.074,0.00846698875273809,-0.00174218006576227
9.075,0.00846123409291939,-0.00177721775432865
9.076,0.00845339024604316,-0.00180846264369133
9.077,0.00844232842516011,-0.0018356821750492
9.078,0.00840214936974338,-0.00186809454878373
9.079,0.00841383176613911,-0.00189585697366101
9.08,0.00842781652287073,-0.00192081516966419
9.081,0.00844853562539163,-0.0019401838207867
9.082,0.00846698429979574,-0.00195511390939118
9.083,0.00849616399691264,-0.00196257403911126
9.084,0.00852543615619708,-0.00196316539587843
9.085,0.00856000225267143,-0.00196172350031421
9.086,0.00856667325572111,-0.00196641047323337
9.087,0.00855793468064512,-0.00197260582580355
9.088,0.00854750433387344,-0.00197712076615336
9.089,0.0085346065771461,-0.00197923454772087
9.09,0.00849765585107086,-0.00198597670213918
9.091,0.00846565376716653,-0.00199036349681003
9.092,0.00842230525094759,-0.00199254007812416
9.093,0.00843516720102797,-0.00198957465036098
9.094,0.00844642102884199,-0.00198357791395298
9.095,0.00845762620661491,-0.00197256636363197
9.096,0.00850543537095815,-0.00195771903116093
9.097,0.0085415558881155,-0.00194102764448384
9.098,0.00857522232169571,-0.00192004198033691
9.099,0.00860744525884281,-0.00189402316090914
9.1,0.00863288506970894,-0.00186290485908125
9.101,0.00862585142633217,-0.00183921752754468
9.102,0.00860233811506217,-0.00181718028345779
9.103,0.0085815353966478,-0.00179308077351714
9.104,0.00854445494586338,-0.00177847242768975
9.105,0.00850421380847119,-0.00176511283016512
9.106,0.00845769982884296,-0.00175136233182854
9.107,0.00841592589020952,-0.00173551479739337
9.108,0.00837183080656121,-0.00171711945066888
9.109,0.00836957696247528,-0.00169711806453215
9.11,0.00838743503945558,-0.00167145555957543
9.111,0.00839997299832942,-0.00164178687048355
9.112,0.00841988583550205,-0.00160578716305454
9.113,0.00846966935250973,-0.00156951317712567
9.114,0.00850650233736887,-0.00153286615978254
9.115,0.00855959084183307,-0.00149156413108925
9.116,0.00859943591177714,-0.00144619635609977
9.117,0.00865236999889024,-0.00139315502302584
9.118,0.00863336755844881,-0.0013560697415127
9.119,0.0086185508571061,-0.00131955822204982
9.12,0.00859983196961923,-0.0012827316972514
9.121,0.00858589467302009,-0.00124345867494297
9.122,0.00853734256206948,-0.00121875303605379
9.123,0.0084779646063178,-0.00119744723618292
9.124,0.0084257905863241,-0.00117555007089759
9.125,0.00837305981969485,-0.00115265479771715
9.126,0.00832106803819941,-0.00112798787093571
9.127,0.00832130549392247,-0.00110262784957837
9.128,0.00833306728548616,-0.00107350982827215
9.129,0.00835586447385501,-0.00103979797992104
9.13,0.00836960378953285,-0.00100163324657709
9.131,0.00841233343514852,-0.000963847408682106
9.132,0.0084520229822726,-0.000924631219647809
9.133,0.00849872858914235,-0.000881534859817679
9.134,0.00853876653913627,-0.000834812853179878
9.135,0.00857830819599046,-0.00078294463924572
9.136,0.00857090326073328,-0.000743140302779388
9.137,0.00854951422585318,-0.00070732113649602
9.138,0.00852893715886077,-0.000671903528547013
9.139,0.00849766763735645,-0.000648147871294802
9.14,0.00845002885756784,-0.000628883802385516
9.141,0.00840066559137053,-0.000609898442203383
9.142,0.00835499170258951,-0.000589551498548946
9.143,0.00830332872904344,-0.000568385428123486
9.144,0.00832547241540027,-0.000543160951911481
9.145,0.00834657224774609,-0.000515955871647378
9.146,0.00836601252064098,-0.000484858396030574
9.147,0.00842708048308069,-0.000452767810536492
9.148,0.00847270058911526,-0.000421219454137645
9.149,0.00852540310202513,-0.000385825342050783
9.15,0.00856679741430315,-0.000347103441605601
9.151,0.0086243970743987,-0.00030195571026892
9.152,0.00859937947882446,-0.000274328755473507
9.153,0.00857624043127486,-0.000246545157959077
9.154,0.00855105884419424,-0.000218169387638856
9.155,0.00850729347642072,-0.000202531387037963
9.156,0.00845528888646448,-0.000189746515015687
9.157,0.00840597788311644,-0.00017699891287476
9.158,0.00835770787453787,-0.00016343730311269
9.159,0.00831056032611836,-0.000147977356978968
9.16,0.0083166610787462,-0.000131162809357765
9.161,0.00833464730391532,-0.000110090268550911
9.162,0.00835594891146777,-8.52707544231612e-05
9.163,0.00840587688013534,-6.17588525704815e-05
9.164,0.00846917313628176,-3.4633195305056e-05
9.165,0.00852021272014859,-5.29449234665247e-06
9.166,0.00858595888506893,2.93167777827841e-05
9.167,0.00864451435435503,6.82227503294719e-05
9.168,0.00863781502593363,9.09973628102079e-05
9.169,0.00861951466388074,0.00010987778814997
9.17,0.0085926713723311,0.000126917442092922
9.171,0.008569096005601,0.000147160866779905
9.172,0.00852869664158071,0.000154037698520626
9.173,0.00848308684328829,0.000157103491992383
9.174,0.00842578281692431,0.000158227437590475
9.175,0.00837838242974717,0.000160942322338764
9.176,0.00831446757976839,0.000163141863353311
9.177,0.00832186484702702,0.000165634476613497
9.178,0.00834952536167451,0.00017186827780441
9.179,0.00837357668922566,0.000180653928616992
9.18,0.00840834446429128,0.000195230205745911
9.181,0.00843726016829807,0.000214403103650451
9.182,0.00847275349111788,0.000229407761662692
9.183,0.00853451514505931,0.000249723236627641
9.184,0.0085865097687663,0.000272326581394255
9.185,0.00865382707655846,0.000299945181432004
9.186,0.00871476592112369,0.00033183347604343
9.187,0.00870462222313646,0.000345902509862717
9.188,0.00868249660302416,0.000355918560376811
9.189,0.00865721761754488,0.000364742561307529
9.19,0.0086352673164276,0.000375913015744356
9.191,0.00861180394507952,0.000389195444435053
9.192,0.00856554513128622,0.000387816620118386
9.193,0.00849900422178577,0.000381703366513053
9.194,0.00843451742038944,0.000375377041916536
9.195,0.00837085462646664,0.000369995264709377
9.196,0.00838919912573119,0.000366658229549344
9.197,0.00840273721114427,0.000363141069218587
9.198,0.00842268143409729,0.000362762814042572
9.199,0.00844165435445904,0.000365454267538812
9.2,0.00847425965265947,0.000375006008476508
9.201,0.00851254642790028,0.000390976490846462
9.202,0.00857525325089175,0.000405583458225667
9.203,0.00863717180247551,0.000422504494990872
9.204,0.0086988933712606,0.000442517720382396
9.205,0.00875057078258097,0.00046518199339951
9.206,0.00875064534172238,0.000472667263963888
9.207,0.00873266675124833,0.000473390087870951
9.208,0.00872019395225549,0.000472889408741406
9.209,0.00869282616660869,0.000469772504853583
9.21,0.00866476477558959,0.000469693934962323
9.211,0.00863485709821914,0.000472424004194172
9.212,0.00857747100837856,0.000461891083795629
9.213,0.00852616248536089,0.000449568101408393
9.214,0.00846275336984306,0.00043603241029555
9.215,0.00840332299635637,0.00042412921589785
9.216,0.00841843650155846,0.000413094959178739
9.217,0.00844742334504306,0.000405027696679716
9.218,0.00846699332583133,0.000398552933604246
9.219,0.00848948941435884,0.000395660486386451
9.22,0.00852117990178326,0.000397468396480249
9.221,0.008573773833078,0.000397885082819571
9.222,0.00861388898848336,0.000398365468759154
9.223,0.00867498103436227,0.000403530840372812
9.224,0.00872722303388965,0.000413232409696596
9.225,0.00878974275347708,0.000429230360709243
9.226,0.00877631886907818,0.000427960599730548
9.227,0.00875993252731904,0.000423255723420723
9.228,0.00874822577667007,0.00041901465126043
9.229,0.00871908443094144,0.000412576980319324
9.23,0.00869044244681717,0.00041033092072057
9.231,0.00864603336928773,0.000394711480390719
9.232,0.00859395023667024,0.000375746003176414
9.233,0.00854363611754859,0.000356134559843957
9.234,0.0084927032433905,0.000336741977981225
9.235,0.00845013389905517,0.000319728873169944
9.236,0.00845402864606415,0.000301927825484327
9.237,0.0084804305595143,0.000288483924170913
9.238,0.00849869754647057,0.000277229354091857
9.239,0.00852296548612866,0.000270184046039568
9.24,0.00855224418720485,0.000267732878157345
9.241,0.00858636651829124,0.000272093341414814
9.242,0.00866524895017484,0.000277513900717674
9.243,0.00872756786439554,0.000282977432896292
9.244,0.0087934636960042,0.000291723284639112
9.245,0.0088499351174428,0.000303455717385326
9.246,0.00884903837368357,0.000300340056819781
9.247,0.0088325798588895,0.000291556423384021
9.248,0.00881945151889117,0.000282403310359669
9.249,0.0088027631522962,0.000273043880563761
9.25,0.0087807330321789,0.000264217817684376
9.251,0.00876074673237601,0.000259589378078406
9.252,0.0087415191968165,0.000258812548212195
9.253,0.00867599627189206,0.000243314636718839
9.254,0.00861856753539302,0.000226846672310654
9.255,0.00865129889339028,0.000212542918960168
9.256,0.00868421878486813,0.000198457605990687
9.257,0.00870920164321199,0.000186250823939138
9.258,0.00873631626398001,0.000177667862171937
9.259,0.00876957037825223,0.000174133512154673
9.26,0.00879618162377155,0.000176623800795528
9.261,0.00883184345417561,0.000185855997050732
9.262,0.00889200365217653,0.000196498432405767
9.263,0.00895730197700383,0.000211382267847948
9.264,0.00893870051545226,0.000206536635313725
9.265,0.00892171987460171,0.000198550483963278
9.266,0.00890477916225149,0.000189044152534845
9.267,0.00889297491585035,0.000180061751653859
9.268,0.00886328768784995,0.000169120573547676
9.269,0.0088302565140552,0.000161631278801255
9.27,0.00877763021281033,0.00014423135723135
9.271,0.00870895816643333,0.00012480736199072
9.272,0.0086487897496781,0.000107712678060146
9.273,0.00866998887527125,9.30680973859621e-05
9.274,0.00869322617442352,8.04430565553016e-05
9.275,0.00871193559999417,6.98135787252641e-05
9.276,0.00873801284833389,6.39968042736028e-05
9.277,0.00876935498982495,6.28285024082964e-05
9.278,0.00881774088421264,6.1145619718983e-05
9.279,0.00887669921022262,6.41564899080405e-05
9.28,0.00892368641619769,7.01135982462131e-05
9.281,0.00898821397807927,8.20543037722832e-05
9.282,0.00904155551876077,9.83349940079647e-05
9.283,0.00903275246334497,0.000100479480764082
9.284,0.00901612355655018,9.89523885661647e-05
9.285,0.00899183162110011,9.62820919128693e-05
9.286,0.00896984351596235,9.70772231309591e-05
9.287,0.00892578837105815,8.38428753491827e-05
9.288,0.00888585799135574,6.86095100639328e-05
9.289,0.00884135348561242,5.2178113576884e-05
9.29,0.0088045669265695,3.68080562904161e-05
9.291,0.00874925595410572,2.09768676569522e-05
9.292,0.0087684462543368,8.34592049869798e-06
9.293,0.00879029604866456,-3.49858631948363e-06
9.294,0.00882158261931556,-1.03775768498515e-05
9.295,0.00885042265429776,-1.31962401205832e-05
9.296,0.00888730061122228,-9.6953009151024e-06
9.297,0.00895142426180768,-5.01209773873246e-06
9.298,0.00900633283770366,8.88839129298269e-07
9.299,0.009063346901398,1.00952053810888e-05
9.3,0.00911189694681468,2.3319185077697e-05
9.301,0.00917687906827202,4.34511256389158e-05
9.302,0.00916779412403183,4.67962023834589e-05
9.303,0.00915904132234908,4.74120030859448e-05
9.304,0.00914989129365808,4.70684001213639e-05
9.305,0.00912986803028883,4.56580802454809e-05
9.306,0.00906140192158534,2.98306790398328e-05
9.307,0.00901390582226337,1.32948824903556e-05
9.308,0.00896738067820832,-3.28381721603765e-06
9.309,0.00892136598018307,-1.87490473761986e-05
9.31,0.00886307145054921,-3.37571402737047e-05
9.311,0.00888203776224785,-4.53894162946167e-05
9.312,0.00890241644513536,-5.41192588207062e-05
9.313,0.00891878130871931,-6.02508601392215e-05
9.314,0.0089458005673187,-6.0675667493959e-05
9.315,0.00902163371418458,-5.84327558439401e-05
9.316,0.00907571108102409,-5.61838185456076e-05
9.317,0.00912987697129939,-5.0869935926956e-05
9.318,0.00918261532746019,-4.0821437099825e-05
9.319,0.00923101984224076,-2.56782052731608e-05
9.32,0.00921665110078351,-2.36660264386068e-05
9.321,0.00919353236149171,-2.48346874155425e-05
9.322,0.00916997187407961,-2.60419753552177e-05
9.323,0.00914855236026882,-2.46360521738431e-05
9.324,0.00909607980843938,-3.62658267691884e-05
9.325,0.00905337488601089,-4.87866341709609e-05
9.326,0.00900087618465467,-6.27065452601383e-05
9.327,0.00896052740875256,-7.40210730804103e-05
9.328,0.00897161380136198,-8.45962526264676e-05
9.329,0.00899782635801332,-9.13327806894015e-05
9.33,0.00902884637049643,-9.43587011618119e-05
9.331,0.00905297649133845,-9.23664561317539e-05
9.332,0.00908635267182907,-8.45768763813592e-05
9.333,0.00915521195357882,-7.55377144784353e-05
9.334,0.00920968775155014,-6.57420127266883e-05
9.335,0.00927639671242149,-5.14245690107495e-05
9.336,0.00933140893712167,-3.35349372402316e-05
9.337,0.0093254172623466,-3.02911300265052e-05
9.338,0.00930859771541443,-3.20131547696945e-05
9.339,0.00929357378931346,-3.41069432922003e-05
9.34,0.00927548197707467,-3.6133916092973e-05
9.341,0.00925218900071409,-3.70267216097675e-05
9.342,0.0092316584598424,-3.34375315019231e-05
9.343,0.00917828781320841,-4.3534279348334e-05
9.344,0.00913792182637378,-5.42239067244932e-05
9.345,0.00908129592904568,-6.62258687629258e-05
9.346,0.00902797917777328,-7.64618556958196e-05
9.347,0.00905170218405845,-8.54109221679056e-05
9.348,0.00908678005747241,-9.08442299075718e-05
9.349,0.00911300239281317,-9.38308021087297e-05
9.35,0.00914372612079044,-9.23525918296586e-05
9.351,0.00917995330611401,-8.5990382239276e-05
9.352,0.00923096447573235,-7.96788335827858e-05
9.353,0.00928399560305478,-7.01375054204534e-05
9.354,0.00933914802869438,-5.71886453433756e-05
9.355,0.00938027431456277,-4.11166404964414e-05
9.356,0.00944229026185693,-1.76969681103811e-05
9.357,0.00942430038994702,-1.20987912459181e-05
9.358,0.00940809656368556,-7.6826654462625e-06
9.359,0.00938645276668956,-4.83840379139622e-06
9.36,0.00936732456628899,-8.59867789415603e-07
9.361,0.00933608999976602,-9.43734541647423e-06
9.362,0.00930250333812428,-2.0364123246408e-05
9.363,0.00926167898916723,-3.25053989750912e-05
9.364,0.00922545674176417,-4.35982583960604e-05
9.365,0.009186781581719,-5.30159069683789e-05
9.366,0.00920973996533806,-6.16027899261185e-05
9.367,0.00924753013855491,-6.59758622250095e-05
9.368,0.0092888025941859,-6.6423433757512e-05
9.369,0.00932237802709875,-6.27700864507807e-05
9.37,0.00934552360631772,-6.38621369037362e-05
9.371,0.00939456062278756,-5.98951576146201e-05
9.372,0.00943821014534223,-5.32118867382914e-05
9.373,0.00949639818384961,-4.13629598380316e-05
9.374,0.00954593035942862,-2.48962828358623e-05
9.375,0.00952463149003298,-2.30763548533242e-05
9.376,0.0095021624303806,-2.27101610652536e-05
9.377,0.00948286341722513,-2.16705461291711e-05
9.378,0.00945669181281403,-2.04981999636922e-05
9.379,0.00938761677933727,-3.43121187461604e-05
9.38,0.00933440585622319,-4.84313898750921e-05
9.381,0.00928269179716691,-6.22121713009793e-05
9.382,0.00931071479218787,-7.26029205238565e-05
9.383,0.00933997530073058,-8.01824577254528e-05
9.384,0.00937043730896867,-8.41328724190404e-05
9.385,0.009394936037041,-8.36577888089773e-05
9.386,0.00942879374246716,-7.71213509779822e-05
9.387,0.00946701209880831,-6.47825278910497e-05
9.388,0.00951906732110079,-5.18931663758271e-05
9.389,0.00958385191801292,-3.4816413238159e-05
9.39,0.0096383725302256,-1.49571234427381e-05
9.391,0.00962911122067499,-1.10666139835347e-05
9.392,0.00960868984163997,-1.28243300742126e-05
9.393,0.00958995227705516,-1.54065925782043e-05
9.394,0.00956875038892038,-1.82657607193937e-05
9.395,0.00954602531923571,-1.97406818159829e-05
9.396,0.00949279022479444,-3.31858183832967e-05
9.397,0.00944912653900714,-4.25250335014393e-05
9.398,0.00939640227222106,-4.66243967307545e-05
9.399,0.00934818804090823,-4.23455122102179e-05
9.4,0.00935617898672344,-3.49492113179695e-05
9.401,0.00937903249403683,-2.56667421436596e-05
9.402,0.0094086697611088,-1.16427312610856e-05
9.403,0.00943966533071525,7.67383220434681e-06
9.404,0.00947342263009262,3.33171308876667e-05
9.405,0.00950850490955561,6.58082197567134e-05
9.406,0.00954545140254619,0.000105717785504722
9.407,0.0095823539663682,0.000153069471838574
9.408,0.00964820115530182,0.000203601248940199
9.409,0.00970357456241962,0.000256462826303594
9.41,0.00977349850433908,0.00031545112563397
9.411,0.00983038802960711,0.00037853657079312
9.412,0.00983204976236423,0.000420976076544566
9.413,0.0098013206485671,0.000448099223566478
9.414,0.00976588181857475,0.000467298032323205
9.415,0.00972786819370388,0.000480938258731689
9.416,0.00968726961247055,0.000490562413112183
9.417,0.0096442736429675,0.00049753346934478
9.418,0.00959905263327695,0.000503018317521753
9.419,0.00956688197205723,0.000498225813084008
9.42,0.00950667697975034,0.000488881044467038
9.421,0.00946161762777157,0.000480918619795601
9.422,0.00941291813025379,0.000473412463136313
9.423,0.00935524317886065,0.000467143387442526
9.424,0.00930566517536956,0.000463788858512837
9.425,0.00924497244166238,0.000462351836199804
9.426,0.00917295734619849,0.00045710414889899
9.427,0.00909858929034002,0.000450885879164087
9.428,0.0090228834259286,0.000445018855673607
9.429,0.00899848171580552,0.000435740426782072
9.43,0.00895086925703962,0.000422034219816791
9.431,0.00896640528405958,0.000406527316594851
9.432,0.00899283413143681,0.000392622237671836
9.433,0.00902446608794975,0.000378882825725568
9.434,0.00906749274951422,0.000370101029669223
9.435,0.00911193448884033,0.000365029100608816
9.436,0.00916270654340923,0.000367074900841702
9.437,0.00921277505029428,0.00037737191677184
9.438,0.00926177737691218,0.000397634898660848
9.439,0.00928926992914759,0.000419294363539491
9.44,0.0093362685335174,0.000448823294504297
9.441,0.00931169889462864,0.000461122945432435
9.442,0.00927592107299275,0.000469467633935128
9.443,0.00923650368629281,0.000475608787430748
9.444,0.00919921633550308,0.00048160917779394
9.445,0.00915179432608351,0.000486396832792557
9.446,0.00910501898645051,0.000494012567037627
9.447,0.00909281797916798,0.000505895577025073
9.448,0.00912209571881117,0.000521828770198907
9.449,0.00917301012817084,0.000548133749515511
9.45,0.00922591698309693,0.000584776503147422
9.451,0.00924509105571007,0.000606647430979212
9.452,0.00926240691557513,0.000626705545383466
9.453,0.00928214984852449,0.000644714953430381
9.454,0.00929110032865149,0.000661503709349365
9.455,0.00926212015901138,0.000664320497308857
9.456,0.00921494289203347,0.000658180970400379
9.457,0.00916206237302935,0.000647856462864138
9.458,0.00910471327307188,0.000634320043550907
9.459,0.0090452611992447,0.000619188636955481
9.46,0.00898099615695488,0.000602906875409481
9.461,0.00891505727275149,0.000587098136036579
9.462,0.0088663889336713,0.000566678757486783
9.463,0.00882725692572449,0.000545523890481681
9.464,0.0087896755443637,0.000523888393890115
9.465,0.00875235650093861,0.000503651677708383
9.466,0.00876480798515753,0.000481014317432527
9.467,0.00878658867045756,0.000456766875491843
9.468,0.00881729178094089,0.000434220766563298
9.469,0.00884769106419155,0.000412869465116539
9.47,0.00887190618015436,0.000388218327149359
9.471,0.00891927062945758,0.000367742287258055
9.472,0.00895861992146343,0.000349992364689411
9.473,0.00900378343441071,0.000337432484154299
9.474,0.00904951097842875,0.000331194424676107
9.475,0.00909425131680137,0.000330838625175522
9.476,0.00914505279649956,0.000338309807479564
9.477,0.00920596520744382,0.000348714802320571
9.478,0.00926659074968763,0.00036384769454767
9.479,0.00933097513436559,0.000383998787825801
9.48,0.00935139999668474,0.000390771826395686
9.481,0.00939066258273266,0.000395992045422788
9.482,0.00940944060842431,0.000397177418244299
9.483,0.00943923294283903,0.000399727410457185
9.484,0.00940052729321268,0.000386776044217829
9.485,0.0093612042567945,0.000370872728150617
9.486,0.0093236558983125,0.000353895055171638
9.487,0.00928391630570323,0.000336023996891366
9.488,0.00925902148960838,0.000316158076518913
9.489,0.00924102869220952,0.000297691527862742
9.49,0.00922021410321972,0.000280408224194006
9.491,0.0092465688539231,0.000263503867528381
9.492,0.00929000044632194,0.000250363493042138
9.493,0.00933735496321758,0.000239332493819189
9.494,0.00938832442570709,0.000232522592958695
9.495,0.00944281726551005,0.000229860818804384
9.496,0.00950137168913234,0.000232187102796932
9.497,0.00956409298139691,0.000239742007509758
9.498,0.00960668146062031,0.000238850180112049
9.499,0.00965174264868116,0.000238704029948966
9.5,0.00963023633339246,0.000222729041472913
9.501,0.00959687436816282,0.000204745837792508
9.502,0.00954708929350702,0.000185075683182823
9.503,0.00952790609966052,0.000166765576003036
9.504,0.00950591127898047,0.000150963390489034
9.505,0.00948900543999629,0.000139998891071802
9.506,0.00947673907965727,0.000135433998661616
9.507,0.0095032865748365,0.000133097390267511
9.508,0.00955592772926112,0.000136957531030879
9.509,0.00961084569601072,0.000146009612024711
9.51,0.00966825794569867,0.000161126219242691
9.511,0.00972805213492734,0.000182941617970667
9.512,0.00976860130776985,0.000195623665853462
9.513,0.00980064988771408,0.000209160697687893
9.514,0.00984651743665154,0.000227614255296715
9.515,0.00987039498645568,0.000248530472940323
9.516,0.00981829684525614,0.000255127765673657
9.517,0.00976925509389683,0.000264412196474495
9.518,0.00972102132568627,0.000277395651836043
9.519,0.00969007986038803,0.000290363294196627
9.52,0.00967741452187674,0.000307804505331521
9.521,0.00964536214601801,0.000327494435053199
9.522,0.00961179424619787,0.000352452783325241
9.523,0.00958946099257341,0.000385631909773254
9.524,0.00963492496266842,0.00042425336683527
9.525,0.00970205114680681,0.000468683687897653
9.526,0.00976888739632171,0.000517049362932231
9.527,0.00983845604318396,0.000570726194664084
9.528,0.00990834923219115,0.000629664826599152
9.529,0.00996066117694046,0.000673867187568511
9.53,0.0100004867818806,0.000713726515187474
9.531,0.0100494705000269,0.000753353362301645
9.532,0.0100027657113899,0.000767361969286062
9.533,0.00996028870380565,0.000776208039805659
9.534,0.00991066034400061,0.000778747961130366
9.535,0.00986456384127609,0.000779288872689743
9.536,0.00981448914341673,0.000776760630142537
9.537,0.0097720367005254,0.00076844460478287
9.538,0.00974824029988981,0.000760100784092554
9.539,0.00972328467390872,0.000751125719756662
9.54,0.00969823635122744,0.000742603935145469
9.541,0.00967489905878332,0.000735521141660311
9.542,0.00971524979608752,0.000729438894895684
9.543,0.00975855911092753,0.000722729446101411
9.544,0.00980044580839522,0.000715308453894614
9.545,0.009847376707785,0.000693834766046675
9.546,0.00986564247765869,0.000663793511488986
9.547,0.00989448919252029,0.000631251916567044
9.548,0.00991517900248246,0.000595677481679324
9.549,0.00987278793491264,0.000542829148494517
9.55,0.00982946647486857,0.000486659618681773
9.551,0.0097848863984269,0.000427612442383096
9.552,0.00973969488892218,0.00036642145526633
9.553,0.0096937456913331,0.000305893506121591
9.554,0.00964714611291588,0.000241640303285884
9.555,0.00961696721112785,0.000177769008864126
9.556,0.00964678256492375,0.000115357034896013
9.557,0.00968052831102125,5.1299474315869e-05
9.558,0.00971891900008492,-1.21953570929034e-05
9.559,0.00975649343898263,-7.53418995855792e-05
9.56,0.00980340853224287,-0.000135275526991885
9.561,0.00985448647150748,-0.000191714108078223
9.562,0.00990439614341224,-0.000244883256766526
9.563,0.00994565507844996,-0.000304270064507339
9.564,0.00998042533183688,-0.000364723037876269
9.565,0.0100202406667968,-0.000423740366620795
9.566,0.0100518979171808,-0.000481730334905672
9.567,0.0100356631321756,-0.000550211833488079
9.568,0.0100225778759351,-0.000618211578025551
9.569,0.00998504685530209,-0.000687026227339627
9.57,0.00994912887437582,-0.000752131247600596
9.571,0.00992354418467637,-0.000816822014903962
9.572,0.00991079582475982,-0.000878007636661571
9.573,0.00989282519264399,-0.000936134493115803
9.574,0.00987972381331778,-0.000988562256752368
9.575,0.00991655712441963,-0.00103587614589684
9.576,0.00994900330908158,-0.00108127690567089
9.577,0.0099844943290285,-0.00112249879888893
9.578,0.0100172277652364,-0.00115937290936347
9.579,0.0100621994089863,-0.00118893887928045
9.58,0.0101044893897619,-0.00121247659969637
9.581,0.0101444455261393,-0.00124058610973893
9.582,0.0101688616362057,-0.00126890663240636
9.583,0.0101858432115216,-0.00129529324668454
9.584,0.01021338053349,-0.00131716306840057
9.585,0.0102325651017806,-0.00133502521854378
9.586,0.0101954982562941,-0.00136424376200961
9.587,0.0101552014295401,-0.00139349574104436
9.588,0.0101177552037707,-0.0014205798812259
9.589,0.0100831494446108,-0.00144498532871945
9.59,0.0100652349738165,-0.00146864896402904
9.591,0.0100425348173418,-0.00149028553720243
9.592,0.0100243814902853,-0.00150753640235574
9.593,0.00999106894642243,-0.00152211717861872
9.594,0.00997310181899184,-0.00152902309132463
9.595,0.00995521429769444,-0.00152960482469461
9.596,0.00998905468122913,-0.00152569209024045
9.597,0.010024739177814,-0.00151711777025765
9.598,0.0100572286969049,-0.00150405322861102
9.599,0.0100981611592867,-0.00149787817668029
9.6,0.0101144156185072,-0.00149595867811014
9.601,0.0101370323605639,-0.00149234957341843
9.602,0.0101380592133049,-0.00148881242486526
9.603,0.0101522412173891,-0.00148002319242524
9.604,0.0101634384655728,-0.00146639081097527
9.605,0.0101142388842334,-0.00146468569778824
9.606,0.0100622924534854,-0.0014625689777138
9.607,0.0100118770447818,-0.00145849834459061
9.608,0.00999843434463443,-0.00145293157102117
9.609,0.0099789460808074,-0.00144642080730395
9.61,0.00995571180800505,-0.00143740858138086
9.611,0.00992684099048339,-0.0014249354486171
9.612,0.00990940259468755,-0.00140658824538542
9.613,0.00994961892400354,-0.00138293890123475
9.614,0.00998886460723609,-0.00135540260827388
9.615,0.0100241765359513,-0.00132438685350028
9.616,0.0100718780683897,-0.00128679129584186
9.617,0.0100891114251849,-0.0012619988773433
9.618,0.010119521707446,-0.00123558888336628
9.619,0.010127158781106,-0.00121014897862382
9.62,0.0101485437236311,-0.00118123659670205
9.621,0.0101084610616044,-0.0011665814975827
9.622,0.010064757865558,-0.00115429245240445
9.623,0.0100201341394329,-0.00114170381353562
9.624,0.00997848547894119,-0.00112701271779608
9.625,0.0099539253209266,-0.00111270815364084
9.626,0.00993593322449614,-0.00109494413739625
9.627,0.00991639564486013,-0.00107387157630301
9.628,0.0098881892583671,-0.00104984428361671
9.629,0.00986810038599514,-0.00101894693901083
9.63,0.00992132096974407,-0.000983360321902438
9.631,0.00997199381807184,-0.000944974926579689
9.632,0.0100204759813358,-0.000903210671042987
9.633,0.010055285145006,-0.000874242046048468
9.634,0.0100665923213503,-0.000848385233648441
9.635,0.0100887748766625,-0.000820923066774226
9.636,0.0100900202985267,-0.000793554048776457
9.637,0.0101057026732207,-0.000760547168737247
9.638,0.0101118000560857,-0.000724081020730627
9.639,0.0100499009685431,-0.000702828963610125
9.64,0.00999328355278563,-0.000682907048031978
9.641,0.0099805205438566,-0.000663244578000599
9.642,0.00995523653110128,-0.000644921907370311
9.643,0.00992914603704354,-0.000624866862902085
9.644,0.00990165773658477,-0.000601224841153825
9.645,0.00987048216763428,-0.00057402336565926
9.646,0.0098524990189981,-0.000539588443289496
9.647,0.0099081075705334,-0.000498591197375775
9.648,0.00995862307404959,-0.000455325201939194
9.649,0.0100116138219731,-0.000408239520174158
9.65,0.0100511365242282,-0.000374189507956146
9.651,0.0100665625386004,-0.000345631152060266
9.652,0.0100987066374863,-0.000316706822211466
9.653,0.0101137027526855,-0.000288300259647212
9.654,0.0101277980170358,-0.000257698589803901
9.655,0.0100721937547736,-0.000243199743427291
9.656,0.0100154113251432,-0.000231217847272758
9.657,0.00995673086843651,-0.000219846220656128
9.658,0.00989884820850821,-0.000207252243731637
9.659,0.00986200555776783,-0.000197131599639688
9.66,0.00984301988654458,-0.000183580289395746
9.661,0.00981803112279115,-0.0001678509784932
9.662,0.00978788417219358,-0.000149124901937803
9.663,0.0097629763670991,-0.000124496120083029
9.664,0.00981553483377067,-9.60874068629547e-05
9.665,0.00986709726123738,-6.73323896364653e-05
9.666,0.00993197990730214,-3.3297868610227e-05
9.667,0.00999378144824813,4.96654647968997e-06
9.668,0.0100342564606907,2.94564764918848e-05
9.669,0.0100495419201823,4.82187462372274e-05
9.67,0.0100813545892561,6.84715561961591e-05
9.671,0.0101064432162059,9.02258937848788e-05
9.672,0.01013488119153,0.000115367794026544
9.673,0.0100851229540951,0.000121461072240148
9.674,0.0100265470492704,0.000123471589765889
9.675,0.00997154929861836,0.000125136026209727
9.676,0.00991946958152358,0.000127387362684084
9.677,0.00990697691344782,0.000129932449283832
9.678,0.00987979820614643,0.000131835258213697
9.679,0.00985655313853643,0.000136628320020538
9.68,0.00982644690960957,0.000145194929913828
9.681,0.00980441961492229,0.000158976328024585
9.682,0.00985018948212259,0.000176332953705671
9.683,0.00989452354649475,0.00019437215667939
9.684,0.00995631086987578,0.000217916918466454
9.685,0.0100162158109681,0.000246705882679166
9.686,0.0100501557794751,0.000261106300986413
9.687,0.010074856227345,0.000273748990385958
9.688,0.0101003791651588,0.000287197808055251
9.689,0.0101105380253722,0.00030062759068028
9.69,0.0101354099105308,0.000317139893435625
9.691,0.0100907497967291,0.000316555236075822
9.692,0.0100425599525141,0.000312229517366369
9.693,0.0099848689448751,0.000306106843514342
9.694,0.00993006197893878,0.00030145172914614
9.695,0.00991546474390474,0.00029618982486912
9.696,0.00990390883150207,0.000291760757255233
9.697,0.00988348920251937,0.000288471670802204
9.698,0.00985969536155008,0.000287798349504265
9.699,0.00983711034101429,0.000292398734001498
9.7,0.00989241629249829,0.000301604486714624
9.701,0.00994191741063588,0.000312170958866154
9.702,0.00999057587952448,0.000325690899862507
9.703,0.0100446209237837,0.000344385540091918
9.704,0.0101012531216365,0.00036788601255755
9.705,0.0101582119274401,0.000383358084338203
9.706,0.0101884793022335,0.000393561083082639
9.707,0.0102237131539886,0.00040388340469294
9.708,0.0102388932269743,0.000412588566735816
9.709,0.0101856248869353,0.000403921274077901
9.71,0.0101312830120114,0.000392069617753232
9.711,0.0100741697744286,0.000378527808926388
9.712,0.0100202871460507,0.000365633022944345
9.713,0.00996526443702492,0.000353701026375608
9.714,0.00993556024177917,0.000341194965398917
9.715,0.00992086467265831,0.000331635148333564
9.716,0.00989286343670494,0.0003236011130065
9.717,0.00987603321121377,0.000321039736245865
9.718,0.00992701086195217,0.00032232030449425
9.719,0.0099788539687035,0.000324737936841735
9.72,0.0100402257499396,0.000331857656249823
9.721,0.0100995890185301,0.00034375313137669
9.722,0.0101310550091497,0.000342987279935147
9.723,0.0101467947019607,0.00033904956934433
9.724,0.0101571280518647,0.000335149673348134
9.725,0.0101791515856953,0.000333931775278851
9.726,0.0101930843738656,0.000335446657086125
9.727,0.0101296236986037,0.000319896008346809
9.728,0.010068910322964,0.000303487152916115
9.729,0.0100103795931341,0.000287528421336225
9.73,0.00999081608953179,0.00027171017079658
9.731,0.0099731486004465,0.000257224071462336
9.732,0.00994770883816712,0.000244345917702005
9.733,0.00992909735061746,0.000236032061905533
9.734,0.00990837193579252,0.000232765033484517
9.735,0.00995484100926027,0.000235328756249709
9.736,0.0100036276724444,0.000240402942875584
9.737,0.0100627118860432,0.000251268561264784
9.738,0.0100728742635413,0.000247187645401437
9.739,0.0100956739621024,0.000242656642510386
9.74,0.0100957511220431,0.000235835119501038
9.741,0.0101099866719864,0.000230721313204896
9.742,0.0101169411606896,0.000229200900207172
9.743,0.0100525694746953,0.000212796132999182
9.744,0.00998508853015865,0.000196048962103068
9.745,0.00997037467839457,0.000180445426684495
9.746,0.00994841902100789,0.000164986524247568
9.747,0.0099317989619548,0.000152528096076521
9.748,0.00991638306507073,0.000144563005913145
9.749,0.0098992908126504,0.000140938026301329
9.75,0.00993954242272686,0.000142112163068642
9.751,0.00998452039621714,0.000147490191809208
9.752,0.0100282089187965,0.000156786349687965
9.753,0.0100651830502986,0.000156968873114283
9.754,0.0100807423746747,0.00015334145153556
9.755,0.0100953162813511,0.000149917077705897
9.756,0.0100938960385959,0.000146096553854336
9.757,0.0100336931007455,0.000129241531658386
9.758,0.00997406067073074,0.000111696272261763
9.759,0.00991709439164659,9.50399515844969e-05
9.76,0.00989386534500373,7.90362248923593e-05
9.761,0.00987603806215368,6.52742039423115e-05
9.762,0.00984924618253182,5.34961557235869e-05
9.763,0.0098297020063149,4.70592224230959e-05
9.764,0.00987344304136094,4.5413571889974e-05
9.765,0.00991936599355232,4.54037383321171e-05
9.766,0.00997752195901828,5.1365743172993e-05
9.767,0.0100349098039043,6.25867065386365e-05
9.768,0.0100755448949551,6.36073956532535e-05
9.769,0.010101169097992,6.20613114734048e-05
9.77,0.0101341647828106,6.19570738618624e-05
9.771,0.010153553443195,6.23375734060128e-05
9.772,0.0100995682384926,4.59736569287106e-05
9.773,0.0100482750398121,2.85203426282354e-05
9.774,0.00999915839036161,1.11380167013286e-05
9.775,0.00994294889944465,-6.54833797464338e-06
9.776,0.00987739224452825,-2.25067281858782e-05
9.777,0.00984598516255612,-3.88043775006452e-05
9.778,0.00982553993189435,-5.23998891784894e-05
9.779,0.00979413910455038,-6.43410567700009e-05
9.78,0.00977989971394624,-7.0042884091015e-05
9.781,0.00982733790268793,-7.17937105085831e-05
9.782,0.00987566040980527,-7.23713876798482e-05
9.783,0.00993132471483186,-6.82945084464204e-05
9.784,0.00998473664160534,-6.00684784650141e-05
9.785,0.0100489759060867,-4.35435469529621e-05
9.786,0.0100649347488943,-4.09474087079142e-05
9.787,0.0100936462403942,-3.79124009294296e-05
9.788,0.0101124677826785,-3.52104139465514e-05
9.789,0.0101368494260327,-3.01640352453614e-05
9.79,0.0100959912093901,-4.1085601767854e-05
9.791,0.0100430383245517,-5.56301353544231e-05
9.792,0.00999380762820376,-6.99588841363008e-05
9.793,0.00994661494343759,-8.34389134119484e-05
9.794,0.009897113450064,-9.55283273918472e-05
9.795,0.0098625560680814,-0.000109075267830216
9.796,0.00984767877554023,-0.00011797184196416
9.797,0.00982849049937641,-0.000123816089921125
9.798,0.00988300669174743,-0.000125444963999577
9.799,0.00993244873178935,-0.000124795572268466
9.8,0.00998010470348974,-0.00012097110164766
9.801,0.0100328476758891,-0.000111865673651124
9.802,0.0100844889970016,-9.75307030025574e-05
9.803,0.0101219899740261,-9.13389915823681e-05
9.804,0.0101373334219475,-8.86785925842681e-05
9.805,0.0101471970416933,-8.53213820499743e-05
9.806,0.010169233331644,-7.79367896474592e-05
9.807,0.0101268524595085,-8.63256954731217e-05
9.808,0.0100880954014769,-9.66485624024904e-05
9.809,0.0100453964081751,-0.000108453793449981
9.81,0.00999975896116718,-0.000119939002532377
9.811,0.00995609150340146,-0.000135928468558144
9.812,0.00993821653509509,-0.000147732668489942
9.813,0.00991976263451658,-0.000156677655010096
9.814,0.00990316013253799,-0.000161336867745832
9.815,0.00988313737184614,-0.000160871159456677
9.816,0.00993132908641783,-0.000157066786240223
9.817,0.00997734821264592,-0.000150737192618267
9.818,0.0100303214532171,-0.000139504363711185
9.819,0.0100780490839185,-0.000124310662108662
9.82,0.0101430685598641,-0.000101359072498364
9.821,0.0101645196849426,-9.27376024330573e-05
9.822,0.0101925021995923,-8.49907146678319e-05
9.823,0.010207772431502,-7.85868418356483e-05
9.824,0.0102250074372057,-7.11246814406041e-05
9.825,0.0102349567369031,-6.12682341212811e-05
9.826,0.0101785268665715,-6.8202351196367e-05
9.827,0.0101175924543337,-7.83977696917626e-05
9.828,0.0100559774987309,-8.90567162706302e-05
9.829,0.00999751146901014,-9.85900354620872e-05
9.83,0.00999308960806947,-0.000107244204518964
9.831,0.00998169119222156,-0.000115672405654355
9.832,0.00996446623790627,-0.000122344336215219
9.833,0.00994873410847269,-0.000125390893060462
9.834,0.00992642647285871,-0.000123805814491396
9.835,0.00997154523440907,-0.00011830416079528
9.836,0.0100135768066009,-0.000110067091306731
9.837,0.0100671731369821,-9.59235534677139e-05
9.838,0.0101158002960088,-7.72260919720269e-05
9.839,0.0101612397905961,-6.66880666942427e-05
9.84,0.0101812865411203,-6.11768790286238e-05
9.841,0.0102046491734901,-5.46870171979075e-05
9.842,0.0102210598157772,-4.71332426982274e-05
9.843,0.0101600907336386,-5.70091907507453e-05
9.844,0.0101002897825786,-6.81075339564186e-05
9.845,0.0100424213395364,-7.91107491603937e-05
9.846,0.00998679709051902,-8.90290564496965e-05
9.847,0.00997003642760575,-9.8393636635441e-05
9.848,0.00996049054988651,-0.000105029714561333
9.849,0.00994328470216429,-0.000109571522516616
9.85,0.0099281303081795,-0.000109897780424917
9.851,0.00990969012473846,-0.000105389817652346
9.852,0.00995805875052569,-9.6896234390409e-05
9.853,0.0100016483164888,-8.58321090146941e-05
9.854,0.0100589475274149,-6.92509102364069e-05
9.855,0.0100650793490276,-6.80290357760738e-05
9.856,0.0100817734363168,-6.62956738875509e-05
9.857,0.0100848682008318,-6.55231456812011e-05
9.858,0.0100945760168491,-6.23108740915868e-05
9.859,0.0100816878103631,-5.90921842146264e-05
9.86,0.0100190995297454,-6.76755902320192e-05
9.861,0.00995766780276255,-7.7431034161024e-05
9.862,0.00995148921412845,-8.5713158143319e-05
9.863,0.00993881871094468,-9.3222195054754e-05
9.864,0.00992211667883232,-9.86782106600081e-05
9.865,0.00990482054368951,-0.000100887620953505
9.866,0.00989150491639933,-9.75513718257659e-05
9.867,0.00994464978650021,-8.8510414982923e-05
9.868,0.00999302510343676,-7.62941786838778e-05
9.869,0.0100543943293334,-5.77583139411142e-05
9.87,0.0100585325408598,-5.51429682569826e-05
9.871,0.0100756716781464,-5.2083327762964e-05
9.872,0.0100830528627165,-4.9590659171983e-05
9.873,0.010094006983522,-4.50738761173519e-05
9.874,0.0100492309591865,-5.41616790795674e-05
9.875,0.0100025869650899,-6.47673220075529e-05
9.876,0.00995914296110329,-7.49337095878322e-05
9.877,0.00991282974997346,-8.45019710071226e-05
9.878,0.00989313857663769,-9.45535768930306e-05
9.879,0.00989025219898044,-9.99106212511425e-05
9.88,0.00988273984548677,-0.000101922257613851
9.881,0.00993358672845915,-0.000100681467208652
9.882,0.00999251243834249,-9.45481646640323e-05
9.883,0.0100447389480736,-8.46597869277876e-05
9.884,0.0101048724233407,-6.94430976709848e-05
9.885,0.0101191748451232,-6.62644168239468e-05
9.886,0.0101423111417935,-6.26434566768919e-05
9.887,0.0101459369018017,-6.09636713786998e-05
9.888,0.0101620806271991,-5.54327621503092e-05
9.889,0.0101184768105802,-6.44158226716929e-05
9.89,0.010062001295419,-7.64594878646663e-05
9.891,0.0100111304773039,-8.76320507683381e-05
9.892,0.00995676601588956,-9.8281607499362e-05
9.893,0.00994467475862661,-0.000108000922092399
9.894,0.00992821362620792,-0.00011705567090764
9.895,0.00990808231819197,-0.000123550598038757
9.896,0.00989999998838176,-0.000123313666750779
9.897,0.00996117709233411,-0.000112935013407978
9.898,0.0100151857754646,-9.26783585598612e-05
9.899,0.0100654595634093,-6.24061634607598e-05
9.9,0.0101117840401869,-2.34576372571405e-05
9.901,0.0101560027245534,2.33817594389452e-05
9.902,0.0101983610994053,7.77105618369744e-05
9.903,0.010223603133829,0.000129610954339499
9.904,0.0102687052173308,0.000187330408378816
9.905,0.0103062076671225,0.0002486276195931
9.906,0.0102918421743491,0.000293878098187539
9.907,0.0102752847714682,0.000333516434984138
9.908,0.0102524284672082,0.000369844129161023
9.909,0.0102228975750458,0.000393296645065766
9.91,0.010161638504365,0.000407538550923237
9.911,0.0101026942609674,0.000418549775545785
9.912,0.0100440095714956,0.000427691593699819
9.913,0.00998615682346226,0.000436353429236758
9.914,0.00992924876851675,0.000445563301859908
9.915,0.00987343439652603,0.000456171728765165
9.916,0.00981409523507798,0.000460375321976292
9.917,0.0097561342147297,0.000462555596263015
9.918,0.00970192943940294,0.000464316922984043
9.919,0.00964302890778274,0.000465812257077314
9.92,0.00958264277023298,0.00046848756918183
9.921,0.00956834946085901,0.000475713851251669
9.922,0.00961698337041924,0.00048728843758622
9.923,0.00966218118654636,0.000500516088051406
9.924,0.00972228831555526,0.000520024278724163
9.925,0.00978470699745782,0.000545056304050384
9.926,0.00980498355413419,0.000559725169796188
9.927,0.00983086190839259,0.000573825950800466
9.928,0.00978218986091102,0.00056744587555918
9.929,0.00973406776880022,0.000556650334729958
9.93,0.00968140197203744,0.000542749248982732
9.931,0.00969179481289652,0.00052719245574423
9.932,0.00969165255101352,0.00050912258157837
9.933,0.00969559855894858,0.00049185474492347
9.934,0.00970138061929978,0.000476450745726387
9.935,0.00970735727582844,0.000464737646185209
9.936,0.00973396561576442,0.000452607842040376
9.937,0.00978904681915854,0.000448573732091562
9.938,0.00984527154905739,0.000452338104408867
9.939,0.00990444407472338,0.000464676820516985
9.94,0.0099657361681524,0.000484981806796014
9.941,0.0100293188337516,0.000512632198510943
9.942,0.0100473273115826,0.000524977066696852
9.943,0.0100576677827022,0.000533833641757464
9.944,0.010067830147788,0.000541513932459881
9.945,0.0100759245600197,0.000550741909708885
9.946,0.0100833360173279,0.00056504819674108
9.947,0.0100912505378188,0.000586781572946948
9.948,0.0100646773816778,0.000595453100231069
9.949,0.0100012773082485,0.000595835632847153
9.95,0.00993626376622179,0.000593466785000052
9.951,0.00986401321820822,0.000587462767852542
9.952,0.00978378575658549,0.000579740026495856
9.953,0.00969713565379676,0.000569665207699577
9.954,0.00960592037268642,0.000558703928479898
9.955,0.00951135334863377,0.0005464548888785
9.956,0.00941536050642178,0.00053462999826398
9.957,0.00937419638483335,0.000522535041862837
9.958,0.00931945668333826,0.000507885466961622
9.959,0.0092860556487249,0.000495623270476198
9.96,0.0092414777454517,0.000484196399038517
9.961,0.00920797114690958,0.000475241735990117
9.962,0.00917080005892985,0.000467988342409353
9.963,0.00921359704934897,0.00045954552478078
9.964,0.00925563752678487,0.000447376444136727
9.965,0.00933014218083725,0.000437111212981844
9.966,0.00940378637359626,0.000427589049665944
9.967,0.00947925835791275,0.000419036680979534
9.968,0.00955969182277964,0.00041347684917542
9.969,0.00960585838021459,0.000393816467798347
9.97,0.00961768187520226,0.000366828396507923
9.971,0.00963973411759233,0.000341333344518524
9.972,0.00966229635966367,0.000318607286233674
9.973,0.00968896838623986,0.00030048634584956
9.974,0.00971632084619469,0.000287596060382422
9.975,0.00975051127233076,0.000281432798997838
9.976,0.00971845624067703,0.000260050488760266
9.977,0.00968029834242191,0.000237230883346373
9.978,0.0096189237067603,0.000213282939232062
9.979,0.009613075575419,0.000192723109672333
9.98,0.00960178211554268,0.000175719587148404
9.981,0.00959764805083686,0.000163326742642023
9.982,0.00959151293414034,0.000156321300160078
9.983,0.00958660929482079,0.000154426578600264
9.984,0.00958712051276628,0.00015845309218393
9.985,0.00958871928513226,0.000167871199595937
9.986,0.00959367707151364,0.000182456095420891
9.987,0.00966190078753086,0.000200293560003617
9.988,0.00972940372782785,0.000220946648815112
9.989,0.00975434195973577,0.000224588710355189
9.99,0.00976100176704476,0.000220875167988521
9.991,0.00977757317335403,0.000215512033697185
9.992,0.00977896934541354,0.000206971192294791
9.993,0.00978791052326076,0.000199176934523038
9.994,0.00978673267692269,0.000191092288382932
9.995,0.0097339461823971,0.000170836288645893
9.996,0.0096826223626682,0.000150329639394653
9.997,0.00964010934478993,0.000123167328254126
9.998,0.00962856878675921,9.87180585471092e-05
9.999,0.00961470277897146,7.52946891199313e-05
10,0.00960740005207419,5.56670962666983e-05
10.001,0.0096551139954803,3.79889980514081e-05
10.002,0.00971653998315973,2.45056889532913e-05
10.003,0.00978072313835552,1.55868800756909e-05
10.004,0.00984931706282173,1.2158848436139e-05
10.005,0.00992190228718861,1.48433464985387e-05
10.006,0.00999851783260953,2.41200291087318e-05
10.007,0.0100791528847278,4.0352466960325e-05
10.008,0.0101638200174137,6.38235462652736e-05
10.009,0.0102525572903334,9.47812514497937e-05
10.01,0.0103455061707285,0.000133729380860703
10.011,0.0103583191967761,0.000149891035405303
10.012,0.0103131450605691,0.000154112624250136
10.013,0.0102750515343075,0.000159777279108764
10.014,0.0102359413023781,0.000168485949547825
10.015,0.0101985071208131,0.000181809896883989
10.016,0.0101605640436157,0.000200394784351909
10.017,0.0102146140594332,0.000224181774727716
10.018,0.0102589233118697,0.000249544304024962
10.019,0.0103109336840373,0.000280856920554573
10.02,0.0103632383986044,0.000319159488402332
10.021,0.0104144042599774,0.000364787963828606
10.022,0.0104617831080477,0.000410559922468745
10.023,0.0105388221752427,0.000464792389352764
10.024,0.0105407550561038,0.000502003351876834
10.025,0.0105478519122522,0.000539676641129139
10.026,0.0105352337584272,0.000577063781782683
10.027,0.0105290110345378,0.000618363501079633
10.028,0.0104850692549721,0.000647987128244876
10.029,0.0104371549176199,0.000677529309076164
10.03,0.0104684540052037,0.000711411681467267
10.031,0.0104976561483644,0.000744790621523939
10.032,0.0105225988267201,0.000779766362261791
10.033,0.0105467545726514,0.000817436742621691
10.034,0.0105713060776143,0.000858929515167139
10.035,0.0106449444244876,0.000901803619389352
10.036,0.0107167507745946,0.000945267258574689
10.037,0.0107307546460564,0.000966708770775204
10.038,0.0107248174488964,0.000979281636455609
10.039,0.0107242425792507,0.000988574822514965
10.04,0.0106803771310016,0.000979120968159553
10.041,0.010627542901894,0.000963314179547148
10.042,0.0105728892526491,0.000942272809468125
10.043,0.0105179952883053,0.000918700200421729
10.044,0.0104603481168989,0.000893950631456919
10.045,0.0103985199207816,0.000867305616997049
10.046,0.010396109036183,0.000841245727630391
10.047,0.0103953211145357,0.000813986841659897
10.048,0.0103933219999532,0.000786248773997356
10.049,0.0104440116419152,0.000755843314888427
10.05,0.0104843173667698,0.000721381225712803
10.051,0.0105340826601617,0.000686571184423168
10.052,0.0105786909857006,0.000650739680742862
10.053,0.0105711482242706,0.000598158144906213
10.054,0.0105615847377492,0.000540992243676097
10.055,0.01055594661077,0.0004817018804113
10.056,0.0105459239235221,0.000420575326775474
10.057,0.0105414130938706,0.000359864085798467
10.058,0.0105202963060023,0.000297100689467811
10.059,0.010461815076116,0.000223725541054209
10.06,0.0104108848461224,0.000149228756417874
10.061,0.010397236427668,7.23987451793917e-05
10.062,0.010399301862996,-3.79628081020877e-06
10.063,0.0103999801655634,-7.94408720267703e-05
10.064,0.0104037374726237,-0.000152523578917929
10.065,0.0104087333664526,-0.000221962020673538
10.066,0.010417108911448,-0.000286354492827989
10.067,0.0104712241811785,-0.00034788901680749
10.068,0.010517641883333,-0.000408424877887892
10.069,0.010567663762261,-0.00046542131229671
10.07,0.0106177327940411,-0.000519083303034629
10.071,0.0106640408319122,-0.00056774376268498
10.072,0.0107168478656472,-0.000611239909410644
10.073,0.0107224903896897,-0.000664839228204428
10.074,0.0107322017255502,-0.000717891524425418
10.075,0.0107400767249801,-0.000769267047458222
10.076,0.0107465616675337,-0.000818453878567105
10.077,0.0107559066146506,-0.000862815464920508
10.078,0.0107570079984435,-0.000903797436998865
10.079,0.010716864036789,-0.000954395926176077
10.08,0.0106728008865419,-0.00100512926349394
10.081,0.010637274180221,-0.0010529732315237
10.082,0.0106312701807914,-0.00109901833385362
10.083,0.0106424254164369,-0.00113998570889745
10.084,0.0106442150481076,-0.00117791668558692
10.085,0.0106569903000384,-0.00120985643292704
10.086,0.0106710626980188,-0.00123594119367654
10.087,0.0106882879603764,-0.00125457191182671
10.088,0.0107389995230941,-0.00126898122382391
10.089,0.0107785385845163,-0.00128217181148615
10.09,0.0108322543336028,-0.00128804147845263
10.091,0.0108851528544353,-0.00128811210113394
10.092,0.0108817782311701,-0.0013011825093272
10.093,0.010883790995666,-0.00131413433894706
10.094,0.010883178707304,-0.00132601624324713
10.095,0.0108842187289724,-0.00133550879129712
10.096,0.0108423696490149,-0.00135505141465925
10.097,0.0108022053703193,-0.00137446507914224
10.098,0.0107672673871175,-0.00139149666793315
10.099,0.0107322960844118,-0.00140600961488629
10.1,0.0106962981041034,-0.0014178073765565
10.101,0.0106861541697115,-0.00142779976225327
10.102,0.0106944223187486,-0.001432116904521
10.103,0.0106965502751866,-0.00143252234683189
10.104,0.0107291323783026,-0.00143186995777539
10.105,0.0107692896317806,-0.00142749586935986
10.106,0.0107973467571989,-0.00142066876882146
10.107,0.0108437590180852,-0.00140699410631023
10.108,0.0108776505983022,-0.00138842579077453
10.109,0.0108854332925439,-0.00137624817051341
10.11,0.0108789966231763,-0.00136508968500121
10.111,0.0108737824638007,-0.00135144180051811
10.112,0.0108327630943205,-0.00134951125722294
10.113,0.0107854426545045,-0.00134859508531793
10.114,0.0107400862574933,-0.00134668028053403
10.115,0.0106969753791382,-0.00134290535782683
10.116,0.0107048438484445,-0.00133465302448182
10.117,0.0107096605801491,-0.00132398328295924
10.118,0.0107191423756661,-0.00130793440529009
10.119,0.0107225182915744,-0.00128772500889957
10.12,0.0107411851743905,-0.00125972164363941
10.121,0.0108037134706883,-0.00122744767917354
10.122,0.0108546235563154,-0.00119386097957191
10.123,0.0109125656362198,-0.00115531112560902
10.124,0.010901452451078,-0.00113373800967803
10.125,0.0108966186766533,-0.00111328133765298
10.126,0.0108866758107244,-0.00109313269089112
10.127,0.0108795003438885,-0.00107133061742093
10.128,0.0108594182203649,-0.00104966491957742
10.129,0.0108415161175589,-0.00102265300237597
10.13,0.0107906520047419,-0.00100715049659195
10.131,0.010740191768522,-0.000992658619998366
10.132,0.0106790210206649,-0.00097862591798531
10.133,0.0106946115091649,-0.000960555947256581
10.134,0.0107128557456126,-0.000939764088637218
10.135,0.0107187712450204,-0.000916804616484745
10.136,0.0107327706488998,-0.000888815511218555
10.137,0.0107446536009914,-0.000856021230760007
10.138,0.0107646207192211,-0.000815593287619543
10.139,0.0108329104745085,-0.000772035046761821
10.14,0.0108841458675635,-0.000729002343350049
10.141,0.0109534864316875,-0.000680313625135043
10.142,0.0109500000766561,-0.000651316297012983
10.143,0.0109516758651691,-0.000625548705609102
10.144,0.0109336736728393,-0.00060454243330027
10.145,0.0109182306030261,-0.000581231328744602
10.146,0.0109015848993606,-0.000555553602246905
10.147,0.0108855160974389,-0.000526827053243584
10.148,0.0108261813353243,-0.000512029369059308
10.149,0.0107718624026634,-0.000498481505427251
10.15,0.0107079014805313,-0.000485713419577982
10.151,0.0107295176223683,-0.000468468669564737
10.152,0.0107481445127834,-0.000449750355621725
10.153,0.0107571972089464,-0.000428728105282661
10.154,0.0107719324220056,-0.000403127112312496
10.155,0.0107811095371767,-0.000373723776812718
10.156,0.0108070700073192,-0.000336657029449128
10.157,0.0108814086114559,-0.000296867156993508
10.158,0.0109418256141468,-0.000257363465583471
10.159,0.0110146239530669,-0.000213345791425901
10.16,0.011004493480421,-0.000190871830456241
10.161,0.0110007312465865,-0.000170997605133894
10.162,0.0109892988163902,-0.000153074639809181
10.163,0.0109841941827756,-0.000133849066102476
10.164,0.0109660126983341,-0.000114771605843
10.165,0.0109530053127906,-9.28884821029818e-05
10.166,0.0108934530700128,-8.66109234419765e-05
10.167,0.01082641631215,-8.18862970001777e-05
10.168,0.0107632144279867,-7.64642835427431e-05
10.169,0.0107814566223169,-6.77158858922167e-05
10.17,0.0107993091780741,-5.73686989263078e-05
10.171,0.0108124220873242,-4.51140048826626e-05
10.172,0.0108259792063702,-2.87738065425369e-05
10.173,0.0108333773416283,-8.60758038723208e-06
10.174,0.0108583103180762,1.91545104773483e-05
10.175,0.0109402027141107,5.1097967029845e-05
10.176,0.0110064317272361,8.33997491124783e-05
10.177,0.0110826984215358,0.000119965280146517
10.178,0.011149873308125,0.000160834191164805
10.179,0.0111684483893327,0.00018495382064565
10.18,0.0111609558593559,0.000201990409932518
10.181,0.0111580070983151,0.000218895914375627
10.182,0.0111538785907787,0.000236263733007114
10.183,0.0111430768155236,0.00025358179668622
10.184,0.0110667287553228,0.000251943233407381
10.185,0.0110030974893039,0.000247990205377746
10.186,0.010936814668746,0.000242604303806404
10.187,0.0108752873098144,0.000238078402647557
10.188,0.0108097810276951,0.000234152321354653
10.189,0.0108181238296405,0.000232870528878326
10.19,0.0108246593954825,0.000232063412543504
10.191,0.0108234288980019,0.000232919262515063
10.192,0.010836575994705,0.0002392662334742
10.193,0.0108450080429243,0.000249580267481453
10.194,0.0108698761270859,0.000267589762945608
10.195,0.0109501677537965,0.000288228562630999
10.196,0.0110158346384156,0.000308416757386631
10.197,0.0110927266954918,0.000332565801332396
10.198,0.0111633340702235,0.000359990994646953
10.199,0.0112433662418627,0.000393476608262666
10.2,0.0112491333263467,0.000405496998165389
10.201,0.0112522723558052,0.000412716016455095
10.202,0.0112572173679724,0.000418382608757151
10.203,0.0112510206219766,0.000422528069391304
10.204,0.0112498062501607,0.000428816367693097
10.205,0.0112206868024738,0.000433886194599886
10.206,0.0111388764113607,0.000422026631223149
10.207,0.0110664079526539,0.000408473419634736
10.208,0.0109914134589612,0.000393989652035576
10.209,0.0109189481693482,0.000380503753281136
10.21,0.0109192951886587,0.000368632617227804
10.211,0.0109315886344792,0.000359340811661168
10.212,0.0109313400552648,0.000350952471482036
10.213,0.0109436987522404,0.00034716156729947
10.214,0.0109580166167163,0.000347975672308376
10.215,0.0109808600378362,0.000356195132284576
10.216,0.0110583024998052,0.000367345655333418
10.217,0.0111172481084568,0.000377210262641481
10.218,0.0111928522381551,0.000393053531949905
10.219,0.0112652919031507,0.000413572133854234
10.22,0.0112530326127806,0.000412684325825252
10.221,0.011245796061456,0.000409651910831421
10.222,0.0112357990241069,0.000405220342325707
10.223,0.0112276459497954,0.000401276977753273
10.224,0.0112212680309202,0.000398783251856827
10.225,0.0112010648583958,0.000395997654905056
10.226,0.011124434965657,0.000378065372884651
10.227,0.0110613956128096,0.000359370108197421
10.228,0.0109943666199415,0.000340186016755006
10.229,0.0109309169300039,0.00032231014372569
10.23,0.0109196420061717,0.000304821861486559
10.231,0.0109222773355142,0.000290848198190419
10.232,0.0109243342641203,0.000279446005830186
10.233,0.0109200099701169,0.000271677399342363
10.234,0.0109383392938094,0.000270604726440526
10.235,0.0110093688826523,0.000273576493263983
10.236,0.0110648560303354,0.000276669595515533
10.237,0.0111364515038913,0.000284821489876852
10.238,0.0111983229123269,0.000296384824113538
10.239,0.0112698953065743,0.000314516795642761
10.24,0.011265636367322,0.000313883479462873
10.241,0.0112649638791928,0.000311809322116496
10.242,0.0112589180351744,0.000308659167337244
10.243,0.0112580174581692,0.000307075494712816
10.244,0.0112225441146884,0.000291333627317147
10.245,0.0111906653895112,0.000273266737265243
10.246,0.0111432291729825,0.000252828855643594
10.247,0.0111057364175549,0.000234229234956917
10.248,0.0110535482315786,0.000215301670143719
10.249,0.0110757707314966,0.000200332695859229
10.25,0.0110988915799758,0.000188069230323606
10.251,0.0111222175578487,0.000179537004019736
10.252,0.0111394572591496,0.000175229232084795
10.253,0.0111763466850296,0.000169951886780373
10.254,0.0112251670824494,0.000168212091795628
10.255,0.0112755665189766,0.000169644448429263
10.256,0.0113160565760578,0.000174797059515341
10.257,0.0113770716892255,0.000187211207262949
10.258,0.0113694079644151,0.00018373873831673
10.259,0.0113656655064816,0.000179313856162655
10.26,0.0113495815331361,0.000173098672930527
10.261,0.0113348085076756,0.000169685711085388
10.262,0.011298415209571,0.000154240078033163
10.263,0.0112546672889345,0.00013609142134946
10.264,0.0112084679459591,0.000117358058483286
10.265,0.0111637359211595,9.94227920183e-05
10.266,0.0111855889942951,8.57823706947314e-05
10.267,0.0112052034146752,7.3664037271215e-05
10.268,0.0112158443170561,6.4147752703525e-05
10.269,0.0112397472048372,6.02392284730913e-05
10.27,0.0112650973908449,6.13348564423299e-05
10.271,0.0112977979828747,6.11048017999383e-05
10.272,0.0113565476969927,6.66138627753998e-05
10.273,0.0114066271050178,7.53151175152955e-05
10.274,0.0114705969321699,8.98802547677491e-05
10.275,0.0114645341351647,8.73081003165965e-05
10.276,0.0114620419813826,8.28182240763531e-05
10.277,0.0114474653993238,7.59335135399608e-05
10.278,0.0114348236309054,7.11191914726794e-05
10.279,0.0114168038726253,6.80648535754114e-05
10.28,0.011372425300874,5.34333993854608e-05
10.281,0.0113112506133255,3.55256985331009e-05
10.282,0.0112519747652712,1.80630347077493e-05
10.283,0.0112645940673531,4.1026243044473e-06
10.284,0.0112803312977571,-7.50582204506189e-06
10.285,0.0112943434095033,-1.61744329871816e-05
10.286,0.0113011768461729,-2.12644801708683e-05
10.287,0.0113212428439383,-1.99550846420316e-05
10.288,0.0113920042484876,-1.42464773178475e-05
10.289,0.0114469723739229,-7.14496957299193e-06
10.29,0.011517566142967,5.41023587280476e-06
10.291,0.0115826291640492,2.23893088480143e-05
10.292,0.0115898217656063,2.40094933360857e-05
10.293,0.0115841369875889,2.1435417546789e-05
10.294,0.011583974732651,1.92997166125752e-05
10.295,0.0115578736824407,1.48323414634333e-05
10.296,0.0114794013814836,-3.98148611008287e-06
10.297,0.0114165822447256,-2.32348568194873e-05
10.298,0.0113550293890063,-4.23864306645094e-05
10.299,0.0112943176789006,-6.03245309776512e-05
10.3,0.0112862775121564,-7.69315734738263e-05
10.301,0.0112907691427302,-8.9441989732042e-05
10.302,0.0112969256971569,-9.87652686215146e-05
10.303,0.0113126307076674,-0.000101538744217977
10.304,0.0113253480943332,-9.87906751929168e-05
10.305,0.0113680245655448,-9.54261160183156e-05
10.306,0.0114252549483541,-8.75010378667551e-05
10.307,0.0114683229045892,-7.68880302168817e-05
10.308,0.0115307551498012,-5.93635648087343e-05
10.309,0.0115212460915552,-5.91332621401874e-05
10.31,0.0115151230818018,-6.04689500074418e-05
10.311,0.0115025577963335,-6.31272730288734e-05
10.312,0.0114839938524848,-6.58896985504254e-05
10.313,0.011469122891754,-6.463730811479e-05
10.314,0.0114254858456486,-7.60406235024158e-05
10.315,0.0113821601666941,-8.89476029230507e-05
10.316,0.0113353791142621,-0.000102414885733149
10.317,0.0112915524255481,-0.000114860761778801
10.318,0.011311857012462,-0.000124142931077598
10.319,0.0113357286929292,-0.000131020575052376
10.32,0.0113525975269844,-0.00013480362833912
10.321,0.0113794284790894,-0.000132610108070808
10.322,0.0114011550810525,-0.000125584620570163
10.323,0.0114371150046755,-0.000119814697297105
10.324,0.011495517067645,-0.000108248692553381
10.325,0.0115412806236237,-9.38429176454147e-05
10.326,0.0116007317198461,-7.34523004030097e-05
10.327,0.011582407019083,-7.16114300426951e-05
10.328,0.0115664777381516,-7.13537911726791e-05
10.329,0.0115496785210536,-7.17588313984274e-05
10.33,0.0115333591339766,-7.11992435630804e-05
10.331,0.0115157768548551,-6.89341153287115e-05
10.332,0.0114600050477073,-7.96654479118808e-05
10.333,0.011408423222146,-9.17401366504755e-05
10.334,0.0113578654183465,-0.00010338248712255
10.335,0.011384762101658,-0.000111077199915044
10.336,0.0114092842007597,-0.000117007363680199
10.337,0.0114293628073101,-0.000119895942994885
10.338,0.0114520885130951,-0.000117872528319851
10.339,0.0114685771912918,-0.000111181273579397
10.34,0.0115086118732487,-0.000105070687659747
10.341,0.0115685443622585,-9.28823810849577e-05
10.342,0.0116141920175283,-7.78406809451848e-05
10.343,0.0116805673685807,-5.53754053406741e-05
10.344,0.0116790100396441,-4.99166143365093e-05
10.345,0.0116810617192634,-4.67332047708324e-05
10.346,0.0116800038539386,-4.50439018905291e-05
10.347,0.0116815560562711,-4.21922987584589e-05
10.348,0.0116455207605964,-5.42346919933934e-05
10.349,0.0116087113676351,-6.87952745328513e-05
10.35,0.0115713027560612,-8.39220632522508e-05
10.351,0.0115404506179319,-9.7763839131626e-05
10.352,0.0114890341962731,-0.000112518799635086
10.353,0.011505739216587,-0.000123315769846255
10.354,0.0115237485341382,-0.000132710396203883
10.355,0.0115333742904281,-0.000139708496695923
10.356,0.0115574518212993,-0.000141051719362628
10.357,0.0115833932148765,-0.00013763242966397
10.358,0.0116098054945243,-0.00013620570551337
10.359,0.0116623951613081,-0.000129274804142321
10.36,0.0117073832134365,-0.000119099740761186
10.361,0.0117670525321564,-0.000103002182508138
10.362,0.011820504113573,-8.17324383985962e-05
10.363,0.0118092949269451,-7.66837725351688e-05
10.364,0.011798043033006,-7.39638206437299e-05
10.365,0.0117867808544951,-7.1964112127787e-05
10.366,0.0117744709529321,-6.93885072599043e-05
10.367,0.0117564972666281,-6.58530050739459e-05
10.368,0.0116907469203209,-7.81132201841395e-05
10.369,0.0116351426043098,-9.13481643529113e-05
10.37,0.0115774079263561,-0.000104925550600987
10.371,0.0115185938872147,-0.000117674754732067
10.372,0.011536381802296,-0.000127306101953495
10.373,0.0115561479935365,-0.000134664599201251
10.374,0.011567383004934,-0.000139638537344666
10.375,0.0115872702916322,-0.000139569584509724
10.376,0.0116094334628743,-0.000134230769029631
10.377,0.0116374151151213,-0.000121493589574528
10.378,0.0117153539554945,-0.000105308393256565
10.379,0.0117760013094424,-8.94800008525709e-05
10.38,0.0118484585004442,-6.8211648969696e-05
10.381,0.0119150728793437,-4.28645536615369e-05
10.382,0.0119046121935775,-3.70503401853628e-05
10.383,0.0118961178716769,-3.4428995121627e-05
10.384,0.0118864753477352,-3.37173834717985e-05
10.385,0.0118789155117834,-3.31153110632587e-05
10.386,0.0118582862572953,-3.37970913255603e-05
10.387,0.0118388054658919,-3.11584745854021e-05
10.388,0.0117863378239373,-4.26090182874539e-05
10.389,0.0117344176881447,-5.65751269279158e-05
10.39,0.0116802749132291,-7.18249287100514e-05
10.391,0.0116349590367161,-8.5250130607728e-05
10.392,0.0116287652358968,-9.97658088042197e-05
10.393,0.0116461732484935,-0.000109266754822201
10.394,0.0116618630355105,-0.000115178541829131
10.395,0.0116720272979451,-0.000116654430281471
10.396,0.0116909401520575,-0.00011094557150737
10.397,0.0117635084652412,-9.89374239222518e-05
10.398,0.0118201537865768,-7.95368818550246e-05
10.399,0.0118669209540027,-4.92525279134903e-05
10.4,0.0119036163813282,-8.66722700215705e-06
10.401,0.0119406744630933,4.17398330723739e-05
10.402,0.0119658343461043,9.97183406517554e-05
10.403,0.0119160425765121,0.000135664237973565
10.404,0.0118842255223368,0.000168761533542727
10.405,0.0118383602816139,0.000198486730136171
10.406,0.0117980514610302,0.000229138582356403
10.407,0.0118310266255539,0.000266732733834429
10.408,0.0118651757034003,0.000308171077341213
10.409,0.011903496616468,0.000356109871158194
10.41,0.0119792381214327,0.000406418018460752
10.411,0.0120512504184799,0.00045951005741135
10.412,0.0120412752350433,0.000488754497659283
10.413,0.0120180012233437,0.000508295661505287
10.414,0.011992970990271,0.000521897466891574
10.415,0.0119651754764336,0.000530921556662622
10.416,0.0119352204072511,0.000536827686472507
10.417,0.0119032748625261,0.000540847045947646
10.418,0.0118652028451377,0.000535337506521905
10.419,0.011804446698199,0.000527198879876234
10.42,0.0117525729671161,0.00052119905362169
10.421,0.0116847644765063,0.000516867891258044
10.422,0.0116150411791116,0.000509882202654466
10.423,0.0115418995682065,0.000502224391892958
10.424,0.0114672182623744,0.000495198710573463
10.425,0.0113933328600621,0.000490006299167456
10.426,0.0113340256988089,0.000483167129486373
10.427,0.0113372405776291,0.000476217660926925
10.428,0.0113549046239643,0.000470631520942566
10.429,0.0113694289707048,0.000464884691389722
10.43,0.0114004903174605,0.000458527361816563
10.431,0.0114508177042223,0.000454835591442382
10.432,0.0114878174489154,0.000451745552472516
10.433,0.011535078268475,0.000452303807831012
10.434,0.0115790060084902,0.000452287029642728
10.435,0.0116211971806557,0.000455690481536486
10.436,0.0116614804011241,0.000466700094343298
10.437,0.0116969565172073,0.000486323735638783
10.438,0.0117277863977052,0.000514587759215424
10.439,0.0117540115146933,0.000550736311183853
10.44,0.0117169672432117,0.000568342657139287
10.441,0.0116608750532682,0.000578791156046143
10.442,0.0116015265606345,0.000586864383483487
10.443,0.0115409575342958,0.000596034457945871
10.444,0.011533561713789,0.00061355661128365
10.445,0.0115108581951389,0.000638206955151377
10.446,0.0115011106337446,0.00067705597961043
10.447,0.011482655827705,0.000726764287520665
10.448,0.0114832793752177,0.000762758493316917
10.449,0.0114614429642104,0.000789241512073435
10.45,0.0114510591629577,0.000810733932131213
10.451,0.0114238029295369,0.000826061879537876
10.452,0.0114016261238942,0.000838698418384853
10.453,0.0113799079449906,0.000848767816387874
10.454,0.0113460547684637,0.000856980850324318
10.455,0.0113012859602446,0.000853957058459254
10.456,0.0112500188873799,0.000843802860357568
10.457,0.0111964147904582,0.000829215734388156
10.458,0.0111383720366633,0.000811461675947811
10.459,0.0110773584786526,0.000792336845699515
10.46,0.0110151088120515,0.000773396497040502
10.461,0.0109521697054952,0.000755736110485905
10.462,0.0109298167436642,0.000736627540685486
10.463,0.0109085948904483,0.000718529383126165
10.464,0.0109346719992718,0.000696733433750818
10.465,0.0109856521873882,0.000676692037560933
10.466,0.011035626879798,0.000657398202660253
10.467,0.0110912777954264,0.000641419296786239
10.468,0.0111498307958236,0.000629464490735254
10.469,0.0112126959209183,0.000622916543938312
10.47,0.0112805460909921,0.000623080410651011
10.471,0.0113517150861179,0.000630589339410736
10.472,0.0113925916447373,0.000629505255024365
10.473,0.0114326808009295,0.000628931426640611
10.474,0.0114745523165979,0.000630732898125708
10.475,0.0114417275592779,0.000614746842428904
10.476,0.0114089395825866,0.000597411986749619
10.477,0.0113525486790078,0.00057712625716777
10.478,0.0112998899763011,0.000559317232402212
10.479,0.0112622466078325,0.000541474600417868
10.48,0.0112460338697416,0.00052935541450988
10.481,0.0112205060435762,0.000520429967076907
10.482,0.0112026742052941,0.000516820270565932
10.483,0.0112592078355469,0.000518640085229671
10.484,0.0113163385464235,0.000523162933100507
10.485,0.0113759840801554,0.000531675847448954
10.486,0.0114373280859672,0.00054307296779893
10.487,0.0115054838304207,0.000559456405442027
10.488,0.0115367192424696,0.000562964634361451
10.489,0.0115701552586428,0.000565200311242575
10.49,0.0115910364527021,0.000565828173160199
10.491,0.0116265010233774,0.000568653488418891
10.492,0.0115943530882553,0.000553735812291622
10.493,0.0115579196723506,0.000535952347041901
10.494,0.0115060588342162,0.000509831678376427
10.495,0.0114910805978435,0.000487536135902744
10.496,0.0114750128017197,0.000466474157108376
10.497,0.0114639639795691,0.000449315580498155
10.498,0.0114558988321074,0.00043722599507745
10.499,0.0114943801775271,0.000429167610859704
10.5,0.0115538032316392,0.000426705536685279
10.501,0.0116140605659817,0.000428482734822322
10.502,0.0116790132251394,0.00043639843449278
10.503,0.0117460828091673,0.000450675920476873
10.504,0.0118163985530522,0.000472025681511334
10.505,0.0118615136896921,0.000484203324594257
10.506,0.0118833780560651,0.00049457892271626
10.507,0.0119255392668043,0.00050994370947921
10.508,0.0118868819918961,0.000506796556090205
10.509,0.0118343733613737,0.000502528906481559
10.51,0.0117820456264437,0.000501622823153081
10.511,0.0117402028196491,0.00049956178426902
10.512,0.0117273214777468,0.00050362238560564
10.513,0.0117167838719694,0.000512320627168827
10.514,0.0117084422794888,0.000528654004314288
10.515,0.0116959966705267,0.00055009357318031
10.516,0.0117462514906922,0.000577397638056476
10.517,0.0118085467680036,0.000609466902650846
10.518,0.0118690126357045,0.000645150718063925
10.519,0.0119439675870477,0.000687602231121798
10.52,0.0119790970374457,0.000713976230972913
10.521,0.0120059434718113,0.000736091027497054
10.522,0.0120473284907293,0.000758468793005784
10.523,0.0120611305690276,0.000778184546423644
10.524,0.0119934054218118,0.000774432761706967
10.525,0.0119324112861042,0.000766481357543425
10.526,0.0118697209794505,0.000754077186282343
10.527,0.0118690453773557,0.000740999277676846
10.528,0.0118549796363948,0.00072326218802532
10.529,0.0118446563771823,0.000705862946201674
10.53,0.0118302516131434,0.000688666432639817
10.531,0.0118159286380295,0.000673543149989964
10.532,0.0118024359389694,0.000661082368416777
10.533,0.0117910474966953,0.000652683601054527
10.534,0.011778907614949,0.000646793514752886
10.535,0.0117712060324251,0.000625398397635202
10.536,0.0117766308341152,0.000596308409821611
10.537,0.0117504067221787,0.000557789065679659
10.538,0.011731474537789,0.000517058597954811
10.539,0.0117028542405806,0.000473612451028893
10.54,0.0116812111884033,0.000430356629622763
10.541,0.0117171970584661,0.00038567707041598
10.542,0.0117439283134035,0.000338853728497068
10.543,0.0117648172328059,0.00029093285351417
10.544,0.0117819697136369,0.000242946569986691
10.545,0.0118069770947034,0.000197935535098837
10.546,0.0117957368727897,0.000143262077697215
10.547,0.0117459396796142,7.63600151283961e-05
10.548,0.0117063059268921,6.68002777104437e-06
10.549,0.01167035457805,-6.3950598800544e-05
10.55,0.011683188569133,-0.000131769370181722
10.551,0.0116921681034301,-0.000199093965515262
10.552,0.0117088574572191,-0.000263738016086035
10.553,0.0117255519937346,-0.000325824621211168
10.554,0.0117492839443688,-0.000384086433078523
10.555,0.0117953658741702,-0.000440513242590423
10.556,0.0118387027140244,-0.000495765719218333
10.557,0.0118909610531325,-0.000546177638171941
10.558,0.0119084225841895,-0.000606070849320628
10.559,0.0119198091340917,-0.000667465220659469
10.56,0.0119201715071271,-0.000729042069711416
10.561,0.0119207488927388,-0.000787958716322201
10.562,0.0118936056224909,-0.000854690417056991
10.563,0.0118733714159803,-0.000920879421556609
10.564,0.0118461763766118,-0.000986820603777971
10.565,0.0118232953666246,-0.00105032437590813
10.566,0.0117857258587777,-0.00111244848171677
10.567,0.0118010659880463,-0.00116898990565223
10.568,0.0118122640201386,-0.0012229837289735
10.569,0.0118297324109696,-0.00127212277141331
10.57,0.011841526378042,-0.0013173729080157
10.571,0.011865310276928,-0.00135507297652943
10.572,0.0118896067606562,-0.00138597064959461
10.573,0.0119120265761798,-0.00141049238059016
10.574,0.0119368117062497,-0.00143492627286362
10.575,0.0119797072337479,-0.00145316810349705
10.576,0.0120241528291925,-0.00146646409731993
10.577,0.0120689816803387,-0.00147392306074112
10.578,0.0120589810608866,-0.00149369981269465
10.579,0.0120515960507064,-0.00151254387220251
10.58,0.0120430429829918,-0.00153000281164917
10.581,0.012037103929718,-0.00154474976529073
10.582,0.0120324113195017,-0.00155638027734972
10.583,0.0120279951233291,-0.00156458014584587
10.584,0.0119928274618557,-0.0015812585327028
10.585,0.0119557924663665,-0.0015973742388648
10.586,0.011927324731465,-0.00161084737687778
10.587,0.0119185260363875,-0.00162323949600635
10.588,0.0119364479717525,-0.0016300587239218
10.589,0.0119479965342841,-0.00163302141365423
10.59,0.0119562106989367,-0.00163186460659881
10.591,0.0119766302318292,-0.00162234516961074
10.592,0.0120334217239429,-0.00160874613748263
10.593,0.0120846661206712,-0.00159210209092997
10.594,0.0121323842057571,-0.00157109744656969
10.595,0.0121679817062446,-0.00154648724599826
10.596,0.012174273684281,-0.00153087965165799
10.597,0.0121673913072224,-0.00151878611826134
10.598,0.0121595234238964,-0.00150668324156017
10.599,0.0121457605511377,-0.00149333151258313
10.6,0.0120921118592642,-0.00149192819141414
10.601,0.0120443392551135,-0.0014901231358897
10.602,0.0119925697507293,-0.00148775777992721
10.603,0.0119417129839751,-0.00148335154793167
10.604,0.0118805490263737,-0.00147731442374627
10.605,0.0118641647020613,-0.00146768754350668
10.606,0.0118746112466799,-0.00145255350687168
10.607,0.0118822470662848,-0.0014332448381143
10.608,0.011901297415793,-0.00140755177254459
10.609,0.0119672441589205,-0.00137870089350689
10.61,0.0120187869338088,-0.00135066741793005
10.611,0.0120704071984834,-0.00131875284136346
10.612,0.0121228774455305,-0.00128201925222926
10.613,0.0121774509590543,-0.00123912481211713
10.614,0.0121578395276808,-0.001214547567643
10.615,0.0121414234734288,-0.00119029570550511
10.616,0.012124149036897,-0.00116575104301098
10.617,0.0121102228902506,-0.00113947102588335
10.618,0.0121000323189556,-0.00111078540512832
10.619,0.0120319536732248,-0.00109836620156534
10.62,0.0119775348283083,-0.00108478574071535
10.621,0.0119232703606571,-0.00106998377773232
10.622,0.0118680949522962,-0.00105395213296061
10.623,0.01187159021041,-0.00103451967819529
10.624,0.0118891238667856,-0.00101141298769492
10.625,0.0119015490886147,-0.000985380534646862
10.626,0.0119235422659481,-0.00095253661673278
10.627,0.0119416498026068,-0.000914990839690988
10.628,0.0119917814443075,-0.000876152932305141
10.629,0.0120347185882131,-0.000837049712616222
10.63,0.0120949509763492,-0.000792531912962191
10.631,0.0121531103013275,-0.000743818703806798
10.632,0.0121446391379611,-0.000713840363186224
10.633,0.01212606938211,-0.000688446667793496
10.634,0.0121113466570256,-0.000663319438365784
10.635,0.0120999566715934,-0.00063724593360015
10.636,0.0120844424020295,-0.000610352318982821
10.637,0.0120348359594245,-0.000595678007899947
10.638,0.0119821806705811,-0.000582613075459648
10.639,0.0119321343941549,-0.000568888790416888
10.64,0.0118589826934158,-0.000556834152480201
10.641,0.0118684800665093,-0.000540794457761617
10.642,0.0118730856082297,-0.000523920041525683
10.643,0.0118878248398869,-0.000503101281302265
10.644,0.0118950060023325,-0.00047932829625319
10.645,0.0119289507491459,-0.000447788803873528
10.646,0.0119456720158349,-0.000420858805750102
10.647,0.0119956009470198,-0.000388502506884825
10.648,0.0120579189545924,-0.000351334749598753
10.649,0.0121207429725448,-0.000309631421084755
10.65,0.0121861100354066,-0.000261997123227387
10.651,0.0121674795330171,-0.000236262765788087
10.652,0.0121522478380532,-0.000212630367448452
10.653,0.0121364307307722,-0.000189942301283053
10.654,0.0121234873711812,-0.000166506633613173
10.655,0.0120683087080635,-0.00015871743087581
10.656,0.0120132836364342,-0.000152957688038746
10.657,0.0119652279587912,-0.000146976385334285
10.658,0.0118973963378965,-0.000141929188570089
10.659,0.0119072068922278,-0.0001316876282908
10.66,0.0119128827260554,-0.000119154116529074
10.661,0.0119267793689256,-0.000101838107735008
10.662,0.0119344276656564,-8.13150667823281e-05
10.663,0.0119611395799844,-6.26283343624912e-05
10.664,0.0120131551229834,-3.8731816774995e-05
10.665,0.0120487326191485,-1.37464746353677e-05
10.666,0.0121061907523811,1.86974175104271e-05
10.667,0.0120961192267651,3.36124681416528e-05
10.668,0.012083024029753,4.47814042811578e-05
10.669,0.0120627926887357,5.4671032777065e-05
10.67,0.0120469405132818,6.61857534096089e-05
10.671,0.0120336405096454,7.98746666195727e-05
10.672,0.0119579306667043,7.60515028497277e-05
10.673,0.0118956318957927,7.35748156103777e-05
10.674,0.0118345915430395,7.24343530060789e-05
10.675,0.0118524619575596,7.70315257101473e-05
10.676,0.0118640329097987,8.3459415073206e-05
10.677,0.0118756845347642,9.33883745932174e-05
10.678,0.0118802664810857,0.000106202118725474
10.679,0.0119050135776062,0.000127663707789327
10.68,0.0119772137548257,0.000152725636246298
10.681,0.0120408888347379,0.000180028496816642
10.682,0.0121069809222752,0.000211606355550176
10.683,0.0120926609808066,0.000221877943444915
10.684,0.0120816628675555,0.00022986278284165
10.685,0.0120669002757684,0.000236091122671089
10.686,0.0120556221383515,0.000242816448597749
10.687,0.0120442131283152,0.000250507323005467
10.688,0.0119818674432074,0.000243097621989541
10.689,0.011927402809088,0.000235393499491643
10.69,0.0118727217562776,0.000227795734914937
10.691,0.0118097726572459,0.00022106344394901
10.692,0.0118165660923648,0.00021777009089996
10.693,0.0118233586851664,0.000216989521722055
10.694,0.0118353601722305,0.000220444496236871
10.695,0.0118412695808898,0.000226413934651837
10.696,0.011866419377162,0.000230396753559736
10.697,0.0119145806632669,0.000239216628304229
10.698,0.0119647055440766,0.00025171167190402
10.699,0.0120112398138936,0.000268103881986892
10.7,0.0120595166705369,0.000289342167119733
10.701,0.0121129758258204,0.000317170053237004
10.702,0.0120962181273757,0.00032749238929608
10.703,0.0120817571291573,0.00033592302495361
10.704,0.0120445596384601,0.000329909417146446
10.705,0.0119909889284506,0.000319336946727422
10.706,0.0119405900892583,0.000308684182032448
10.707,0.0118865183555652,0.000298488355306714
10.708,0.0118240291138303,0.000288746744351254
10.709,0.0117726138358832,0.000282282999517713
10.71,0.0117666421469017,0.000277778655198513
10.711,0.0117703800924795,0.000277271710971749
10.712,0.0118163847934487,0.000276024849219569
10.713,0.0118543481817539,0.000274180311697625
10.714,0.011897598557213,0.000274830832918072
10.715,0.0119439189448008,0.00027998072948715
10.716,0.0119847553830628,0.000288825831026462
10.717,0.0120377229864903,0.000304967861052219
10.718,0.0120781358328998,0.000325011892868099
10.719,0.0120864112759285,0.00033590416000101
10.72,0.0120758872947183,0.000342925382542325
10.721,0.0120223733429224,0.000331872936868149
10.722,0.0119707335760842,0.000317520932773152
10.723,0.0119201650388213,0.00030138546149111
10.724,0.0118511204413308,0.000282631275369039
10.725,0.0117951985841108,0.000266921799816411
10.726,0.0117905305498739,0.000254883575675657
10.727,0.0117976259575291,0.000247788756344902
10.728,0.0118013498851319,0.000244682333457313
10.729,0.0118121755070749,0.000248104934107041
10.73,0.011824664679509,0.000256257255537684
10.731,0.0118812485094171,0.00026564548123631
10.732,0.0119369703391139,0.000277204249415075
10.733,0.0119817063488991,0.000290332527373816
10.734,0.0119815752625872,0.000287962782070883
10.735,0.0119618301434042,0.000279182901588904
10.736,0.0119457242582357,0.000269599362997364
10.737,0.0119323250178375,0.000260427426402143
10.738,0.011918185989218,0.000252241018855126
10.739,0.0118958554939179,0.000245073800938744
10.74,0.0118771028603571,0.0002417380042809
10.741,0.0118094521102452,0.00022344380795869
10.742,0.0117531178035241,0.000206268893045536
10.743,0.011771446210467,0.000192151002540997
10.744,0.0117869395479929,0.000178830897136661
10.745,0.0118009661758311,0.000167150839306462
10.746,0.0118185395982956,0.000160283462477762
10.747,0.0118279321191085,0.00015693433464764
10.748,0.0118574807721182,0.000161018234854593
10.749,0.0119299665417935,0.000169804209962265
10.75,0.0119892151183001,0.000180492688536926
10.751,0.01206093885791,0.000197657431263099
10.752,0.0120587538009364,0.000195993605627331
10.753,0.0120576097895997,0.000190987162937473
10.754,0.0120591342556236,0.000184898846057213
10.755,0.0120616586945602,0.000178775728242875
10.756,0.0120607405836714,0.000173320106798824
10.757,0.0120271641602393,0.000155800293969444
10.758,0.0119908273361703,0.000136588537515303
10.759,0.0119547913178281,0.000117515801701884
10.76,0.0118871955516048,9.55884252144545e-05
10.761,0.0118973085084683,7.87093971693631e-05
10.762,0.011903016057834,6.34981343664576e-05
10.763,0.0119229844228282,5.37273426024498e-05
10.764,0.0119365213692599,4.7205564495334e-05
10.765,0.0119705272957703,4.89001567494096e-05
10.766,0.0119968306655629,4.82891593946433e-05
10.767,0.0120476585300946,5.28237051292124e-05
10.768,0.0120861268656975,5.92768939809418e-05
10.769,0.0121447520531114,7.29228310347718e-05
10.77,0.0121354649807883,6.9266748846275e-05
10.771,0.0121317758803282,6.38208701942422e-05
10.772,0.0121228716260148,5.65504967734443e-05
10.773,0.0121175924873565,5.03950531526853e-05
10.774,0.0120708085839539,2.98580245632341e-05
10.775,0.012031119727694,9.58237403642093e-06
10.776,0.0119816310585874,-1.10313213186886e-05
10.777,0.0119321955364377,-3.00076478197964e-05
10.778,0.0119412097971114,-4.57823838369564e-05
10.779,0.0119541728238296,-5.81403361071264e-05
10.78,0.0119689855190117,-6.62113387567831e-05
10.781,0.0119906239268735,-6.95725762682176e-05
10.782,0.0120400944982404,-7.14012902569006e-05
10.783,0.0120858262966612,-7.15137284045819e-05
10.784,0.0121379554033601,-6.77992346248546e-05
10.785,0.012187639613466,-5.98165809632123e-05
10.786,0.0122360072186583,-4.76907588196074e-05
10.787,0.0122145252522996,-5.097438597923e-05
10.788,0.0121977048934498,-5.38546744630608e-05
10.789,0.0121835166932827,-5.55017300865601e-05
10.79,0.0121315267261088,-7.12021672683583e-05
10.791,0.0120776967867691,-8.85714640388446e-05
10.792,0.0120352509748131,-0.000104736658224691
10.793,0.0119594690214512,-0.000123740457909471
10.794,0.0119569897754042,-0.00013783212115076
10.795,0.0119520708794573,-0.000149472952863106
10.796,0.0119689756995419,-0.000153820330570931
10.797,0.0119840691499881,-0.000153456934005092
10.798,0.0120106750116229,-0.000153684427613765
10.799,0.0120603683548544,-0.000148356167469055
10.8,0.0121031857244271,-0.000139860454505758
10.801,0.0121507895608261,-0.000126174776391652
10.802,0.0121896433848254,-0.000107459776701679
10.803,0.012192904899688,-0.00010022168368945
10.804,0.0121783460294366,-9.82076604482685e-05
10.805,0.0121656783491768,-9.62788526536196e-05
10.806,0.0121522091021825,-9.40433897073101e-05
10.807,0.0120891652550718,-0.000108340448643607
10.808,0.0120362193541508,-0.000122397994604839
10.809,0.0119817206596373,-0.000136527758811567
10.81,0.0119319220823802,-0.000149264446174802
10.811,0.0118682840129844,-0.00016180670589877
10.812,0.0118796061225563,-0.000169686434379313
10.813,0.0118846780486826,-0.000175742270639601
10.814,0.0118997101473623,-0.000176946183570947
10.815,0.0119075954416225,-0.000173390393262918
10.816,0.0119125789625106,-0.000165793441705309
10.817,0.0119707726345552,-0.00015510680907832
10.818,0.0120201826924211,-0.000142469224830355
10.819,0.0120650970447397,-0.000126775916501398
10.82,0.0121084338088381,-0.000107216879297378
10.821,0.0120771364016299,-0.000105648092122101
10.822,0.0120483113238558,-0.000105707539095778
10.823,0.0120223248798473,-0.000105809457784156
10.824,0.0120002950209548,-0.000104783378597706
10.825,0.0119757901541747,-0.000102628181571529
10.826,0.0119281598809252,-0.000111643978598086
10.827,0.0118708832330151,-0.000123405634978313
10.828,0.0118241173647519,-0.000134290263550274
10.829,0.0117554612595588,-0.000146402355262309
10.83,0.0117634815474489,-0.000154362312591583
10.831,0.0117655035780441,-0.000161120470544007
10.832,0.0117786624679034,-0.000163377990097413
10.833,0.0117872053156448,-0.000162971986328142
10.834,0.0118149566771764,-0.000163435436752402
10.835,0.0118575578245708,-0.000159308824223436
10.836,0.0118866209142307,-0.000153501763151487
10.837,0.0119395769989185,-0.000140291664482983
10.838,0.0119919970019761,-0.000120453946111154
10.839,0.0120437668170887,-9.44817631341466e-05
10.84,0.0120251101415573,-8.55125233892307e-05
10.841,0.0120106822154981,-7.84491488095007e-05
10.842,0.0119965004874405,-7.21011259941506e-05
10.843,0.011963788536111,-7.91086608722957e-05
10.844,0.0119159829550584,-9.02757200803572e-05
10.845,0.0118671849161467,-0.000101766183177421
10.846,0.0118169364267161,-0.000112240577857081
10.847,0.0117553283103564,-0.00012184936872478
10.848,0.0117054014702521,-0.00012754504206669
10.849,0.0116967887532932,-0.000131498404121855
10.85,0.0117015112317919,-0.000130776369159868
10.851,0.0117083274734486,-0.000126861104056131
10.852,0.0117572927119899,-0.000122248841838979
10.853,0.011807165432656,-0.000116824123335635
10.854,0.0118500580979456,-0.000110028963198894
10.855,0.011893728443136,-0.000100213045070296
10.856,0.0119341014825543,-8.58119649019273e-05
10.857,0.0119943409705666,-6.42898705335293e-05
10.858,0.0119910974894099,-5.82870681946623e-05
10.859,0.0119896159235594,-5.39228129543545e-05
10.86,0.0119805071786151,-5.14412484860505e-05
10.861,0.0119731937430415,-4.77478406502585e-05
10.862,0.0119276317953566,-6.0184606860747e-05
10.863,0.0118845539077342,-7.34747991911755e-05
10.864,0.0118415060760829,-8.69132990705679e-05
10.865,0.0118019516341754,-9.92345113629556e-05
10.866,0.0117484041766858,-0.000111422846837794
10.867,0.011770923568965,-0.000118596843309726
10.868,0.0117830926484259,-0.000124154704961632
10.869,0.0117951194028671,-0.000126495131677007
10.87,0.0118108588812642,-0.00012285928928657
10.871,0.0118237101935609,-0.000113795130329719
10.872,0.0118570922369008,-0.000104472413670398
10.873,0.0119080733412405,-9.00959590436345e-05
10.874,0.0119553631091025,-7.21928760797907e-05
10.875,0.0120009097067048,-5.00242724372213e-05
10.876,0.0120452843033617,-2.22254300112912e-05
10.877,0.0120269710482128,-1.20030329427978e-05
10.878,0.0120100418139537,-5.37067779021738e-06
10.879,0.0119928658933665,-4.8621465353893e-07
10.88,0.0119776102601441,4.36056419944597e-06
10.881,0.0119626281681328,1.00560286114271e-05
10.882,0.0119006751359801,-8.96293347485422e-07
10.883,0.0118487712075597,-1.30251243358748e-05
10.884,0.0117925655680569,-2.58581758411647e-05
10.885,0.011734413417581,-3.80684577108159e-05
10.886,0.0116797967690097,-4.73130406573596e-05
10.887,0.0116714793462284,-5.64125083223899e-05
10.888,0.0116887105328268,-6.21639401734986e-05
10.889,0.0117023909150072,-6.57471723927161e-05
10.89,0.0117214515655476,-6.38226133242159e-05
10.891,0.0117351420514677,-5.85852473739545e-05
10.892,0.0117799569221302,-5.39293013229192e-05
10.893,0.0118370389515385,-4.57761565882397e-05
10.894,0.0118815575971564,-3.59857422443932e-05
10.895,0.0119310921811185,-2.15643216687766e-05
10.896,0.011975048884546,1.28871741245096e-06
10.897,0.0120229151575644,3.57813206782187e-05
10.898,0.0120706651193038,8.2269233697474e-05
10.899,0.0120514269314241,0.00012018018880533
10.9,0.0120252598997985,0.000159540155391102
10.901,0.0119980492084988,0.000201517562143982
10.902,0.0119679865590723,0.000246536432592759
10.903,0.0119725767631603,0.000285591662074536
10.904,0.0120018390454263,0.000326701013068975
10.905,0.012034046257678,0.000370692545860696
10.906,0.0120786894874347,0.000421755315434424
10.907,0.0121209944951699,0.00047869678276663
10.908,0.0121277922818496,0.000525171653180778
10.909,0.0121494699964326,0.000569225350557867
10.91,0.0121290957246032,0.000593048712145994
10.911,0.0120791696053548,0.000604915689248753
10.912,0.0120298353647161,0.000613488195431999
10.913,0.0119782379380722,0.000620608956156343
10.914,0.0119260195344044,0.000628131361215312
10.915,0.0118726713510417,0.00063708300405263
10.916,0.0118179682003249,0.000648170163026818
10.917,0.0117827202073961,0.0006556115104282
10.918,0.0117511874707354,0.000662716976142064
10.919,0.0117224825168714,0.000671965236180405
10.92,0.0116943367560416,0.000684974577260133
10.921,0.0116671215069232,0.000702684589266311
10.922,0.0116251741158632,0.000714657271601749
10.923,0.0115593462894517,0.000722602035498066
10.924,0.0115664014223097,0.000734453191496065
10.925,0.0115504559189347,0.000747990187612291
10.926,0.0115441614472583,0.000765584498593985
10.927,0.0115258213461084,0.00078513303834743
10.928,0.0115264411438811,0.000810963822483912
10.929,0.0115237366511859,0.000842106599248382
10.93,0.0115654260272088,0.000876263683272815
10.931,0.0116355078444061,0.000915121204531189
10.932,0.0117040995324843,0.000956484465573892
10.933,0.0117829965001427,0.00100311488098909
10.934,0.011824074990386,0.00103862640522806
10.935,0.0118383978844115,0.0010724996325544
10.936,0.0118662957226582,0.00111015961420147
10.937,0.011872697306442,0.00114682469314886
10.938,0.0118091404143733,0.00117025234498391
10.939,0.0117467669180817,0.00119451109944679
10.94,0.0116853337394088,0.00121259386789974
10.941,0.0116468713229049,0.00123247145521732
10.942,0.0117057562015891,0.00125254888288756
10.943,0.011761603139862,0.00126996332809115
10.944,0.0118306437557672,0.00129000153197195
10.945,0.0119012958103142,0.00131214801652185
10.946,0.0119683707979844,0.00133870265248176
10.947,0.0120422617540902,0.00137036866934959
10.948,0.0120870240151836,0.00138501923012013
10.949,0.0121109670824212,0.00139302982175482
10.95,0.0121424501816446,0.00139865905788561
10.951,0.0121637253775702,0.0014005550980023
10.952,0.012094110442187,0.00137254334161657
10.953,0.0120250919550307,0.00133446316923425
10.954,0.0119560544053591,0.00128900845115465
10.955,0.0118840400754223,0.00123804015783202
10.956,0.0118126704937963,0.00118408540766946
10.957,0.0117386007274397,0.00112840952711457
10.958,0.0116636785449146,0.00107272497944327
10.959,0.0115915091586067,0.00101871601029591
10.96,0.0115475990063689,0.000962972349878577
10.961,0.0115095746080752,0.000909007414911067
10.962,0.0114692048652197,0.000857666592791517
10.963,0.0114413438959417,0.000814034442404077
10.964,0.011403981879004,0.000776227182598344
10.965,0.0113822199096929,0.000748322009222535
10.966,0.0113634217338533,0.000728784513459091
10.967,0.0113499010020201,0.000717916462467161
10.968,0.0113908968976492,0.000714517017100902
10.969,0.0114394325603903,0.000715430635735981
10.97,0.0115070094968406,0.000723426313644526
10.971,0.011567879361244,0.000735459591245269
10.972,0.0116108592174247,0.000735285609325564
10.973,0.0116409367197224,0.000731662967812519
10.974,0.0116780062199069,0.000727020527123035
10.975,0.0116468894809483,0.000704357634210395
10.976,0.0116174128929321,0.000678366983595247
10.977,0.0115618068555524,0.000648964302049471
10.978,0.0115103181648591,0.000622572800519361
10.979,0.0114501816163075,0.000599110412273951
10.98,0.0114189757899305,0.000576658668167529
10.981,0.0114472096051963,0.000555660784615553
10.982,0.0114862189916931,0.000536894944355659
10.983,0.011526404824554,0.000521476923859399
10.984,0.0115757036793141,0.000513104566997824
10.985,0.011623855159933,0.000513435693707043
10.986,0.0116741796423614,0.000521518213286998
10.987,0.0117316915327584,0.000539529779121861
10.988,0.0117943712852555,0.000568565464289073
10.989,0.0118463587725557,0.000601407498986406
10.99,0.0118233099283531,0.000615743079443842
10.991,0.0118021289341968,0.000628881743764964
10.992,0.0117815921858311,0.000642963089946547
10.993,0.0117421906762328,0.000645890415366002
10.994,0.0116874883000493,0.000646128826523151
10.995,0.0116420165057662,0.000647571993734108
10.996,0.0115941709464667,0.00064909038116151
10.997,0.0115389710045286,0.000650566835141309
10.998,0.0115550686923625,0.000657296772856031
10.999,0.0115671300143513,0.000665392832604694
11,0.0115866909495395,0.000676229081457758
11.001,0.0116589822900066,0.000688714571212945
11.002,0.0117208472699,0.000699601078111123
11.003,0.011794975154783,0.000712883630856587
11.004,0.0118029129522961,0.000705583410236799
11.005,0.0118058281359511,0.00069211812757014
11.006,0.0118078057800458,0.000675583718229567
11.007,0.0117886945111823,0.000655271274748681
11.008,0.0117209594047001,0.000616463225039166
11.009,0.0116657957191071,0.00057464838981397
11.01,0.0116115173664546,0.00053026306687215
11.011,0.0115534570805479,0.000483362149131472
11.012,0.0115655939853853,0.000437894092845503
11.013,0.0115773119092009,0.000391069335252958
11.014,0.0115860248309598,0.000343805044009604
11.015,0.0115942831419634,0.00029773462228555
11.016,0.0116073860368906,0.000254306200745569
11.017,0.0116247042523228,0.000214284845763302
11.018,0.0116884381849687,0.000174827092044583
11.019,0.0117429674709915,0.000133087765819884
11.02,0.0118038557788233,9.21521752032528e-05
11.021,0.0118642406256912,5.21929490154283e-05
11.022,0.0119268180399611,1.4144767934543e-05
11.023,0.0119469341126715,-3.74634620146641e-05
11.024,0.0119397175954173,-9.59459091904313e-05
11.025,0.0119318155210273,-0.000154452592171561
11.026,0.0119241224258975,-0.000210845245358082
11.027,0.0119184967890113,-0.000263921767470976
11.028,0.0119090219908556,-0.000313775634086078
11.029,0.0118628143230819,-0.00037448367438514
11.03,0.0118714519213786,-0.000435169332842322
11.031,0.0118899080101611,-0.000495308145247619
11.032,0.0119111071399458,-0.000553958478256289
11.033,0.0119284870747281,-0.000610466314114155
11.034,0.0119502431831212,-0.000662032633135912
11.035,0.0119730564337484,-0.000708942131924462
11.036,0.0120001263947895,-0.000749493932660605
11.037,0.0120291519747758,-0.000784072521359702
11.038,0.0120583903374344,-0.00081293211618122
11.039,0.0121199353059055,-0.000837458311193529
11.04,0.0121760685318128,-0.000859825149747029
11.041,0.0121783279768642,-0.000896957389510566
11.042,0.0121858896357361,-0.000936107958676768
11.043,0.012182490881468,-0.000977351571142482
11.044,0.0121780886109989,-0.0010177963827851
11.045,0.0121742452257563,-0.00105479748736104
11.046,0.0121605112152763,-0.00108997327938326
11.047,0.0121466440708122,-0.00112068789498837
11.048,0.0121068138228302,-0.00115861529188016
11.049,0.0120544316403396,-0.00119714431771384
11.05,0.0120626770423023,-0.00123278323605025
11.051,0.0120675753578056,-0.00126851682474038
11.052,0.0120686135763082,-0.00130345567416928
11.053,0.0120862232928604,-0.00133320412077542
11.054,0.0121073871499114,-0.00135883301077588
11.055,0.0121318275726681,-0.00138562317346752
11.056,0.0121728507624282,-0.00140707578863175
11.057,0.0122084361310416,-0.0014254410304344
11.058,0.0122454059931348,-0.00143997730032652
11.059,0.0122838747286628,-0.0014480499649886
11.06,0.0123237106748153,-0.00145064365800246
11.061,0.0123547898013502,-0.00144850040422329
11.062,0.012359263686792,-0.00145254419971313
11.063,0.0123504151089434,-0.00145856257671634
11.064,0.0123405274479391,-0.00146321233061247
11.065,0.0123112348509424,-0.00147698578267402
11.066,0.0122781347952762,-0.00149204567817895
11.067,0.0122364320951831,-0.00150699008461852
11.068,0.0122043721185577,-0.00151855813141977
11.069,0.0121542580678994,-0.00152945356905049
11.07,0.0121592933780802,-0.00153453859754965
11.071,0.0121632912268948,-0.00153588383486458
11.072,0.0121587041259758,-0.00153417930235555
11.073,0.0121743732779948,-0.00152605191771105
11.074,0.0122369306017843,-0.00151368592739504
11.075,0.0122860837560829,-0.00149982028609158
11.076,0.0123389766596651,-0.00148134088576934
11.077,0.0123886584924192,-0.0014578509311266
11.078,0.0124420365524857,-0.00142823714408968
11.079,0.0124378204309598,-0.00141259528236365
11.08,0.0124359251085498,-0.00139524820446513
11.081,0.0124249297538298,-0.00137724049297155
11.082,0.0124171438871612,-0.0013558025431229
11.083,0.012371772244434,-0.00134779711489524
11.084,0.0123345603494856,-0.00134033777448572
11.085,0.012285959889613,-0.00133423928446186
11.086,0.012244703611343,-0.00132575339216529
11.087,0.0122390870222847,-0.00131560025991689
11.088,0.0122494001378251,-0.00130022377757028
11.089,0.0122583839572026,-0.00128102954487347
11.09,0.0122744725342375,-0.00125577729061721
11.091,0.0122848247210704,-0.0012261630111689
11.092,0.0123253629893156,-0.00119552315966376
11.093,0.0123802555383992,-0.00115883169238101
11.094,0.0124215032281851,-0.00111880328319086
11.095,0.0124104132581993,-0.00109311349933561
11.096,0.0123894478267432,-0.00107138895518594
11.097,0.0123594941936764,-0.00105168374849685
11.098,0.0123327672689377,-0.00102826644141418
11.099,0.0123056244595152,-0.00100196069255698
11.1,0.0122567086521709,-0.000986336468519644
11.101,0.0122050876903769,-0.000971968165693837
11.102,0.0121477164861245,-0.000957493711228274
11.103,0.0121511002342769,-0.000939140402391347
11.104,0.0121537818297186,-0.000918810652128677
11.105,0.0121513070488802,-0.000896085975690186
11.106,0.012170527042477,-0.000865849572383059
11.107,0.0121834665024154,-0.000831346797283583
11.108,0.0122208722197818,-0.00079725309354084
11.109,0.0122804917697447,-0.000756706203385471
11.11,0.012326883588747,-0.000713188253936847
11.111,0.012387606199616,-0.000663469009373752
11.112,0.0123708617756967,-0.000633653397137057
11.113,0.012359206332808,-0.000606320260773008
11.114,0.0123436677958659,-0.000580320304413906
11.115,0.0123246166560588,-0.000554874263604066
11.116,0.0123092146030147,-0.000525007607049044
11.117,0.0122615157266303,-0.000509615756677906
11.118,0.0122162005289256,-0.000496219712585511
11.119,0.0121653806978537,-0.000483928564507519
11.12,0.0121207427548177,-0.00047027439933911
11.121,0.0121121466582995,-0.000457268614761419
11.122,0.0121237023197882,-0.000439909165770358
11.123,0.0121386661474965,-0.00041916873810588
11.124,0.012155981810367,-0.000393427610032526
11.125,0.0121699562168492,-0.000363903558730394
11.126,0.0122159476772404,-0.000334265620403618
11.127,0.0122639267780666,-0.000303670057035188
11.128,0.0122956572215672,-0.000272732171565315
11.129,0.0123509799247331,-0.000232889434504446
11.13,0.0124101967088852,-0.000186171116398348
11.131,0.0123845085944841,-0.000160999444122123
11.132,0.0123615156236441,-0.00013843617588305
11.133,0.0123393820428321,-0.0001164912258102
11.134,0.0123195893269683,-9.36743038310039e-05
11.135,0.0122906494684401,-8.35670261179478e-05
11.136,0.0122366978447021,-7.96042787337137e-05
11.137,0.0121844444214371,-7.63425321823608e-05
11.138,0.0121288853209924,-7.34734609137977e-05
11.139,0.0120766313704387,-6.83193931395043e-05
11.14,0.012009468950771,-6.28072560144299e-05
11.141,0.0120166858079967,-5.26936807816458e-05
11.142,0.0120136578128191,-4.23631120438639e-05
11.143,0.0120335264667883,-2.74813175122346e-05
11.144,0.0121131877302511,-9.52660638081637e-06
11.145,0.0121744779078525,7.33231004468315e-06
11.146,0.012231590599184,2.6366045285442e-05
11.147,0.0122793021517737,4.79365386802932e-05
11.148,0.0123414197002556,7.84721233141883e-05
11.149,0.0123965739565763,0.000114455821245307
11.15,0.0123924138443264,0.000135470902822732
11.151,0.0123840188637074,0.000154898389175595
11.152,0.0123784654707304,0.0001745299323756
11.153,0.0123316169479111,0.000176049919079935
11.154,0.0122724314420177,0.00017252840554266
11.155,0.0122202815085611,0.000168510445943681
11.156,0.0121659969164999,0.000164334250554732
11.157,0.0121142818299773,0.000161544634765032
11.158,0.012110877229637,0.000160090412792746
11.159,0.012118812636776,0.000162480358338657
11.16,0.0121337385987043,0.000168692106985557
11.161,0.0121511269223415,0.000180317668311669
11.162,0.0121656990805068,0.000195943041299329
11.163,0.0122104955519964,0.000210774435428052
11.164,0.0122676471049579,0.000228394872267501
11.165,0.0123083955121721,0.000247531760803721
11.166,0.0123728762425055,0.000273578536423624
11.167,0.0124238097809984,0.000303684714050401
11.168,0.0124085906479775,0.000316225536037107
11.169,0.0123924162350915,0.000325409822025891
11.17,0.0123699544298238,0.000332229951396812
11.171,0.0123506476022562,0.000341474600863034
11.172,0.0123279674989521,0.000352469425202895
11.173,0.012265628296099,0.000346942933844518
11.174,0.0122100628322656,0.000339120589668729
11.175,0.0121461255467434,0.000329386993276393
11.176,0.012090029477963,0.000320913519260502
11.177,0.0120930251357813,0.000314506281984595
11.178,0.0121111559333001,0.000311882065645586
11.179,0.012116534561186,0.000310623148863987
11.18,0.0121358456319818,0.000314633261385089
11.181,0.012157143187499,0.000323608525290286
11.182,0.0121893182450455,0.000339741072655109
11.183,0.012275673457323,0.000359511457879547
11.184,0.0123447109876673,0.000378818516873769
11.185,0.0124224296890742,0.000402323378957903
11.186,0.012420258321307,0.000404529634397577
11.187,0.0124200090289068,0.000403632968557666
11.188,0.0124081960452025,0.000398929393786385
11.189,0.0123982356320154,0.000394035390460845
11.19,0.0123665918983986,0.000387537736472432
11.191,0.01233666027057,0.000384003792072984
11.192,0.0123092278670614,0.000384746994316509
11.193,0.0122583152828248,0.000372617644177509
11.194,0.0121897196218459,0.000356887272578044
11.195,0.0121231472872836,0.000341509030995613
11.196,0.0121346572054844,0.000328835813759198
11.197,0.012144693915348,0.000317334599622132
11.198,0.012153139968426,0.000307727972709004
11.199,0.0121535402742647,0.000300295145714558
11.2,0.012174244282013,0.000299733249602752
11.201,0.0121968588045686,0.000303953527271694
11.202,0.0122543674304652,0.000309396809790086
11.203,0.0123182288247645,0.000318894850679929
11.204,0.0123666578471521,0.000330528515944117
11.205,0.0124374228147604,0.000348837273602132
11.206,0.0125004962517102,0.000371788744015222
11.207,0.0124911992800165,0.000375456222750092
11.208,0.0124775035208366,0.00037493362416019
11.209,0.0124676809624186,0.000374006415003958
11.21,0.0124511919159067,0.000372349798488714
11.211,0.0124378034532246,0.000373599523614099
11.212,0.0123898700983378,0.000358279775847015
11.213,0.0123217767092277,0.000337247191110113
11.214,0.0122662382217378,0.000316839697178217
11.215,0.0122035938786391,0.00029638550889638
11.216,0.0122210422982205,0.000279816141731448
11.217,0.0122374400552205,0.000264557136912813
11.218,0.0122450988344033,0.000250753937441617
11.219,0.0122657790067708,0.000242078207368768
11.22,0.0122890734076981,0.00023805663963794
11.221,0.0123118481256419,0.000240426473664845
11.222,0.0123790580572075,0.000245982065566197
11.223,0.0124341774320857,0.000252060196528625
11.224,0.0124866873397183,0.000261423475262312
11.225,0.0125455783316038,0.000275674915710566
11.226,0.0125249078995366,0.000270619644719916
11.227,0.0125071217294978,0.000263564246855086
11.228,0.0124886260790234,0.000255711152686078
11.229,0.0124760303276876,0.000249193169445383
11.23,0.0124462150694214,0.000241086280127034
11.231,0.0123691278370235,0.000219752268444229
11.232,0.0123065198417652,0.000197733469699923
11.233,0.0122524330331969,0.000176827819700576
11.234,0.0122625967560529,0.000159689674492813
11.235,0.0122739193600689,0.000144103169390009
11.236,0.0122880846024824,0.000132906116311393
11.237,0.0122977049734834,0.000125454337222497
11.238,0.0123185119351894,0.00012481682797072
11.239,0.0123427155662441,0.000129142381563252
11.24,0.0124003930874643,0.000134965955242483
11.241,0.0124532170502628,0.00014347499879469
11.242,0.0124947884888275,0.000154693293114461
11.243,0.0124988425423451,0.000152831387909336
11.244,0.0124819851719941,0.000144053671904509
11.245,0.0124683278243755,0.000134634163285796
11.246,0.0124481769414494,0.000124423914270089
11.247,0.012431359863787,0.000116712054028967
11.248,0.0123930003022674,0.000108172179112576
11.249,0.0123114684836748,8.71472321635758e-05
11.25,0.0122420898823338,6.60247075458531e-05
11.251,0.0121750935482808,4.61263355518993e-05
11.252,0.0121883685462297,2.96465782458344e-05
11.253,0.0122039590362789,1.50548230123393e-05
11.254,0.0122107813150326,1.95416537340787e-06
11.255,0.0122212307052603,-7.29980365427041e-06
11.256,0.0122377881093912,-1.28288956185441e-05
11.257,0.0122679753858694,-1.09971804509446e-05
11.258,0.0123384300268015,-5.68089495639468e-06
11.259,0.0123940423134626,4.45459167275342e-07
11.26,0.0124695669073468,1.27356633108366e-05
11.261,0.0125334998328672,2.92794431096532e-05
11.262,0.0126046781221974,5.21746210297436e-05
11.263,0.0125998802191645,5.57286436544957e-05
11.264,0.0125959443382046,5.73208981648476e-05
11.265,0.0125895186230071,5.75097562611204e-05
11.266,0.0125862442541277,5.84875427707687e-05
11.267,0.0125688555521703,5.86338984172041e-05
11.268,0.012498178115466,4.0950411401286e-05
11.269,0.0124393737207614,2.18625241772963e-05
11.27,0.0123800785993804,2.02172178903615e-06
11.271,0.0123225374210012,-1.71960643935987e-05
11.272,0.0122624598542981,-3.49661441925164e-05
11.273,0.0121953621707839,-5.11639793996377e-05
11.274,0.0121922591211731,-6.47153012345303e-05
11.275,0.0121972315431953,-7.54998527012773e-05
11.276,0.0121992573788468,-8.43576768428944e-05
11.277,0.0122116216019624,-8.77572953914552e-05
11.278,0.0122281430857068,-8.65960845093383e-05
11.279,0.01227356693159,-8.45702816036908e-05
11.28,0.0123034263971934,-8.29670397843318e-05
11.281,0.0123578843667643,-7.56631869400226e-05
11.282,0.0123967341827548,-6.54398977473769e-05
11.283,0.0124532442010647,-4.79553127300525e-05
11.284,0.0125055341416856,-2.47885772312606e-05
11.285,0.0124883984362159,-1.8757684681403e-05
11.286,0.0124713673851395,-1.54614433620637e-05
11.287,0.012454184369345,-1.27157039016557e-05
11.288,0.012437051823368,-9.03688661224589e-06
11.289,0.0123887520214276,-2.0608298350544e-05
11.29,0.0123429289251608,-3.51698813732537e-05
11.291,0.0122936410698182,-5.14397294578695e-05
11.292,0.0122486250131893,-6.66785851890506e-05
11.293,0.0121936591451654,-8.18549641704025e-05
11.294,0.0122105466071142,-9.3180664071657e-05
11.295,0.0122288609303373,-0.000103976826392016
11.296,0.012254029313648,-0.000110172855060875
11.297,0.0122810293459086,-0.000111897826906016
11.298,0.0123016715151714,-0.000109285109521295
11.299,0.0123460291562501,-0.000106698449680087
11.3,0.0123907367107811,-0.000102352077284595
11.301,0.0124467636194298,-9.32654392971077e-05
11.302,0.0124889239216347,-8.06658132507798e-05
11.303,0.0125510778827859,-6.0431428847707e-05
11.304,0.0126093621739453,-3.41342027002645e-05
11.305,0.0125957448073377,-2.56173488735745e-05
11.306,0.0125768235523002,-2.05592151373279e-05
11.307,0.0125613163007342,-1.58824838585869e-05
11.308,0.0125322878931044,-1.26826666360658e-05
11.309,0.0124517644432267,-2.6390023347922e-05
11.31,0.0123908200044101,-4.126275547367e-05
11.311,0.0123341772620033,-5.64073606582616e-05
11.312,0.0122777651360958,-7.09925187442062e-05
11.313,0.0122201720668584,-8.42851013833634e-05
11.314,0.012222172388404,-9.42901253566109e-05
11.315,0.0122223283625855,-0.000102473701251493
11.316,0.0122310617609143,-0.000106720183000675
11.317,0.0122492073183388,-0.000106217140186549
11.318,0.0122816826621598,-9.82332823867282e-05
11.319,0.0123565975680126,-8.72787917064466e-05
11.32,0.0124106989456675,-7.73179085875042e-05
11.321,0.0124793499917261,-6.20059174258891e-05
11.322,0.0125439038114009,-4.22774294666084e-05
11.323,0.0125362654689238,-4.04613173728419e-05
11.324,0.0125252382056995,-4.2571694316651e-05
11.325,0.0125117771679561,-4.61369176535942e-05
11.326,0.0125000231098894,-4.77997267657737e-05
11.327,0.0124864677584275,-4.82433602907451e-05
11.328,0.0124252075606814,-6.33961930150417e-05
11.329,0.012374407868076,-7.87899176269979e-05
11.33,0.0123209689334969,-9.43830749634e-05
11.331,0.01226803878675,-0.000108838938654821
11.332,0.0122784863311104,-0.000120727836379675
11.333,0.0123022351325064,-0.000128125718444894
11.334,0.0123167416118508,-0.00013283509523182
11.335,0.0123404834420458,-0.000132020028365265
11.336,0.0124077908183188,-0.000127417516617878
11.337,0.0124584503748948,-0.00012125221467657
11.338,0.0125189574541121,-0.000109837191857809
11.339,0.0125674163335326,-9.44193670579518e-05
11.34,0.0126315438105491,-7.14308207346304e-05
11.341,0.0126224713035415,-6.56513111378931e-05
11.342,0.0126154684634767,-6.1118243691094e-05
11.343,0.012602454094472,-5.81732531704793e-05
11.344,0.0125464454057099,-7.00584671400328e-05
11.345,0.0125041798312418,-8.20105539197091e-05
11.346,0.0124561891278305,-9.45092950467852e-05
11.347,0.0124091136521126,-0.000106040217095205
11.348,0.0123659773378271,-0.000114708653539131
11.349,0.012379918320526,-0.000120363782444233
11.35,0.0124064292477192,-0.000121402210578436
11.351,0.0124268731037273,-0.000120162778390998
11.352,0.0124656379679061,-0.000119581212461861
11.353,0.012518620824974,-0.000114546294184892
11.354,0.0125583053729276,-0.000107096527230621
11.355,0.0126179343135368,-9.33055702856955e-05
11.356,0.0126707015957247,-7.44988678498815e-05
11.357,0.0126621024455498,-6.96044804762153e-05
11.358,0.0126486085949697,-6.67781686523039e-05
11.359,0.0126376477299944,-6.307280236173e-05
11.36,0.0125958237273134,-7.37524058737615e-05
11.361,0.0125591776100932,-8.68669924516396e-05
11.362,0.0125250461064712,-0.000100092692675968
11.363,0.0124743398137562,-0.000114557279929706
11.364,0.0124960055457097,-0.000124392964733433
11.365,0.0125194828457632,-0.000130936171011176
11.366,0.0125401604035517,-0.000134042856932637
11.367,0.0125671147213596,-0.000131161977327543
11.368,0.01259113031768,-0.000123750390977784
11.369,0.0126207823259717,-0.000117699428471507
11.37,0.0126709142713193,-0.000106331376341751
11.371,0.0127062601047127,-9.27331117258068e-05
11.372,0.0127612619447604,-7.27756576451855e-05
11.373,0.0127436826145879,-7.08966443145886e-05
11.374,0.0127278140552126,-7.14122528311933e-05
11.375,0.0127073967588106,-7.35854682147874e-05
11.376,0.0126886459683473,-7.47106387325447e-05
11.377,0.0126624455140234,-7.52514765012258e-05
11.378,0.0125962978378537,-8.92297666245101e-05
11.379,0.0125450857913995,-0.000103604546590974
11.38,0.0124931465859015,-0.000117566697981297
11.381,0.0125191113206411,-0.000127555986931593
11.382,0.0125425414965637,-0.000136732096557179
11.383,0.0125593542921001,-0.000143505889006301
11.384,0.01258389812871,-0.000145425351482042
11.385,0.0126090836514916,-0.000142463479018196
11.386,0.0126387173599798,-0.000133195225885341
11.387,0.0127140856749801,-0.000119688299607235
11.388,0.0127728095646175,-0.000105818564189675
11.389,0.0128409547689735,-8.60058458888036e-05
11.39,0.0128974939072491,-6.24248133151983e-05
11.391,0.0128915857820398,-5.38093573052567e-05
11.392,0.0128725780655351,-4.55792385744003e-05
11.393,0.0128522378875127,-3.00702621566784e-05
11.394,0.0128173743086466,-7.29048683961731e-06
11.395,0.0127230565587881,1.04716848520203e-06
11.396,0.0126479673454333,1.10902387707168e-05
11.397,0.0125780668604231,2.32236570981148e-05
11.398,0.0125889424422833,3.89806651697744e-05
11.399,0.0126046979519954,5.54765537604807e-05
11.4,0.0126293634689323,7.76294010731426e-05
11.401,0.0126523038070844,0.000105205472994196
11.402,0.0126789292712942,0.000140174209910915
11.403,0.0127042645651882,0.000182225098824762
11.404,0.0127372074622572,0.000233578935049772
11.405,0.0127790461370543,0.000293021561993123
11.406,0.0128519851024284,0.000354673726588317
11.407,0.0129202164608068,0.000418290385462372
11.408,0.0129059934836992,0.000455595540333975
11.409,0.0128686332085561,0.000478747273900237
11.41,0.0128281141980472,0.000493920803926018
11.411,0.0127850419016934,0.000503122565760739
11.412,0.0127396571254254,0.000507986618312861
11.413,0.0126921378913629,0.000509890505707766
11.414,0.0126426393816237,0.000510025524291968
11.415,0.0125922108163126,0.000509534736870598
11.416,0.0125431235206183,0.000509540405518261
11.417,0.0124825209712367,0.000509265576211282
11.418,0.0124221537315784,0.000511085551030299
11.419,0.012363442857763,0.00051561858336191
11.42,0.012306567138342,0.000510228070638108
11.421,0.0122192253826398,0.000498994831003519
11.422,0.0121411501602254,0.000488287905385021
11.423,0.0120600654165507,0.000476861863372147
11.424,0.0120466123700029,0.000463460770926072
11.425,0.0120524333389226,0.000451635144095353
11.426,0.0120579885182795,0.000439284567102682
11.427,0.0120744663876756,0.000430389961906141
11.428,0.012090496179677,0.000422372854406716
11.429,0.0121196997471198,0.000418500639191965
11.43,0.0121914313082338,0.000416105949562984
11.431,0.0122433567667328,0.000412048267242671
11.432,0.0123112683857212,0.00041141545569201
11.433,0.0123679121403646,0.000412723481690913
11.434,0.0124321398751562,0.000420414529497648
11.435,0.0124896635772157,0.000434783004251704
11.436,0.0125560383857822,0.000458880279995688
11.437,0.0126208326740432,0.000490904669885217
11.438,0.012689627500906,0.000530396381301257
11.439,0.0126936228346926,0.000550286687169443
11.44,0.0126665907878267,0.000563361956120056
11.441,0.0126594713374124,0.000576786051031841
11.442,0.0126321753128845,0.000582047101976402
11.443,0.012581065527684,0.000580146653511471
11.444,0.012531649014075,0.000579256608571943
11.445,0.0124758269386453,0.000581675803843162
11.446,0.0124621476830115,0.000595032789494743
11.447,0.0124279724910726,0.000618010981388639
11.448,0.0124538689686465,0.000651819052078673
11.449,0.0124942414534154,0.000676166736406913
11.45,0.0124917969326927,0.000691352372707565
11.451,0.0124871981583403,0.000703769636433704
11.452,0.0124782616124644,0.000714080527375982
11.453,0.0124651836004999,0.000723263092984372
11.454,0.0124261196123954,0.000719716560183492
11.455,0.0123819282075109,0.000709107893472061
11.456,0.0123339354368308,0.000693674728507121
11.457,0.0122822652484791,0.000674677166429327
11.458,0.0122288187016406,0.000653638038097704
11.459,0.0121701344092228,0.000631398835766961
11.46,0.0121316303516233,0.000603905914347058
11.461,0.0120954956186293,0.000575693846186887
11.462,0.0120600955695439,0.000547689732156686
11.463,0.0120251649627399,0.000520853313466185
11.464,0.012027809330225,0.00049199622123447
11.465,0.0120347909484604,0.000459954764156556
11.466,0.0120593143779905,0.000429346786044782
11.467,0.012086262035731,0.000399897779418734
11.468,0.012105368155641,0.00036767898465756
11.469,0.0121485658887773,0.000338226011633469
11.47,0.0121849813220531,0.000310204641721268
11.471,0.0122254521171876,0.000286011054886015
11.472,0.0122659061818594,0.000266750861345366
11.473,0.0123164944930828,0.000250102103202754
11.474,0.0123700532131546,0.000238460704888588
11.475,0.0124267641707979,0.000233220423114411
11.476,0.0124870671675215,0.000235285775982808
11.477,0.0125514661112861,0.000245369512832105
11.478,0.0126196884434009,0.000263523866475546
11.479,0.012691739620972,0.000290077595923643
11.48,0.0127668619611253,0.000324572235722909
11.481,0.012801189017838,0.000347348660269309
11.482,0.0127548014628158,0.00034773058981219
11.483,0.0127072199303119,0.000343388170165215
11.484,0.0126598089035042,0.000336035031526627
11.485,0.0126160569124369,0.00032729767155959
11.486,0.0125648204689689,0.000316375698736271
11.487,0.0125129934053686,0.000306998164578465
11.488,0.0124587694885348,0.000298268334073537
11.489,0.0124809525831372,0.000291136238167067
11.49,0.0125039501006482,0.00028292291426224
11.491,0.0125348751720895,0.000276021406771243
11.492,0.0125632192019721,0.000271138355987521
11.493,0.0125938898974926,0.000268569915043482
11.494,0.0126275182546911,0.000269901693356611
11.495,0.0126630113513482,0.000274917681539422
11.496,0.0126800254573573,0.000276871668739243
11.497,0.01272530944205,0.000284524322772817
11.498,0.0127651870078491,0.000294645752733358
11.499,0.0127421711171505,0.000289676501089409
11.5,0.012719659909342,0.000283637093256017
11.501,0.0126925551983029,0.000276999600051064
11.502,0.0126316697764377,0.000257449834994317
11.503,0.0125890235851206,0.000239138574675668
11.504,0.012530489695904,0.000220236791042605
11.505,0.0125504509626445,0.000206364463546271
11.506,0.0125717324678377,0.000195386895803284
11.507,0.0125943981659102,0.000188730165153639
11.508,0.0126181230251219,0.000187184005774943
11.509,0.0126399418478686,0.000190630948841086
11.51,0.0126715930940264,0.000194142197245728
11.511,0.0127211355011877,0.000205113376159805
11.512,0.0127601714362365,0.000219697660413909
11.513,0.0128139536402701,0.000244089851791196
11.514,0.0128672673566499,0.000278356880160147
11.515,0.0128490782082897,0.00029755102946466
11.516,0.0128309772408871,0.000318186622332961
11.517,0.0128040204116321,0.00033994245190061
11.518,0.0127339330697892,0.0003477669126834
11.519,0.0126852340480517,0.000357231995747553
11.52,0.0126196276103502,0.000367159730369271
11.521,0.0126435752062814,0.000384161081900869
11.522,0.0126653067384662,0.000403923897638214
11.523,0.0126902941264611,0.000428580516412758
11.524,0.0127101591717962,0.000457662008777227
11.525,0.0127521170995538,0.000494839228960209
11.526,0.0128030202501128,0.00053877151994397
11.527,0.0128457081285607,0.000579636150447205
11.528,0.0129123443261432,0.000627305901058584
11.529,0.0129723549350432,0.00067769715280741
11.53,0.0130298932377209,0.000730634074458114
11.531,0.0129921263184199,0.000759410554630469
11.532,0.0129550839597567,0.00078421322369604
11.533,0.0129160731588108,0.000803932879359037
11.534,0.0128778248341921,0.000820977127590716
11.535,0.0128395559385631,0.000836040923458514
11.536,0.0127999089007122,0.000849719515614689
11.537,0.0127249909876728,0.000845689220841217
11.538,0.012669871689289,0.000839706450951105
11.539,0.0125943137885511,0.000829690198253796
11.54,0.0125958972983717,0.000820043261212766
11.541,0.0126055888470526,0.000809655539987186
11.542,0.0126154436924242,0.000798144160472691
11.543,0.0126498465093192,0.000789457357600165
11.544,0.0127216390029848,0.000777517695755625
11.545,0.0127737852829136,0.000761530029811552
11.546,0.0128333850536782,0.000745629657466551
11.547,0.0128856614770158,0.000728935602096525
11.548,0.012872208076596,0.000691278395876405
11.549,0.0128488611821403,0.000644956317980172
11.55,0.0128250676824459,0.000594283194337575
11.551,0.012795650391331,0.000539398879963904
11.552,0.0127681008656967,0.000484366637685418
11.553,0.0127358589821051,0.000427666513533487
11.554,0.0126753642401391,0.00035556329803188
11.555,0.012627728078244,0.000280560295952026
11.556,0.0125759998906297,0.000202730874614698
11.557,0.0125190494151077,0.000122416287636595
11.558,0.0124691470880833,4.33035536426263e-05
11.559,0.0124823906830383,-3.5323404842913e-05
11.56,0.0124951305420641,-0.000115094362443613
11.561,0.0125074949337736,-0.000194821667147571
11.562,0.0125269726111512,-0.000272567879613828
11.563,0.0125449982239362,-0.000348416115427019
11.564,0.0125727681570465,-0.000420241814600542
11.565,0.0126002139264943,-0.00048879197947882
11.566,0.0126338819374314,-0.000552229983073638
11.567,0.0126872294546338,-0.000612680347723216
11.568,0.0127311202350334,-0.000671324694637043
11.569,0.0127912761225458,-0.000724760687033033
11.57,0.0128456820298086,-0.000773928176248384
11.571,0.0129050617604943,-0.000817170004208445
11.572,0.0129599853503743,-0.000855761296061297
11.573,0.0129742268715857,-0.000903835175464329
11.574,0.012961670046299,-0.000955267772915158
11.575,0.0129464586564922,-0.00100507592784538
11.576,0.0129127576799134,-0.00106470065227382
11.577,0.0128880702622115,-0.00112372957428275
11.578,0.0128416665036427,-0.0011840552206081
11.579,0.0128095222536157,-0.00124072516829865
11.58,0.0127649791541427,-0.00129474378925226
11.581,0.012769959331282,-0.00134415927397175
11.582,0.0127799170477742,-0.00138860741323976
11.583,0.0127901639536036,-0.0014289650533344
11.584,0.0128064390465398,-0.00146351136680539
11.585,0.0128263367975086,-0.00149195821238562
11.586,0.0128720448713327,-0.0015165312491997
11.587,0.0129071410366538,-0.00153866314706486
11.588,0.0129489879926524,-0.00155573777143669
11.589,0.012988986348047,-0.00156754216744182
11.59,0.01301931169482,-0.00157529648800619
11.591,0.0130106069013278,-0.00159129388618434
11.592,0.0129899319323897,-0.00160925994420014
11.593,0.0129709932106896,-0.00162513165940092
11.594,0.0129548396557049,-0.00163809374383145
11.595,0.012930243603528,-0.00164956000964123
11.596,0.0128784860870935,-0.00166919432464624
11.597,0.0128365926905002,-0.00168658604564503
11.598,0.0127848069637787,-0.00170280977835624
11.599,0.0127478726367458,-0.00171482705960913
11.6,0.0127427607974424,-0.00172432638265496
11.601,0.0127597896104959,-0.00172786961106225
11.602,0.0127748431378614,-0.00172722549224691
11.603,0.0127979110940342,-0.00171961986900332
11.604,0.0128201864541311,-0.00170742613287311
11.605,0.0128461700200661,-0.00169500736188
11.606,0.0128902920818082,-0.00167714629290827
11.607,0.0129286625407265,-0.00165566879534457
11.608,0.0129642761632016,-0.00162975295068046
11.609,0.0130058287725662,-0.00159668851834488
11.61,0.0129878330631009,-0.00157818551866912
11.611,0.0129681841337712,-0.00156230907032573
11.612,0.0129411647509403,-0.00154785983669986
11.613,0.0129141264843869,-0.00153140093170856
11.614,0.01289126151941,-0.0015231659202527
11.615,0.0128536433688434,-0.00151679541916655
11.616,0.0128118563903931,-0.00150913542785513
11.617,0.0127742606158019,-0.00149824854524383
11.618,0.0127181316692231,-0.0014856624076664
11.619,0.0127373515735981,-0.00146690159747276
11.62,0.0127528697206797,-0.00144537189228144
11.621,0.0127783678827727,-0.00141870757127299
11.622,0.0128015016609642,-0.00139273689072106
11.623,0.012836065600379,-0.00136403330926582
11.624,0.0128639796463851,-0.0013323734556856
11.625,0.0129033700642824,-0.00129492019514366
11.626,0.0129399746540881,-0.00125213005409636
11.627,0.0129665080111562,-0.0012054093571523
11.628,0.0129445016436922,-0.0011701576811653
11.629,0.0129066834875216,-0.00113885842022066
11.63,0.0128794013463051,-0.00111895974536985
11.631,0.0128332481296544,-0.00110318863020065
11.632,0.012781883447941,-0.00108807082936063
11.633,0.0127384025986932,-0.00107102441887269
11.634,0.0126806322902418,-0.00105307920323378
11.635,0.012631909957005,-0.00103063456459784
11.636,0.0126294323170022,-0.00100557717725963
11.637,0.0126529920312411,-0.000974121458383714
11.638,0.0126746551008186,-0.000939769471398955
11.639,0.0127002640607035,-0.000907953427387365
11.64,0.0127478545779859,-0.000872218968558325
11.641,0.0127846967285391,-0.000834954685104694
11.642,0.0128295079395199,-0.00079306803098439
11.643,0.0128682633033707,-0.000746464791696599
11.644,0.0128377399155734,-0.000716314420267372
11.645,0.0128096005836041,-0.000688730285655526
11.646,0.0127812307985515,-0.00066219935913453
11.647,0.0127519590891926,-0.00063522554669998
11.648,0.0127052698138495,-0.000619951195839519
11.649,0.0126587212940607,-0.000605916961749386
11.65,0.0125987223375806,-0.000592527727388936
11.651,0.0125538246260942,-0.000575971490226479
11.652,0.0125630913042901,-0.000557591306115823
11.653,0.0125960749422564,-0.000534709048458815
11.654,0.0126189669487124,-0.000509366401574229
11.655,0.0126371411153217,-0.000482241060560606
11.656,0.0126783240104338,-0.000455375913712919
11.657,0.0127214298566018,-0.000426400991881515
11.658,0.0127569682861317,-0.000395331608025573
11.659,0.012801360765617,-0.00035878057132277
11.66,0.0128381368467095,-0.000318004843616604
11.661,0.0128758034344949,-0.000270590549654171
11.662,0.0128505343933104,-0.000238713978945815
11.663,0.0128139467835509,-0.000211939449316356
11.664,0.0127807962200369,-0.000185497514849808
11.665,0.0127331904442403,-0.000175182796838591
11.666,0.0126815854144321,-0.00016797995836737
11.667,0.0126376436863697,-0.000160771798761838
11.668,0.0125824404456636,-0.000154778705740211
11.669,0.0125439101240592,-0.000145161738139887
11.67,0.0124764294021547,-0.000136165530893351
11.671,0.0124899040136954,-0.000120736774826324
11.672,0.0125008062471834,-0.000102980911535266
11.673,0.0125304381678329,-7.84272039949241e-05
11.674,0.0125839311489794,-5.42656067518688e-05
11.675,0.0126183821015242,-3.23981115096239e-05
11.676,0.0126696993749445,-6.08871575719094e-06
11.677,0.0127173610497618,2.36215094575054e-05
11.678,0.0127630062027644,5.78788832990007e-05
11.679,0.0128067828692528,9.728473296855e-05
11.68,0.0127631697450712,0.000116451742990353
11.681,0.0127203978232542,0.000134691592298675
11.682,0.0126795253561938,0.000152986656460519
11.683,0.0126342750189773,0.000156934571901024
11.684,0.0125693448483849,0.000155993440056679
11.685,0.0125198649119248,0.000156012471840661
11.686,0.0124589256595647,0.000154975837332372
11.687,0.0123944360612529,0.000154965012043484
11.688,0.012409535313759,0.000160595749061521
11.689,0.0124248872915626,0.000169106641624561
11.69,0.012436077719141,0.000180928520864154
11.691,0.0124750556365859,0.000200353058141756
11.692,0.0125531471397923,0.000221883244093002
11.693,0.0126064465440504,0.000241212874777796
11.694,0.0126743894406022,0.000265102387208171
11.695,0.0127379472607779,0.000292566799873384
11.696,0.0127221352236003,0.00029997519977254
11.697,0.0126959577763209,0.000301735218512456
11.698,0.0126713315937716,0.000302770846863087
11.699,0.012648415008432,0.00030407658109749
11.7,0.012621623459798,0.000306149811257261
11.701,0.0125744379274986,0.000295944167674034
11.702,0.012532150738073,0.000284807370604712
11.703,0.0124699980515669,0.000271500754424558
11.704,0.0124257911607397,0.000260760338194888
11.705,0.012425954016874,0.000250323856588353
11.706,0.0124574110478268,0.000244748456317223
11.707,0.0124799077854556,0.000242131980681126
11.708,0.0124967390598111,0.000241195510130521
11.709,0.0125330232587396,0.000247173968625614
11.71,0.0126045107745664,0.000255573879817839
11.711,0.0126591412333466,0.000263753869084726
11.712,0.0127210324523737,0.000276412059166453
11.713,0.0127763800043292,0.000293100877531538
11.714,0.0128433962534128,0.000316808441920113
11.715,0.0128321896885702,0.00032084678913985
11.716,0.0128215434898586,0.000320773575096189
11.717,0.0128127021533088,0.000319057670064737
11.718,0.0127950853761994,0.000315239996573402
11.719,0.0127686546568986,0.000312127596670431
11.72,0.0127241271719995,0.000293608301859705
11.721,0.0126634516664267,0.000272363369195894
11.722,0.012617105834061,0.000253106813522919
11.723,0.0125484847628624,0.000232626929850765
11.724,0.0124975633695863,0.000216215194650926
11.725,0.0125166100594407,0.000202604030001274
11.726,0.0125388514739602,0.000191425618257912
11.727,0.0125613101477495,0.000183237965917404
11.728,0.0125824928227641,0.000178153697952765
11.729,0.0126151519123675,0.000176599635237917
11.73,0.0126583075036629,0.000173581927599087
11.731,0.0127129745317391,0.000173677786196647
11.732,0.0127552067410032,0.000175434631700389
11.733,0.0128121253154636,0.000183566961463877
11.734,0.0128572853089703,0.000195426060012605
11.735,0.0129106449608315,0.000214433112759149
11.736,0.0129521156311263,0.000237959201744464
11.737,0.0129299828615096,0.000245671586598384
11.738,0.0129002700854825,0.000248417526760081
11.739,0.0128719326067466,0.000250314994721668
11.74,0.012822554836259,0.00023546044315309
11.741,0.012780813833864,0.000218531989872317
11.742,0.0127265376180816,0.000199413365308432
11.743,0.012687057684891,0.000181999487275597
11.744,0.0126192318621177,0.000163100069942357
11.745,0.0125691793234806,0.000148385702130882
11.746,0.0125818238268317,0.00013739141174729
11.747,0.0125957801639957,0.000129304461561952
11.748,0.0126089444207632,0.000125092998755405
11.749,0.0126579828540685,0.000121578207195383
11.75,0.0126950484215646,0.00011794482385491
11.751,0.0127360068778289,0.00011685344514617
11.752,0.0127673357320667,0.000117908583022575
11.753,0.0128139809601629,0.000125815527512063
11.754,0.0128518059192252,0.000138004407381653
11.755,0.0128201893028254,0.00013517045029221
11.756,0.0127866963641854,0.000130776999074989
11.757,0.0127547094099247,0.000127164064856466
11.758,0.0127088666153903,0.000110019945574247
11.759,0.0126621845851342,9.10602563065077e-05
11.76,0.0126080615227404,7.1239884308294e-05
11.761,0.0125684760007486,5.40349729949985e-05
11.762,0.012576829288797,3.9493103901389e-05
11.763,0.0125956202535617,2.91362754920033e-05
11.764,0.0126145456947617,2.26334412534723e-05
11.765,0.0126368677891298,2.1857250982249e-05
11.766,0.0126539602343795,2.53150889968912e-05
11.767,0.012707206312203,3.13434670371482e-05
11.768,0.0127444272392077,3.68217415299688e-05
11.769,0.0127888412188171,4.69591671729552e-05
11.77,0.0128363534917031,6.18683830376221e-05
11.771,0.01280791641939,5.89715055107631e-05
11.772,0.0127729121884917,5.23015097367852e-05
11.773,0.0127392016875531,4.54746979442477e-05
11.774,0.0127065104179219,3.948289758271e-05
11.775,0.0126751342489538,3.53733643561616e-05
11.776,0.0126248025173674,1.82436800700847e-05
11.777,0.0125830929713905,8.73763042974485e-07
11.778,0.0125250664601126,-1.77043987360515e-05
11.779,0.0124823621758254,-3.31249298062275e-05
11.78,0.0125017274811677,-4.52364458508048e-05
11.781,0.0125317433765717,-5.38995846436352e-05
11.782,0.0125561678535739,-5.9118008255532e-05
11.783,0.0125806249500871,-6.01115537861019e-05
11.784,0.0126106722092011,-5.52420609543081e-05
11.785,0.0126773464856576,-4.70769970527529e-05
11.786,0.0127229205889063,-3.95213507737302e-05
11.787,0.0127829615215322,-2.71094784606296e-05
11.788,0.0128294422886217,-1.10483953860152e-05
11.789,0.0128906334549924,1.15703124300426e-05
11.79,0.0128688044350995,1.43641683152396e-05
11.791,0.0128479832872364,1.43863109335896e-05
11.792,0.0128290895581066,1.34304865213597e-05
11.793,0.0128128991670844,1.26487015502108e-05
11.794,0.0127561905862223,-4.85829332225185e-06
11.795,0.0127196656168998,-2.09972038060502e-05
11.796,0.0126809267400474,-3.6666687249387e-05
11.797,0.0126454395849151,-5.06636167850183e-05
11.798,0.0125961885531305,-6.42073100936558e-05
11.799,0.0125636831193448,-7.30728512573497e-05
11.8,0.01259633128166,-7.75532992514649e-05
11.801,0.0126304821981093,-7.83083277905439e-05
11.802,0.0126631392650225,-7.58448113881149e-05
11.803,0.0127246945176407,-7.22124417742998e-05
11.804,0.0127666927234502,-6.98848285499154e-05
11.805,0.0128110619794485,-6.44735493676718e-05
11.806,0.012843672643943,-5.68432028194565e-05
11.807,0.0128907575709536,-4.2145610157196e-05
11.808,0.0129243765693046,-2.33708614476025e-05
11.809,0.0129035500444659,-1.6807730632562e-05
11.81,0.0128719632380476,-1.41810280648857e-05
11.811,0.0128418408911484,-1.12504306162831e-05
11.812,0.0127931517893699,-2.40434349810248e-05
11.813,0.0127525992848259,-3.84791394192341e-05
11.814,0.0126928286461057,-5.56674598120033e-05
11.815,0.0126548926738666,-7.05123520765016e-05
11.816,0.0126047359644324,-8.40463612322151e-05
11.817,0.0126168508613929,-9.3028982349308e-05
11.818,0.0126324099877699,-9.8789818698819e-05
11.819,0.0126486502534891,-0.00010125088695534
11.82,0.0126756610127186,-9.70772918743035e-05
11.821,0.0127074692588679,-8.85558247160634e-05
11.822,0.0127391986022913,-8.21621732072786e-05
11.823,0.012789895824896,-7.22052856932942e-05
11.824,0.0128306611972505,-6.09512630642683e-05
11.825,0.0128745743267134,-4.62069181922375e-05
11.826,0.0129148970795998,-2.7102653692157e-05
11.827,0.0128862488061112,-2.41341365819214e-05
11.828,0.0128524182850676,-2.48593132065045e-05
11.829,0.012820257161723,-2.5863708145335e-05
11.83,0.0127894608775532,-2.6170437511186e-05
11.831,0.0127360183925045,-4.02837758155528e-05
11.832,0.0126959081196025,-5.44381701981789e-05
11.833,0.0126366132265262,-7.07406088920615e-05
11.834,0.0125966222962314,-8.39144459324204e-05
11.835,0.0126168619958152,-9.42425667230795e-05
11.836,0.012644331848711,-0.000100724758995308
11.837,0.0126718868166995,-0.000102970666730429
11.838,0.0126991924890772,-0.000100959200667883
11.839,0.0127613370555225,-9.6316879193814e-05
11.84,0.0128047444097888,-9.22626995547571e-05
11.841,0.0128568762053357,-8.31557775797243e-05
11.842,0.0128999990234353,-7.05656660380249e-05
11.843,0.0129488638551233,-5.18307453221123e-05
11.844,0.0129194127691426,-5.04300714179173e-05
11.845,0.0128928787467493,-4.99600840339065e-05
11.846,0.0128660862910916,-5.01597661443642e-05
11.847,0.0128392134817631,-4.95032956142061e-05
11.848,0.0127961074101684,-6.17453091112941e-05
11.849,0.0127553706863971,-7.55199104552351e-05
11.85,0.0127239192565347,-8.88031963444669e-05
11.851,0.0126732787500197,-0.000102667913542021
11.852,0.0126413582772031,-0.000112001820944618
11.853,0.0126525191783131,-0.000118979080372894
11.854,0.0126793040078688,-0.000121430622564367
11.855,0.0127022155142943,-0.000121439735840501
11.856,0.0127418007049447,-0.000115455991867131
11.857,0.0128149808886525,-0.000106755632409361
11.858,0.0128616571835308,-9.93319140349391e-05
11.859,0.0129161664202856,-8.78600122022344e-05
11.86,0.0129622636895887,-7.33612151280205e-05
11.861,0.0130112852431436,-5.38916825192359e-05
11.862,0.0130603952754763,-2.84465926088107e-05
11.863,0.0130395636675323,-2.00365993356932e-05
11.864,0.013017235558917,-1.56868517484643e-05
11.865,0.0129938925591507,-1.2505119624695e-05
11.866,0.0129672614040276,-1.01304223846244e-05
11.867,0.0129031033254389,-2.371905113141e-05
11.868,0.0128599919793076,-3.8683560698638e-05
11.869,0.0128110965002731,-5.49554057867052e-05
11.87,0.0127646852583617,-6.9670915899489e-05
11.871,0.0127114481974503,-8.27457171518886e-05
11.872,0.0127212019392367,-9.29514812891274e-05
11.873,0.0127464970106273,-9.96819574430319e-05
11.874,0.0127719010716135,-0.00010352896212168
11.875,0.0128018719043781,-0.00010142678372832
11.876,0.0128328121865937,-9.63639284375373e-05
11.877,0.0128721190288761,-9.2705256362402e-05
11.878,0.0129188136060266,-8.64688561197369e-05
11.879,0.01294855380503,-7.93888412902732e-05
11.88,0.0129918799029581,-6.7137202573786e-05
11.881,0.0130233425789604,-5.08829912628794e-05
11.882,0.0130664951133954,-2.80680768833252e-05
11.883,0.0130368139789745,-2.26495429721529e-05
11.884,0.0130073281993304,-1.97598484124595e-05
11.885,0.0129786087641666,-1.77004203655295e-05
11.886,0.0129440731256709,-2.97056313037225e-05
11.887,0.0129078295224912,-4.40012362506459e-05
11.888,0.0128710179272748,-5.84232374588045e-05
11.889,0.0128299497183476,-7.25028556669005e-05
11.89,0.0127954102214552,-8.3262177775878e-05
11.891,0.012741220839461,-9.31154706882986e-05
11.892,0.0127623391802018,-9.76075964929102e-05
11.893,0.0127866439375307,-9.95651655979479e-05
11.894,0.012815207779845,-9.50198031393068e-05
11.895,0.0128802680251455,-8.40737085108789e-05
11.896,0.0129184349213218,-6.98934609769108e-05
11.897,0.0129625341374505,-4.68230818055915e-05
11.898,0.0130014814591502,-1.76682516651039e-05
11.899,0.0130429378317609,1.78771029604174e-05
11.9,0.0130834202799452,5.92193562045096e-05
11.901,0.0131249589284719,0.00010677573318818
11.902,0.0131669218055665,0.000160810392576816
11.903,0.0132100218826272,0.000222034602528509
11.904,0.0132635622461925,0.000284402188399535
11.905,0.0132591296831159,0.000327288707306472
11.906,0.0132843833316567,0.000366787665581791
11.907,0.0133059810583285,0.000402798279406535
11.908,0.0133287233502472,0.000437099160161381
11.909,0.0133025985082433,0.000455378350490421
11.91,0.0132549032866166,0.000463376442740915
11.911,0.0132040568372525,0.000468280713439517
11.912,0.0131508993974244,0.000471485922473647
11.913,0.0130956371878504,0.000474298209188651
11.914,0.0130394076624608,0.000477759570609748
11.915,0.0130137464736869,0.00047735123017606
11.916,0.0129911565416716,0.000475143638214381
11.917,0.0129817806519536,0.000473788757180349
11.918,0.0129531742621097,0.00047272657458608
11.919,0.0129343740705413,0.00047547398034492
11.92,0.0129189506124452,0.000481653057335163
11.921,0.0128701390532968,0.000479802021065123
11.922,0.0128022426570233,0.000470066644463862
11.923,0.0127568910398412,0.00046258786474318
11.924,0.0127183109726912,0.000456573853745645
11.925,0.0126803364130553,0.000451951068143164
11.926,0.012697387678643,0.000448929777172424
11.927,0.0127321648155759,0.000448447671290375
11.928,0.0127692202589461,0.00044945128337659
11.929,0.012813810702818,0.00045376770150507
11.93,0.0128578352529976,0.000460558045180859
11.931,0.0129105973427488,0.000471618422065834
11.932,0.0129645799502329,0.000486338734029423
11.933,0.0130242329035742,0.00049501008583952
11.934,0.0130011236174929,0.000480180730449808
11.935,0.0129721661621296,0.000459362080686532
11.936,0.0129292999428713,0.000433883157237747
11.937,0.0129024473724577,0.000410303691846026
11.938,0.01286326823019,0.000392098951940423
11.939,0.0128353742059547,0.000384961014080754
11.94,0.0128486745801266,0.000386097885709646
11.941,0.0128714201437059,0.00039062774233023
11.942,0.0129156806454679,0.00040361300540831
11.943,0.0129545730166093,0.00040399103403066
11.944,0.0129903315895552,0.0004033461193092
11.945,0.0130232735359051,0.000406099074478528
11.946,0.0130560820943151,0.00041529096989168
11.947,0.0130889399586071,0.000433230028842935
11.948,0.0131191648139394,0.000459962278211268
11.949,0.0130997119588169,0.000471374891113929
11.95,0.0130572627301666,0.000472536878560248
11.951,0.0130119719171117,0.000468983223918751
11.952,0.0129556268032966,0.000459472741182687
11.953,0.0128979167490029,0.000447667973390686
11.954,0.0128304619758128,0.000431850173814197
11.955,0.012756955391253,0.000414536695409473
11.956,0.0126764596780318,0.000395981530897038
11.957,0.0125932769526365,0.000377451751483904
11.958,0.0125017830238077,0.000358258349360929
11.959,0.0124491298885562,0.000335736327779945
11.96,0.0123705423440618,0.000308776540811462
11.961,0.0123041121801297,0.000283012724390408
11.962,0.0122274092806423,0.000257651751213894
11.963,0.0121605957893614,0.000235551475552931
11.964,0.0120847020936586,0.000215421274899319
11.965,0.0120941068175311,0.000196260085167599
11.966,0.0121031231694392,0.000175960592881108
11.967,0.0121287352626739,0.000154488903936156
11.968,0.0121746279243637,0.000137527022331163
11.969,0.0122256021225102,0.000122717907451331
11.97,0.0122811915267497,0.000112555864167196
11.971,0.0123409519737785,0.00010734591740108
11.972,0.0124049711146525,0.000108748402583014
11.973,0.012473679896114,0.000117243315041815
11.974,0.0125461180268905,0.000134121589789149
11.975,0.0126213736850563,0.000143989811945688
11.976,0.0126864491532911,0.000153156280242761
11.977,0.0127544457021582,0.000167213278431444
11.978,0.0128231662362919,0.000186574984548493
11.979,0.0128935369225903,0.000211290328208991
11.98,0.012881889444586,0.000213103482952171
11.981,0.0128481488604111,0.00020933866596945
11.982,0.0127947007027426,0.000200915314283845
11.983,0.0127433848681418,0.000193591129316661
11.984,0.0126962727183577,0.000183279073524278
11.985,0.0126658542078223,0.000176393720822621
11.986,0.0126214298789913,0.000169910183441757
11.987,0.0125909451729884,0.000168431846687522
11.988,0.0125574883951413,0.000171227173890065
11.989,0.0125257414020466,0.000178035838677371
11.99,0.0124920755556197,0.000189102709338251
11.991,0.0125315362680221,0.000203471754678108
11.992,0.0125747041280947,0.000217511207050936
11.993,0.0126210383368467,0.000231030599981086
11.994,0.0126767860542632,0.000247895477317406
11.995,0.0127375485800798,0.000268971822989683
11.996,0.0127981137099137,0.000294398762028081
11.997,0.0128403986303915,0.000305272027204651
11.998,0.0128850850637431,0.000313028217774625
11.999,0.0129244362971908,0.000318913095066098
12,0.0129723143865792,0.000326177474547884
12.001,0.0130079025108577,0.000333846894744305
12.002,0.0130597655775154,0.000346333877880967
12.003,0.013100081402912,0.000362093984408118
12.004,0.0130735458021298,0.000362323665612951
12.005,0.0130195321189774,0.000360307287536499
12.006,0.0129453364971969,0.000352771768998505
12.007,0.0129024622338697,0.000350003614714767
12.008,0.0128460677425036,0.000349327170689917
12.009,0.0128016195828617,0.000355088190753861
12.01,0.0128359126977015,0.000369835407844854
12.011,0.0128659757692056,0.000388254397498511
12.012,0.0129048238239937,0.000412326313804945
12.013,0.0129555832415813,0.000446143456423298
12.014,0.0130117517484405,0.000486816380544541
12.015,0.0130706099996282,0.000536278612360441
12.016,0.0131365557321894,0.000591504805619425
12.017,0.0132030542828765,0.000636702445684312
12.018,0.0132598441605715,0.000681316158034406
12.019,0.013322899671206,0.000727975160645933
12.02,0.0132873282404189,0.00074773474783435
12.021,0.0132519689332445,0.000760497689824946
12.022,0.0132099946286142,0.000767565050529384
12.023,0.0131563170098694,0.000771926625606156
12.024,0.0130908089599003,0.000773882184265995
12.025,0.0130316643093258,0.000771910278660692
12.026,0.0129980775377803,0.000771781090312951
12.027,0.0129477587824894,0.000770508651731616
12.028,0.0129744685103344,0.000770376371375281
12.029,0.0130070439539447,0.000767658021221307
12.03,0.0130422687669237,0.000763262421802025
12.031,0.0130906343179781,0.00076098071094588
12.032,0.0131104637950553,0.000740101488675537
12.033,0.0131345086758393,0.000714642140864696
12.034,0.0131444893268495,0.000683530428527535
12.035,0.0131685075454864,0.000651747358901944
12.036,0.0131892306850125,0.000619696420753213
12.037,0.0132061910324459,0.000586621621120442
12.038,0.0132276494627493,0.000554590347769501
12.039,0.0131815518542411,0.00050371413146566
12.04,0.0131357371134534,0.000447795893891212
12.041,0.0130904803799993,0.000388765406471203
12.042,0.0130463642895185,0.000328125284260128
12.043,0.0130149610876701,0.000263391703728744
12.044,0.0129900610147699,0.00019675627211968
12.045,0.0129604841290699,0.000128243742282985
12.046,0.0129306784194861,5.92408364071817e-05
12.047,0.0128962281307345,-9.93325955944702e-06
12.048,0.0128733287839811,-7.588639898648e-05
12.049,0.0129012218127908,-0.000139260984108602
12.05,0.0129242055709082,-0.000203368479401167
12.051,0.0129529979644838,-0.000267967421907767
12.052,0.0129893778588133,-0.000330137913053086
12.053,0.0130296759864942,-0.000390319552412033
12.054,0.0130705117873044,-0.00044772233986573
12.055,0.0131159225536793,-0.00050173909897544
12.056,0.0131627340731888,-0.00056115926424033
12.057,0.0131919140265108,-0.000623840704177037
12.058,0.0132322515242514,-0.000683498108464686
12.059,0.0132678731795154,-0.00074065921046923
12.06,0.0132617333467697,-0.000809030399511579
12.061,0.0132368352832032,-0.000879946470038362
12.062,0.0132038655447687,-0.000950650286124344
12.063,0.0131697983093005,-0.00101869178271741
12.064,0.0131422413675698,-0.00108715489770772
12.065,0.0131224349526283,-0.00115268502580684
12.066,0.013088836638967,-0.0012167777488396
12.067,0.0130700719809129,-0.00127380752076356
12.068,0.0130542850638852,-0.00132480675478786
12.069,0.013072858143966,-0.00136990493126521
12.07,0.013096743392695,-0.00141096935540458
12.071,0.0131270754399807,-0.00144609785969474
12.072,0.0131603827993328,-0.0014760154822504
12.073,0.0132016871891528,-0.00149832777557729
12.074,0.0132432573428613,-0.00151393143852457
12.075,0.0132871164111154,-0.00152150889379477
12.076,0.0133238904491173,-0.00153485350104154
12.077,0.0133579186075181,-0.00154645047609103
12.078,0.0133383443155372,-0.00157126168972144
12.079,0.0133162942293555,-0.0015976824289648
12.08,0.0132902101018034,-0.00162457990009368
12.081,0.0132655714307142,-0.00164899488793768
12.082,0.0132330226374375,-0.00167195967506101
12.083,0.0131990918509465,-0.00169070996459858
12.084,0.013158873931638,-0.00170574496208309
12.085,0.0131331408874977,-0.00171790411170492
12.086,0.013101337700412,-0.00172628040461958
12.087,0.0131249959664577,-0.00173099828227641
12.088,0.0131553303672756,-0.00173217680179766
12.089,0.0131829639693591,-0.00173041182230355
12.09,0.0132053569877428,-0.00172495539913181
12.091,0.0132384224085929,-0.00171283127927485
12.092,0.013276277919261,-0.00169477446353328
12.093,0.0132791942806561,-0.00168357260457846
12.094,0.0133004884697857,-0.00166961731142801
12.095,0.0133109983701933,-0.00165378225291601
12.096,0.013263392897764,-0.00165137917651315
12.097,0.0132175207367652,-0.00164943148761121
12.098,0.0131719606967202,-0.00164692088687252
12.099,0.0131354731781281,-0.00164388577235114
12.1,0.0131102902794205,-0.00163544614745254
12.101,0.0130838707936664,-0.00162331837829588
12.102,0.013052144982571,-0.00160677097077788
12.103,0.0130287424065871,-0.00158384467559691
12.104,0.0130538504541032,-0.00155519593627562
12.105,0.0130925775637665,-0.00152304802267661
12.106,0.0131241158088064,-0.00148664274375726
12.107,0.0131349230159998,-0.00146166716022256
12.108,0.0131547627584307,-0.00143610703137748
12.109,0.0131710820846759,-0.00141026573450531
12.11,0.0131921710357875,-0.00138173958914661
12.111,0.0132011939114825,-0.00135267390113958
12.112,0.0131480207002149,-0.00133881776872319
12.113,0.0130928959284991,-0.00132544005315294
12.114,0.0130352881929725,-0.00131143422302649
12.115,0.0129893480452317,-0.00129819153580057
12.116,0.0129579993875293,-0.00128238132502251
12.117,0.0129067984155146,-0.00126566923373739
12.118,0.0128777509446553,-0.00124143925914705
12.119,0.0129093601877215,-0.00121020273316907
12.12,0.01293633170975,-0.00117758358357922
12.121,0.012962903165917,-0.00114175692954055
12.122,0.0130065196658163,-0.00109851729319316
12.123,0.013021585618796,-0.00106941964144347
12.124,0.0130536918457903,-0.00103898504242378
12.125,0.0130712180444239,-0.00100939767174046
12.126,0.013101751760776,-0.000976601331101723
12.127,0.0131185529435273,-0.000943372561097777
12.128,0.0130655449987876,-0.000927445335797916
12.129,0.0130142148639091,-0.000913017929357607
12.13,0.0129570597475683,-0.000900091515850465
12.131,0.0129012171296272,-0.000885411236975109
12.132,0.012855326224471,-0.000871221608948369
12.133,0.0128174007709792,-0.000854315077881418
12.134,0.0127811150463257,-0.000833717006972656
12.135,0.0127333100424073,-0.000809137929874859
12.136,0.0127057694301383,-0.000776643629452622
12.137,0.0127340025241906,-0.000737997521808698
12.138,0.0127718625303138,-0.000698560099749501
12.139,0.0128265776454625,-0.000653570125044522
12.14,0.0128806615088027,-0.000604569281359102
12.141,0.0129125581635321,-0.000571076706985252
12.142,0.0129506096983335,-0.000538593208684657
12.143,0.0129829441487576,-0.000507090039556568
12.144,0.0130219368167268,-0.000474069156290335
12.145,0.0130556921870922,-0.000440171976732573
12.146,0.0130816553981185,-0.000404653729555171
12.147,0.0130325967702402,-0.000389882387597296
12.148,0.0129796496414417,-0.000377754172728673
12.149,0.0129237998510187,-0.000367025947398347
12.15,0.0128661592853527,-0.0003560794631563
12.151,0.0128211324292905,-0.000348721680876518
12.152,0.0127852811323978,-0.00033947344700147
12.153,0.0127416336247501,-0.000329106776696508
12.154,0.0127149764524629,-0.000313395886012091
12.155,0.0126695559471885,-0.000294695423876279
12.156,0.0126961411764425,-0.000270667451062578
12.157,0.0127352730595264,-0.000243282513551046
12.158,0.0127765090885078,-0.000213632704529676
12.159,0.012831466156663,-0.00017778571443311
12.16,0.0128926238233662,-0.000136282431642654
12.161,0.0129418567953276,-0.000106450772230759
12.162,0.0129781475777686,-8.00722403148102e-05
12.163,0.0130188923983788,-5.32024512380769e-05
12.164,0.0130508040005565,-2.61287741397109e-05
12.165,0.0130046037928769,-1.98834658241553e-05
12.166,0.0129586452429919,-1.70946159691043e-05
12.167,0.0129088666446081,-1.64477858842771e-05
12.168,0.0128582961971851,-1.52928108104189e-05
12.169,0.0127922900742913,-1.45751789908943e-05
12.17,0.0127580574919163,-1.35644994034845e-05
12.171,0.0127169287347765,-1.21743001783581e-05
12.172,0.0126749348217868,-7.93992550324196e-06
12.173,0.0126434205229341,8.57913953433709e-07
12.174,0.0126611082547334,1.29348319647948e-05
12.175,0.0126995157989842,2.53598747078643e-05
12.176,0.0127364157630266,4.0936814699799e-05
12.177,0.0127761461381576,6.00664785430083e-05
12.178,0.0128286683954422,8.68704279161081e-05
12.179,0.0128794157523581,0.000119052263106267
12.18,0.0129437922183143,0.000160079738090069
12.181,0.012979025820103,0.000187156026612512
12.182,0.0130216316977487,0.000213706731823415
12.183,0.013057743671722,0.000239421697378395
12.184,0.0130118723565498,0.000242101682844498
12.185,0.0129627521874908,0.000238284633622798
12.186,0.0129163608584726,0.000231932614057073
12.187,0.0128601329636916,0.000222549085969748
12.188,0.0128030974798715,0.000215514858290189
12.189,0.0127355341152565,0.00020906492616618
12.19,0.0126668865586798,0.00020701940833634
12.191,0.0126074046687918,0.000203694513806085
12.192,0.0125562739533622,0.000203281107912012
12.193,0.0125906917229631,0.000207511674170158
12.194,0.0126232511693813,0.000211001158692936
12.195,0.0126462149067619,0.000214263850678631
12.196,0.0126897324096967,0.000222549833358843
12.197,0.0127417148772419,0.000234862704355521
12.198,0.0127985743909324,0.000254033047570768
12.199,0.0128567282879848,0.000279318586059396
12.2,0.0129193656564593,0.000297516076111115
12.201,0.012956258619453,0.000311128453110043
12.202,0.0130091846160201,0.000327729460902537
12.203,0.0129742208306591,0.000320310622354769
12.204,0.012939736881101,0.000308147217020271
12.205,0.0128980214329188,0.000292218723646598
12.206,0.0128569817718529,0.000276501111258709
12.207,0.0127911034387962,0.000257787624613814
12.208,0.0127226234683576,0.000243271853528404
12.209,0.012673616512674,0.000228668511036811
12.21,0.0126265988273765,0.000216262026670022
12.211,0.0125722148720081,0.000206204151510292
12.212,0.0125347977025725,0.00020226003764845
12.213,0.0125556297317162,0.000203043180788176
12.214,0.0125925501460878,0.000204389097003543
12.215,0.0126452566916538,0.000211015070055443
12.216,0.0126910841605072,0.000220493856588178
12.217,0.0127498313515118,0.000236440814913197
12.218,0.012809845212965,0.000257965318500253
12.219,0.012873130796546,0.000270057913971056
12.22,0.0129086829533273,0.000276594206972236
12.221,0.012960743260473,0.000284636161430651
12.222,0.0129968749222509,0.000291604782990063
12.223,0.013043279896896,0.000302611695515764
12.224,0.0130097373579439,0.000292105143802068
12.225,0.0129773811886135,0.000277302026154669
12.226,0.012939958197811,0.000259311564105691
12.227,0.0128977129300156,0.000241112160778656
12.228,0.0128300802953251,0.000220113878104555
12.229,0.0127618073226632,0.000203566137418565
12.23,0.0127127311596698,0.000185309534285583
12.231,0.0126666054447751,0.000168386730903525
12.232,0.0126253763666102,0.000154108390368779
12.233,0.0125718905976997,0.000142599193121706
12.234,0.0125936641945037,0.000135538034019944
12.235,0.0126196822795169,0.00013101569189633
12.236,0.0126512129331938,0.000128179754521229
12.237,0.0126999087439243,0.000131386150697188
12.238,0.0127436189340342,0.000138351362357458
12.239,0.012800443351741,0.000152564035359515
12.24,0.0128590955752114,0.000172955767900496
12.241,0.0129230680866179,0.0002014429486068
12.242,0.0129640394793324,0.0002169773314038
12.243,0.0130120719524806,0.000232000187986303
12.244,0.013045795974826,0.00024513199112447
12.245,0.0130009373161081,0.000235958581163487
12.246,0.0129612992495628,0.000222541440556834
12.247,0.0129085283349753,0.000203769206151172
12.248,0.0128547812733599,0.000185862750947285
12.249,0.0128030724532062,0.000169485216373833
12.25,0.0127438488009848,0.000153724458896776
12.251,0.0126839066168265,0.000142790585343
12.252,0.0126284124536729,0.000129544049601971
12.253,0.0125882650451598,0.000119757623235017
12.254,0.0126178201084939,0.000112638336616067
12.255,0.0126538163420966,0.000107200958159637
12.256,0.0126904773008296,0.000102640636772011
12.257,0.0127278911644058,0.000101867607496919
12.258,0.0127674557287,0.000104948321078935
12.259,0.0128199702485951,0.000115749914583685
12.26,0.0128713232559586,0.00013214713101567
12.261,0.0129342502045703,0.000156812034324438
12.262,0.0129838675462344,0.000171433215777006
12.263,0.0130328455208471,0.000185887919628647
12.264,0.0130003370997426,0.000177667680965887
12.265,0.0129673741269779,0.000165346456800608
12.266,0.0129279246036627,0.00014927038497059
12.267,0.0128937521117946,0.000133250088396764
12.268,0.0128391361316306,0.000113977151169509
12.269,0.0127832856533982,9.79455310698985e-05
12.27,0.0127165919677392,8.35750778905298e-05
12.271,0.0126936564327955,7.19792351998594e-05
12.272,0.0126601418355931,6.19074749522719e-05
12.273,0.0126881368031357,5.54552344717574e-05
12.274,0.0127199084058317,4.98770762912826e-05
12.275,0.0127477055802067,4.54576533786e-05
12.276,0.0127937001980818,4.70060582626886e-05
12.277,0.0128431310587587,5.34736442673878e-05
12.278,0.0128890402427802,6.62993183135341e-05
12.279,0.0129374758610522,8.50909365811559e-05
12.28,0.0129819094200515,9.67660553451988e-05
12.281,0.0130052402901557,0.000105487108212732
12.282,0.0130383971613975,0.000116570763551038
12.283,0.0129911157735809,0.000106596065478026
12.284,0.0129332847712467,9.17919549021651e-05
12.285,0.012877103097039,7.62340181484911e-05
12.286,0.0128224850366777,6.10288819198335e-05
12.287,0.0127726652665432,4.74612004871533e-05
12.288,0.0127191693607701,2.97981590607899e-05
12.289,0.012697131260164,1.75302384383125e-05
12.29,0.0126605143533098,7.39193342597089e-06
12.291,0.0126380606459848,3.29247457464543e-06
12.292,0.0126040316871856,3.64734819863211e-06
12.293,0.012631650645074,7.71461193094236e-06
12.294,0.0126764233365858,1.52724403444382e-05
12.295,0.012721246183311,2.49646107373658e-05
12.296,0.0127710243608796,3.93498826318783e-05
12.297,0.0128165243172156,5.80950683946035e-05
12.298,0.0128533166468199,6.55833466707278e-05
12.299,0.0128785819273301,7.03649946420803e-05
12.3,0.0129093473509661,7.60171106582996e-05
12.301,0.0129331222502887,8.17449042714857e-05
12.302,0.0129615820580017,9.02714189348064e-05
12.303,0.0129126539755162,7.95061276577247e-05
12.304,0.012865076414555,6.58360076060682e-05
12.305,0.0128178271574678,5.14098753898184e-05
12.306,0.0127725308807473,3.78745915501355e-05
12.307,0.0127265570309818,2.04991039627345e-05
12.308,0.012703782605038,6.32013996693104e-06
12.309,0.0126657756418697,-6.28780152983621e-06
12.31,0.0126490159071043,-1.2589761998083e-05
12.311,0.0126932868128821,-1.30570455482149e-05
12.312,0.0127402765806609,-1.10660346091529e-05
12.313,0.0127810589482011,-6.53103594433491e-06
12.314,0.0128334387729197,3.94199129921669e-06
12.315,0.0128897518078195,1.97290300616437e-05
12.316,0.0129293007825909,2.55283683604501e-05
12.317,0.0129586546339631,2.89431155992559e-05
12.318,0.0129985457214946,3.44186968281313e-05
12.319,0.0130300036308142,4.03957802809218e-05
12.32,0.0129832204744196,2.64699969532156e-05
12.321,0.0129365056461989,1.08922274874579e-05
12.322,0.0128856728491068,-6.01993206811313e-06
12.323,0.012838212396586,-2.162021520008e-05
12.324,0.0127754210077801,-3.80044981169725e-05
12.325,0.0127473745379434,-5.43234844049834e-05
12.326,0.0127141607139473,-6.92651400728828e-05
12.327,0.0126724512256745,-8.14693086402807e-05
12.328,0.0126582745564201,-8.63234582992867e-05
12.329,0.0126937344291641,-8.55250358502424e-05
12.33,0.0127332113324187,-8.37733876392632e-05
12.331,0.0127785726324662,-7.8019763210091e-05
12.332,0.0128254037132362,-6.81452773915736e-05
12.333,0.0128736270070976,-5.19767939302085e-05
12.334,0.0129105564130622,-4.6410666255936e-05
12.335,0.0129317151131139,-4.31511376006721e-05
12.336,0.0129604107395494,-3.89396221845417e-05
12.337,0.0129663296107608,-3.5868295461372e-05
12.338,0.0129909430203081,-2.82820679294304e-05
12.339,0.0129389900266454,-3.95642181607592e-05
12.34,0.0128885050840188,-5.22597074290587e-05
12.341,0.0128366309084843,-6.58148434195538e-05
12.342,0.0128094698262895,-8.00371161014946e-05
12.343,0.0127834083296654,-9.26269221366849e-05
12.344,0.0127648518906513,-0.000101634647544757
12.345,0.0127310517599875,-0.00010768786972859
12.346,0.0127204096234427,-0.000106064557962027
12.347,0.0127017659452086,-9.89487774374354e-05
12.348,0.012749676861165,-8.6457596814915e-05
12.349,0.0127994323590532,-7.03793623946791e-05
12.35,0.012848373952244,-5.08276087722859e-05
12.351,0.0128656106017553,-4.55724743076424e-05
12.352,0.0128855271254728,-4.17662864696799e-05
12.353,0.0129026765806453,-3.90246931558647e-05
12.354,0.0129160769754173,-3.57827854478576e-05
12.355,0.0129386485947753,-2.98873051731707e-05
12.356,0.012956386650175,-2.15080098037168e-05
12.357,0.0129016334593924,-3.13557715530544e-05
12.358,0.0128451475983835,-4.26268741303693e-05
12.359,0.0127872389769432,-5.42042023722322e-05
12.36,0.0127541594476435,-6.7623503491987e-05
12.361,0.0127243173489059,-7.98640727761035e-05
12.362,0.0127025545138891,-8.95692560771155e-05
12.363,0.0126707371289945,-9.67241214477887e-05
12.364,0.0126528813425647,-9.71230180571436e-05
12.365,0.0126195754700118,-9.37860873768681e-05
12.366,0.0126514297412873,-8.47629564199592e-05
12.367,0.0126956683453361,-7.16676185920084e-05
12.368,0.0127386973593689,-5.57110394619476e-05
12.369,0.012796200475949,-3.35883753600497e-05
12.37,0.0128226334976419,-2.6826231822874e-05
12.371,0.0128556253628551,-2.16360325498433e-05
12.372,0.0128748934618448,-1.88952283206589e-05
12.373,0.0129041541927361,-1.49952245998008e-05
12.374,0.0129173636247799,-1.09636990367479e-05
12.375,0.0129444597921838,-3.14182842059418e-06
12.376,0.0129028777089722,-1.33278395058056e-05
12.377,0.0128604695498223,-2.68763795013283e-05
12.378,0.0128191443501564,-4.13686251080625e-05
12.379,0.0127784995177401,-5.55820359728343e-05
12.38,0.0127448989623922,-7.2487806436039e-05
12.381,0.012735071673077,-8.56284067168311e-05
12.382,0.0127130551210574,-9.68519668161916e-05
12.383,0.0127067492225102,-0.000102103847154589
12.384,0.0126932657924831,-0.000102635047508848
12.385,0.0127153482796708,-0.000100325622691966
12.386,0.012760804579729,-9.3343611118013e-05
12.387,0.0128043951537,-8.35759884613707e-05
12.388,0.012849652961725,-6.87196200427342e-05
12.389,0.0128716126792496,-6.52340254003181e-05
12.39,0.0128862765641535,-6.41691055033311e-05
12.391,0.0129056571305433,-6.20234579001289e-05
12.392,0.0129170063340146,-5.98290797761969e-05
12.393,0.0129356583912651,-5.43877474743493e-05
12.394,0.0128833321133739,-6.53258672671519e-05
12.395,0.0128244517479639,-7.73071532452207e-05
12.396,0.0127651160145973,-8.35780506195372e-05
12.397,0.0127139251642781,-8.59035247522955e-05
12.398,0.0126762217755708,-7.83515663572154e-05
12.399,0.0126211138398322,-6.41957135455451e-05
12.4,0.0126505834221899,-4.38605078885157e-05
12.401,0.0126905656074751,-2.04925826554625e-05
12.402,0.0127276574178159,6.41986560234731e-06
12.403,0.0127740725534533,3.97340223836085e-05
12.404,0.0128186242026284,7.81733462530965e-05
12.405,0.0128767411595009,0.000125294674209797
12.406,0.0129333393130682,0.000179253599359053
12.407,0.0129867444772725,0.00022355734070556
12.408,0.0130168349371278,0.000263780878620057
12.409,0.0130485419747877,0.000305359671474603
12.41,0.0130812771738464,0.000349782596640369
12.411,0.0130381840521666,0.000369310648940635
12.412,0.0129731441998402,0.0003759907883229
12.413,0.0129061643654483,0.000375845625186222
12.414,0.0128366449480298,0.000370602289408217
12.415,0.0127649487721455,0.000361904805621316
12.416,0.0126912151220809,0.000351096227996117
12.417,0.0126157099558438,0.000339355560346921
12.418,0.0125399753737125,0.000327841858958899
12.419,0.0125045702350998,0.00031903351956275
12.42,0.0124540165386467,0.000312334965932359
12.421,0.0124287701707146,0.000313569328520613
12.422,0.0123852462192546,0.000319462208662635
12.423,0.0123573813309531,0.000332514974422327
12.424,0.0123260901679636,0.000351632779216071
12.425,0.0122862219257766,0.000377362828839378
12.426,0.0122286422938369,0.000398333542964591
12.427,0.012196024770647,0.000403875636995787
12.428,0.0121407218021728,0.000399137818464124
12.429,0.0121011080352912,0.000390846849649962
12.43,0.0121291376507431,0.000382541598819397
12.431,0.0121668851380368,0.000375337887702332
12.432,0.0122053240935329,0.000369595656103283
12.433,0.012245599378381,0.000366255200008048
12.434,0.0122865476286124,0.000367958089881493
12.435,0.0123272649737203,0.000377158280729428
12.436,0.0123648069313583,0.000396056006341294
12.437,0.0123982460734101,0.000424365017934136
12.438,0.012464922375385,0.000455021195538252
12.439,0.0125275829246765,0.000487913147758923
12.44,0.0125055655799835,0.000498980062997256
12.441,0.0124778231442203,0.000505432410231155
12.442,0.0124462131320987,0.000508760243759676
12.443,0.0124139475270942,0.00051084233340265
12.444,0.0123815021455117,0.000512638379237651
12.445,0.0123430317320219,0.000516425243330398
12.446,0.0123421910302995,0.000529633094317528
12.447,0.0123482211589879,0.000554741889449484
12.448,0.0123489966948887,0.000593333596025314
12.449,0.0123622867907206,0.000618982913934529
12.45,0.012333779388953,0.000634303874095354
12.451,0.0123077299032831,0.000645724551705085
12.452,0.0122750173863351,0.000654113715824522
12.453,0.0122466850086202,0.000660576134136892
12.454,0.0122062445297068,0.000664737847725527
12.455,0.0121679993352764,0.000668658885978723
12.456,0.0121072961241349,0.000661536600229218
12.457,0.0120402456693506,0.000649552233760009
12.458,0.0119699966556002,0.000634504888426035
12.459,0.0118973576281911,0.000617871615308518
12.46,0.0118211778262339,0.000600845310589793
12.461,0.0117629992858582,0.000579325294679633
12.462,0.0117100950893765,0.000558049190964638
12.463,0.0117236219197436,0.000537399936004213
12.464,0.0117422802918767,0.000515861028080267
12.465,0.011765834602138,0.000495627346959127
12.466,0.0117880069600384,0.000476043689332128
12.467,0.0118306040297953,0.00045655823699231
12.468,0.011878459949825,0.000438501216310672
12.469,0.011926600084404,0.000423581560969166
12.47,0.0119755209430221,0.000412453204601537
12.471,0.0120297883553047,0.000407186186703323
12.472,0.0120917804820087,0.00040394557319795
12.473,0.0121563291264239,0.000404826605750142
12.474,0.0122241096934761,0.000410511382589795
12.475,0.0122967910423895,0.000422503796614127
12.476,0.0123758565597733,0.000441824401995139
12.477,0.012457395949507,0.000468773816376722
12.478,0.0124965413709306,0.000484008462731889
12.479,0.0124570126551371,0.000478499330420878
12.48,0.012417576271324,0.000470006112982813
12.481,0.0123715200807429,0.000458041226102046
12.482,0.0123287345593068,0.000445608450174773
12.483,0.0122801867859006,0.000431575975155862
12.484,0.0122347822248409,0.000418762167386733
12.485,0.0121826049967339,0.000402798103167457
12.486,0.0121878618592314,0.000387394370778227
12.487,0.0122181613040371,0.000375017699471458
12.488,0.0122599660137619,0.000364210757026251
12.489,0.0122987721139657,0.000356066471903116
12.49,0.0123399466111945,0.000350412063929495
12.491,0.0123904080375721,0.000349905268036355
12.492,0.0124223942961485,0.000340693697734318
12.493,0.0124500975045042,0.000330086672050589
12.494,0.0124109819082534,0.000299840739902968
12.495,0.0123697325631378,0.00026541138317443
12.496,0.0123226602130723,0.000227555191255391
12.497,0.0123058785986751,0.000188890309682221
12.498,0.0122878286962288,0.000150277272996546
12.499,0.0122728446804565,0.000113277426098013
12.5,0.0122579135016612,7.83894798461193e-05
12.501,0.0122436170200192,4.62626203510119e-05
12.502,0.0122273201667857,1.70293214355466e-05
12.503,0.0122639011283303,-1.08416527617172e-05
12.504,0.0123107357345682,-3.58281754335721e-05
12.505,0.0123568835159496,-5.90761018959274e-05
12.506,0.0124055386095752,-7.91797215335399e-05
12.507,0.0124281390638971,-0.000109485311036828
12.508,0.0124499883602117,-0.000141297890764502
12.509,0.0124753682794309,-0.000172159173792541
12.51,0.0124963248992872,-0.00020226228164566
12.511,0.0125265916597908,-0.000229316202939867
12.512,0.0125432935112641,-0.000255291080378972
12.513,0.0125086588101185,-0.000293519071632886
12.514,0.0124706520661864,-0.000332352258598789
12.515,0.0124348665201923,-0.000373942379277903
12.516,0.0124181224065244,-0.000410993807332893
12.517,0.0123998799023099,-0.000445539588885324
12.518,0.0123839987008114,-0.000475575941504602
12.519,0.0123632430681951,-0.00050231109854515
12.52,0.0123960627252358,-0.000523204591392545
12.521,0.012428755353025,-0.000540719975600068
12.522,0.0124661127894639,-0.00055528944665012
12.523,0.0125057094970343,-0.000564973665508395
12.524,0.0125389788605968,-0.000582040642595927
12.525,0.012556048969288,-0.000600907507593229
12.526,0.0125873056428433,-0.000617204074950528
12.527,0.0126037618043261,-0.000632923982008871
12.528,0.0125684744191154,-0.000660804007783677
12.529,0.0125318790820515,-0.000689705304401822
12.53,0.0124863069377897,-0.00071969169835423
12.531,0.0124675260799175,-0.000749255236344837
12.532,0.0124470646397388,-0.000777761866842197
12.533,0.0124157564763126,-0.00080563991784105
12.534,0.0124018845062571,-0.000827264155943364
12.535,0.0123855873787032,-0.000844365042941886
12.536,0.0124180795187638,-0.000857068930255445
12.537,0.0124543086822915,-0.00086719658965273
12.538,0.0124914837395276,-0.000875564773804738
12.539,0.0125373327932588,-0.000879113583696856
12.54,0.012580692128498,-0.000878872544629039
12.541,0.012630951827152,-0.000873366592546665
12.542,0.0126596898369505,-0.000877079647189249
12.543,0.0126914738992382,-0.000881581468860082
12.544,0.0127146071198163,-0.000886416146867741
12.545,0.0127516647507738,-0.00088910345210963
12.546,0.0127239578541902,-0.00090858712281916
12.547,0.0126942855844482,-0.000931048630166798
12.548,0.0126663149585259,-0.000954892184988676
12.549,0.0126320111739562,-0.000980598239434582
12.55,0.0125940926262057,-0.00100616502703821
12.551,0.0125596976011139,-0.00103412819545889
12.552,0.0125422771888701,-0.00105788005028151
12.553,0.0125243089339417,-0.00107904861033475
12.554,0.0124991929426568,-0.00109624903375577
12.555,0.0125260935848155,-0.00111022512917358
12.556,0.0125568672702509,-0.00112018120241131
12.557,0.0125834897260312,-0.00112737346122077
12.558,0.0126267587424633,-0.00112827393868187
12.559,0.0126689183762519,-0.00112339738663941
12.56,0.0127113535060664,-0.00112364926868325
12.561,0.0127334621105976,-0.00112612082517882
12.562,0.012765756735676,-0.00112657266118654
12.563,0.0127354550180455,-0.00114237655626176
12.564,0.0127061127938078,-0.00115968384215326
12.565,0.0126778121333823,-0.00117758466583001
12.566,0.0126445158358663,-0.00119555457222154
12.567,0.0125970889064977,-0.00121327923601239
12.568,0.0125742330953315,-0.001228605246889
12.569,0.0125564194653778,-0.00123962991159815
12.57,0.0125313649984224,-0.00124774189989907
12.571,0.0125048162862065,-0.00124944337690808
12.572,0.0125437684067476,-0.00124662375018386
12.573,0.0125801066158601,-0.00124129162805164
12.574,0.012619124839662,-0.00123184936268839
12.575,0.0126500297672487,-0.00121850226527953
12.576,0.0126740340860456,-0.00121115952852413
12.577,0.0126780436726599,-0.00120543197553424
12.578,0.0126945860752274,-0.00119656831752996
12.579,0.0126990527217325,-0.00118569122533402
12.58,0.0127015819238407,-0.00117035999413212
12.581,0.0127095754969788,-0.0011500480910242
12.582,0.0126605795330403,-0.00114225738508422
12.583,0.0126623657279862,-0.00113178576329787
12.584,0.0126505561632083,-0.00112224069642086
12.585,0.0126347843149232,-0.00111054682553996
12.586,0.0126130671145741,-0.00109615956825548
12.587,0.0125988606328131,-0.00107520392029348
12.588,0.0125718963706109,-0.0010506744985907
12.589,0.0125610343121168,-0.00101751511817771
12.59,0.0126172860938534,-0.000977728656274046
12.591,0.0126303216043901,-0.000954353035880706
12.592,0.0126607880519406,-0.000932375213185788
12.593,0.0126728961042206,-0.000912743635655966
12.594,0.0127018080143618,-0.000890040424530059
12.595,0.0127104801948261,-0.000866799957552733
12.596,0.0127319348196199,-0.000838503281719027
12.597,0.012686796588026,-0.000824303784763114
12.598,0.0126414864997413,-0.000809544710552668
12.599,0.0125931811920382,-0.000799734389919093
12.6,0.0125733663295211,-0.000786087019370219
12.601,0.0125576026003584,-0.000769640493722523
12.602,0.0125332325763916,-0.000750964798898635
12.603,0.0125544776137472,-0.000729350030114762
12.604,0.0125947259888661,-0.000702153484312074
12.605,0.0126319060684306,-0.000671881274816766
12.606,0.0126876213497394,-0.000633298778976055
12.607,0.0127430708350401,-0.000588521790548358
12.608,0.0127991338515476,-0.000536934685892165
12.609,0.0128338344759443,-0.000495988359455191
12.61,0.0128534807242133,-0.00045818943956738
12.611,0.0127969859806531,-0.000440386243433621
12.612,0.0127380240472324,-0.000426406046903194
12.613,0.0126767404177353,-0.000413504640479456
12.614,0.012618202369366,-0.000399607279533865
12.615,0.0125627216000446,-0.000383841162686138
12.616,0.0125395793713742,-0.00036584911418186
12.617,0.0125101486016206,-0.000345495291438236
12.618,0.0124855521871535,-0.000320379658931003
12.619,0.0125356540047623,-0.000290913951931093
12.62,0.0125837156183714,-0.000258948880763943
12.621,0.0126250987754782,-0.000224289385652443
12.622,0.012682285592357,-0.000183431352585472
12.623,0.0127006664505299,-0.000158301227596247
12.624,0.0127285177480124,-0.000133264612730499
12.625,0.0127398637238101,-0.000109870650585597
12.626,0.012759891856347,-8.34885301114752e-05
12.627,0.0127512204012657,-5.7691688706285e-05
12.628,0.012684382569189,-4.7126847676493e-05
12.629,0.012613986679974,-3.90264943528895e-05
12.63,0.0125466399279399,-3.07655819684616e-05
12.631,0.0125196262561867,-2.16510084324884e-05
12.632,0.0124942439534751,-1.10112715244193e-05
12.633,0.0124584539979745,9.96542482589735e-07
12.634,0.0124378002120943,1.83266034230467e-05
12.635,0.0124017730857701,3.98544883929985e-05
12.636,0.0124416241530131,6.84613058688499e-05
12.637,0.0124731584513028,9.80048732326932e-05
12.638,0.012504655507754,0.000130550167627475
12.639,0.0125312924369894,0.000149929266591575
12.64,0.0125329271889531,0.000165417766891329
12.641,0.0125458898268916,0.000182471620741975
12.642,0.0125420684393354,0.000198799006587314
12.643,0.012553392881088,0.000217982272919859
12.644,0.0125079765811429,0.000222102973025495
12.645,0.0124491722907611,0.000222674275292156
12.646,0.0123924373526659,0.000223731216184464
12.647,0.012398954046198,0.000228229864068563
12.648,0.012387995752313,0.000231964983286259
12.649,0.0123748503162492,0.000238136100142727
12.65,0.0123591160704715,0.000248702855630889
12.651,0.0123390054925227,0.000262999478968962
12.652,0.0123861437806496,0.000281342600160883
12.653,0.0124402961773729,0.000304328499393935
12.654,0.0124897620107083,0.000330786081686241
12.655,0.0125273952642979,0.0003460481787535
12.656,0.0125460812538863,0.000357086592860489
12.657,0.0125658998244541,0.000368799154951582
12.658,0.012571308204005,0.000380896483132109
12.659,0.0125090978695141,0.000377161181777663
12.66,0.0124488582243446,0.000371844400946952
12.661,0.0123899379293752,0.000366278537724862
12.662,0.0123746677557527,0.000362576894474109
12.663,0.0123485221245368,0.000358387446133646
12.664,0.0123309411380149,0.000358916102212614
12.665,0.0123047345097704,0.000362528497017178
12.666,0.0123409646029749,0.000371298969150835
12.667,0.0123809387742633,0.000382429588844824
12.668,0.012425424988759,0.000395951972765318
12.669,0.0124909257324907,0.000417224212984679
12.67,0.0125157036791362,0.000424083137186893
12.671,0.0125421231037326,0.000429091090680345
12.672,0.012549102376818,0.000431130902334598
12.673,0.0125711023420189,0.000437406894470804
12.674,0.0125887211191843,0.000446682686568112
12.675,0.0125289174617769,0.000436762271374014
12.676,0.0124609805120164,0.000423563309227382
12.677,0.0123960152317066,0.000410600366158087
12.678,0.0123320781269579,0.000398628350239072
12.679,0.0123023840711922,0.00038639954208497
12.68,0.0122818126568686,0.000376296003507359
12.681,0.0122479592941024,0.00036724428321333
12.682,0.0122173857959105,0.000361813882231943
12.683,0.0121953253606874,0.000363011848279415
12.684,0.0122410421429145,0.000370265053014518
12.685,0.0122869709442842,0.000378593835483387
12.686,0.0123438393382738,0.000391606548167944
12.687,0.0123989140557605,0.000407989372613327
12.688,0.0124546048477459,0.000415020523324872
12.689,0.0124841028635358,0.000416218333843421
12.69,0.0125161012452673,0.000417589291084375
12.691,0.0125286396073119,0.000417475680806578
12.692,0.0125559652794819,0.000421259186015321
12.693,0.0125121875849074,0.000406885910386456
12.694,0.0124715233163189,0.00038992160744622
12.695,0.0124232710977414,0.000370534063097949
12.696,0.0123753118524992,0.000351779992845747
12.697,0.0123352201035665,0.000330105888891596
12.698,0.0123185258279856,0.000313114110694845
12.699,0.0122971155300124,0.000298836202201724
12.7,0.0122750879665993,0.000288340571946988
12.701,0.0122463349821169,0.000282577969909881
12.702,0.0122849504782345,0.000279758336966529
12.703,0.0123319037935853,0.00028088555354483
12.704,0.0123774076332931,0.000285022203741381
12.705,0.0124231046182543,0.000293879555219201
12.706,0.0124466961922917,0.000290900431717811
12.707,0.0124470545084438,0.000283267349514782
12.708,0.0124610409534074,0.000277193357380412
12.709,0.0124688289337325,0.000272876054186633
12.71,0.0124672560869242,0.000270486423124106
12.711,0.0124038779385374,0.0002536822283426
12.712,0.012341928516895,0.00023583065030186
12.713,0.0122817356945006,0.000218427107652797
12.714,0.0122706967303427,0.000202684713922208
12.715,0.0122522671125648,0.000187233746927085
12.716,0.0122323149647506,0.000174038423860046
12.717,0.0122120715341245,0.000164851189480397
12.718,0.0122518211076536,0.000161692797543023
12.719,0.0122941100009009,0.000159946986543424
12.72,0.0123520706417424,0.000164741688899184
12.721,0.0124097576611147,0.00017465552914242
12.722,0.0124619859482901,0.000189976723753704
12.723,0.0125082047932172,0.000197570294512839
12.724,0.0125329130626342,0.000201336690776821
12.725,0.0125623248760542,0.000206344454480811
12.726,0.0125136677490558,0.000191615075944229
12.727,0.0124547019620015,0.000173276132858224
12.728,0.0123990969810446,0.000155010888416185
12.729,0.0123442973217431,0.000137444414041676
12.73,0.0122920040616195,0.000121699244244267
12.731,0.0122637972789926,0.000106632802362949
12.732,0.012251034662796,9.59665016877498e-05
12.733,0.0122331050649894,8.83338455169858e-05
12.734,0.0122190743864685,8.63991473822323e-05
12.735,0.0122716142820163,8.93954734033642e-05
12.736,0.0123213283392849,9.32845203404642e-05
12.737,0.0123771976906661,0.000101604518309317
12.738,0.0123799990381508,9.41853495829426e-05
12.739,0.0123964784178695,8.81392257952029e-05
12.74,0.012403906357931,8.21551250194674e-05
12.741,0.0124169372420752,7.87843473715744e-05
12.742,0.0124078279261892,7.52381736987551e-05
12.743,0.0124113419352405,7.69240159917417e-05
12.744,0.0123584276659042,6.50082275501229e-05
12.745,0.0123622246363175,5.54536217707291e-05
12.746,0.0123507778684602,4.49469157435822e-05
12.747,0.0123399386206231,3.65505014194301e-05
12.748,0.0123237307694996,3.16337693334612e-05
12.749,0.0123216455315419,3.29757872383762e-05
12.75,0.0123148277929584,3.88450779999494e-05
12.751,0.012363635658008,5.02014479636381e-05
12.752,0.0123808754695064,4.76824044153279e-05
12.753,0.0123837616405842,4.07440568134243e-05
12.754,0.0123882385642171,3.37421053857034e-05
12.755,0.0123868267223612,2.62687064191414e-05
12.756,0.0123949972754443,2.40389650135731e-05
12.757,0.0123531973636309,1.06161930474302e-05
12.758,0.0123080771584835,-3.373431589071e-06
12.759,0.0122967891185872,-1.68981491874276e-05
12.76,0.0122937752144628,-2.75325134281856e-05
12.761,0.0122867232329765,-3.55858741304393e-05
12.762,0.0123281375836238,-3.96857624926361e-05
12.763,0.0123806760628605,-3.9527778938564e-05
12.764,0.0124254156264233,-3.70646289913901e-05
12.765,0.0124866707695436,-2.78986080847754e-05
12.766,0.0125462364703953,-1.28484531802808e-05
12.767,0.0125718405290663,-8.84373210940925e-06
12.768,0.0126021580285813,-3.20018640781461e-06
12.769,0.0125641918973186,-1.52714755321526e-05
12.77,0.0125310083315244,-2.94100293993238e-05
12.771,0.0124921389293104,-4.55842646756022e-05
12.772,0.0124487342231335,-6.18897669458218e-05
12.773,0.0123914391391543,-7.79845547315694e-05
12.774,0.0123748441329601,-9.06340400209094e-05
12.775,0.0123635330128493,-9.90114899378502e-05
12.776,0.0124168762980403,-0.000101470621938604
12.777,0.0124630361207812,-0.000102297892996706
12.778,0.0125059471970387,-0.00010003329922148
12.779,0.0125570303726917,-9.21275310991621e-05
12.78,0.0125801454336827,-9.43690408542475e-05
12.781,0.0126052776847398,-9.58141304681082e-05
12.782,0.0126112055994202,-9.82413757042444e-05
12.783,0.0126191891389517,-9.77724188783724e-05
12.784,0.0125692463777803,-0.000110735976366017
12.785,0.0125234340211016,-0.00012421049016742
12.786,0.0125310445008862,-0.000134698888637041
12.787,0.0125328040064132,-0.000143494031641267
12.788,0.0125276795976742,-0.00014990039050583
12.789,0.0125232829919891,-0.000152473774374773
12.79,0.0125139825678635,-0.000150119561549145
12.791,0.0125145346272596,-0.000141516682337639
12.792,0.012560900544479,-0.000129706454920331
12.793,0.0126238746086246,-0.000112378777700928
12.794,0.0126297837516256,-0.000111199262156192
12.795,0.0126505961423713,-0.00011063900775965
12.796,0.012659126950904,-0.000111507653299592
12.797,0.0126754350880925,-0.000110380186715664
12.798,0.0126659652811722,-0.000110136344513012
12.799,0.0126061038850781,-0.000121505869781935
12.8,0.0125478533854636,-0.000133310373546969
12.801,0.0125224175842656,-0.000145640137896197
12.802,0.0125112695882493,-0.000154810217658841
12.803,0.0124907015126925,-0.000162385457949887
12.804,0.0124762326499222,-0.000165264019063249
12.805,0.012516432745376,-0.000162467934469612
12.806,0.0125668303341179,-0.000155020073168755
12.807,0.0126150442078985,-0.000143697467400394
12.808,0.0126773647680031,-0.000124986516273962
12.809,0.0126974363519285,-0.000118997998252102
12.81,0.0127272769039652,-0.000112153643058055
12.811,0.012741570481756,-0.00010621580002812
12.812,0.0126879268266505,-0.000117157655157796
12.813,0.0126324026580908,-0.000129988305274997
12.814,0.0125764102075795,-0.000142646758456211
12.815,0.0125242128912851,-0.000153639255355553
12.816,0.0124714603127578,-0.000163194096972075
12.817,0.0124483780395596,-0.000171275285560879
12.818,0.0124284128908471,-0.000177088622975607
12.819,0.0124043384071184,-0.000180371828128856
12.82,0.0124451243745111,-0.000179854565188597
12.821,0.012489651765054,-0.000175714426710272
12.822,0.012527878981289,-0.000168654334868457
12.823,0.0125824095316782,-0.00015552129380747
12.824,0.0126336052915405,-0.000137657823837289
12.825,0.0126699677270358,-0.000127606091349486
12.826,0.0126855384760039,-0.000120938007655058
12.827,0.0126964174735358,-0.000113752765342146
12.828,0.0127008979494303,-0.000105533075066166
12.829,0.0126385850672372,-0.000114158276236731
12.83,0.0125818577073981,-0.000124075073059005
12.831,0.0125272473179388,-0.000134418639478273
12.832,0.012516139028274,-0.000143068343616937
12.833,0.0124948172968453,-0.000152268762819097
12.834,0.0124838537093421,-0.000157209302594552
12.835,0.0124670700010652,-0.000159064692319411
12.836,0.0124583888134262,-0.000154157886599449
12.837,0.0125208763556838,-0.000143090475715035
12.838,0.0125750662861078,-0.000129571661784622
12.839,0.0126290752954546,-0.000112318667586153
12.84,0.0126497907152459,-0.000107806862458482
12.841,0.0126661284755199,-0.000105352684690752
12.842,0.0126852145050119,-0.000102467465919687
12.843,0.0126911056322678,-0.000100010980658705
12.844,0.0127102536691133,-9.43328937749177e-05
12.845,0.0126657709101246,-0.0001042277775119
12.846,0.0126234031915019,-0.000115446013679688
12.847,0.0125839205750805,-0.000126571136341458
12.848,0.0125637975981212,-0.000139773204102078
12.849,0.0125641529753237,-0.000147976259256388
12.85,0.012562939879775,-0.00015269084773889
12.851,0.0125599805303384,-0.000153296037035233
12.852,0.0125464905749287,-0.000149875070963978
12.853,0.0125781921350783,-0.000144934359266768
12.854,0.0126261252540395,-0.000134388784829187
12.855,0.0126751657256797,-0.000119587375688013
12.856,0.0126877227784126,-0.000117000063226291
12.857,0.0126924909519307,-0.000116839547311565
12.858,0.0126910666130125,-0.000117150177436798
12.859,0.0127007629563448,-0.000114290855150356
12.86,0.0127026469674686,-0.000109103830897628
12.861,0.0126462534620151,-0.000118494013055137
12.862,0.012590032864787,-0.000129128422162783
12.863,0.0125331748797179,-0.000139877091788088
12.864,0.0125060698366332,-0.000151716661231538
12.865,0.012495768290587,-0.000159805205910801
12.866,0.0124812510812537,-0.00016534547286795
12.867,0.0124693605891059,-0.000166367085523478
12.868,0.0125097274375244,-0.000161896003568696
12.869,0.0125443309611376,-0.00015601476792948
12.87,0.012605737524131,-0.000142815448590794
12.871,0.0126649861012518,-0.000124170349901753
12.872,0.0127321002011521,-9.67147418719505e-05
12.873,0.0127557450230884,-7.90769112476997e-05
12.874,0.0127655370294652,-5.69661990574843e-05
12.875,0.012782288864343,-2.50170681566075e-05
12.876,0.0127358730240308,-4.72936977102822e-06
12.877,0.0126793692727168,1.59349657868901e-05
12.878,0.0126232417168703,3.92236105208332e-05
12.879,0.0126242803254424,6.20057702369059e-05
12.88,0.0126100311664884,8.34036365847668e-05
12.881,0.0126084605646405,0.000109919577913842
12.882,0.0126033074051976,0.00014128733059221
12.883,0.0126031904278166,0.000179844628835135
12.884,0.0126019306385102,0.000225951602602525
12.885,0.0126595500456336,0.000277975164663935
12.886,0.0127344402392674,0.00033632615300011
12.887,0.0128048704374977,0.000400988854347806
12.888,0.0128917414599205,0.000475774697454356
12.889,0.0129732157121682,0.000559638227893344
12.89,0.0129979146716015,0.000622216859796465
12.891,0.0130196980923292,0.000679248806798149
12.892,0.0130362676061269,0.000732508649910479
12.893,0.0130550016917822,0.000784364599782872
12.894,0.0130742132964837,0.000836196685084334
12.895,0.0130928573391769,0.000888556704092824
12.896,0.0130412266540479,0.00091909872703988
12.897,0.0129875002505035,0.000946841784833841
12.898,0.0129325190614926,0.000973431281428128
12.899,0.0128804432566076,0.00100089788459307
12.9,0.0127903021886568,0.0010248793785852
12.901,0.0126994946723772,0.00105269598065905
12.902,0.0126260459404527,0.00107700328261157
12.903,0.0125634279737586,0.00110187833242981
12.904,0.0125055426866744,0.00112831841345357
12.905,0.0124501613429746,0.00115759533265369
12.906,0.0124575054419142,0.00118771173182508
12.907,0.0124670904184495,0.00121799105282833
12.908,0.0124887950846769,0.00125141011497354
12.909,0.0125774240694396,0.00128763145215655
12.91,0.012650000544792,0.00132355920653993
12.911,0.0127210273177746,0.00136115157526995
12.912,0.0127917477529556,0.00140118931121108
12.913,0.0128637329498444,0.00144434991192643
12.914,0.0129379225954168,0.00149109762180555
12.915,0.0130146717539598,0.00154168738711885
12.916,0.013094068386324,0.00159625070299835
12.917,0.0130908838141096,0.00162887055378563
12.918,0.0130210014416628,0.00163656317901451
12.919,0.0129651429374621,0.00163950322066647
12.92,0.0128905128587852,0.00163688515425542
12.921,0.0128254479659217,0.00163426640080327
12.922,0.0128083253656605,0.00163253539576452
12.923,0.0128277455747428,0.00163735981512325
12.924,0.0129108336024873,0.00164448303072379
12.925,0.0129776907780064,0.00165165099193476
12.926,0.0130547276046673,0.00166486454132725
12.927,0.0131266145154543,0.00168378720175361
12.928,0.0131198387509995,0.00168501807210925
12.929,0.0131030264312421,0.00168487722982152
12.93,0.0130841454722653,0.00168772386457167
12.931,0.0130604849873303,0.00169498244963984
12.932,0.0130359683235931,0.00170812970379242
12.933,0.0129494696993399,0.00170078682632274
12.934,0.0128688792311822,0.00169031280946663
12.935,0.0127839707367599,0.00167687903888514
12.936,0.0127929095400856,0.00166617194168728
12.937,0.0127987895669696,0.00165368245822228
12.938,0.0128152026438767,0.00164475159356003
12.939,0.0128289155649973,0.00163947590895192
12.94,0.0128484187648958,0.00164017839856784
12.941,0.0128658340805929,0.00164651621334838
12.942,0.012895067163702,0.00166093251047567
12.943,0.0128906761733075,0.00166392509171465
12.944,0.0128657930830824,0.00164447717117716
12.945,0.0128330623615487,0.00161054860801096
12.946,0.0127984818483881,0.00156687516193549
12.947,0.0127595229704069,0.00151588093247079
12.948,0.0127194537818072,0.00146029324527897
12.949,0.0126763190688409,0.00140141670744015
12.95,0.0126324376124069,0.0013411392826469
12.951,0.0125856361523367,0.00128048291987842
12.952,0.0125385385664127,0.00122106857529225
12.953,0.0124872951830074,0.00116338210259748
12.954,0.0124704103541342,0.00110648963660448
12.955,0.0124739490816922,0.00104489877904784
12.956,0.0125067715266964,0.000984999019235488
12.957,0.012536198806146,0.000926024516143875
12.958,0.0125707498208081,0.000870902073257684
12.959,0.0126018785445251,0.000819575595965516
12.96,0.012641007325596,0.0007741796493409
12.961,0.0126770340901695,0.000733569397088463
12.962,0.012707051848937,0.000687516613271932
12.963,0.0127185060988347,0.00064003118417516
12.964,0.0127379191140373,0.000597823550913756
12.965,0.0126963312579721,0.00054521005521968
12.966,0.0126527975199277,0.000494738665794803
12.967,0.012604438702127,0.000445078280055244
12.968,0.012551372540208,0.000395231455172229
12.969,0.0124942665258624,0.000345282694136806
12.97,0.0124352874524548,0.000295787977035
12.971,0.012364060720831,0.000245333924981439
12.972,0.0122900606384421,0.000197919448094108
12.973,0.0122627282184156,0.000157718328173906
12.974,0.0122193257142526,0.000120548033945678
12.975,0.0121961559437034,9.1562441464299e-05
12.976,0.0121604315390734,6.8957477797893e-05
12.977,0.0121369275129659,5.37171640323519e-05
12.978,0.012090495111409,3.49254544974031e-05
12.979,0.012029488305957,1.56523693582433e-05
12.98,0.0119583799895555,-1.3425144560486e-06
12.981,0.0118875344634125,-1.30049319732595e-05
12.982,0.0118594586984457,-2.06882147730791e-05
12.983,0.0118202538461455,-2.68273108199879e-05
12.984,0.0118529613792858,-3.20706950135419e-05
12.985,0.0119001931308444,-3.81768124454451e-05
12.986,0.0119497323292406,-4.48732906536131e-05
12.987,0.0120123839649845,-4.83043036603181e-05
12.988,0.0120751098356593,-4.97109139808161e-05
12.989,0.012146327092722,-4.7218517421288e-05
12.99,0.0122252852570808,-4.00312884948351e-05
12.991,0.0122708865835622,-4.48906770924573e-05
12.992,0.0122888039729971,-5.65924374026361e-05
12.993,0.0123186498388154,-6.87712823427833e-05
12.994,0.0123383633125597,-8.30855914193962e-05
12.995,0.0123595939666177,-9.75994974538041e-05
12.996,0.0123309927277439,-0.000125978356828649
12.997,0.0123089197502527,-0.000161886502131614
12.998,0.0122950112201258,-0.000199049138340901
12.999,0.0122775457915635,-0.00023679156981754
13,0.0122886073982654,-0.000278630352498754
13.001,0.0123243862924666,-0.000320616168931087
13.002,0.0123609255801145,-0.00036330952563568
13.003,0.012402699578167,-0.000404233838718959
13.004,0.0124473303660766,-0.000442516577708607
13.005,0.0124949322458197,-0.000477362184596153
13.006,0.0125451153603063,-0.000508403389038459
13.007,0.0125974241562443,-0.000535519178613331
13.008,0.0126132846223976,-0.000574274316723022
13.009,0.012639997763406,-0.000615681743824203
13.01,0.0126562968085967,-0.000661060794406809
13.011,0.0126751812963981,-0.000707683550389637
13.012,0.0126494055762745,-0.00076934918701127
13.013,0.0126269225890353,-0.000834909113952176
13.014,0.0125960274123519,-0.000904400705807051
13.015,0.0125669397157474,-0.000974699301396098
13.016,0.0125315287801237,-0.00104595272059305
13.017,0.0125174276716745,-0.00111956572938249
13.018,0.0125138908883379,-0.00119242211491194
13.019,0.0125083749451304,-0.00126413625755245
13.02,0.0125087624555801,-0.00133224203189347
13.021,0.0125438033376753,-0.00139494943095314
13.022,0.0125833380372655,-0.0014512482601412
13.023,0.0126247207643422,-0.00149908884914768
13.024,0.0126668160604296,-0.00153684350434841
13.025,0.0127034901627886,-0.00156436208806343
13.026,0.0127038719377059,-0.0016021553176348
13.027,0.0127085080137604,-0.00163880224930557
13.028,0.0127052868143837,-0.00167626356809836
13.029,0.0127032559953743,-0.00170973213037884
13.03,0.0126858608457814,-0.0017435090270207
13.031,0.0126739389689125,-0.00177150143429639
13.032,0.0126487295606233,-0.00179741260147614
13.033,0.0126256332335879,-0.00181676672150993
13.034,0.0126034312203676,-0.00183748389567867
13.035,0.0125803966306079,-0.00186059997005128
13.036,0.0125902756054385,-0.00187896655058895
13.037,0.0126020159538068,-0.00189607358668437
13.038,0.0126203136305057,-0.00190947122882412
13.039,0.0126426193522997,-0.00191915039306984
13.04,0.0126694041130242,-0.00192491922448157
13.041,0.0127008165315282,-0.00192694259359555
13.042,0.0127324089421694,-0.0019294288720999
13.043,0.0127778405561147,-0.00192735656486559
13.044,0.0128172464315065,-0.00192275687480831
13.045,0.0128665083754437,-0.00191313688913824
13.046,0.0129157250307019,-0.00190224802966116
13.047,0.0129656452203286,-0.00188898735486853
13.048,0.0130170571271478,-0.00187225488282011
13.049,0.013070737867389,-0.00185154199007248
13.05,0.0130905666549361,-0.00184072548653003
13.051,0.0131073120879215,-0.00183219824117659
13.052,0.0131234913074771,-0.00182429367076237
13.053,0.0130928074715738,-0.00182815404679465
13.054,0.0130647430435928,-0.00183236149248067
13.055,0.013024591479137,-0.00183770078007189
13.056,0.0129888989040413,-0.00184084850328764
13.057,0.0129521434707624,-0.00184421217454878
13.058,0.0129404192093329,-0.00184122096687228
13.059,0.0129670624121791,-0.00183435263697529
13.06,0.0130011503164526,-0.00182364070119317
13.061,0.0130306171698399,-0.0018097667547034
13.062,0.0130750692290378,-0.00178852158456
13.063,0.013122097915966,-0.00176080731461886
13.064,0.0131473373565971,-0.00173990452949252
13.065,0.013164991716954,-0.00171997687640874
13.066,0.0131171003285525,-0.00171751087172406
13.067,0.0130721976229768,-0.00171536523666355
13.068,0.0130207365268606,-0.00171364988046618
13.069,0.012974058594554,-0.00170944230602738
13.07,0.0129197652172836,-0.00170316334814641
13.071,0.0128913439226914,-0.00169452649178137
13.072,0.0128711310352836,-0.00167981186989297
13.073,0.0128485993174796,-0.00166063852907833
13.074,0.0128857882672758,-0.00163633358234855
13.075,0.0129264411452744,-0.00160970645486519
13.076,0.0129708244851166,-0.00157811037620992
13.077,0.013007411352693,-0.00154293817010009
13.078,0.0130414048661931,-0.0015132841919942
13.079,0.0130528491714793,-0.00148690930259576
13.08,0.0130645640210767,-0.00145857341262651
13.081,0.0130785828827526,-0.00142746677661126
13.082,0.0130934165973638,-0.00139273681877755
13.083,0.0130500366420872,-0.00137188456151527
13.084,0.0130093345272,-0.00135131639916902
13.085,0.0129767302397888,-0.00133301948698056
13.086,0.0129694782492963,-0.00131023047034812
13.087,0.0129529471539541,-0.00128490618579202
13.088,0.0129467144987003,-0.00125411388674512
13.089,0.0129298656174415,-0.00121893951355234
13.09,0.0129710901557408,-0.00117786229098799
13.091,0.0130189505786253,-0.00113274440189515
13.092,0.0130633755448707,-0.0010841331491252
13.093,0.0131232235259836,-0.00102825513453242
13.094,0.013134240773366,-0.000987849326607448
13.095,0.0131564230101586,-0.000948511737335955
13.096,0.0131655197301942,-0.000911011252867799
13.097,0.0131838505404532,-0.000871318301599755
13.098,0.0131386190481909,-0.00084891625889788
13.099,0.0130911660977662,-0.000829735768572593
13.1,0.0130450506699373,-0.000810775235482564
13.101,0.0129844505089275,-0.000792652018475004
13.102,0.0129243274748523,-0.000772173583017399
13.103,0.0128756661567679,-0.000753028731020677
13.104,0.0128585484665371,-0.000729129399924144
13.105,0.0128330496867874,-0.000702487316781464
13.106,0.0128573982631254,-0.000673729855772298
13.107,0.0129083095217463,-0.000640701188296622
13.108,0.0129472643670872,-0.000606487060921646
13.109,0.012998187222586,-0.000567291372519318
13.11,0.0130421762665954,-0.000523389847157996
13.111,0.0130827616167585,-0.000474397748172317
13.112,0.013132182474947,-0.000432096547193006
13.113,0.0131508964403416,-0.000395846448920878
13.114,0.0131704365288305,-0.000360300349168008
13.115,0.0131975911788463,-0.000321728262625831
13.116,0.013147719796755,-0.000305991522059013
13.117,0.0131021882807894,-0.00029501477727506
13.118,0.0130510569755438,-0.000287397604054329
13.119,0.0130013946723425,-0.000279687513473237
13.12,0.0129279726334427,-0.000273531259508908
13.121,0.0129117975834079,-0.000265826932415669
13.122,0.0128839456462738,-0.000257781490615838
13.123,0.0128774071860466,-0.000244242916974557
13.124,0.0128569551962018,-0.000227631657669591
13.125,0.012857667772334,-0.000203262960928541
13.126,0.0128492416703214,-0.000173364052132308
13.127,0.0128813195839401,-0.000143396652300509
13.128,0.0129414257537567,-0.000108787018981482
13.129,0.0129929720907469,-7.22884466425322e-05
13.13,0.0130423690422355,-3.24504276166815e-05
13.131,0.0131063450436438,1.4671518468623e-05
13.132,0.0131141772282969,4.26068595536511e-05
13.133,0.0131348249644409,6.80860590447363e-05
13.134,0.0131440922926323,9.05788724607226e-05
13.135,0.0131650097495479,0.000114772680798791
13.136,0.0131791040185966,0.000139271615980818
13.137,0.0131984701818477,0.000167087444477521
13.138,0.0131524243836583,0.000175286845706779
13.139,0.0131034338509582,0.000178274477969864
13.14,0.0130569560954703,0.0001795724169254
13.141,0.0129993704244078,0.000178874727961242
13.142,0.0129430372097285,0.000180383410633311
13.143,0.0129022767672226,0.000178136940107765
13.144,0.0128844538452484,0.000179657666711575
13.145,0.0128623182291603,0.000183603696219614
13.146,0.0128423395291598,0.000191529202058227
13.147,0.0128235121615787,0.000204521402877411
13.148,0.0128661998040578,0.000220355644646952
13.149,0.0129237927253377,0.000237858666548463
13.15,0.0129719144276792,0.000256137986744509
13.151,0.0130406236224977,0.000280788063280302
13.152,0.0131085066354618,0.000310616486806803
13.153,0.0131719649757942,0.000346515682720872
13.154,0.0132169861274993,0.000369967890837042
13.155,0.0132379340867483,0.000386921363439985
13.156,0.0132678723827306,0.000403531720705785
13.157,0.0132930827727461,0.000419214533362411
13.158,0.0133180806446253,0.000436456491890391
13.159,0.0132697201106751,0.000432970270852873
13.16,0.0132177637418827,0.00042433303343653
13.161,0.0131678897068087,0.000414155326705579
13.162,0.0131139807613127,0.000403204409242464
13.163,0.0130621130109451,0.000393600696545371
13.164,0.0129836724896611,0.000382427541178454
13.165,0.0129646502241935,0.000373209099873595
13.166,0.0129350857047976,0.000364334686586365
13.167,0.0129138802820368,0.000359977311326198
13.168,0.0128911224982852,0.000359282654146587
13.169,0.0129377720278903,0.000364136634831591
13.17,0.0129776379780664,0.00036883045184799
13.171,0.0130335389014799,0.00037863834548596
13.172,0.0130861390030386,0.000392544865859379
13.173,0.0131333854116916,0.000411338886478319
13.174,0.0131961334946341,0.000438675046805281
13.175,0.0132118071621755,0.000451066410653234
13.176,0.0132354791654906,0.000462366070167697
13.177,0.0132496863843574,0.000472296336125944
13.178,0.0131935969826386,0.000461302395344865
13.179,0.0131364173651855,0.000446442661380664
13.18,0.0130782876089761,0.000429784253282217
13.181,0.0130200546239508,0.000413009463755998
13.182,0.012952863196404,0.000395562101124569
13.183,0.0128893593905601,0.000382276128434778
13.184,0.0128529061739194,0.00036862963005585
13.185,0.0128233188826598,0.000357729890246017
13.186,0.0127933831847279,0.00034978282796605
13.187,0.0128435251693311,0.00034545964179028
13.188,0.0128987350473748,0.000343232149555117
13.189,0.0129486578433895,0.000342826170301735
13.19,0.0129967730873231,0.000345777119302892
13.191,0.0130489309324488,0.000354140872167619
13.192,0.0130967863010701,0.000366796309673567
13.193,0.0131608459595847,0.000387555004613516
13.194,0.0131823553598274,0.000395370129635697
13.195,0.0132134245689484,0.00040322144486532
13.196,0.0132405654729314,0.000410657797437985
13.197,0.013187199146122,0.000395276017765789
13.198,0.013135374838999,0.000377434612692684
13.199,0.0130788429228649,0.000358091027792495
13.2,0.0130241321226765,0.00033953891951477
13.201,0.0129689947277783,0.000322442888399943
13.202,0.0129295878316291,0.000303840826606783
13.203,0.0129220008677724,0.000289540843194991
13.204,0.012901116716968,0.000277538496024521
13.205,0.0128976202904974,0.000272197454394885
13.206,0.0129541061385134,0.000272203570709673
13.207,0.0130039439612906,0.000273282866280533
13.208,0.0130477941168406,0.000276663210422801
13.209,0.0131103950328689,0.000287089129337392
13.21,0.0131750601528914,0.000303695140782545
13.211,0.0132116457855142,0.000307795502857033
13.212,0.013231023275278,0.000307255206669077
13.213,0.0132573475019289,0.000307340405461098
13.214,0.013280782026335,0.000308225930347017
13.215,0.0132360809272255,0.000290006047404034
13.216,0.0131913582949817,0.000268437054282755
13.217,0.0131365940561901,0.000244350504114588
13.218,0.0130867931121417,0.000221626359428573
13.219,0.0130164303985753,0.000197599533259374
13.22,0.0129490647967389,0.000177968995347444
13.221,0.0129061795514946,0.000157623925395756
13.222,0.0128873402041878,0.000141265298575666
13.223,0.0128565056653154,0.000127542047335005
13.224,0.0128380012093928,0.000119916146575638
13.225,0.012887644391285,0.000115975164734161
13.226,0.0129393088369235,0.00011301406539288
13.227,0.0130000235012807,0.000115247973056176
13.228,0.0130519467500363,0.000121056984389578
13.229,0.0131171046898541,0.000133955457833013
13.23,0.0131826317504268,0.000153107814845288
13.231,0.0132219788603339,0.000161049516101075
13.232,0.0132444017738893,0.00016491674605601
13.233,0.013273457556149,0.000169518844759076
13.234,0.0132891949603916,0.000173405352027589
13.235,0.013235314396939,0.00015710460914159
13.236,0.0131833327037316,0.000137702471023682
13.237,0.0131237425567189,0.000116057547594639
13.238,0.0130676868853596,9.55604172435121e-05
13.239,0.0130022741612489,7.55625576204788e-05
13.24,0.0129695218087192,5.45411786786465e-05
13.241,0.0129443903323629,3.652285801653e-05
13.242,0.0129079768095821,1.99083852738258e-05
13.243,0.0129012563725168,1.04251145859879e-05
13.244,0.0129538635890804,5.96186571577562e-06
13.245,0.0130078821457075,2.41740950851499e-06
13.246,0.0130623995126724,2.67799649456002e-06
13.247,0.0131136558144826,6.91982374212419e-06
13.248,0.0131723647482959,1.78650595662466e-05
13.249,0.013227621400895,3.4115418997227e-05
13.25,0.0132708110747841,4.18911533156541e-05
13.251,0.0132924739999138,4.48528866305309e-05
13.252,0.0133214079826733,4.88821585372667e-05
13.253,0.0133471954274488,5.39166141287351e-05
13.254,0.0133063790341434,4.01283072612446e-05
13.255,0.0132705320084399,2.30405105354214e-05
13.256,0.0132281158486361,2.92860982537002e-06
13.257,0.0131803050436443,-1.78448705981937e-05
13.258,0.0131165341669171,-3.87842352723156e-05
13.259,0.0130518962470521,-5.6431946781621e-05
13.26,0.0130009123154373,-7.6176053141197e-05
13.261,0.0129835823244233,-8.99333613312847e-05
13.262,0.012954532993133,-0.00010074345507799
13.263,0.0129414077495809,-0.00010477411764559
13.264,0.0129937172620706,-0.000103857224026171
13.265,0.0130353982895939,-0.000103286278824888
13.266,0.0130927780256958,-9.81967835235742e-05
13.267,0.0131488377141269,-8.90770905173643e-05
13.268,0.0132136652586255,-7.2467739495985e-05
13.269,0.0132762710841374,-4.95885774907112e-05
13.27,0.0133144602276616,-3.82553960155407e-05
13.271,0.0133319782185689,-3.19460856639808e-05
13.272,0.0133567783830309,-2.49780534183341e-05
13.273,0.0133774233583866,-1.7695167584264e-05
13.274,0.0134050832366885,-7.17209109002415e-06
13.275,0.0133601401445084,-1.78673991451661e-05
13.276,0.0133151331503214,-3.27221890519258e-05
13.277,0.013255256078688,-5.13488290681541e-05
13.278,0.0132001269545958,-6.85838179714238e-05
13.279,0.0131298777696663,-8.5827901104063e-05
13.28,0.0131083880172461,-0.000103413692213949
13.281,0.0130831063283128,-0.000120101605955381
13.282,0.0130695365472083,-0.000132897970323176
13.283,0.0130427645941173,-0.000142753883880464
13.284,0.0130387369465418,-0.000145100554532651
13.285,0.0130962717356336,-0.000142583177538791
13.286,0.0131515971421323,-0.000138560300721458
13.287,0.0131999648585879,-0.000132307729223846
13.288,0.0132605627213362,-0.000120335999762744
13.289,0.0133229188909447,-0.000102948336585251
13.29,0.0133877137674736,-7.80255038216326e-05
13.291,0.0134034087425801,-6.87510048386075e-05
13.292,0.0134267920058963,-5.9558707093843e-05
13.293,0.0134431932193235,-5.13380400948282e-05
13.294,0.0134692610902399,-4.10441965802977e-05
13.295,0.0134190731832037,-5.18377579914464e-05
13.296,0.0133736487098643,-6.43719439281654e-05
13.297,0.0133217806497125,-7.86020895016115e-05
13.298,0.013273032347378,-9.19033815585113e-05
13.299,0.0132214956629776,-0.000104183899884147
13.3,0.0131624181581415,-0.000115526685780076
13.301,0.0131492293175578,-0.000125507871611474
13.302,0.0131369018045257,-0.000133054708996883
13.303,0.0131158057717395,-0.000137808288947383
13.304,0.0131458687136353,-0.000140093004630359
13.305,0.0131879861867254,-0.000138321152978793
13.306,0.0132229032427971,-0.000134224967819341
13.307,0.0132692307105747,-0.000124370401778207
13.308,0.0133111090824855,-0.000109192739914332
13.309,0.0133532931093537,-8.75490988784255e-05
13.31,0.0133806195585044,-7.33604796405718e-05
13.311,0.0133886231746809,-6.27200288020324e-05
13.312,0.0134009544880058,-5.07271744798476e-05
13.313,0.0133582922418192,-5.69724934866289e-05
13.314,0.0133044780945126,-6.79708950203084e-05
13.315,0.013251518724916,-7.99259490598669e-05
13.316,0.0131984659725366,-9.15368617503964e-05
13.317,0.0131390137440288,-0.000102512289861023
13.318,0.0131197633307528,-0.00011319990447789
13.319,0.0131028973498033,-0.000120885870831755
13.32,0.0130894410680283,-0.000124894767321249
13.321,0.0130650162076193,-0.000125321603546613
13.322,0.0130969895608262,-0.000123214304330321
13.323,0.0131443929831097,-0.000117614331534455
13.324,0.0131875614957026,-0.000109782817720561
13.325,0.0132393810375877,-9.64329787377927e-05
13.326,0.0132922413788308,-7.8191157170171e-05
13.327,0.0133502821369666,-5.2622428604876e-05
13.328,0.0133555020575942,-4.21268411175957e-05
13.329,0.0133749775525686,-3.16741435462675e-05
13.33,0.0133889027555232,-2.20699626804488e-05
13.331,0.0134068084610572,-1.08255987074646e-05
13.332,0.013369501774332,-1.66833554239854e-05
13.333,0.0133254591621237,-2.71173949630277e-05
13.334,0.0132847602075059,-3.8455165355944e-05
13.335,0.013234053220748,-5.09794816060949e-05
13.336,0.013187403727016,-6.13766594223519e-05
13.337,0.0131483041911589,-7.44589535809914e-05
13.338,0.0131345680788743,-8.29715990460222e-05
13.339,0.0131137363576158,-8.8403660484071e-05
13.34,0.0131119317837007,-8.75266214634407e-05
13.341,0.0131654203893287,-8.23731651878878e-05
13.342,0.0132265436465929,-7.41914272081035e-05
13.343,0.0132837107775646,-6.26881301327153e-05
13.344,0.0133340928525215,-4.68041666890073e-05
13.345,0.0133991700989623,-2.33774680102883e-05
13.346,0.0134200943776805,-1.42504368173535e-05
13.347,0.0134414841102405,-6.8662432530231e-06
13.348,0.0134522412563995,-1.53965294663605e-06
13.349,0.0134729001068577,6.128362564084e-06
13.35,0.0134786088813164,1.44525315204924e-05
13.351,0.0134089083616819,2.10690696544891e-06
13.352,0.0133437044983781,-1.17934353684457e-05
13.353,0.0132785584535132,-2.63291492255124e-05
13.354,0.0132146526027899,-4.01537266886964e-05
13.355,0.0131505266066067,-5.25423066012332e-05
13.356,0.0131179234173955,-6.62004054972631e-05
13.357,0.0131064138461964,-7.56717666132722e-05
13.358,0.013085339706315,-8.32176412442487e-05
13.359,0.0130760893792463,-8.51437412556222e-05
13.36,0.0130549382250704,-8.40774948171474e-05
13.361,0.013096304098721,-7.9163202774013e-05
13.362,0.0131509998673964,-7.01651022557703e-05
13.363,0.0131997031808627,-5.82331284141313e-05
13.364,0.0132612711020151,-3.99155180152433e-05
13.365,0.0133226446431801,-1.61511150399973e-05
13.366,0.0133580841111652,-4.09537511120162e-06
13.367,0.0133745408635131,3.10626901700584e-06
13.368,0.0133970366412956,1.11487255075593e-05
13.369,0.0134130866505275,1.93294954518586e-05
13.37,0.0134345100329882,3.05369317497584e-05
13.371,0.0133889878470894,2.22639586326401e-05
13.372,0.0133464403029395,1.04361179604218e-05
13.373,0.0132950892807189,-4.48418967791131e-06
13.374,0.0132434248994739,-2.01580682819835e-05
13.375,0.0131757857219038,-3.49923229404081e-05
13.376,0.0131596091647301,-4.89451355192849e-05
13.377,0.0131371422184628,-6.1843842494691e-05
13.378,0.0131262463182665,-7.02686906335903e-05
13.379,0.0131043155271873,-7.5336070021581e-05
13.38,0.0131068242670005,-7.29030854366708e-05
13.381,0.0131591943280389,-6.63590406064785e-05
13.382,0.0132255949435322,-5.61684107482363e-05
13.383,0.0132872484300107,-4.29398191300057e-05
13.384,0.0133473762745471,-2.46464789726564e-05
13.385,0.0134088656051903,3.34061944468056e-06
13.386,0.0134668816553747,4.29206105460045e-05
13.387,0.0134921929726917,7.68723890802181e-05
13.388,0.0134984322524924,0.000111503060549467
13.389,0.0135047170175669,0.000148656566558381
13.39,0.0135087263829623,0.000188026966538302
13.391,0.013512066417471,0.000230690657139043
13.392,0.0135149673854634,0.000277573719201674
13.393,0.0135526588008008,0.000329125399787022
13.394,0.0135814636657466,0.000372694908458315
13.395,0.0136342497250764,0.000420421912514457
13.396,0.0136739843354305,0.000470448056276829
13.397,0.0137310637090685,0.000528402219068025
13.398,0.0137793737994916,0.000591853354653338
13.399,0.0137651393385261,0.000638286704177871
13.4,0.0137502625986792,0.000679998195583731
13.401,0.0137320022177811,0.000718745623776496
13.402,0.0137124407840867,0.000755902775188777
13.403,0.0136911883884779,0.000792382355680188
13.404,0.0136686602674955,0.000829122873567956
13.405,0.0136046475968782,0.000854196885218372
13.406,0.0135414117832891,0.000882023836182688
13.407,0.0134832266828927,0.000914745275325701
13.408,0.0134652779456742,0.000952502826268353
13.409,0.0135253479701075,0.000996078770553077
13.41,0.0135692116457849,0.00104142770053289
13.411,0.0136320352726948,0.00109396459389688
13.412,0.0137003741901004,0.00115337133457094
13.413,0.0136928029957389,0.00119405811922846
13.414,0.013686830687872,0.00123111964640515
13.415,0.013672554314371,0.00126499308247641
13.416,0.0135938663729318,0.00127811260962407
13.417,0.0135236939048674,0.00128898164575952
13.418,0.0134357165257297,0.00129540569933068
13.419,0.0134197916180778,0.00130182852880029
13.42,0.0134269765716618,0.00131219040152775
13.421,0.0134294415714729,0.00132445074520715
13.422,0.0134466998781251,0.00134274464481943
13.423,0.0134617305597977,0.00136536987068298
13.424,0.013528763950867,0.00139181823371742
13.425,0.0135898508215218,0.00142111762136288
13.426,0.0136629681935808,0.00145671079372517
13.427,0.0137263643844853,0.00149657897346639
13.428,0.0137460853004387,0.00152139760824388
13.429,0.0137402907495983,0.00153870569219683
13.43,0.0136546736986138,0.00153012730333862
13.431,0.0135790251097565,0.00151664797755879
13.432,0.0134960898340371,0.00149919944417509
13.433,0.0134107925353236,0.00148058310386828
13.434,0.013399183191201,0.00146477720913984
13.435,0.0133944777762591,0.00145093168653698
13.436,0.0133884662937269,0.00144033592768555
13.437,0.0133913323790751,0.00143593216685861
13.438,0.0133918646067882,0.0014372052756717
13.439,0.0134444102062573,0.00144423812348571
13.44,0.0134919664396046,0.00145552794423764
13.441,0.0135613062777941,0.00147618295345175
13.442,0.0135468264510819,0.00147457273853024
13.443,0.0135299388714826,0.0014680971902023
13.444,0.0135071608169522,0.00145799964975607
13.445,0.0134809401661075,0.00144568969278713
13.446,0.0134453728037417,0.00142160968348798
13.447,0.0133834583492403,0.00139099481500865
13.448,0.0133294181600573,0.00136061422094669
13.449,0.0132700844811877,0.00133024959737738
13.45,0.0132147746740033,0.00130220371849754
13.451,0.0131568846229358,0.00127651042436305
13.452,0.0131001018593948,0.00124481849787483
13.453,0.0130433438217567,0.00120970408103133
13.454,0.0130383115738888,0.00117579213038682
13.455,0.01302227438982,0.00114085688899201
13.456,0.0130252527570889,0.00111121812500553
13.457,0.0130238388738938,0.00108604231847292
13.458,0.0130307027319799,0.00106787697505045
13.459,0.0130042133474944,0.00104046227372656
13.46,0.0129756352337388,0.00101122995763703
13.461,0.0129510655300507,0.000975930150539761
13.462,0.0128996985775581,0.000936522474873691
13.463,0.01285595252046,0.0008993765229654
13.464,0.0128058111642516,0.000864108595441893
13.465,0.0127617857552371,0.000832648647674739
13.466,0.0127854740340922,0.00080323572440294
13.467,0.0127995407438162,0.000776772738276643
13.468,0.0128230068386282,0.000761103971843313
13.469,0.012847092493668,0.000751539688404745
13.47,0.0128979109436815,0.000754297562477413
13.471,0.0129417076121318,0.000766508183706049
13.472,0.0129541625948165,0.000764158741576038
13.473,0.0129729506911857,0.000758552549459945
13.474,0.0129671936024606,0.000747022427159516
13.475,0.0129635571129218,0.000734897940360801
13.476,0.0129523519892685,0.000721767062892009
13.477,0.0129381298451036,0.000708880528704936
13.478,0.0129202363955403,0.000696730993847539
13.479,0.0128773309405887,0.00067427408896259
13.48,0.0128139312537855,0.000646081034797741
13.481,0.0127544403704536,0.000616812903098007
13.482,0.0126870456389796,0.000586218587375953
13.483,0.0126242344548144,0.000556554341193116
13.484,0.0125531200890977,0.000526900890426951
13.485,0.012520949405441,0.000491138778577926
13.486,0.0125032804174732,0.000452318478016356
13.487,0.0125158969973097,0.000405147278080054
13.488,0.012561021625059,0.000357432284201487
13.489,0.0126107005273831,0.000308779915116353
13.49,0.0126621101346778,0.000259822951113542
13.491,0.0127156103703869,0.000211490505157785
13.492,0.0127714544811382,0.000164601414353704
13.493,0.0128310379141182,0.000119966574281982
13.494,0.0128880535487359,7.74226438942649e-05
13.495,0.0129499367432512,3.85853518859447e-05
13.496,0.0130047187762052,-5.0233447006498e-06
13.497,0.0130559685649758,-5.01707111238425e-05
13.498,0.0131082676469044,-9.49704673210428e-05
13.499,0.0131639260130516,-0.000137798408270884
13.5,0.0132231663607725,-0.00017758221246722
13.501,0.0132813667732774,-0.000213855943742236
13.502,0.0133388736193646,-0.0002474556693432
13.503,0.0133541262715334,-0.000294411068367639
13.504,0.0133742636263266,-0.000344643566496106
13.505,0.0133772373724716,-0.000399324799157497
13.506,0.0133841799668929,-0.000453772373444739
13.507,0.0133553116307932,-0.000520468377687433
13.508,0.0133222797005077,-0.000589300896457479
13.509,0.0132788350227891,-0.000658335912483488
13.51,0.0132861661602783,-0.000725139291209154
13.511,0.0132973189125557,-0.000790449193423359
13.512,0.0133122771818079,-0.000852396211009299
13.513,0.0133310749198711,-0.000909693952149959
13.514,0.0133555769670936,-0.000961045028864627
13.515,0.0133782185960882,-0.00100636404730181
13.516,0.0134153375067382,-0.0010493250032973
13.517,0.0134667723061221,-0.00108651699683321
13.518,0.0135184667405257,-0.00111879840503482
13.519,0.0135726005785628,-0.00114420230181661
13.52,0.013586109100033,-0.00118022925037004
13.521,0.0136014432110724,-0.00121662711668225
13.522,0.0136234205944477,-0.0012514079783138
13.523,0.0136238310256389,-0.00128693083232251
13.524,0.0136266738045525,-0.00131859543514234
13.525,0.0135980284531043,-0.00135914135954535
13.526,0.0135742262433154,-0.0013973033407898
13.527,0.0135290711591254,-0.00143601500098461
13.528,0.0134914785921082,-0.00147000259182084
13.529,0.0134402229204538,-0.00150157485054431
13.53,0.013443192058352,-0.0015306636127087
13.531,0.0134508980731561,-0.00155691216156606
13.532,0.0134607032594086,-0.00158098174067528
13.533,0.0134684192511704,-0.00160202751981808
13.534,0.0134843462883128,-0.00161871637221633
13.535,0.0135013544271857,-0.00163779063701763
13.536,0.0135422479204608,-0.00165369002743954
13.537,0.0135810487050641,-0.00166687435253632
13.538,0.0136275093758295,-0.00167547407463103
13.539,0.0136692383882247,-0.00167954020595901
13.54,0.013708761912374,-0.00168029388885332
13.541,0.0137530400089466,-0.00167481645142009
13.542,0.0138023137223541,-0.00166348478952943
13.543,0.0138533027094007,-0.00164570816121523
13.544,0.0139067400526338,-0.0016219181434502
13.545,0.0139609102867722,-0.00159123975860065
13.546,0.014015060523854,-0.00155995494961969
13.547,0.0140177826153738,-0.00154646959871024
13.548,0.0140331356966895,-0.00153650687429913
13.549,0.0140280628819913,-0.00153228552835
13.55,0.0140319805621837,-0.00152679692950752
13.551,0.014024538243941,-0.00152180958452536
13.552,0.0140232518076787,-0.00151369724011158
13.553,0.0139808696208925,-0.00151648314283775
13.554,0.0139376256405364,-0.00151959341701952
13.555,0.0139520875225174,-0.00151900894162965
13.556,0.0139537986317538,-0.00151850337231751
13.557,0.0139501089730045,-0.0015161750859452
13.558,0.0139504484481332,-0.00150810706104576
13.559,0.0139455137532577,-0.00149537596099425
13.56,0.0139932043126637,-0.00147628970371821
13.561,0.0140347873728613,-0.00145492651289297
13.562,0.0140860117882118,-0.00142830929909826
13.563,0.0140823476968113,-0.00141602605976499
13.564,0.0140907461186295,-0.00140320633017321
13.565,0.0140911303642324,-0.00139096572684833
13.566,0.0140825353764271,-0.00137881765543968
13.567,0.0140839325553202,-0.00136174802949174
13.568,0.0140450141726967,-0.00135619246294227
13.569,0.013986931516554,-0.00135311991008163
13.57,0.0139315394129437,-0.00134816335777027
13.571,0.0138791332021066,-0.0013406144674033
13.572,0.0138678510957661,-0.00132943938063801
13.573,0.0138551928330204,-0.00131500045331312
13.574,0.0138401253672585,-0.00129715691365656
13.575,0.0138816498353828,-0.00127321617603776
13.576,0.013921927508098,-0.0012475536287801
13.577,0.0139691632040149,-0.00121728640907848
13.578,0.0140113410274636,-0.00118287271455236
13.579,0.0140688298610236,-0.00113998297493373
13.58,0.0140808850369687,-0.00110980052538784
13.581,0.0140991807717092,-0.00108049168467078
13.582,0.0141092243513231,-0.00105055328094644
13.583,0.0140528860797588,-0.00103826433130333
13.584,0.0139978240301038,-0.00102673924616942
13.585,0.0139416135330661,-0.00101504717101336
13.586,0.0138872662455662,-0.00100179471635148
13.587,0.0138355324989156,-0.000986099976121368
13.588,0.0138296618773172,-0.000967412718720251
13.589,0.0138222918465224,-0.0009467759445691
13.59,0.0138201241012437,-0.000920750645324653
13.591,0.0138690072137504,-0.000890354013532713
13.592,0.0139165824779525,-0.000858721415919861
13.593,0.0139746581829456,-0.000821578098381459
13.594,0.0140289106642331,-0.000780034681981734
13.595,0.0140941086010479,-0.000731354170377785
13.596,0.0141152754595104,-0.000697265785361334
13.597,0.0141402064059192,-0.000661285712588777
13.598,0.0141513503962429,-0.000625536936423421
13.599,0.0140885710821773,-0.000609864216072731
13.6,0.0140302782338049,-0.000595986957014294
13.601,0.0139731597576124,-0.000582491538066388
13.602,0.0139145791709097,-0.000568837852000847
13.603,0.0138776028852704,-0.000556322293822908
13.604,0.0138657674855729,-0.000538072557398184
13.605,0.0138425253974616,-0.000517819503788597
13.606,0.0138365454753761,-0.000489826311687036
13.607,0.0139052241122587,-0.000455755579544193
13.608,0.0139610704057184,-0.000420342758067849
13.609,0.0140124339551455,-0.00038236519662449
13.61,0.0140816899468966,-0.000336873344507327
13.611,0.0140998234250054,-0.000308233583370565
13.612,0.0141171021740134,-0.000282820750765522
13.613,0.0141269257245852,-0.000259992520654118
13.614,0.0141466666653136,-0.000233797642157141
13.615,0.0141486606744381,-0.000207061660374319
13.616,0.0140889694017164,-0.000198579262504106
13.617,0.0140134493683605,-0.000193811097642937
13.618,0.0139406947066398,-0.000188597862474438
13.619,0.0138698905066876,-0.000182101087957687
13.62,0.013854651609686,-0.000173390480878943
13.621,0.0138424755290859,-0.000162536618062203
13.622,0.0138189356330372,-0.000150384756213318
13.623,0.0138142663024269,-0.000131608540575645
13.624,0.0138850473688992,-0.000105311202877045
13.625,0.0139429323149698,-7.78979603142105e-05
13.626,0.0140029990517075,-4.65645633720424e-05
13.627,0.0140578554446192,-1.12579738820173e-05
13.628,0.014096322263195,1.35899792710892e-05
13.629,0.0141057919550126,3.21294275625328e-05
13.63,0.0141266335179474,5.2123188998443e-05
13.631,0.0141184591412975,6.92653145858979e-05
13.632,0.0140450488511553,6.87588274019268e-05
13.633,0.013976586416175,6.5954670186219e-05
13.634,0.0139097697449594,6.27696454077453e-05
13.635,0.0138449489429443,6.04841612365514e-05
13.636,0.0138225888505451,5.88060877508845e-05
13.637,0.0138173196531533,6.09168355574785e-05
13.638,0.0138047233497803,6.49240570401166e-05
13.639,0.0138011564057462,7.4560792149625e-05
13.64,0.013786185085009,8.71652781893606e-05
13.641,0.0138271013952127,0.000102988451446295
13.642,0.0138842659414458,0.000123387326433078
13.643,0.0139362159262592,0.000146427716767927
13.644,0.0140095044233211,0.000176508916588602
13.645,0.0140791770181506,0.000212007379686074
13.646,0.0141067472931886,0.000230935415707845
13.647,0.0141214681647191,0.00024577996160835
13.648,0.0141401685796271,0.000261237611441978
13.649,0.0141498674048066,0.000276413495269356
13.65,0.0141604564007782,0.000293685696489521
13.651,0.0140977369345674,0.000290460331030251
13.652,0.0140408794864126,0.000284531232873475
13.653,0.0139798563929034,0.000277108124596748
13.654,0.0139234073913219,0.000270789861373633
13.655,0.0139179554571049,0.000265342356930043
13.656,0.0139234648272399,0.000262596375556756
13.657,0.0139198437270426,0.000261612965183455
13.658,0.013906897827909,0.00026268427892101
13.659,0.0139095249096634,0.000271309299489986
13.66,0.0139175666524888,0.000286677036060168
13.661,0.0139730768513675,0.000305215717376073
13.662,0.0140312185071588,0.00032679358036225
13.663,0.0140904667791213,0.000351799919937279
13.664,0.0141429795880103,0.000380249159323276
13.665,0.014186193649915,0.000397828308883963
13.666,0.0141990505276762,0.000407395728223681
13.667,0.0142200252815739,0.00041640290026862
13.668,0.0142160365470146,0.000421835148607441
13.669,0.0142224649587025,0.000430095713835454
13.67,0.0142252098535996,0.000441200782211881
13.671,0.0141654624813045,0.000432846541729037
13.672,0.0141056985027418,0.000420432776791491
13.673,0.0140386709995235,0.000405921946832422
13.674,0.0139751851024688,0.000392112480389339
13.675,0.0139127614411572,0.000379635465835193
13.676,0.0138938578459067,0.000366491200216978
13.677,0.0138758004841695,0.000353349847708018
13.678,0.0138643386372429,0.000344047876592979
13.679,0.0138395615277804,0.00033620284891922
13.68,0.0138359324433596,0.000336277008002706
13.681,0.0138955940298093,0.000340890557328666
13.682,0.0139521002059659,0.000347142834972669
13.683,0.0140154369574516,0.000357142038545089
13.684,0.0140715849585637,0.000370925962585256
13.685,0.0141448395447561,0.000392842238927549
13.686,0.0141612156864558,0.000396968015982824
13.687,0.0141779860070768,0.00039823318775023
13.688,0.0141941081833878,0.000398213846408757
13.689,0.014211804156834,0.000397839950870227
13.69,0.0142123024033896,0.000399387851528099
13.691,0.0141659808694289,0.000384903519985214
13.692,0.0141131973440849,0.000366329440736946
13.693,0.0140572626866699,0.000346678712994763
13.694,0.0140072306274117,0.000328434858203164
13.695,0.0139930400392321,0.000309624417529242
13.696,0.0139982604577057,0.00029443029864995
13.697,0.0139946209254587,0.000281041329471543
13.698,0.0139925974088916,0.000271320312193069
13.699,0.0139868340547059,0.000266848359075589
13.7,0.0140239695838942,0.000263627390374388
13.701,0.0140828526538243,0.00026579405345184
13.702,0.0141346162989325,0.000271103842470144
13.703,0.0141989356086363,0.000282596888884212
13.704,0.0142543799648524,0.000298808150298147
13.705,0.0142793198807074,0.000302957181498975
13.706,0.0142889634807109,0.000303131253325706
13.707,0.0143006464398264,0.000303637765553144
13.708,0.0143085331099023,0.000304750182483715
13.709,0.014308865396088,0.000306003286946799
13.71,0.0142439991459163,0.000289135916052119
13.711,0.0141844867370926,0.000269952474236557
13.712,0.0141273811371919,0.000250276619776113
13.713,0.0140660872045049,0.000229955028845596
13.714,0.0140263309140809,0.000206357500166843
13.715,0.0140164802441069,0.000187783503547645
13.716,0.013993779273444,0.000170306844465562
13.717,0.0139908093255925,0.000159924307229331
13.718,0.0139878171292142,0.000154943112647021
13.719,0.0140345555091715,0.000154112043259713
13.72,0.014098824396478,0.000158367820047134
13.721,0.0141562078200673,0.000166313966145026
13.722,0.014228369023721,0.000181338023804045
13.723,0.0142942077302183,0.000201686024016601
13.724,0.0143321274834216,0.000209501333255757
13.725,0.0143459115950352,0.000210788514293236
13.726,0.0143669715201461,0.00021226979364386
13.727,0.0143651954714572,0.000210791476835448
13.728,0.0143720777903592,0.000213573158752201
13.729,0.0143195987879734,0.000197839386965271
13.73,0.0142707592703921,0.000179135901117344
13.731,0.0142177260596787,0.000158432058576907
13.732,0.0141634175642851,0.000137132688726616
13.733,0.0140905045183501,0.000115452920290526
13.734,0.014069504047044,9.48475949718031e-05
13.735,0.0140587029167386,7.69945318513376e-05
13.736,0.014043252884712,6.11380902939551e-05
13.737,0.0140360804614228,5.09919528763891e-05
13.738,0.0140194964531968,4.42060168049374e-05
13.739,0.0140537195640267,3.97404931584133e-05
13.74,0.0141071028062569,4.00283711946003e-05
13.741,0.0141541050999118,4.33243258309846e-05
13.742,0.0142196193561338,5.35720451887989e-05
13.743,0.0142808666161096,6.93064944761734e-05
13.744,0.014308444437515,7.2699054208536e-05
13.745,0.0143149639999419,7.11982060923599e-05
13.746,0.0143251235451364,7.04178524358334e-05
13.747,0.0143184924816321,6.8476371154369e-05
13.748,0.0143206415975238,7.04878669224307e-05
13.749,0.014269025105212,5.58977162694596e-05
13.75,0.0142203452385951,3.89398800315077e-05
13.751,0.0141715320584001,2.08861957410877e-05
13.752,0.0141287806910431,3.75668622054626e-06
13.753,0.0141103131534803,-1.49162834485739e-05
13.754,0.0141142908809331,-2.94718128643345e-05
13.755,0.0141135489821939,-4.16549666522603e-05
13.756,0.0141170119551779,-4.90507450623401e-05
13.757,0.0141176211454555,-5.07245826692482e-05
13.758,0.0141780261991068,-4.63288990015243e-05
13.759,0.0142336176352801,-4.03224376659406e-05
13.76,0.014296465263208,-2.86924627663221e-05
13.761,0.0143528998906679,-1.27819285352659e-05
13.762,0.0143623026035352,-1.08000679603926e-05
13.763,0.0143634429780716,-1.18820386729168e-05
13.764,0.0143736322619,-1.25134175107955e-05
13.765,0.0143755464931552,-1.25272228099771e-05
13.766,0.0143788011638484,-1.06924654725837e-05
13.767,0.0143239627033417,-2.56278412621991e-05
13.768,0.014271830998538,-4.23226579719937e-05
13.769,0.0142162214790284,-5.96144792994746e-05
13.77,0.0141591422874596,-7.63193655500261e-05
13.771,0.0141345051932838,-9.49054336175648e-05
13.772,0.0141320694334814,-0.000108855234096039
13.773,0.0141289312839716,-0.000119639089878387
13.774,0.0141231835009408,-0.000125646187286721
13.775,0.0141152044789111,-0.000127298171549717
13.776,0.0141604261974567,-0.000125474639211032
13.777,0.0142179627396969,-0.000119085557403087
13.778,0.0142679201103861,-0.000109501359755515
13.779,0.0143366893667203,-9.3059664104389e-05
13.78,0.0143986490999857,-7.12991759513892e-05
13.781,0.0144171637979625,-6.35393169782783e-05
13.782,0.0144290661505798,-5.90736174567175e-05
13.783,0.0144430925192353,-5.46458843977415e-05
13.784,0.0144338978833215,-5.25104641189156e-05
13.785,0.0144322340992667,-4.63628769679647e-05
13.786,0.014374017539081,-5.72834489353524e-05
13.787,0.0143217891675382,-7.01659745212524e-05
13.788,0.0142661248413706,-8.44368282158503e-05
13.789,0.0142173970629087,-9.75006865223116e-05
13.79,0.0142009798815329,-0.000111502688128318
13.791,0.0142056657078457,-0.000121110075955166
13.792,0.0142027450683821,-0.000128588329273982
13.793,0.0142014942630442,-0.000132196260905493
13.794,0.0141941771113536,-0.000130816501946296
13.795,0.0142343630035664,-0.000126717249237351
13.796,0.0142898324633659,-0.00011711525491781
13.797,0.0143449282486046,-0.000103507443702577
13.798,0.0143997381142504,-8.45487789805088e-05
13.799,0.0144497926483897,-6.05654665696842e-05
13.8,0.0144734625510726,-4.80078047036536e-05
13.801,0.0144782515349398,-4.03610742092941e-05
13.802,0.0144821220770577,-3.28919262673755e-05
13.803,0.0144754374955156,-2.60225659543534e-05
13.804,0.0144038863502922,-3.75113968468788e-05
13.805,0.0143410751798246,-5.06336193316081e-05
13.806,0.0142819754935083,-6.4009039721924e-05
13.807,0.0142247012852201,-7.66971603683997e-05
13.808,0.014167851498262,-8.82087740005089e-05
13.809,0.0141641807001994,-9.72071931150675e-05
13.81,0.0141520935792182,-0.000106148276967588
13.811,0.0141462343834614,-0.000111584523857844
13.812,0.0141303361465249,-0.000113070153172412
13.813,0.0141728196039615,-0.000111279172504197
13.814,0.0142133819236897,-0.000107243288826553
13.815,0.0142634425156213,-9.8177661412735e-05
13.816,0.0143065880323424,-8.49798707711624e-05
13.817,0.0143695758424421,-6.33236112832503e-05
13.818,0.0144267069460283,-3.55072452735139e-05
13.819,0.0144522573696776,-1.89001943692868e-05
13.82,0.0144586333661961,-7.41312426005836e-06
13.821,0.0144595508227089,3.05175113007872e-06
13.822,0.0144678119573067,1.57640527640446e-05
13.823,0.0144282834417728,1.05488995874037e-05
13.824,0.0143690656707095,-8.94236345139188e-07
13.825,0.0143128116866854,-1.34387033390304e-05
13.826,0.0142581486317878,-2.61063911166648e-05
13.827,0.0142022620143291,-3.81036538583679e-05
13.828,0.0141376186431765,-4.94636536736426e-05
13.829,0.0141263943351045,-5.93997385830436e-05
13.83,0.0141212731665773,-6.73333324459624e-05
13.831,0.0141110632053923,-7.32351172061385e-05
13.832,0.0141032789286495,-7.39107401308559e-05
13.833,0.0141552210411825,-7.10831528200617e-05
13.834,0.0142049889644342,-6.61736505090937e-05
13.835,0.0142618211756462,-5.712933656149e-05
13.836,0.0143118429940431,-4.39268771940116e-05
13.837,0.0143765785567414,-2.23502573866163e-05
13.838,0.0144366806850529,5.31819551130575e-06
13.839,0.0144475232551989,1.85497246976141e-05
13.84,0.0144556963414747,2.93586874612894e-05
13.841,0.0144666887140978,3.95764643925101e-05
13.842,0.0144610130483138,4.82016323654633e-05
13.843,0.0143900334645532,3.79450208461973e-05
13.844,0.0143273474996869,2.48605011741176e-05
13.845,0.0142671396892926,1.06420888706937e-05
13.846,0.0142104596488122,-3.21144929454897e-06
13.847,0.0141516851321712,-1.65766665489731e-05
13.848,0.0141354590063408,-2.95430198372082e-05
13.849,0.0141291500763342,-4.00799833805143e-05
13.85,0.0141195903848374,-4.86737979094043e-05
13.851,0.0141198850203292,-5.08937606802373e-05
13.852,0.0141806329507077,-4.79797803278892e-05
13.853,0.0142326769007764,-4.48626828057908e-05
13.854,0.0142978625312215,-3.62957826776644e-05
13.855,0.0143616541072889,-2.24411433866756e-05
13.856,0.0144263372914483,-1.4457932692169e-06
13.857,0.0144307391132737,3.55315673106205e-06
13.858,0.0144417621797012,9.05237368969969e-06
13.859,0.0144463706102228,1.39673725222389e-05
13.86,0.0144567235183929,2.08483363581258e-05
13.861,0.0144098821564377,1.05887920070491e-05
13.862,0.0143514404571994,-3.2425003855252e-06
13.863,0.0142981063010234,-1.68791449504102e-05
13.864,0.0142460786807716,-2.98262921103465e-05
13.865,0.0141930175310507,-4.1425601981393e-05
13.866,0.0141754022545762,-5.30572350368463e-05
13.867,0.0141769334100917,-5.93608259465972e-05
13.868,0.0141740695911116,-6.21281608017554e-05
13.869,0.014170881856989,-6.00066525948129e-05
13.87,0.0142181910001159,-5.5146185150956e-05
13.871,0.0142735713645158,-4.58614328920914e-05
13.872,0.0143230390507845,-3.32454264271309e-05
13.873,0.0143863070862764,-1.39875260368183e-05
13.874,0.0144425988381092,1.02640540581289e-05
13.875,0.0144598405041512,2.24154923662012e-05
13.876,0.0144661955314332,3.08103064299847e-05
13.877,0.0144749920867019,3.87154379764554e-05
13.878,0.0144693522208707,4.51632788509571e-05
13.879,0.0144717508657803,5.51885297919719e-05
13.88,0.014418457348432,4.65160804720144e-05
13.881,0.0143680306216975,3.46091218070832e-05
13.882,0.0143118889377322,2.01989011409109e-05
13.883,0.0142620058126633,6.19403836799037e-06
13.884,0.0142366386868926,-1.07089261425775e-05
13.885,0.0142367726342137,-2.28886930133676e-05
13.886,0.0142309575725057,-3.28803497318675e-05
13.887,0.0142284531143188,-3.86522084069307e-05
13.888,0.0142228824526494,-3.72181321929843e-05
13.889,0.0142226589843218,-2.48088419716463e-05
13.89,0.0142750496295839,-1.01892614268184e-06
13.891,0.0143224848508492,3.1503706532543e-05
13.892,0.0143636382898765,7.12111033243645e-05
13.893,0.0144036995297791,0.00011803762150725
13.894,0.0144383964228895,0.000171237879247443
13.895,0.0144873075717382,0.000233365073620428
13.896,0.014533020668907,0.000302476022724429
13.897,0.0145736680943418,0.000369961810631869
13.898,0.0145714555387093,0.000418886465913926
13.899,0.0145738772218963,0.000459283044009717
13.9,0.0145588187478224,0.000493021309688146
13.901,0.014548348237687,0.000525732581596716
13.902,0.0145339835483633,0.00055829889733594
13.903,0.0145037667444917,0.000577596904986655
13.904,0.0144391523270202,0.000586080266994971
13.905,0.0143751942423119,0.000591925403759408
13.906,0.0143107653527952,0.000597064717587248
13.907,0.0142462613653808,0.000603048875498113
13.908,0.0141815628793675,0.000611016522983732
13.909,0.0141163702637221,0.00062186239332962
13.91,0.014050647356024,0.0006363080081494
13.911,0.0140499384827004,0.000661735418722775
13.912,0.0140368520173067,0.000694654831637609
13.913,0.0140441704939775,0.00073812966639486
13.914,0.0141227154568746,0.000788455362264129
13.915,0.0141893826333278,0.000843128651308755
13.916,0.014206472169145,0.000880544135050121
13.917,0.0141989595790826,0.000910807165129257
13.918,0.0141966081274167,0.000940723498014995
13.919,0.0141827147903556,0.000970719120821917
13.92,0.0141728620327631,0.00100478669181342
13.921,0.0140940611173173,0.00102057741490758
13.922,0.014111147410471,0.00104020208732247
13.923,0.0141197302996688,0.00105996648125573
13.924,0.0141342767200689,0.00108400813729126
13.925,0.0141491524197713,0.0011124962211585
13.926,0.0141659008809557,0.00114569645252521
13.927,0.0141852352509041,0.00118450820135679
13.928,0.0142065711842831,0.00122824678007366
13.929,0.0142915138877245,0.00127445024420519
13.93,0.0143736035232957,0.00132022975560642
13.931,0.0143690377093135,0.00133570026006985
13.932,0.0143685923198493,0.00134076168226832
13.933,0.0143587702951655,0.00133588902106185
13.934,0.0143481441918055,0.00132399652225906
13.935,0.0143338475644471,0.00130630503963119
13.936,0.0143182690965171,0.00128440636875576
13.937,0.0143009785802747,0.00125928213678705
13.938,0.0142411697952684,0.00122004506391415
13.939,0.0141830792260878,0.00117975616408678
13.94,0.0141695396471136,0.00114212668642333
13.941,0.0141676850517821,0.00110968613786977
13.942,0.0142243130003509,0.00108301970719094
13.943,0.0142710973173229,0.00105842360977354
13.944,0.0143337341888492,0.00103952239560251
13.945,0.0143414633299674,0.00100563375610235
13.946,0.0143479051844104,0.000969482664776866
13.947,0.0143509146948156,0.000932351236368589
13.948,0.0143544793093292,0.000895933772070034
13.949,0.0143050215717982,0.000846683194243025
13.95,0.0142602554810563,0.00079895009612746
13.951,0.0141941975461687,0.000750345168813893
13.952,0.0141814154397619,0.000705516858510946
13.953,0.014171121790857,0.000664216435007692
13.954,0.0141565920299142,0.000627082291006498
13.955,0.0141956704072041,0.000595219695243399
13.956,0.0142311267810413,0.000566010635104919
13.957,0.0142707755184646,0.000541259130074634
13.958,0.0143071615067988,0.000520487374105039
13.959,0.0143454423198337,0.000504857536271663
13.96,0.014379838984072,0.000493982706926299
13.961,0.0144185899518974,0.000489557190637202
13.962,0.0144499554668886,0.000486848437204035
13.963,0.0144913965987,0.000492275371341999
13.964,0.0144740800703698,0.00048653161232437
13.965,0.0144639073301493,0.000488387258429701
13.966,0.014449791548757,0.000496462119255858
13.967,0.0144389936419622,0.000502887347672842
13.968,0.014391728651933,0.00050557466116874
13.969,0.0143472119630455,0.00051113310258899
13.97,0.0142932821906014,0.000518510883379841
13.971,0.014237872429034,0.000529424273472245
13.972,0.0141752096498672,0.000543372891826821
13.973,0.0141141341711309,0.000562782077419721
13.974,0.0141196324159861,0.000590762691187519
13.975,0.014118495112181,0.000622545145502751
13.976,0.0141773256500007,0.00065762615518955
13.977,0.0142393933838651,0.000694981121450555
13.978,0.014291846202569,0.000733675802488509
13.979,0.0143043517836764,0.000758519065421515
13.98,0.0142979834370557,0.000778753133016286
13.981,0.0142970937675614,0.000797406374707488
13.982,0.0142942587599377,0.000814738768493972
13.983,0.0142880400862718,0.000830677128827617
13.984,0.0142219549522666,0.000828214716811437
13.985,0.0141608587885375,0.000822233131873407
13.986,0.0141328129763469,0.000813434791324508
13.987,0.014131671338507,0.000806605338961708
13.988,0.0141252244200449,0.000799273499630104
13.989,0.0141773661967245,0.000791893882158334
13.99,0.0142324717314396,0.000784936469332698
13.991,0.0142857549730646,0.000780011589115559
13.992,0.0143419445635004,0.000778520817222572
13.993,0.0143419399371223,0.00075999464932841
13.994,0.0143472868867638,0.000738794681544974
13.995,0.0143468357566648,0.000712468323082693
13.996,0.014349041042462,0.000684652903349126
13.997,0.0143500714657683,0.000655779898612097
13.998,0.0142983472627324,0.000609972846682794
13.999,0.014252804583881,0.00055986663329527
14,0.0141891023593132,0.000504604149896226
14.001,0.014169085823804,0.00044628652192269
14.002,0.0141597671553609,0.000386408142361627
14.003,0.0141465686135432,0.000324523833970469
14.004,0.0141716650839643,0.000260934452568973
14.005,0.0142159105686161,0.00019960299653532
14.006,0.0142576278302024,0.000141146223681554
14.007,0.0142976214017015,8.36933103168791e-05
14.008,0.0143417385342385,3.02716813395665e-05
14.009,0.0143892512703314,-1.81168497331297e-05
14.01,0.0144404959453236,-6.09114365355823e-05
14.011,0.0144962051227832,-9.76390511426839e-05
14.012,0.0145579837716763,-0.000127708436269303
14.013,0.0145637486833719,-0.000175863614334304
14.014,0.0145668704197391,-0.000230455876483848
14.015,0.014550586169275,-0.00028986738494563
14.016,0.0145282860640961,-0.000350180360940699
14.017,0.0145083480081436,-0.000409014369075755
14.018,0.0144872614078267,-0.000465823755458949
14.019,0.0144815049542301,-0.000527374064159536
14.02,0.0145023782204948,-0.000586726458178533
14.021,0.0145311932648615,-0.000642386075659807
14.022,0.0145656434682521,-0.000692845963605471
14.023,0.0146003901078936,-0.000737275563853557
14.024,0.014630993928059,-0.000777548226926494
14.025,0.0146656100831506,-0.00081675152866939
14.026,0.0147053718306524,-0.000851856957865771
14.027,0.0147462067581726,-0.000882609564458681
14.028,0.0147562513054625,-0.000922952477040218
14.029,0.014757962971018,-0.00096465929128664
14.03,0.0147626116827471,-0.00100478453623754
14.031,0.0147644609209584,-0.00104306180810293
14.032,0.0147291411503137,-0.0010901317810324
14.033,0.0147004063988412,-0.00113463849706952
14.034,0.0146629119644412,-0.00117809559961624
14.035,0.0146300806343607,-0.00121775031924259
14.036,0.0146138038641443,-0.00125588375796343
14.037,0.0146136625347224,-0.00128803687569484
14.038,0.014610881080143,-0.0013166312733946
14.039,0.0146194899018601,-0.00133827609058373
14.04,0.0146584412819771,-0.00135742029278374
14.041,0.0147080321362089,-0.00137277449737555
14.042,0.0147561470069972,-0.00138513732050022
14.043,0.0148060679836712,-0.00139318185215143
14.044,0.0148498946625866,-0.00139756558670712
14.045,0.0149009580545517,-0.00139619045784645
14.046,0.014911368627511,-0.00140576516049218
14.047,0.0149282652796525,-0.0014155477714124
14.048,0.014921679835113,-0.00142862648642844
14.049,0.0149204857456549,-0.00143837665203284
14.05,0.0148810148900459,-0.00145929780211385
14.051,0.014847485365807,-0.00148058279465213
14.052,0.014833127630273,-0.00150226486794935
14.053,0.0148391045360024,-0.00152066624951774
14.054,0.0148454143102498,-0.00153675121855057
14.055,0.0148526168274541,-0.00154872991922539
14.056,0.0148635725008918,-0.00155560593901954
14.057,0.0149021736175327,-0.00156046980033797
14.058,0.0149521688495392,-0.0015601809697911
14.059,0.0149985701629249,-0.00155661586420175
14.06,0.0149930009605877,-0.00156667359947948
14.061,0.0149936407753267,-0.00157511514882136
14.062,0.0149922756871049,-0.00158194153739083
14.063,0.0149893618790442,-0.0015862191157569
14.064,0.0149818463556994,-0.00158814875491392
14.065,0.0149283835905842,-0.00160025985824269
14.066,0.0148832889033101,-0.00161014313576863
14.067,0.0148803644419029,-0.0016157952558683
14.068,0.0148879585094438,-0.00161653637104658
14.069,0.0148825887357993,-0.00161439947928899
14.07,0.0148898664623072,-0.0016056932992683
14.071,0.0148980126769477,-0.00159110579717708
14.072,0.0149362743712396,-0.00157314518914586
14.073,0.0149878080388024,-0.00154853145172679
14.074,0.015030956443899,-0.00151963852355574
14.075,0.0150882916574571,-0.0014832917374395
14.076,0.015086973203244,-0.00146302238355728
14.077,0.0150934159460803,-0.00144194604786235
14.078,0.0150873403003381,-0.00142146723939401
14.079,0.0150869352247247,-0.00139885550484742
14.08,0.0150350547331427,-0.0013911943659014
14.081,0.0149823500197977,-0.001384069807085
14.082,0.0149314314822908,-0.00137614536983816
14.083,0.0148850579481858,-0.00136609322978853
14.084,0.0148347580252024,-0.00135446846860743
14.085,0.0148123515743372,-0.00134142009941174
14.086,0.0148092899307288,-0.00132293214803758
14.087,0.0148012053026498,-0.00130137234099859
14.088,0.0148117928529967,-0.00127234021440487
14.089,0.0148641798703565,-0.00124086136756524
14.09,0.0149097082421568,-0.00120713923750204
14.091,0.0149669562764754,-0.00116756082902997
14.092,0.0150142813728467,-0.00112339518850968
14.093,0.0150753533641021,-0.00107150855947702
14.094,0.0150693733924382,-0.00103793498970672
14.095,0.0150712570713683,-0.00100408493218263
14.096,0.015066067956033,-0.000970446470334285
14.097,0.0150650130615267,-0.000934577297765804
14.098,0.0150193116432699,-0.000914749107600199
14.099,0.0149637007124884,-0.000898568923083876
14.1,0.0149089791403763,-0.00088309120259239
14.101,0.0148568119590247,-0.000866969396591699
14.102,0.0148020238457389,-0.000850090910399559
14.103,0.0147857891750689,-0.000831081893780838
14.104,0.0147818683912816,-0.000807262872171532
14.105,0.0147869195877078,-0.000778448022332012
14.106,0.0147840505962787,-0.000744906002703882
14.107,0.0148256695695834,-0.000710334496068443
14.108,0.0148877870017519,-0.000668993405915308
14.109,0.0149396083908502,-0.000624211961710919
14.11,0.0149994687776839,-0.000573560492505121
14.111,0.0150482907037177,-0.000518443473927044
14.112,0.015058761625523,-0.000478461731798663
14.113,0.0150533707363398,-0.000443513052839295
14.114,0.0150400903340738,-0.000411032800881284
14.115,0.014959581725694,-0.0003983848021053
14.116,0.0148905030560429,-0.000386886610623693
14.117,0.0148232313969758,-0.000375730011551834
14.118,0.0147585074257899,-0.00036356348466976
14.119,0.0146978528778197,-0.000349231690541241
14.12,0.0146867162108076,-0.000331000208206644
14.121,0.0146747259754625,-0.0003109407660844
14.122,0.0146677729428156,-0.000286325079706884
14.123,0.0147268757493475,-0.000256881790205388
14.124,0.0147741772418763,-0.000227595288563698
14.125,0.0148350122923981,-0.000193175418650327
14.126,0.0148867383258305,-0.000155199034014231
14.127,0.0149487774920679,-0.000110256923299079
14.128,0.0149388174382205,-8.41404681963809e-05
14.129,0.0149368927464092,-5.747622164054e-05
14.13,0.0149296723480943,-3.07711550552314e-05
14.131,0.0148772896971538,-2.04284316381864e-05
14.132,0.0148212563647499,-1.3573013545487e-05
14.133,0.014767432253801,-7.65954091169752e-06
14.134,0.0147166124517452,-1.33279170666523e-06
14.135,0.0147158607369753,9.82367712376586e-06
14.136,0.0147189295071021,2.43972474793797e-05
14.137,0.014717320179622,4.3545138019907e-05
14.138,0.0147237763231583,6.86787385449916e-05
14.139,0.0147894251211574,9.77327834928432e-05
14.14,0.0148481436293771,0.000129999804011904
14.141,0.0149088878952575,0.000166763894791033
14.142,0.0148939704462141,0.000182829496376213
14.143,0.0148867554774864,0.000197018423356565
14.144,0.0148764158889324,0.000210150158598155
14.145,0.0148636120430387,0.000223411632946147
14.146,0.0148530308024128,0.000237840952771073
14.147,0.014786324491591,0.000236034601187873
14.148,0.0147236072664104,0.000233621116607241
14.149,0.0146599105023623,0.000231223883622012
14.15,0.0146714051939549,0.000234190381153632
14.151,0.0146682202751161,0.000236427682670626
14.152,0.0146813912277509,0.000243471141784246
14.153,0.0146934548140293,0.000254803335222431
14.154,0.0147125051256204,0.00027285179173131
14.155,0.0147846803893855,0.000295570882867413
14.156,0.0148413964291748,0.000317971310531295
14.157,0.0149178970087213,0.000347952493546022
14.158,0.0149927471965141,0.000383699518288094
14.159,0.0149943748613835,0.000398504893073859
14.16,0.0150015099460917,0.000410769608035599
14.161,0.0150040251225523,0.000421472970179693
14.162,0.0150143431087217,0.000433572751842193
14.163,0.0149651955245194,0.00042680060504513
14.164,0.0149098027343353,0.000416154033745786
14.165,0.0148604425418892,0.000405163071164116
14.166,0.0148066362799772,0.000393634473350557
14.167,0.0147576618515088,0.000384287087095869
14.168,0.0147391715932172,0.000376174056389122
14.169,0.0147458718280858,0.000374381054787876
14.17,0.014744774838167,0.000375899499925114
14.171,0.0147525686463731,0.000382835238175672
14.172,0.0148224591907278,0.000394094584991289
14.173,0.0148797698443528,0.000405274090517549
14.174,0.0149478283412653,0.000421293475474038
14.175,0.0150109944978948,0.000441287299446924
14.176,0.0150236230316374,0.000444437881667203
14.177,0.015020320121908,0.000443417833970061
14.178,0.0150250019389868,0.000443593581861801
14.179,0.0150042257210239,0.000441025887696012
14.18,0.014990456655171,0.000443073069358091
14.181,0.0149313332324551,0.00042936107711139
14.182,0.0148510962145993,0.000410323948022484
14.183,0.014776792859115,0.000392006158576208
14.184,0.0147702311784951,0.000377359721634662
14.185,0.0147695228308372,0.000365048684248914
14.186,0.0147578935026179,0.000354005291019144
14.187,0.0147673237287685,0.000349794051801966
14.188,0.0147783417045809,0.000351268214349221
14.189,0.0147947480586601,0.000359992533066789
14.19,0.0148639878227192,0.000373739357304503
14.191,0.014918722267674,0.000387173625667314
14.192,0.0149938637973798,0.000407971108701832
14.193,0.0150667620445224,0.000434036808475924
14.194,0.0150659746933751,0.000438604244310137
14.195,0.015067731974003,0.000439735939973207
14.196,0.015068832205144,0.000439421596568013
14.197,0.0150732744553743,0.000439547685346375
14.198,0.0150690662923642,0.00043926768227176
14.199,0.0150013937934549,0.000420436544295466
14.2,0.0149435442945224,0.000399806432800576
14.201,0.0148796347127774,0.000377653706061964
14.202,0.0148234013248192,0.000357138309236893
14.203,0.0147565091990358,0.000336563791596578
14.204,0.0147510409297519,0.000319942671706819
14.205,0.0147448246871396,0.000304654057975862
14.206,0.0147293433915205,0.00029128918547433
14.207,0.0147363241189212,0.00028508019335044
14.208,0.0147375226152822,0.000282712570908172
14.209,0.0147754692473612,0.00027987153363096
14.21,0.0148336865896766,0.000281732943631263
14.211,0.014879895293662,0.000285767805385473
14.212,0.0149414398163914,0.000296157631389071
14.213,0.0149906312727567,0.000310601270553934
14.214,0.0150553866760073,0.00033248343377329
14.215,0.0150538742257276,0.000335627084098067
14.216,0.0150595274963515,0.000336211391198216
14.217,0.0150453956717977,0.000332832876128952
14.218,0.0150366032076198,0.000331281465217215
14.219,0.0150219092810388,0.000331310364469872
14.22,0.0149638433442117,0.000314900282357811
14.221,0.0149052606171966,0.00029500249030795
14.222,0.0148439259895229,0.000273403529560734
14.223,0.0147858988019393,0.00025236015684954
14.224,0.014792672929206,0.000235264403233792
14.225,0.0148071377470074,0.000221476788206332
14.226,0.0148182187476399,0.00021076655955754
14.227,0.0148205943561294,0.000203700161389708
14.228,0.0148345272997005,0.000203360110201556
14.229,0.0148476311970666,0.000208281541313082
14.23,0.0149058885044455,0.000215339401570092
14.231,0.0149727733486464,0.000227373386577578
14.232,0.0150339965035469,0.000242972078908943
14.233,0.0150215032883076,0.000237768945520023
14.234,0.0150138206021574,0.000229942895764612
14.235,0.0150037727569391,0.000220601094153006
14.236,0.0149965107184463,0.000211823332948224
14.237,0.0149738423112548,0.00020181442291245
14.238,0.0149553721654322,0.000195998199806702
14.239,0.0148945191240412,0.000176910013360787
14.24,0.0148411586441936,0.000157583629337599
14.241,0.0148491757825082,0.000142257670403878
14.242,0.0148651437658697,0.000130400990907442
14.243,0.0148689981785489,0.000120468476383695
14.244,0.0148853204891188,0.000116118796436027
14.245,0.0149005401752707,0.000116719333228765
14.246,0.014941297100988,0.00011908606489125
14.247,0.0150045003591752,0.000128572335299115
14.248,0.0150568121402013,0.000141956241525687
14.249,0.0150645427492002,0.00014113857107495
14.25,0.0150598078247331,0.000136139619601017
14.251,0.0150459609956734,0.000128844573097586
14.252,0.0150375727901614,0.000124830410261567
14.253,0.0149859458409831,0.00010633406587468
14.254,0.0149410963930826,8.69028145566997e-05
14.255,0.0148888143214742,6.59060981026416e-05
14.256,0.0148424378316281,4.67323828929334e-05
14.257,0.0148268390724289,2.86103408470018e-05
14.258,0.0148336799428044,1.62196781213209e-05
14.259,0.0148330844851162,6.8796471607846e-06
14.26,0.0148408586257888,3.07899338936046e-06
14.261,0.0149068922670668,4.41928331607055e-06
14.262,0.0149591265183273,6.62478404384048e-06
14.263,0.0150250611884206,1.4262320781333e-05
14.264,0.0150857819954869,2.6212496401834e-05
14.265,0.0151531051945184,4.52161150437669e-05
14.266,0.0151673709905317,4.80777144734046e-05
14.267,0.0151759158839768,4.78941517425557e-05
14.268,0.015189687581507,4.81717675401283e-05
14.269,0.0151809875346886,4.66038819614267e-05
14.27,0.0151167872881475,2.81001618917531e-05
14.271,0.0150531404241731,7.07984058806455e-06
14.272,0.0149935984506944,-1.3965788571324e-05
14.273,0.0149360312068072,-3.42530902154858e-05
14.274,0.0148767512096104,-5.32666913089508e-05
14.275,0.0148616173779955,-7.13542174430315e-05
14.276,0.0148693185043554,-8.4369105984472e-05
14.277,0.0148691086789453,-9.46033318957595e-05
14.278,0.0148813888061436,-9.83518382723925e-05
14.279,0.0148866694319189,-9.71809654082834e-05
14.28,0.0149263376649006,-9.59575841215088e-05
14.281,0.0149850145930437,-8.98962417352211e-05
14.282,0.0150309781659641,-8.13763190222194e-05
14.283,0.0150951149921719,-6.5936666940436e-05
14.284,0.0151547927319677,-4.5240330481644e-05
14.285,0.0152185789842827,-1.7389107549004e-05
14.286,0.0152147305718505,-8.52996768324621e-06
14.287,0.0152138170544455,-1.62202197462324e-06
14.288,0.0152089353744754,4.06499445332331e-06
14.289,0.0152095082712405,1.10686488399292e-05
14.29,0.0151637032214932,9.28627943985738e-07
14.291,0.0151048088894844,-1.4368693084077e-05
14.292,0.0150514989928614,-2.99482531517792e-05
14.293,0.0149992526261047,-4.51320993535287e-05
14.294,0.01495068358315,-5.86048794606886e-05
14.295,0.0149602041094488,-6.76068406112451e-05
14.296,0.0149729524277897,-7.37296464862203e-05
14.297,0.0149769122634868,-7.71435208401505e-05
14.298,0.0149938050632067,-7.42342651762207e-05
14.299,0.015058255714037,-6.75507627040384e-05
14.3,0.0151134516123918,-5.86206072378803e-05
14.301,0.0151790620079269,-4.45252814711417e-05
14.302,0.0152388023132481,-2.59609933014326e-05
14.303,0.0152461406800589,-2.23773580470543e-05
14.304,0.0152388140995941,-2.33121794134261e-05
14.305,0.0152353950761326,-2.33066371712609e-05
14.306,0.0152215462595415,-2.42983352860549e-05
14.307,0.0151521194764459,-4.14335708029401e-05
14.308,0.0150935960473645,-5.85367757652833e-05
14.309,0.0150346021441241,-7.56126146517766e-05
14.31,0.014977466050236,-9.07181540812374e-05
14.311,0.0149722525259011,-0.000102564760194712
14.312,0.0149835375510108,-0.000109163771657705
14.313,0.014992125480445,-0.000111995774092932
14.314,0.0149939543919733,-0.000111071332966339
14.315,0.0150389657717135,-0.000108441814315186
14.316,0.0150940184087152,-0.000100848765843931
14.317,0.0151398973467722,-9.04229176055815e-05
14.318,0.0152015525553571,-7.31629104839815e-05
14.319,0.0152503015659615,-5.1448137323773e-05
14.32,0.0152648419681408,-4.15124245512488e-05
14.321,0.0152600837568476,-3.65079982493355e-05
14.322,0.0152587120619681,-3.10789124601807e-05
14.323,0.0152152389810169,-4.13785201589523e-05
14.324,0.015176805453487,-5.33771568062558e-05
14.325,0.0151247582194991,-6.79112235962287e-05
14.326,0.0150805237183739,-8.09568161262431e-05
14.327,0.0150259240601427,-9.41183648073829e-05
14.328,0.0150338699264743,-0.000102066134854473
14.329,0.0150368488204649,-0.000108951685828196
14.33,0.0150468747603245,-0.00011093950372193
14.331,0.0150582754097197,-0.000109086855341001
14.332,0.015106821871813,-0.000105524947916269
14.333,0.0151635779392222,-9.77796363442196e-05
14.334,0.0152083404712249,-8.72340608877864e-05
14.335,0.0152691952764569,-7.01462432217692e-05
14.336,0.0153243129042919,-4.79237714893777e-05
14.337,0.0153221173536428,-4.16834203837424e-05
14.338,0.0153132069709607,-3.90523188151248e-05
14.339,0.0153008335154679,-3.77741526574882e-05
14.34,0.0152916009834882,-3.37020413821998e-05
14.341,0.0152797168786986,-2.8054215784834e-05
14.342,0.0152237911558071,-3.77754515152318e-05
14.343,0.0151591457951254,-5.09965460971928e-05
14.344,0.0150973442692721,-6.45716329253365e-05
14.345,0.0150330273541219,-7.81813914864649e-05
14.346,0.0150365395355839,-8.75575498710535e-05
14.347,0.0150385241104485,-9.5668808261451e-05
14.348,0.0150326235706299,-0.000101091027696787
14.349,0.0150426168256551,-0.000100018635363353
14.35,0.0150472217369468,-9.42060066697614e-05
14.351,0.0150690056568108,-8.06254390253724e-05
14.352,0.0151471979891869,-6.20491478852125e-05
14.353,0.0152094668952987,-4.20682046500254e-05
14.354,0.0152839629399233,-1.70954504883358e-05
14.355,0.0153536504993251,1.20609261593518e-05
14.356,0.0153634759776315,2.22393361338225e-05
14.357,0.0153553384173671,2.53430570714697e-05
14.358,0.015352399755684,2.79313407249848e-05
14.359,0.0153341638862561,2.79547483804654e-05
14.36,0.0153197692119836,3.08399892670619e-05
14.361,0.0153027601075453,3.61140445327979e-05
14.362,0.0152399413567961,2.47898714943462e-05
14.363,0.015183023330201,1.16972170594587e-05
14.364,0.0151174520695978,-3.38698198737442e-06
14.365,0.0150548390117037,-1.7724480595005e-05
14.366,0.0150515604405997,-3.03011113933493e-05
14.367,0.0150640079303389,-3.8973087213845e-05
14.368,0.0150678663207458,-4.53656990677676e-05
14.369,0.0150783965367747,-4.66664314248688e-05
14.37,0.0150900097984989,-4.24905918990914e-05
14.371,0.0151014539880003,-3.17976719473867e-05
14.372,0.0151679170330765,-1.72350099678642e-05
14.373,0.0152228874707863,-9.37736454098559e-07
14.374,0.0152930547934616,2.11373882715304e-05
14.375,0.0153517196819673,4.70192068117714e-05
14.376,0.0154250543863847,8.06439161182837e-05
14.377,0.0154197084945374,9.15204852299234e-05
14.378,0.0154194090927895,9.92958105104913e-05
14.379,0.0154114261548102,0.000104179726096054
14.38,0.015406479893928,0.000111404129996329
14.381,0.0153883134115311,0.000122844142022627
14.382,0.0153059002445992,0.000120800381797848
14.383,0.015234094845487,0.000122557317217165
14.384,0.0151613355940941,0.000127204767176592
14.385,0.0150862832699957,0.000134578289550324
14.386,0.0150894170503776,0.000144658659139985
14.387,0.0150909428501691,0.000154868257422058
14.388,0.0151044288257312,0.000171048290254439
14.389,0.0151147680703385,0.000192789903715018
14.39,0.0151299587100315,0.000222596864915547
14.391,0.0151432622202816,0.000260291296309778
14.392,0.015161932362214,0.00030766951603034
14.393,0.0151778919321737,0.000362912208707933
14.394,0.015254239060362,0.000423892957045313
14.395,0.0153170798291772,0.000486671160960739
14.396,0.0154016256984273,0.000556909349013646
14.397,0.0154755213476895,0.000632139963702205
14.398,0.015453780165835,0.000676284581035136
14.399,0.0154316769781163,0.000709821019318158
14.4,0.0154107719998752,0.000735927024064942
14.401,0.0153873850114706,0.000755875669818495
14.402,0.0153621479007777,0.000771323583138694
14.403,0.0153352190494687,0.000783651886189396
14.404,0.0153067502047623,0.000794057726002662
14.405,0.0152771864906075,0.0008036151758129
14.406,0.0152486796736489,0.000813472252904623
14.407,0.0151880786073479,0.000807433447874428
14.408,0.015099715852701,0.000794660512977496
14.409,0.0150189169070892,0.00078134006778402
14.41,0.0149337540643977,0.000766676480482897
14.411,0.0148545755722789,0.00075262070010268
14.412,0.0147722933762551,0.000738668850930269
14.413,0.0146817464431783,0.000724593776449456
14.414,0.0146539265595935,0.000710739580070896
14.415,0.0146327895375986,0.000696898869155194
14.416,0.0146128539513327,0.000683035656509456
14.417,0.0146178951488614,0.000673982175277588
14.418,0.0146826913028945,0.000666890861467984
14.419,0.0147330196609312,0.000658028790721077
14.42,0.0148030955162091,0.000653367994234488
14.421,0.0148632366222169,0.000650214698697638
14.422,0.0149322975925511,0.00065165205100387
14.423,0.0149943337690414,0.000656152482955696
14.424,0.0150641086337349,0.000665906858066501
14.425,0.0151269002713236,0.000679392731401052
14.426,0.0151254065240042,0.000668347205348752
14.427,0.0151173179853042,0.000648019972566583
14.428,0.0151173799600738,0.000623171617745999
14.429,0.0150870056091794,0.000590552906403474
14.43,0.0150663468739504,0.000557882982601954
14.431,0.0150389876793891,0.000524698156377568
14.432,0.0150149140041098,0.000493390808417482
14.433,0.0150333220828034,0.000460138158186019
14.434,0.0150529729367177,0.000427355672380669
14.435,0.0150781038601822,0.000397542753611868
14.436,0.0151001801384827,0.000371125919711557
14.437,0.0151271362615965,0.000351637665825966
14.438,0.0151144229451721,0.000327184853466944
14.439,0.0150512811381941,0.000300398036591099
14.44,0.0149922620758997,0.000288298806909448
14.441,0.0149328350837909,0.000291765343152284
14.442,0.0148603177742602,0.000300353630287908
14.443,0.0147753357225214,0.000313872706517226
14.444,0.0146860974315833,0.000331187483214757
14.445,0.0145828606085248,0.00035057896547569
14.446,0.0144785854394974,0.000372649649531931
14.447,0.014444335945544,0.000401096150397573
14.448,0.0144610627303726,0.000439987940061726
14.449,0.0144666049701817,0.00048328734415598
14.45,0.0144697233414821,0.000521098030295597
14.451,0.0144599446758382,0.000546128118461275
14.452,0.0144141152396665,0.000559838167686788
14.453,0.014369869665457,0.000570562047726431
14.454,0.0143241674951359,0.000579544139725829
14.455,0.0143312441177738,0.000591307232918781
14.456,0.0143741765660863,0.000601096055195205
14.457,0.0144213093617486,0.000610430387601779
14.458,0.0144780383257294,0.000622351190066817
14.459,0.0145321232652128,0.000636226380620664
14.46,0.014592665674093,0.000653729552839766
14.461,0.0146008489156258,0.000656202223006552
14.462,0.0146208505881056,0.000659171827148197
14.463,0.0146298395254645,0.000659824347124527
14.464,0.0146418260318453,0.000661340938079014
14.465,0.0146514687170111,0.000664101090455171
14.466,0.0145985287736172,0.000650888603773381
14.467,0.0145828533386333,0.000638513665478013
14.468,0.0145865235352901,0.000632015955237653
14.469,0.0145830395212995,0.000630576028855634
14.47,0.0145940665193872,0.000638750358606777
14.471,0.0146004800953582,0.000655529421715428
14.472,0.0146578667223184,0.000680934981749814
14.473,0.0146486252749752,0.000690438100844959
14.474,0.0146544162916643,0.00070161713335487
14.475,0.0146630495497235,0.000714455906260181
14.476,0.0146730620755206,0.000729623464350737
14.477,0.0146831801890133,0.000747458816466984
14.478,0.0146262012030752,0.000749137691505364
14.479,0.0145723737688174,0.00075037073321671
14.48,0.0145328677910613,0.000747533181868154
14.481,0.014525173946799,0.000750313155319926
14.482,0.0145074636436526,0.000753742253293888
14.483,0.0144959537629084,0.000760186934072371
14.484,0.0145534289726966,0.000770677507223705
14.485,0.0146162729099419,0.000783284786634031
14.486,0.014680680346522,0.000798198302452535
14.487,0.0147489150418564,0.000816189024961167
14.488,0.0148194672998584,0.000837383904918387
14.489,0.0148924870602504,0.000862028162868789
14.49,0.0149677417610881,0.000890264180609723
14.491,0.0150123413331522,0.000906111865320081
14.492,0.0149766952360109,0.000895744449611657
14.493,0.0149445064441598,0.000879794679511048
14.494,0.0148878827046611,0.000857692519003861
14.495,0.0148359935459376,0.000836139397139612
14.496,0.0148522637806337,0.000818433167786292
14.497,0.0148615306017336,0.000801079879602096
14.498,0.0148732990881411,0.000787981691344253
14.499,0.0148912897880336,0.000782009313079979
14.5,0.0149275436831129,0.00077987162908616
14.501,0.0149964611150658,0.000784523805009374
14.502,0.0150646106888959,0.000793439399603024
14.503,0.0151384600882073,0.000809153179022304
14.504,0.0151769863739774,0.000812863201531122
14.505,0.0151894691260885,0.000813115044114465
14.506,0.0152138209983356,0.000817196021444977
14.507,0.015221295956705,0.00082352191114804
14.508,0.0151603520821908,0.000813485188037699
14.509,0.0151060396158065,0.000804864230765812
14.51,0.0150775539433603,0.000795785765396295
14.511,0.0150746139922985,0.000792872366608521
14.512,0.0150736565316221,0.000794313380176659
14.513,0.0150778653985061,0.000804360809142646
14.514,0.0150750210964447,0.000819891272367479
14.515,0.0151295393961494,0.000842836006549219
14.516,0.0152074740450359,0.000871661759027198
14.517,0.0152819438753344,0.000903634235536133
14.518,0.0153219315944213,0.000920061045820708
14.519,0.0153407740872134,0.000929712603012722
14.52,0.0153711196622876,0.000938871402993702
14.521,0.0153810090496688,0.000945174872216625
14.522,0.0153164680107711,0.000927879518615726
14.523,0.0152579158535337,0.00090604933921612
14.524,0.0151922181746164,0.000879408217592192
14.525,0.0151879800487622,0.000852229686856498
14.526,0.0151736605577554,0.000820065627239241
14.527,0.0151675617110056,0.000789096889412144
14.528,0.0151568034673164,0.00075847737216872
14.529,0.0151477164888713,0.000730301443347459
14.53,0.015137972582423,0.000704803554162137
14.531,0.0151301424542265,0.000682890070702269
14.532,0.0151227958201091,0.000664622259691383
14.533,0.0151665284280337,0.000649543601986602
14.534,0.0152246733949634,0.00063612027175064
14.535,0.015271060139401,0.000606642392949996
14.536,0.0152903772101826,0.000565241795278726
14.537,0.0153124905916269,0.000518710035000369
14.538,0.0153300476394415,0.00046778586434848
14.539,0.0152937456852065,0.000397785611615353
14.54,0.0152614089072234,0.000323675689068437
14.541,0.0152135341350777,0.000244880450158913
14.542,0.0151695865679877,0.000165825498730621
14.543,0.0151223242872329,8.64474113204117e-05
14.544,0.0150785346193812,8.58819937088473e-06
14.545,0.015052586329351,-7.19778624885814e-05
14.546,0.0150450447868969,-0.000150439525090029
14.547,0.0150355889192472,-0.000227909860672781
14.548,0.0150557680086295,-0.000305606125890368
14.549,0.0150915593621211,-0.000381602930544012
14.55,0.0151214484440219,-0.000457236044785314
14.551,0.0151633308702154,-0.000529467670584427
14.552,0.0152052139764181,-0.000598784423424592
14.553,0.0152446338514207,-0.000664891321952521
14.554,0.0152921764525122,-0.000726241689305795
14.555,0.0153139856706426,-0.000796288696784053
14.556,0.0153354079916092,-0.000867338726904976
14.557,0.0153504745053722,-0.000939454668662132
14.558,0.0153722839236304,-0.00100826662947295
14.559,0.0153893152933859,-0.00107519302605691
14.56,0.0154053347323571,-0.00113858346930512
14.561,0.0153862162338943,-0.00120906584371855
14.562,0.0153718806615635,-0.00127741862482522
14.563,0.0153411028570187,-0.0013452945788518
14.564,0.0153160618644306,-0.00140855059748396
14.565,0.0152992582531088,-0.00147022052456114
14.566,0.0152874259193513,-0.00152836965809827
14.567,0.0152770677346887,-0.00158277197382961
14.568,0.0152985431867434,-0.00163305359639709
14.569,0.0153319527050928,-0.0016790693977749
14.57,0.0153660857771901,-0.00172171035320567
14.571,0.0153977512063817,-0.00176012211988558
14.572,0.0154361792331328,-0.00179228336405896
14.573,0.0154765231087771,-0.00181903138532385
14.574,0.0155120224587753,-0.00183999017342318
14.575,0.0155581745978615,-0.00185315962132393
14.576,0.0155720002368113,-0.00187295581778929
14.577,0.015580884410845,-0.00189088309389102
14.578,0.0155916221853595,-0.00190517031253107
14.579,0.0155877135814139,-0.00191757459687797
14.58,0.0155450907169884,-0.00193900977183914
14.581,0.0155018869622353,-0.00196040313384843
14.582,0.0154598918589276,-0.00197968150518019
14.583,0.015460141845622,-0.00199449250315004
14.584,0.0154587569826405,-0.00200639912140854
14.585,0.0154540738234925,-0.00201472931547592
14.586,0.0154565170620404,-0.00201626610194627
14.587,0.0154577604680946,-0.00201226808958332
14.588,0.0154550908274695,-0.00200155126079038
14.589,0.0155005132759235,-0.00198376028321617
14.59,0.0155411133080536,-0.00196263158299637
14.591,0.0155876547292746,-0.00193609413878298
14.592,0.0155942805889442,-0.00192148745559817
14.593,0.0156076040964593,-0.00190697719420774
14.594,0.0156060239065697,-0.00189335204485025
14.595,0.0156096180669361,-0.00187645683247983
14.596,0.0155959794468447,-0.00185900039240144
14.597,0.015533362319999,-0.00185437244607861
14.598,0.0154725594578125,-0.00185009349580567
14.599,0.0154149609874637,-0.00184442553872299
14.6,0.0153608955728116,-0.00183614333741589
14.601,0.015351752852505,-0.00182446580610302
14.602,0.0153337869952361,-0.00181230495299906
14.603,0.0153255786746032,-0.00179503846633444
14.604,0.0153061922520937,-0.00177464824884871
14.605,0.0153014028597956,-0.00174627967087954
14.606,0.0153453919009435,-0.00171178873314332
14.607,0.0153808070592624,-0.00167655371131858
14.608,0.0154388262066358,-0.00163381923892603
14.609,0.0154918940146749,-0.00158616720734023
14.61,0.0155512924383827,-0.00153154413218626
14.611,0.0155670657504532,-0.001492854749849
14.612,0.0155874892650302,-0.00145392831716695
14.613,0.0155977271692454,-0.00141604641712184
14.614,0.0156145613989617,-0.00137595666100199
14.615,0.015567071518408,-0.00135531784049192
14.616,0.0155118894701972,-0.00133739384480225
14.617,0.0154599343221525,-0.00131940436910355
14.618,0.01540840336936,-0.00130077746076673
14.619,0.0153607629552507,-0.0012801866999364
14.62,0.0153094142666435,-0.0012582533101243
14.621,0.0152855034207873,-0.00123583498910174
14.622,0.0152818533476477,-0.00120764360506592
14.623,0.0152708720598944,-0.00117615840761237
14.624,0.0152989167636065,-0.00114356486958361
14.625,0.0153518500493011,-0.00110495035354097
14.626,0.0153971337417573,-0.00106292825423554
14.627,0.0154503386813633,-0.00101506593002954
14.628,0.0154973435325389,-0.000962506654257012
14.629,0.0155303511437946,-0.000918874893031607
14.63,0.015538027111395,-0.000880282709885716
14.631,0.0155450745519813,-0.00084127464823186
14.632,0.0155368877800759,-0.000803159529330189
14.633,0.015462612246911,-0.000783746866223123
14.634,0.0153937052472136,-0.000766975797809211
14.635,0.0153281490630833,-0.000750786736854303
14.636,0.0152637989108521,-0.00073420210060432
14.637,0.0152527441216757,-0.00071460787758465
14.638,0.0152476991803368,-0.000691900680298507
14.639,0.0152318150216505,-0.00066761061319387
14.64,0.015226891022575,-0.000637651109287984
14.641,0.0152151285630726,-0.00060412166458762
14.642,0.0152581136445625,-0.000566271599502233
14.643,0.0153175246923097,-0.000523750590064986
14.644,0.0153721859480002,-0.000478284030699438
14.645,0.0154436599856462,-0.000426031437772478
14.646,0.0154619832456868,-0.000392162806889251
14.647,0.0154806846219162,-0.000361990664322132
14.648,0.0154954583397891,-0.000332853690550583
14.649,0.0155062140037219,-0.000303111143912294
14.65,0.0155180759933184,-0.000271185166123566
14.651,0.0154833683730344,-0.000256709137409716
14.652,0.0154210252450516,-0.000249090257854023
14.653,0.0153651725439008,-0.00024108861380967
14.654,0.0153044200634051,-0.000232857128428909
14.655,0.0153138974936541,-0.000221174574399519
14.656,0.015317087458122,-0.000210239813128676
14.657,0.0153178776081417,-0.000195734846255846
14.658,0.0153147938077194,-0.000178058347249932
14.659,0.01531813201135,-0.000153409990119036
14.66,0.015379957054621,-0.00012320479156841
14.661,0.0154405284086531,-9.09470352684627e-05
14.662,0.0154898514807387,-5.6973789071102e-05
14.663,0.0155669678497826,-1.49804717921587e-05
14.664,0.0156309294426334,3.17250686185377e-05
14.665,0.0156455281463567,6.13186039689073e-05
14.666,0.0156588603902795,8.94841952526204e-05
14.667,0.0156763546529734,0.000117457962014567
14.668,0.0156821702328939,0.000143757926403087
14.669,0.0156150794534642,0.000148564164899334
14.67,0.0155539562650979,0.000149745204968077
14.671,0.0154935673259112,0.000149173637723266
14.672,0.0154361174970541,0.000148652877251854
14.673,0.0153806202675389,0.000149013989352464
14.674,0.0153181114874431,0.000149641705865233
14.675,0.0152840137014458,0.000148880217528125
14.676,0.0152749086762038,0.000153306100664219
14.677,0.0152558896259219,0.000159628902625997
14.678,0.0152515728445985,0.000172655859841109
14.679,0.0153247423412535,0.000191437570116471
14.68,0.0153861005511307,0.00021065877716625
14.681,0.0154505468414809,0.000233078958358335
14.682,0.0155122885778678,0.00025962269768387
14.683,0.0155730322358523,0.000291103663933479
14.684,0.0156472734027617,0.000330800623750127
14.685,0.0156685105987355,0.000352016555785262
14.686,0.0156959337533683,0.000373034680486772
14.687,0.0157003738575533,0.000390501413087385
14.688,0.015714821735094,0.000410302389849626
14.689,0.0157149481328905,0.000430246670880763
14.69,0.0156544092590255,0.000428880124485664
14.691,0.015574149562706,0.000420785624538067
14.692,0.0154949156519024,0.000411461549614911
14.693,0.0154173407126071,0.000402396820915973
14.694,0.0153412556634305,0.000394628366283067
14.695,0.0153265341986511,0.00038813153020556
14.696,0.0153150228245834,0.000382665089169953
14.697,0.0152991975671765,0.000378698049474269
14.698,0.0152867212771116,0.000378888817208545
14.699,0.0152661494489858,0.000382206137164165
14.7,0.0153039429155556,0.000389297805134692
14.701,0.0153633506692823,0.000401163690739947
14.702,0.0154166636662421,0.000415792060327713
14.703,0.0154854010647739,0.000436766137333899
14.704,0.0155485561289053,0.000462654117566352
14.705,0.0156235588887217,0.000496791682494613
14.706,0.0156380560901332,0.000511634919931003
14.707,0.0156595946955364,0.000523181885037804
14.708,0.0156505617712011,0.000528331047243313
14.709,0.0156511507866076,0.000536349508077572
14.71,0.015652807948243,0.000546866105571864
14.711,0.0156023979503772,0.000537825576740036
14.712,0.0155323430213648,0.00052214360431857
14.713,0.0154638771646673,0.000505205635775496
14.714,0.0153958443798667,0.000488258289153887
14.715,0.0153301841211237,0.000472656865989685
14.716,0.0153208697212829,0.00045782617527429
14.717,0.0153212481711239,0.000444806053003177
14.718,0.0153117248461183,0.000432707147618061
14.719,0.0153023763268034,0.000423713668679382
14.72,0.0152920740278406,0.000419973510326799
14.721,0.0153505630215254,0.000421678978162088
14.722,0.0154014560277398,0.000424229394063502
14.723,0.0154455414194658,0.00042860139098333
14.724,0.0155127072602493,0.000440202082602592
14.725,0.0155748793417755,0.000457291476934796
14.726,0.0156476481510195,0.000482361217843119
14.727,0.015658875203528,0.000488681934940116
14.728,0.0156779574574991,0.000495064631392872
14.729,0.015685376680002,0.000499382652251523
14.73,0.0157018431942748,0.000505540158445561
14.731,0.015657780135038,0.000491109659970179
14.732,0.0155966487715445,0.00047080522286902
14.733,0.0155396832360146,0.00044967148670827
14.734,0.015483159157128,0.000428500034282964
14.735,0.0154300285364285,0.00040870122246639
14.736,0.0153791628066972,0.00039089071132542
14.737,0.0153692238516873,0.000374604058217098
14.738,0.0153684710777963,0.000361420586071304
14.739,0.0153674565148805,0.000351252753284348
14.74,0.0154040594503186,0.000343641987349874
14.741,0.0154558022208311,0.000339913034098083
14.742,0.0154991600223885,0.000338726132841138
14.743,0.0155588847108248,0.00034405055169584
14.744,0.0156110955811643,0.00035373779151554
14.745,0.0156773867138819,0.000372342113413637
14.746,0.0156809324742072,0.000374664423888449
14.747,0.0156935936185665,0.000377826429254935
14.748,0.0156989110032031,0.00038056562585892
14.749,0.0156487313142448,0.000364596968081055
14.75,0.0155986833609108,0.000345237768379414
14.751,0.0155497433068209,0.000324523365870077
14.752,0.0154978686478043,0.000302928958816007
14.753,0.0154355221257772,0.00028108746609351
14.754,0.0153812266058975,0.000262683719333801
14.755,0.0153609264744882,0.000245580037478765
14.756,0.015351492269255,0.000231442904227386
14.757,0.0153376413228025,0.000220196377925808
14.758,0.0153939475565035,0.000214371320034268
14.759,0.015439186884199,0.000208719302884519
14.76,0.0154837343774935,0.000205309724300606
14.761,0.0155277069763658,0.000206023834240121
14.762,0.0155702010176118,0.000211738285097351
14.763,0.0156102489585877,0.000222738028127611
14.764,0.0156248187337889,0.000223165393426261
14.765,0.0156311570677016,0.00022204920847041
14.766,0.0156435719126017,0.000222383474178911
14.767,0.0156476775695646,0.000222921326690051
14.768,0.0155845988939214,0.000204176357320895
14.769,0.0155235330844269,0.000183208583034833
14.77,0.0154639958068063,0.000161618846500899
14.771,0.0154071596308919,0.000140731309727637
14.772,0.0154102516414658,0.000123954304235507
14.773,0.0154069156935819,0.00010827693947163
14.774,0.0154030911975596,9.55446186908793e-05
14.775,0.0154023373546072,8.84247017206574e-05
14.776,0.0154008652162264,8.58854208432569e-05
14.777,0.0154488409641904,8.78037271547782e-05
14.778,0.0154930822008818,9.20717910969926e-05
14.779,0.0155383994808547,0.000100822233535247
14.78,0.0155894378857783,0.000114820928907688
14.781,0.0155976032222209,0.000114840744100231
14.782,0.0155969206759879,0.000111712025742949
14.783,0.0156013130745842,0.000109180717888346
14.784,0.0155803317015213,0.000103884295792722
14.785,0.015565912306912,0.000103147983337382
14.786,0.0155094349065077,8.78914643711037e-05
14.787,0.0154493388052197,7.005981707775e-05
14.788,0.0153929551460949,5.22307364312358e-05
14.789,0.0154034247424574,3.83889756139233e-05
14.79,0.015408483429124,2.59002690615739e-05
14.791,0.0154087644215264,1.59308336878383e-05
14.792,0.0154069111175816,9.68126941625069e-06
14.793,0.0154146939505612,1.01697091720032e-05
14.794,0.0154706287915707,1.68626420522511e-05
14.795,0.015519265061845,2.49943958223753e-05
14.796,0.0155909108847012,4.01439225943823e-05
14.797,0.0155982347576495,3.78102858492047e-05
14.798,0.0156005838424182,3.32018955627733e-05
14.799,0.01561183400472,2.9669860276138e-05
14.8,0.0155939498288232,2.23663657220041e-05
14.801,0.0155828293063312,1.94824555621032e-05
14.802,0.0155352302814271,3.22830735266511e-06
14.803,0.0154796903420536,-1.56616478232952e-05
14.804,0.0154234151678476,-3.45718512907989e-05
14.805,0.0153677492405081,-5.26811788327808e-05
14.806,0.0153602060598223,-6.89924581320778e-05
14.807,0.0153668224948835,-8.08129098120447e-05
14.808,0.0153670652884377,-8.9598116973455e-05
14.809,0.0153630054639684,-9.44245877729788e-05
14.81,0.0153676674856151,-9.20912635559157e-05
14.811,0.0154371183252614,-8.31000340731913e-05
14.812,0.0154943636301519,-7.17433059883033e-05
14.813,0.0155542079884332,-5.60871204058344e-05
14.814,0.0156098997074661,-3.5540606129425e-05
14.815,0.015636785114917,-2.72910947368699e-05
14.816,0.0156405539592793,-2.52313790245484e-05
14.817,0.0156523696141063,-2.20535542055367e-05
14.818,0.0156384271973262,-2.12173584882014e-05
14.819,0.0156316036220277,-1.65320083213016e-05
14.82,0.0155742056220527,-2.83936544447916e-05
14.821,0.0155208857019731,-4.22895622335662e-05
14.822,0.0154677154987684,-5.73211629290027e-05
14.823,0.015470300017081,-7.0289917925237e-05
14.824,0.015469659171159,-8.35166780806529e-05
14.825,0.0154739556461114,-9.30742835280607e-05
14.826,0.0154757216628807,-9.93692256614498e-05
14.827,0.0154821685662957,-9.93235046441443e-05
14.828,0.0154864121729421,-9.45193726035742e-05
14.829,0.0155329147992235,-8.61863192347934e-05
14.83,0.0155901475673378,-7.30401304036565e-05
14.831,0.0156427893731034,-5.59739656721403e-05
14.832,0.0156372253750171,-5.47562407050006e-05
14.833,0.015636592083132,-5.47256750537684e-05
14.834,0.0156351812822188,-5.52581032263744e-05
14.835,0.0156276659277275,-5.60489075592807e-05
14.836,0.0156257885215385,-5.36538761793937e-05
14.837,0.015574858419394,-6.61314633195742e-05
14.838,0.0155205744217152,-8.02214638242482e-05
14.839,0.0154706717763876,-9.3812457453879e-05
14.84,0.0154716012907248,-0.0001047964624179
14.841,0.0154755800197774,-0.000113346005654491
14.842,0.0154762129134756,-0.000119200311964662
14.843,0.0154805361475795,-0.000119139684051306
14.844,0.0155467051679858,-0.000111586739326541
14.845,0.0155995522560124,-0.000101639966414768
14.846,0.0156512970351339,-8.75088148052927e-05
14.847,0.0156999287259098,-6.76348030559382e-05
14.848,0.0157271494321761,-5.80201958889082e-05
14.849,0.0157329900011476,-5.3620657102238e-05
14.85,0.0157455784559774,-4.87923585624772e-05
14.851,0.0157434048686801,-4.49007042816474e-05
14.852,0.0156778062665673,-5.86401487968069e-05
14.853,0.0156183585613712,-7.35690786364818e-05
14.854,0.015559230339418,-8.86235161712823e-05
14.855,0.0155015905661357,-0.000102927308480161
14.856,0.015443824470905,-0.000115293626654633
14.857,0.0154406389857423,-0.000125711556980268
14.858,0.0154488973834382,-0.000131921922835176
14.859,0.0154520777836166,-0.000135088072781064
14.86,0.015455874704807,-0.000133679756359473
14.861,0.0155121284899201,-0.000127824613377292
14.862,0.0155575835392632,-0.000122003813862126
14.863,0.0156242184439614,-0.00011019643996768
14.864,0.0156823322448545,-9.45535309101464e-05
14.865,0.015751960581802,-7.0907035762735e-05
14.866,0.015816201501266,-4.07971767969473e-05
14.867,0.015841521260657,-2.33354471594338e-05
14.868,0.0158523891668638,-1.03579318667668e-05
14.869,0.0158656935989158,2.50606360352457e-06
14.87,0.0158663066406552,1.41815663773914e-05
14.871,0.0157987277694303,4.47102141359901e-06
14.872,0.0157394025678133,-8.57449273278243e-06
14.873,0.0156799128212561,-2.3479916686775e-05
14.874,0.0156220161607564,-3.86065202849784e-05
14.875,0.0155602450435923,-5.37163326665424e-05
14.876,0.0155480810668409,-6.73672351462762e-05
14.877,0.0155414632098335,-7.92143110686094e-05
14.878,0.0155320693539473,-8.93437970866939e-05
14.879,0.0155373851365222,-9.21509364724127e-05
14.88,0.0155432112076188,-8.9437510551682e-05
14.881,0.0155949865615205,-8.2506599769383e-05
14.882,0.0156401094942533,-7.5229245631081e-05
14.883,0.0157043062161872,-6.20961745946835e-05
14.884,0.0157599993869467,-4.52606519895649e-05
14.885,0.0157733790901716,-4.12864250971534e-05
14.886,0.0157769882938892,-4.13615065767425e-05
14.887,0.0157843253285001,-4.17455988917514e-05
14.888,0.0157791806793033,-4.30910664807604e-05
14.889,0.0157810976697132,-4.14059369249764e-05
14.89,0.0157771172011271,-3.72311059627095e-05
14.891,0.0157126459408029,-5.07839100246654e-05
14.892,0.0156553299528711,-6.5732640099625e-05
14.893,0.0155930475755337,-8.12973512490656e-05
14.894,0.0155947017681766,-9.20231236192226e-05
14.895,0.0156015477230068,-9.43285917357484e-05
14.896,0.015605812588081,-8.91840591761839e-05
14.897,0.0156175570912793,-7.41717772179684e-05
14.898,0.0156269389092251,-5.31665920567859e-05
14.899,0.015641036847777,-2.50105594053474e-05
14.9,0.0156568575835754,9.94703153950338e-06
14.901,0.0156958826819695,4.7158775551448e-05
14.902,0.0157635784489891,9.21357573651083e-05
14.903,0.0158235261980744,0.00014207789447751
14.904,0.0158930682452245,0.000200291536205544
14.905,0.0159545558074622,0.000265389561892149
14.906,0.0160330085546021,0.000341042151668358
14.907,0.0160453646409168,0.000396165956215777
14.908,0.0160547083463409,0.00044528192087856
14.909,0.0160326763093263,0.000472035471977661
14.91,0.0159796930620449,0.000487044911265444
14.911,0.0159305638713425,0.00049854114874609
14.912,0.0158798905258078,0.00050769082196106
14.913,0.0158295005384687,0.000516111562164356
14.914,0.0157838416967857,0.000517288979155817
14.915,0.0157397756508137,0.000514700372248544
14.916,0.0156950573709293,0.000509871547904661
14.917,0.0156505058402512,0.000504380568203733
14.918,0.0156071640369874,0.000499532649098966
14.919,0.0155665694218546,0.000496488768918613
14.92,0.0155191179007739,0.000486572955845976
14.921,0.0154474970115389,0.000471395569334288
14.922,0.0153794108887975,0.000456697535866468
14.923,0.0153105687914664,0.000442849780856014
14.924,0.0153161506798717,0.000431840925333049
14.925,0.0153129518618186,0.000421742730108698
14.926,0.0153053947843548,0.000413167089035382
14.927,0.0153625603334991,0.000407940300131415
14.928,0.0154096407091271,0.000403474983223351
14.929,0.0154662008372798,0.000402941236377685
14.93,0.0155214533167015,0.00040616556004941
14.931,0.0155737065540236,0.000413776070119498
14.932,0.0156338290608508,0.000426739877990412
14.933,0.0156890990026347,0.000444147397871519
14.934,0.0157422652193736,0.000460046901510358
14.935,0.0157334684162713,0.000456916211740266
14.936,0.0157320906532539,0.000449480726529727
14.937,0.0157136170730953,0.000439498266451122
14.938,0.0156982195316845,0.000433820297747411
14.939,0.0156568692735493,0.000421343146629227
14.94,0.0155938697231142,0.000407066157739111
14.941,0.0155969497825895,0.000399243286191897
14.942,0.0155873988568362,0.000392459127053657
14.943,0.0155969963338769,0.000392948119186387
14.944,0.0156057495580949,0.000399161979986351
14.945,0.0156275349181319,0.000413380091712934
14.946,0.015641502881062,0.000434950098586184
14.947,0.0156264110758934,0.000448984813700759
14.948,0.0156157388833899,0.000463977215096334
14.949,0.0155986091178037,0.000465597098520232
14.95,0.0155490101903361,0.000459262954298212
14.951,0.0155031334477385,0.000451270398181103
14.952,0.0154507132286664,0.000441715939246801
14.953,0.0153942322026183,0.000431373849871686
14.954,0.0153347900011011,0.000420328999070629
14.955,0.0152685746587562,0.000409294506947933
14.956,0.0152009767489608,0.000397704848079716
14.957,0.0151249603809316,0.000386095503940864
14.958,0.0150482856297097,0.00037475943800136
14.959,0.0150291930042498,0.000368323941352833
14.96,0.0150013713061696,0.000363053835527649
14.961,0.0149909202197604,0.000362435181516185
14.962,0.0149802778575277,0.000364515963703127
14.963,0.0149723269703202,0.000369571783911615
14.964,0.015032940371123,0.000376585706876598
14.965,0.0150870652856883,0.000381282071927391
14.966,0.0151675311235544,0.000388527328609889
14.967,0.0152470744164919,0.000396282371883772
14.968,0.0152715000363396,0.000384854160744574
14.969,0.015282161096583,0.000366116768891644
14.97,0.015294552104277,0.000345310763975204
14.971,0.0152906040583714,0.000322409962148273
14.972,0.0152914436469799,0.000302590758401888
14.973,0.0152903242673844,0.000286068403043183
14.974,0.0152400376539322,0.000256984688567607
14.975,0.0152290691635531,0.000227427923914503
14.976,0.0152479206312524,0.000204653715894176
14.977,0.015265230085874,0.000187010008308452
14.978,0.0152895180356116,0.00017726257638595
14.979,0.0153145306721733,0.000175264278441112
14.98,0.0153393481641192,0.000181185616430934
14.981,0.0153827979845462,0.000193084297388568
14.982,0.0154441041268826,0.000212848185975612
14.983,0.015500765073371,0.000238397637398413
14.984,0.0155121744400756,0.000250491091182858
14.985,0.0155105700503105,0.000258470760415241
14.986,0.0155137145391657,0.000266723403927638
14.987,0.0154691616353551,0.00025694346762839
14.988,0.0154253728070989,0.000244248551128423
14.989,0.0153806125116897,0.000229551891192781
14.99,0.015343855110064,0.000215494958507478
14.991,0.0152863424091082,0.000199287157828465
14.992,0.0152340742864726,0.000185640102578544
14.993,0.0152176080561445,0.000170646703572586
14.994,0.0152213434913945,0.000159814218740395
14.995,0.0152635156734292,0.0001478319627643
14.996,0.0153276520510476,0.00013928597484647
14.997,0.0153907137029581,0.000132418751194796
14.998,0.015457605475613,0.000129680429731827
14.999,0.0155292071909227,0.00013240020839117
15,0.0156050773127679,0.000141299054785105
15.001,0.0156839918945646,0.000155607282917858
15.002,0.0157663185390962,0.000175914474393579
15.003,0.0158519078692782,0.000202417919696551
15.004,0.0159374383061976,0.000229493710343864
15.005,0.0159595059212076,0.000237424476295878
15.006,0.015937539446886,0.000235394745824624
15.007,0.015924711762925,0.000234903739789349
15.008,0.0158639212819816,0.000222948811603896
15.009,0.0158046323521005,0.000212133177720952
15.01,0.0158080874106656,0.000207538839956889
15.011,0.0158143343406708,0.000206709750500744
15.012,0.0158260249024599,0.000213322697382057
15.013,0.015868917335037,0.00022437236582673
15.014,0.0159214799520559,0.000242225889268366
15.015,0.0159728716482087,0.000265434985455615
15.016,0.0160381691013723,0.000298111783045008
15.017,0.0160957532373818,0.000337419559161667
15.018,0.0161407152409544,0.000371867361099121
15.019,0.0161575802626516,0.000405162357406563
15.02,0.0160971181728202,0.000418313953864657
15.021,0.0160461210508551,0.000432128764166317
15.022,0.0159804524205596,0.000444904403406721
15.023,0.0159284526414446,0.000462297886505036
15.024,0.015908750210414,0.000484300245089553
15.025,0.0159104953972837,0.00051386282263266
15.026,0.0159067942152789,0.000548253589687075
15.027,0.0159074300710891,0.000590210744959296
15.028,0.0159073608217133,0.000638910415160399
15.029,0.0159706632643218,0.00069173951572149
15.03,0.0160453492601099,0.00074770879842756
15.031,0.0161145572447064,0.000805509401231252
15.032,0.0161456248562523,0.000842010277077088
15.033,0.0161504236362825,0.000868744306786129
15.034,0.016161036919856,0.000892541137195224
15.035,0.016164642442583,0.000913438899087626
15.036,0.0161731141005619,0.000933893458378521
15.037,0.0161070340260308,0.000929173356283008
15.038,0.0160451249673334,0.000919330777202132
15.039,0.0159778735716199,0.00090347599722046
15.04,0.0159059819254574,0.000882633527969967
15.041,0.0158978688615763,0.00086305826844213
15.042,0.0158929021068513,0.000842499878430325
15.043,0.01588507433779,0.000821406048918394
15.044,0.0158819505220514,0.000801680190921139
15.045,0.0158712574542205,0.000782620334630058
15.046,0.015873096099276,0.000767199693892051
15.047,0.0158699573577354,0.000754325553244228
15.048,0.0159193793019319,0.000741815987088335
15.049,0.0159286873761143,0.000705832720165833
15.05,0.0159203354031098,0.000658719922215723
15.051,0.0159178284535816,0.000606091975575318
15.052,0.0159103866512411,0.000548578776808251
15.053,0.0159068353874969,0.000488668923772473
15.054,0.0158934993908089,0.00042604448653899
15.055,0.0158871805929284,0.000363593278110808
15.056,0.0158649511408554,0.000299440859107547
15.057,0.0158025603210383,0.00022382544747046
15.058,0.0157979598878911,0.000149382892152938
15.059,0.0157879948288956,7.23914334028186e-05
15.06,0.0157852939312098,-4.31130809980251e-06
15.061,0.0157816893979859,-8.023936032725e-05
15.062,0.0157862000438827,-0.000152344349758027
15.063,0.0158376468744364,-0.000220513702919145
15.064,0.0158858603398396,-0.000287329705936812
15.065,0.0159327763495488,-0.000352014599399708
15.066,0.0159845379412933,-0.000411813175599796
15.067,0.0160392029627413,-0.000466755342451997
15.068,0.0160895998071942,-0.000517609237967898
15.069,0.0161118894475652,-0.000575241837913965
15.07,0.0161340359046978,-0.000632824584041236
15.071,0.0161570928473193,-0.00068881053704295
15.072,0.0161764999149169,-0.000742919920089846
15.073,0.0161571989325892,-0.000806371000221073
15.074,0.0161365765581009,-0.000869720919331907
15.075,0.016101464374774,-0.000933240744591557
15.076,0.0160673874483024,-0.000993585168861444
15.077,0.0160550267345286,-0.00105133399311819
15.078,0.0160544368980418,-0.00110420232097314
15.079,0.0160454918536985,-0.00115419320343224
15.08,0.0160509194407291,-0.00119723420443868
15.081,0.0160961586099817,-0.00123462061668389
15.082,0.0161380558508545,-0.00126924718909371
15.083,0.0161773361526522,-0.00129964740068383
15.084,0.0162124005504408,-0.00132597366172987
15.085,0.0162588420176627,-0.00134325818415126
15.086,0.0163061297282641,-0.00135317163530779
15.087,0.0163049123358773,-0.00137410366233881
15.088,0.0163102140980725,-0.00139199626693781
15.089,0.016316060320649,-0.00140706902699506
15.09,0.016284259128643,-0.00143261804308559
15.091,0.0162547775391125,-0.00145832372200849
15.092,0.0162254304908437,-0.00148346618113149
15.093,0.0161977652665115,-0.00150645892274398
15.094,0.0161560867999966,-0.00152839083541589
15.095,0.0161148407312189,-0.00154615388276669
15.096,0.0160955755448391,-0.00156018038315897
15.097,0.0160892950238074,-0.00156792783237075
15.098,0.0160745703584711,-0.00157196794796371
15.099,0.0161050589201111,-0.00157347252641277
15.1,0.0161511273440628,-0.00156849707577278
15.101,0.0161887086813626,-0.00155968705391502
15.102,0.016233198248413,-0.00154481224411795
15.103,0.0162683915204067,-0.00152525454096181
15.104,0.0162795184731969,-0.00151487297354624
15.105,0.0162720773911221,-0.00150723664985591
15.106,0.0162705007855642,-0.00149737650630821
15.107,0.0162639932024936,-0.0014850920062085
15.108,0.0162147980341716,-0.00148455308258433
15.109,0.0161602809133635,-0.00148600277051952
15.11,0.0161107374113541,-0.00148605386302342
15.111,0.0161047254710493,-0.00148146055067755
15.112,0.0161094039094362,-0.00147185009401146
15.113,0.0161088680569394,-0.00145824160470387
15.114,0.0161029199403939,-0.00143983292151362
15.115,0.0161025164790735,-0.00141560091420145
15.116,0.0161592890252577,-0.0013848970785213
15.117,0.0162042837454047,-0.00135180704531063
15.118,0.0162617755948502,-0.00131291759407931
15.119,0.0162655328508533,-0.00129106416947433
15.12,0.0162770304298365,-0.00126935220064361
15.121,0.0162750922555444,-0.00124915137226533
15.122,0.0162801496140222,-0.00122616749902227
15.123,0.0162692466858302,-0.00120233971273048
15.124,0.0162022569720422,-0.00119330199366796
15.125,0.0161389811310967,-0.0011846550108956
15.126,0.0160755337520768,-0.00117555023172261
15.127,0.016080047104042,-0.00116068060817415
15.128,0.0160720277025539,-0.00114563593150446
15.129,0.0160739119600083,-0.00112537829952375
15.13,0.0160727429298073,-0.00110040597410371
15.131,0.0160680726182483,-0.00106976186493096
15.132,0.0160634402547732,-0.0010337400411452
15.133,0.016120729724357,-0.000991575681691059
15.134,0.0161630550382999,-0.000948092441617032
15.135,0.0162157037468935,-0.000899571936329502
15.136,0.016207810258336,-0.000870228458226097
15.137,0.0162045637995043,-0.000842899186498047
15.138,0.0162003719257624,-0.00081657861621709
15.139,0.0161887232745424,-0.000792141683677305
15.14,0.0161845345357226,-0.0007637203046304
15.141,0.0161703791453878,-0.000733531037231783
15.142,0.0161151013651571,-0.00071752491967908
15.143,0.0160412200853465,-0.0007056683386924
15.144,0.0159678780164985,-0.00069357494008887
15.145,0.0159698460223404,-0.000675204864975132
15.146,0.0159570295857585,-0.000656597532286196
15.147,0.015951491302859,-0.000634194125987864
15.148,0.0159443945907789,-0.00060779395496946
15.149,0.0159394744274403,-0.00057433205939289
15.15,0.0159502043133534,-0.000532607241770733
15.151,0.0160183985356216,-0.00048532775461757
15.152,0.0160791254657786,-0.000435292821796496
15.153,0.0160832426646566,-0.000405885795118632
15.154,0.0160838661241797,-0.000381998698095354
15.155,0.0160876120529359,-0.00035997927918674
15.156,0.0160867888851011,-0.000339181263038668
15.157,0.0160813664071157,-0.000319362634148335
15.158,0.0160833559578852,-0.000295828038915369
15.159,0.016060613656833,-0.000272377923273615
15.16,0.0159883771561145,-0.000263286503987714
15.161,0.0159136316314554,-0.000257068776938429
15.162,0.0158992941362775,-0.000249040773647791
15.163,0.0158987983068483,-0.000238086715218577
15.164,0.0158891555493474,-0.000225594662921824
15.165,0.0158917086014271,-0.000207134526140407
15.166,0.0158857594254363,-0.000184546065478464
15.167,0.0158972327787099,-0.000153375173761683
15.168,0.0159618209586584,-0.000117381419577789
15.169,0.0160140871143938,-8.15833997432347e-05
15.17,0.0160910109931856,-3.72133643603001e-05
15.171,0.0161067882352284,-1.31822884167354e-05
15.172,0.0161163737674605,5.62108874080369e-06
15.173,0.0161321335248981,2.20056598162488e-05
15.174,0.0161310702211151,3.75751428855486e-05
15.175,0.0161380445098877,5.54829096359177e-05
15.176,0.0160882617048677,5.62961455545241e-05
15.177,0.0160241150510601,5.3179405336834e-05
15.178,0.0159677606701809,5.09231378104658e-05
15.179,0.0159064563904899,4.87719333792658e-05
15.18,0.0159141751363551,5.21617487621584e-05
15.181,0.0159093645106296,5.59058218547737e-05
15.182,0.015914361013419,6.35658662316851e-05
15.183,0.0159143364383474,7.46289691055946e-05
15.184,0.0159261632463779,9.26715118305665e-05
15.185,0.0159989798427589,0.000116356258968608
15.186,0.0160672313047311,0.000141689714774462
15.187,0.0161273048048142,0.000170617678930063
15.188,0.0161959404377349,0.00020570158146116
15.189,0.0161996244399879,0.000220608304160985
15.19,0.0162031666037215,0.000232263036917812
15.191,0.0162101940722053,0.000243263070543953
15.192,0.016199905708309,0.000250974956170269
15.193,0.0161935441614411,0.000261664879406098
15.194,0.016145036263763,0.000256688331813137
15.195,0.0160922613399259,0.000247860751220574
15.196,0.0160328557020167,0.000236939946037906
15.197,0.0159795561818565,0.000226955472278356
15.198,0.0159829230776183,0.000220216868984158
15.199,0.015986864400758,0.000214290400752881
15.2,0.0159894691837438,0.000211747726117983
15.201,0.0159917958352397,0.000213051087490534
15.202,0.0159985528176372,0.000220488967209165
15.203,0.0160660598716953,0.000233193074253513
15.204,0.0161270113854626,0.000246723709081909
15.205,0.0161862849455748,0.000264108362825144
15.206,0.0162400712100266,0.000285896179642309
15.207,0.0163037274043764,0.000314247057869976
15.208,0.0162977093130232,0.000322061436039245
15.209,0.0162994221904774,0.000328903718200046
15.21,0.0162948680131992,0.000334475421909064
15.211,0.0162954746691438,0.000341289036845882
15.212,0.0162313380085738,0.000328630721819101
15.213,0.0161654480831484,0.000314102172997488
15.214,0.0161001091359237,0.000299016489804071
15.215,0.0160359714925048,0.000284397046534823
15.216,0.0160413680822163,0.000275372449614952
15.217,0.0160433226714062,0.000268161967773073
15.218,0.0160354276271137,0.000263024896282715
15.219,0.0160450515439833,0.000264566884262463
15.22,0.0160552984799479,0.00027126111521325
15.221,0.0161148284850916,0.000281650599454897
15.222,0.0161829521612753,0.000297784729791695
15.223,0.0162411234256701,0.000317422687928615
15.224,0.0162574965503845,0.000320935496074037
15.225,0.0162598893973219,0.000318836608296291
15.226,0.016268183762999,0.000316352171099654
15.227,0.0162668580121637,0.000312962346252277
15.228,0.0162712697553394,0.000312111566417916
15.229,0.0162169489698641,0.000294660588910478
15.23,0.0161653849154678,0.000275444808674363
15.231,0.0161186404102781,0.000256696503809717
15.232,0.0161141376510065,0.000239933170852691
15.233,0.0161295013094207,0.00022818120267043
15.234,0.0161421403207896,0.00021970475162042
15.235,0.0161474929301038,0.000214818090179092
15.236,0.0161627616981616,0.000216551558607558
15.237,0.0162339720560044,0.000223883699527694
15.238,0.0162930137532684,0.000232781669681825
15.239,0.0163473668699874,0.000244500014503324
15.24,0.0164011651865105,0.000261750333773847
15.241,0.0164037413389112,0.000261942933423465
15.242,0.0164051155535671,0.000261199863457295
15.243,0.0164042270357479,0.00025996830382341
15.244,0.0164044091857381,0.000259617233420328
15.245,0.0163527503254507,0.000243066417493942
15.246,0.0163054323990853,0.000224472774389584
15.247,0.0162544534012805,0.000204150238187817
15.248,0.0162074067909242,0.000185382504179099
15.249,0.0161492327571872,0.000166885625580371
15.25,0.0161514337284126,0.00015428233507625
15.251,0.0161482499333599,0.000143184699031851
15.252,0.0161380880563005,0.000135325738308323
15.253,0.0161449726629789,0.000133235026381906
15.254,0.0162170160486219,0.000136541006251822
15.255,0.0162769369340578,0.000140401801801304
15.256,0.0163388721777662,0.000148076716211476
15.257,0.0163902366425587,0.000158671357350981
15.258,0.0164570938760039,0.000176956707791442
15.259,0.0164627581133746,0.00017747762369047
15.26,0.0164701426083444,0.000175742684354219
15.261,0.0164654215095693,0.000170698924969237
15.262,0.0164651859461338,0.000167623865042932
15.263,0.016457506991674,0.000165984947659348
15.264,0.0164035556585641,0.000148742402710955
15.265,0.0163376788921462,0.000127481192623013
15.266,0.0162750341457601,0.00010598506966697
15.267,0.0162746569528554,8.89527296400461e-05
15.268,0.0162783640931932,7.44680718053892e-05
15.269,0.0162776614814298,6.25805141697411e-05
15.27,0.0162681904105638,5.39534466431069e-05
15.271,0.0162763361683698,5.25321008018609e-05
15.272,0.0163440192351588,5.75337986327695e-05
15.273,0.0164007508264708,6.45237773188034e-05
15.274,0.0164683886813747,7.76639208408536e-05
15.275,0.0165270455089922,9.41759220589033e-05
15.276,0.0165525232301188,9.85007848348651e-05
15.277,0.0165562823420093,9.71267912563412e-05
15.278,0.0165658613954426,9.61713597473768e-05
15.279,0.0165675448317548,9.4982908623864e-05
15.28,0.0165057174481626,7.59728414930771e-05
15.281,0.0164489758431771,5.53618875215878e-05
15.282,0.0163927753121428,3.41496737439329e-05
15.283,0.0163408165699612,1.38780061565424e-05
15.284,0.0162842282954651,-5.63231291195176e-06
15.285,0.0162644275596569,-2.37961005583043e-05
15.286,0.0162691585769426,-3.60254886509481e-05
15.287,0.0162651168810449,-4.50317889970075e-05
15.288,0.016275250638212,-4.6846946839818e-05
15.289,0.0162775363116691,-4.42176071073774e-05
15.29,0.0163196540405926,-4.04530842370021e-05
15.291,0.0163785685263604,-3.16346190049055e-05
15.292,0.0164261804776032,-2.01175120735919e-05
15.293,0.016490280591852,-1.52267438713327e-06
15.294,0.016544127925461,2.16549505885344e-05
15.295,0.0165564160209525,2.98093707615799e-05
15.296,0.0165536955347779,3.27388730993472e-05
15.297,0.0165527314358399,3.506821262933e-05
15.298,0.0165511750572554,3.77974258333746e-05
15.299,0.0165351541757932,3.96144156156741e-05
15.3,0.0164592251871221,2.34642455047007e-05
15.301,0.0163938895276147,5.63581245260902e-06
15.302,0.0163304166281514,-1.29728169460108e-05
15.303,0.0162692820759151,-3.10079631188898e-05
15.304,0.0162546871383987,-4.71277615187726e-05
15.305,0.0162586481213286,-5.86632420775945e-05
15.306,0.0162494237937975,-6.84117186629529e-05
15.307,0.0162569967766979,-7.2014919640595e-05
15.308,0.0162638956233688,-7.04825993467217e-05
15.309,0.0162803089546423,-6.13730963846537e-05
15.31,0.016360030090297,-4.61631263734552e-05
15.311,0.0164235731739508,-2.99667715036311e-05
15.312,0.0164935949878745,-9.49909944031324e-06
15.313,0.016559655244054,1.59360691881494e-05
15.314,0.0165765071270221,2.33267246050883e-05
15.315,0.016578115846859,2.45321766242923e-05
15.316,0.0165798344470604,2.36806221252106e-05
15.317,0.0165825083542819,2.37110834616638e-05
15.318,0.0165835701403664,2.46181764786968e-05
15.319,0.0165701509571989,2.49583919722518e-05
15.32,0.0165028478833109,9.15680018437337e-06
15.321,0.0164414414413516,-8.50832320598016e-06
15.322,0.016375515353507,-2.75357480059024e-05
15.323,0.0163131585705792,-4.56739810000828e-05
15.324,0.0163017769823778,-6.18061201712594e-05
15.325,0.016298024121406,-7.58106247514823e-05
15.326,0.0162874148608131,-8.79059106121405e-05
15.327,0.0162925731237246,-9.31144774248827e-05
15.328,0.0162923653877514,-9.395572746973e-05
15.329,0.0163390644793266,-9.21402225068091e-05
15.33,0.0163953280979481,-8.47733508151927e-05
15.331,0.016439758083613,-7.44007226413101e-05
15.332,0.0165007777583501,-5.65685489338219e-05
15.333,0.016556872079112,-3.4294995965134e-05
15.334,0.0165643753284215,-2.62407413292864e-05
15.335,0.0165636938113609,-2.2029798232015e-05
15.336,0.0165584472271747,-1.98874628281054e-05
15.337,0.0165582819999402,-1.55164644418115e-05
15.338,0.01651374538895,-2.74955688530643e-05
15.339,0.0164674944690198,-4.26625927187341e-05
15.34,0.0164187236303231,-5.96905716568341e-05
15.341,0.0163749537992482,-7.63178837850376e-05
15.342,0.0163299085815592,-9.14245149380433e-05
15.343,0.0163139297085303,-0.000106026042695995
15.344,0.0163210608323904,-0.000114484858309227
15.345,0.0163270821157875,-0.000118902920825448
15.346,0.0163242090303376,-0.000118816073527483
15.347,0.0163589380800932,-0.000118128107520321
15.348,0.0164130809016594,-0.000111605836617734
15.349,0.0164556522554942,-0.00010220233847924
15.35,0.0165179302170576,-8.5696196348517e-05
15.351,0.0165728696825093,-6.40951125546185e-05
15.352,0.0165752900891245,-5.80189336047976e-05
15.353,0.0165735732058653,-5.45190412168384e-05
15.354,0.0165730940576034,-5.10985416153908e-05
15.355,0.0165555975603514,-4.94793828926809e-05
15.356,0.0164798644062839,-6.53877771744638e-05
15.357,0.0164142025535417,-8.28638654282177e-05
15.358,0.0163548978517327,-0.000100381411408113
15.359,0.0162922943318637,-0.000118124070569103
15.36,0.0162935444764225,-0.000130762366225112
15.361,0.0162896064822131,-0.00014224298657084
15.362,0.0162862686633021,-0.000149890413565168
15.363,0.0162784788221363,-0.000153041229427997
15.364,0.016284177010793,-0.000149184214483122
15.365,0.0162885995928199,-0.000139577783924039
15.366,0.0163427489510903,-0.000124923163456414
15.367,0.0163854518973127,-0.000109850377684517
15.368,0.0164509996185664,-8.81959292649004e-05
15.369,0.0165127085353054,-6.23481802002335e-05
15.37,0.0165146086064465,-5.50692135926623e-05
15.371,0.0165050081506754,-5.33061298514936e-05
15.372,0.0164984388514661,-5.22560843753128e-05
15.373,0.0164780047545126,-5.35072768360623e-05
15.374,0.0164635477126151,-5.18290863760762e-05
15.375,0.0164480804342915,-4.74831056897496e-05
15.376,0.0163910935677186,-5.85401145044573e-05
15.377,0.0163255093910958,-7.41173210319079e-05
15.378,0.0162646282653067,-8.98292037106452e-05
15.379,0.0162690525243701,-0.000101966447792035
15.38,0.0162729908354321,-0.00011254917122705
15.381,0.0162737450169725,-0.000120124197012128
15.382,0.0162763773806,-0.000122240655668349
15.383,0.0162745633856368,-0.000119147178188173
15.384,0.0162865802581114,-0.000107328361696857
15.385,0.016359270786207,-8.90038330023657e-05
15.386,0.0164157403954812,-6.89890836121365e-05
15.387,0.0164900361680688,-4.31331910248911e-05
15.388,0.0164906393638393,-3.87927468225024e-05
15.389,0.0164834171598628,-3.96050970856709e-05
15.39,0.0164817184763028,-4.08863314899088e-05
15.391,0.0164664507107033,-4.45873197674751e-05
15.392,0.0164567103295346,-4.59514595642641e-05
15.393,0.0164343744046788,-4.7073064176284e-05
15.394,0.0163640119329799,-6.29740865602524e-05
15.395,0.0162982835030076,-7.91293882279054e-05
15.396,0.0162293073512511,-9.38134446186734e-05
15.397,0.0162307851688471,-0.000100045052832454
15.398,0.016231762929386,-9.8493030235125e-05
15.399,0.0162336323616818,-8.85107210467084e-05
15.4,0.0162385629789563,-7.01753676622952e-05
15.401,0.0162459697411164,-4.46095951384673e-05
15.402,0.0162550547657544,-1.21424135565151e-05
15.403,0.0162684965682247,2.71327019112366e-05
15.404,0.0162780160090396,7.22764660894826e-05
15.405,0.0163415894825907,0.000124787692973582
15.406,0.016394549837443,0.000180597797829918
15.407,0.0164653853660756,0.000244786972750766
15.408,0.0165258380574618,0.000314216922699784
15.409,0.0165512920540828,0.000365108690563054
15.41,0.0165421901196853,0.000403021546844295
15.411,0.016528096623377,0.00043467810041109
15.412,0.0165113520595527,0.000461732221690936
15.413,0.0164757191933143,0.000473061355744153
15.414,0.0164144393233963,0.00047708966862825
15.415,0.0163614534714291,0.000481556969250174
15.416,0.0163038380791499,0.000486211964900451
15.417,0.0162494001481276,0.000493256856431035
15.418,0.0161934010343195,0.000503056553833758
15.419,0.0161332831505172,0.000504417910315191
15.42,0.0160768944188933,0.000501785241639574
15.421,0.0160186670897926,0.00049641579475157
15.422,0.0159594663467575,0.000489977990215273
15.423,0.0159007398166639,0.000483913898053134
15.424,0.0158431842676552,0.00047926514237745
15.425,0.0158311440328982,0.00047686747841702
15.426,0.0158085524154019,0.000473325345905884
15.427,0.015826072934614,0.00047028386425535
15.428,0.015864678515995,0.0004694604553519
15.429,0.0158955872901041,0.000467668789848275
15.43,0.0159453521780372,0.000470890792387657
15.431,0.0159905223707409,0.000477349608797084
15.432,0.016033367359273,0.000488275500700186
15.433,0.0160778769551987,0.000505494141305574
15.434,0.0160854104265377,0.000515210854711678
15.435,0.0160786988062582,0.000526671017871128
15.436,0.0160701633740681,0.000544295836109099
15.437,0.01602124741541,0.000547971318812568
15.438,0.015950126649082,0.000546766365691731
15.439,0.0159541979084311,0.000548363399866691
15.44,0.0159439400370172,0.000546898245940286
15.441,0.0159465389328227,0.000549015529616115
15.442,0.0159474555873042,0.000555094458921823
15.443,0.0159518348311287,0.000568932007196654
15.444,0.0159553548027177,0.000593067181918983
15.445,0.0159602484211892,0.000630703039612102
15.446,0.0159317064590762,0.00066042019833551
15.447,0.0159102277844835,0.00067881890180288
15.448,0.0158851066667149,0.000690954403278654
15.449,0.0158577186977187,0.000698026958747766
15.45,0.0158271253911775,0.000700992529930444
15.451,0.0157980504222136,0.000701280097217982
15.452,0.0157541375272026,0.000698011770338902
15.453,0.0157128669533233,0.000693652450828308
15.454,0.0156657355035379,0.000688279064154917
15.455,0.0156122570937115,0.000672184955251176
15.456,0.015557932980055,0.000651277660587313
15.457,0.0154982637820718,0.000626147332488891
15.458,0.0154391330302459,0.000599297779289187
15.459,0.0153781281643096,0.000571665402509192
15.46,0.0153158015843801,0.000544204780441038
15.461,0.0152562412514426,0.000518769452913403
15.462,0.0151973304803703,0.000495920645329717
15.463,0.015224451315098,0.000474019197657882
15.464,0.0152448714882122,0.000448850147393209
15.465,0.0152695334270521,0.000425011498142169
15.466,0.0152899009622753,0.000401781313623228
15.467,0.0153193394489993,0.000382565342809893
15.468,0.0153397608666972,0.000363239397936865
15.469,0.0153857922543221,0.000351375919444841
15.47,0.0154289988668031,0.000344857971421586
15.471,0.0154797003960506,0.000347023957029902
15.472,0.0155292380727664,0.000356407058326735
15.473,0.0155795052667419,0.000370648062743506
15.474,0.0156291495998922,0.00039078869936604
15.475,0.0156236093704187,0.00039515824809544
15.476,0.0156332131420287,0.000398490850704425
15.477,0.0156364608461165,0.000400076969182206
15.478,0.0156451510670029,0.000402638455907045
15.479,0.0156056148482555,0.000390024515416365
15.48,0.0155582169716033,0.000374645012661989
15.481,0.0155164173193332,0.000359254668357234
15.482,0.0154664268693002,0.000342818175139703
15.483,0.0154225753468486,0.000327841581402866
15.484,0.0153939979608528,0.000309929642185514
15.485,0.0153894871021052,0.00029566003442244
15.486,0.0154142671719182,0.000279388931889724
15.487,0.0154658173453012,0.000265642843777447
15.488,0.0155132973682976,0.000251446566759184
15.489,0.0155695425497694,0.000240263050772627
15.49,0.0156241610535461,0.000230328670417168
15.491,0.0156837069088949,0.000224199269762859
15.492,0.0157460538388457,0.000222366944341912
15.493,0.0158120077298545,0.000225318561295429
15.494,0.0158804365800717,0.000232158192669418
15.495,0.0159429190915966,0.00023593402834976
15.496,0.0159485149547405,0.000219573455103095
15.497,0.0159474686674848,0.000195445044626041
15.498,0.0159522374740664,0.000167858535336352
15.499,0.0159338753145592,0.000134959915457422
15.5,0.0159195400430529,0.000102452314166945
15.501,0.0159010487271225,7.00808190740032e-05
15.502,0.0159148748117789,4.02877873164065e-05
15.503,0.0159282657482098,6.93793748279825e-06
15.504,0.0159673361386437,-2.19029411234195e-05
15.505,0.0160027104992504,-4.90492945227627e-05
15.506,0.0160397414763997,-7.24144756192313e-05
15.507,0.0160771068254194,-9.09980595888427e-05
15.508,0.0161154305156085,-0.000104699217669313
15.509,0.0161218528262837,-0.000126107150931143
15.51,0.0160875526600628,-0.000161822209115203
15.511,0.0160462870157233,-0.000200783305013719
15.512,0.0160079855316727,-0.000240211857678585
15.513,0.0159680882912767,-0.000279670523855136
15.514,0.0159653307555156,-0.000315946831057345
15.515,0.015970465700705,-0.000347902956282509
15.516,0.0159732252723209,-0.000376865293237827
15.517,0.0159819976730438,-0.000400522915935952
15.518,0.0160222277312929,-0.000421337891813311
15.519,0.0160735559922926,-0.000437941907716788
15.52,0.0161237225789609,-0.000452060529243292
15.521,0.0161746880745911,-0.000462150597129896
15.522,0.0161887751564493,-0.000482733193975682
15.523,0.0162067640269366,-0.000501918203454133
15.524,0.0162125345845106,-0.000522334434905403
15.525,0.0162260607919683,-0.000539553274729043
15.526,0.0161933046994612,-0.000569889044820915
15.527,0.0161630097477029,-0.000601019066571729
15.528,0.0161365123121508,-0.000636026245161514
15.529,0.0161345918372772,-0.000665423838212609
15.53,0.0161307488068594,-0.000692350103334682
15.531,0.0161326232734778,-0.000713849595180671
15.532,0.0161334735711579,-0.000731178583768588
15.533,0.0161708597577444,-0.000743520609447268
15.534,0.0162212772969048,-0.000751062532272084
15.535,0.0162656236366414,-0.000756096522071092
15.536,0.0163210861781705,-0.000755694111536032
15.537,0.0163694855241015,-0.000750758157729015
15.538,0.0163936871907247,-0.000755739430022884
15.539,0.0164060137292454,-0.000762982171695459
15.54,0.0164218855517887,-0.000769554315972309
15.541,0.016426551906245,-0.000776324070148771
15.542,0.016377425848569,-0.000798593450157092
15.543,0.0163335528214404,-0.000822995616289901
15.544,0.0162823716204552,-0.000849525570322029
15.545,0.0162354925669362,-0.000875241766442769
15.546,0.0162164534465712,-0.000900385995397324
15.547,0.0162132907532861,-0.0009207308694687
15.548,0.0162071342622509,-0.000938759268090728
15.549,0.0162045467559171,-0.000951790089750326
15.55,0.0161970709237992,-0.000962311836945173
15.551,0.0162347824252959,-0.000968957505640411
15.552,0.0162755750100157,-0.000972525975768468
15.553,0.0163138378010052,-0.000973759478625824
15.554,0.0163704383303748,-0.000968706370759964
15.555,0.0163795550260752,-0.000977184592154068
15.556,0.0163968947226923,-0.00098727326627901
15.557,0.0163964029850892,-0.000999953542380416
15.558,0.0164039023842107,-0.00101111627576295
15.559,0.0164001051520277,-0.0010211372522419
15.56,0.0163481000891427,-0.00104472527173188
15.561,0.016301956767588,-0.00106957757295112
15.562,0.0162546150737207,-0.00109529501034428
15.563,0.0162043616793418,-0.00112050519123996
15.564,0.0161942207704432,-0.00114308710769129
15.565,0.0161827636327074,-0.00116417818000536
15.566,0.0161795700127235,-0.00117785751154376
15.567,0.0161715500654345,-0.00118872250127489
15.568,0.0161717647200749,-0.00119143579114139
15.569,0.0162237481746872,-0.00118806844496194
15.57,0.0162720803752331,-0.0011826018358978
15.571,0.0163235664652808,-0.00117259472077086
15.572,0.0163670879872885,-0.00115871350957136
15.573,0.0163982032481675,-0.00115140271812636
15.574,0.0164065778090636,-0.00114812181977092
15.575,0.0164128625867633,-0.00114366048057674
15.576,0.0164194747161653,-0.00113661676128235
15.577,0.0164173043731188,-0.00112738315331162
15.578,0.0163590672247559,-0.00113177216860222
15.579,0.0163083912510129,-0.001135966478227
15.58,0.0162567968733103,-0.00113933585885806
15.581,0.0162488852592535,-0.0011398468460404
15.582,0.0162526133045634,-0.00113568424421234
15.583,0.0162535524786727,-0.00112763830457535
15.584,0.0162538292162391,-0.00111395308091178
15.585,0.0162429778848484,-0.00109620874889788
15.586,0.0162749708640053,-0.00107480522222902
15.587,0.0163227669381958,-0.00104736947715994
15.588,0.0163652535995951,-0.00101586986717483
15.589,0.0164223168352869,-0.000976888407298149
15.59,0.0164174496807759,-0.000955037040986151
15.591,0.0164226140725602,-0.000931969482580453
15.592,0.0164176294383738,-0.000909341438099009
15.593,0.0164193476930714,-0.000883962000119309
15.594,0.016409757152169,-0.000857003578380422
15.595,0.0163457026783866,-0.000845971965130754
15.596,0.0162803627332897,-0.000837125025744123
15.597,0.016217369768747,-0.000827934593760238
15.598,0.0161545139513361,-0.000817510222388573
15.599,0.0161524171747002,-0.000803177287926005
15.6,0.0161466138803082,-0.000788088960254729
15.601,0.0161452168381438,-0.000767742324378595
15.602,0.0161324685921563,-0.00074450699258477
15.603,0.0161353661326306,-0.000712969971970123
15.604,0.0162012930399592,-0.000674863852252849
15.605,0.0162608933395418,-0.000635316851598899
15.606,0.016325112251106,-0.000591858465964046
15.607,0.0163886083295628,-0.000543848585121576
15.608,0.0164137556043285,-0.000512021006241703
15.609,0.0164128069554738,-0.000486050830953766
15.61,0.0164243791938065,-0.000458259431084906
15.611,0.0164102958538085,-0.000432830094952985
15.612,0.016404669804186,-0.000401730875200457
15.613,0.0163457320457114,-0.000388484798428956
15.614,0.0162885560938156,-0.000377964120390983
15.615,0.0162328354265017,-0.000368483297367606
15.616,0.0162317219788261,-0.000356116190929623
15.617,0.0162283742242469,-0.000342783099104793
15.618,0.0162335518242677,-0.00032384195049906
15.619,0.0162331671408278,-0.00030105067814945
15.62,0.0162417036142976,-0.000270796175842247
15.621,0.0163138738468854,-0.000233664094018926
15.622,0.0163757844184143,-0.000195404911911057
15.623,0.0164503012994864,-0.000150665173228592
15.624,0.0164630216262151,-0.000124560759906966
15.625,0.0164812861146247,-0.00010073635347646
15.626,0.0164736492742844,-8.16067827091871e-05
15.627,0.0164757114470756,-6.07474043560208e-05
15.628,0.0164618293804837,-3.92167974182511e-05
15.629,0.0163867019906178,-3.42770082341071e-05
15.63,0.0163181817062901,-3.0504380352292e-05
15.631,0.0162502003726446,-2.69758663700714e-05
15.632,0.0162484667500046,-1.96541071422196e-05
15.633,0.0162399207351654,-1.21004847350448e-05
15.634,0.0162313061366028,-1.5386567422393e-06
15.635,0.0162306697792732,1.52847416013402e-05
15.636,0.0162227633271812,3.56167231930771e-05
15.637,0.016264410811043,6.04928714376118e-05
15.638,0.0163269436044721,9.0723683293048e-05
15.639,0.0163823753270569,0.000123935399115871
15.64,0.0164563148989251,0.000164401754059851
15.641,0.0164679493569945,0.000185227276175037
15.642,0.0164890498855535,0.00020343393686495
15.643,0.0164986013492179,0.000219025193737066
15.644,0.016518203893599,0.000236492329930116
15.645,0.0165145599483564,0.000253160943557595
15.646,0.016442949511029,0.00024994014324542
15.647,0.0163764132994777,0.000244511324032359
15.648,0.0163053392078203,0.000238077760681243
15.649,0.0162388210032411,0.00023324091469562
15.65,0.016241171078437,0.000231537472773602
15.651,0.0162442160829368,0.000231350777817496
15.652,0.016236561526394,0.000232274172257352
15.653,0.0162332341147685,0.000236647175560101
15.654,0.0162242794235216,0.000245763735609528
15.655,0.0162772812796455,0.000260500153022092
15.656,0.0163267242229447,0.000277433634268964
15.657,0.016366937429114,0.00029629681009935
15.658,0.0164411316444783,0.000324096446615851
15.659,0.0165001535241942,0.000356433580614324
15.66,0.0165125570961914,0.000373858903222168
15.661,0.0165145646036126,0.000388606752657339
15.662,0.0165261633418887,0.000404465567430234
15.663,0.0165141158309795,0.000417629020244892
15.664,0.0164334603180464,0.00041026680184042
15.665,0.0163609879861753,0.000399800536722172
15.666,0.016292206085117,0.000388425888831256
15.667,0.0162240622206754,0.000377196102435029
15.668,0.0162116799018957,0.000369280654373472
15.669,0.0162091176637229,0.000365233874339399
15.67,0.0161955980237089,0.000363166548400518
15.671,0.0161974835329268,0.000367870662060621
15.672,0.0161988077141013,0.000378100890135458
15.673,0.0162468938424074,0.000393378309640258
15.674,0.0163098230309886,0.000413133637593766
15.675,0.0163662025540328,0.000435927601611596
15.676,0.016393743305484,0.000443926788248505
15.677,0.0163981641620527,0.000443903698461257
15.678,0.0164059869246362,0.000442776842542514
15.679,0.0164079150104893,0.000440888607855294
15.68,0.0163950489221169,0.000438350709267454
15.681,0.0163893346625661,0.000441414859027156
15.682,0.0163304473730087,0.000427963056883918
15.683,0.0162771185874547,0.00041315569736039
15.684,0.0162179269554631,0.000397118452683143
15.685,0.016215973933952,0.00038364242774841
15.686,0.0162134244227449,0.000371126333528426
15.687,0.0161999866885235,0.00035993102835874
15.688,0.0162089044651967,0.000356382028901536
15.689,0.0162201122107898,0.000358548089075539
15.69,0.0162665394450592,0.000364771266322617
15.691,0.0163270053420246,0.00037583434144306
15.692,0.0163789519866135,0.000390140219345747
15.693,0.0164459742034881,0.000411314036243837
15.694,0.0164396393750519,0.000411839832015759
15.695,0.0164420613402186,0.000411284547503721
15.696,0.0164399283961972,0.000409448845502369
15.697,0.016439765825697,0.000408545753579737
15.698,0.0164258347414414,0.000407036022603446
15.699,0.0163523730006368,0.000389206748221793
15.7,0.0162868339309176,0.000369835340430502
15.701,0.0162230170218034,0.000350215157032097
15.702,0.0161616025187851,0.000331632968394002
15.703,0.0161594908353286,0.000316325292859021
15.704,0.0161609380942339,0.000303432892791555
15.705,0.0161540280047042,0.000292469230533776
15.706,0.0161559535762229,0.000286707572995815
15.707,0.0161460426849791,0.000285166969892836
15.708,0.0161952377403081,0.000287940481519811
15.709,0.0162408307273428,0.000293246326862173
15.71,0.0162923660726325,0.000302893384404312
15.711,0.0163417268787787,0.00031669587396671
15.712,0.0163597676281986,0.00031741202341351
15.713,0.016361158919883,0.00031311687154334
15.714,0.0163674447172177,0.00030937757297278
15.715,0.0163674305103794,0.000305931725485542
15.716,0.0163708146612506,0.000305405327858888
15.717,0.0163116852535749,0.000286835911390615
15.718,0.0162494295820816,0.000265905655191412
15.719,0.0161928151744195,0.000245570835004816
15.72,0.0162013616070428,0.000228564855605962
15.721,0.016208716207471,0.00021308862800018
15.722,0.0162173634816566,0.000200471543673475
15.723,0.016224448160057,0.000192737353696348
15.724,0.016228021756007,0.000188838605665542
15.725,0.0162683731989174,0.000188394190771879
15.726,0.0163277949043113,0.000193772280829618
15.727,0.0163779884314845,0.000202381702938459
15.728,0.0164432961058965,0.000218137483739889
15.729,0.0164473353406835,0.000216609730450068
15.73,0.0164600507545189,0.000214000782473522
15.731,0.0164645320631537,0.000209642243580943
15.732,0.0164755507656384,0.00020726023752593
15.733,0.0164304921710099,0.000187315565434498
15.734,0.0163877795213594,0.000165913858773736
15.735,0.016340139461836,0.000143648978228994
15.736,0.0162988019598487,0.00012295478001606
15.737,0.0162469103024082,0.000102260271767185
15.738,0.0162558521428314,8.66772758822965e-05
15.739,0.0162554886068565,7.15429674617019e-05
15.74,0.0162563138470069,5.98660132144491e-05
15.741,0.0162882182154319,5.05990892529229e-05
15.742,0.0163395315988465,4.65742486442378e-05
15.743,0.0163816769841379,4.52995926077948e-05
15.744,0.0164367897699136,5.00690584319119e-05
15.745,0.0164805510617516,5.94596418633797e-05
15.746,0.016523822879544,7.46180469039515e-05
15.747,0.0165088344355556,7.5729874811914e-05
15.748,0.0165016064855717,7.8308415158157e-05
15.749,0.0164959759511568,8.23448256756509e-05
15.75,0.0164613097735592,7.11287806909877e-05
15.751,0.0164043192939817,5.37042460830306e-05
15.752,0.0163511200475694,3.56737285742148e-05
15.753,0.0162986527079068,1.77822693555596e-05
15.754,0.016245862901245,8.31429120662364e-07
15.755,0.016226875110832,-1.54970483042249e-05
15.756,0.0162287813870381,-2.59161031197497e-05
15.757,0.0162282862025032,-3.25985067671786e-05
15.758,0.0162255021621472,-3.37244023438932e-05
15.759,0.0162819269536485,-2.98455491117844e-05
15.76,0.016331656932848,-2.41732133385297e-05
15.761,0.0163908504418523,-1.37093649512088e-05
15.762,0.0164397383781143,-1.70850893876917e-07
15.763,0.0164660175169176,3.71136555782359e-06
15.764,0.0164708153561975,2.09340864926189e-06
15.765,0.0164755545847821,1.90138139732898e-07
15.766,0.016466932296278,-2.82546416319196e-06
15.767,0.0164654243363115,-1.3174160961027e-06
15.768,0.0164139491957575,-1.60937990026366e-05
15.769,0.0163686226331336,-3.23275952781032e-05
15.77,0.0163175711269466,-5.01111150263411e-05
15.771,0.0163182292674878,-6.47122771119113e-05
15.772,0.0163170511811514,-7.84710198160066e-05
15.773,0.0163274365804617,-8.63648415082019e-05
15.774,0.016333262326748,-9.02447152076324e-05
15.775,0.0163432003616753,-8.75268128280871e-05
15.776,0.0164046251079476,-7.85018145920136e-05
15.777,0.0164568904886382,-6.69185023624008e-05
15.778,0.01650360846969,-5.20759786439839e-05
15.779,0.0165036816666523,-5.09193324966239e-05
15.78,0.0164985124748949,-5.25550148277598e-05
15.781,0.0164980882691008,-5.43860124587736e-05
15.782,0.0164798784441723,-5.80603216718822e-05
15.783,0.0164687892122103,-5.75285735122111e-05
15.784,0.0164234812592339,-7.02382154533776e-05
15.785,0.0163721429803834,-8.54408734283219e-05
15.786,0.016316598009331,-0.000101000897619108
15.787,0.0163219778824422,-0.000113095590967005
15.788,0.0163286628131824,-0.000123142282737521
15.789,0.0163275871808181,-0.000130992782329864
15.79,0.0163328065408602,-0.000133612579482301
15.791,0.0163316848526254,-0.000130815774199544
15.792,0.0163865341274124,-0.000122134138596075
15.793,0.016434088413709,-0.00011089956479271
15.794,0.0164943627480431,-9.42031038956848e-05
15.795,0.0165445767811957,-7.31946205965173e-05
15.796,0.0165392888542983,-6.8123562601663e-05
15.797,0.0165356181562743,-6.506124390665e-05
15.798,0.0165244806255789,-6.41033438130711e-05
15.799,0.0165208276834176,-5.97711567941195e-05
15.8,0.0165119857600152,-5.37959809003286e-05
15.801,0.0164634280172935,-6.28841307959704e-05
15.802,0.0163965891616808,-7.64791023166178e-05
15.803,0.0163308865098911,-8.99877410791006e-05
15.804,0.0162680407437981,-0.000102220521934815
15.805,0.0162669530972203,-0.000111304675070922
15.806,0.016261114506163,-0.0001196862389925
15.807,0.0162560271446871,-0.000125250627920903
15.808,0.0162482292592636,-0.000125903094814306
15.809,0.0162452463567308,-0.000121322704025761
15.81,0.0163027243233033,-0.000110723148810554
15.811,0.0163508657430799,-9.74733139267325e-05
15.812,0.0163982515630573,-8.03267760506876e-05
15.813,0.0164563219570554,-5.74279919621223e-05
15.814,0.0165060079083592,-2.96521791127713e-05
15.815,0.0165310297238379,-1.4027315292986e-05
15.816,0.0165323485693312,-5.56759455055955e-06
15.817,0.0165341855888686,2.19614231139476e-06
15.818,0.0165222986484482,8.57965291284346e-06
15.819,0.0165176661153599,1.76894149136464e-05
15.82,0.0164687635285758,9.73477659427235e-06
15.821,0.01641751456241,-1.75639226424051e-06
15.822,0.016368001912961,-1.4556384640374e-05
15.823,0.0163218171878453,-2.71548122899867e-05
15.824,0.0163131798464997,-4.03314491203011e-05
15.825,0.0163265300431079,-4.89124524613582e-05
15.826,0.0163348219795529,-5.49362281547228e-05
15.827,0.0163454759778859,-5.66898965778107e-05
15.828,0.0163483584759183,-5.33094964487169e-05
15.829,0.0163867650170625,-4.77453380990367e-05
15.83,0.0164370085258115,-3.76283273618161e-05
15.831,0.0164920045894723,-2.27749184236181e-05
15.832,0.016541924990919,-2.6401129231135e-06
15.833,0.0165553824239761,4.62752112018183e-06
15.834,0.0165490360168275,6.40937281437548e-06
15.835,0.0165370815112797,7.25933588097138e-06
15.836,0.0165315045389459,1.04959287881012e-05
15.837,0.0165187499049234,1.51934248778796e-05
15.838,0.0164707880395846,5.34907002613938e-06
15.839,0.0164010592480642,-9.62505616902698e-06
15.84,0.0163303147981399,-2.49415665904418e-05
15.841,0.0162631310002912,-3.90295858199163e-05
15.842,0.0162605585271063,-4.92591368053685e-05
15.843,0.0162502859619728,-5.89412696581082e-05
15.844,0.0162426707946056,-6.52618358583101e-05
15.845,0.0162357880497694,-6.67119724023224e-05
15.846,0.0162227966637268,-6.37956606241996e-05
15.847,0.0162621410866259,-5.62205145843153e-05
15.848,0.0163061455831487,-4.47739041576911e-05
15.849,0.0163505768612679,-2.96007766584228e-05
15.85,0.0164096778617072,-6.55146595646139e-06
15.851,0.0164648188341578,2.14849321195087e-05
15.852,0.016482176002637,3.61771052457271e-05
15.853,0.0164845918353921,4.58403076924463e-05
15.854,0.0164879675810368,5.50206351492832e-05
15.855,0.016489484924067,6.45545814969561e-05
15.856,0.0164398187783378,5.52014961426317e-05
15.857,0.0163899004031593,4.26782201735643e-05
15.858,0.0163374602800238,2.85028129372034e-05
15.859,0.0162893332890111,1.4871184120524e-05
15.86,0.0162367314589984,1.24350083535729e-06
15.861,0.0161805771770453,-1.04917547165684e-05
15.862,0.0161731715767828,-2.07072981465162e-05
15.863,0.0161736238829827,-2.85267208623985e-05
15.864,0.0161726193690277,-3.40843350218334e-05
15.865,0.0162069974066791,-3.78095067101736e-05
15.866,0.0162614818854354,-3.58501360701036e-05
15.867,0.0163057798468038,-3.08143213684775e-05
15.868,0.016362064056414,-1.98216597529499e-05
15.869,0.0164094777902563,-4.07772309007903e-06
15.87,0.0164708902997779,2.11250109769523e-05
15.871,0.0164628774229549,2.92993048519041e-05
15.872,0.0164615221466144,3.87504442193598e-05
15.873,0.0164559405946963,5.20548378681318e-05
15.874,0.0164092306485887,5.51168185779494e-05
15.875,0.0163485926870908,6.06492245066037e-05
15.876,0.0162871311465049,7.11396204490233e-05
15.877,0.0162965855849218,8.70333034821424e-05
15.878,0.0162999758319356,0.000104127585159708
15.879,0.0163130021739161,0.000127424733991244
15.88,0.0163251919722539,0.000156556345181302
15.881,0.0163407984810459,0.00019306803519753
15.882,0.0163913764547532,0.000234958366573057
15.883,0.0164635709129674,0.000285129315452659
15.884,0.0165299391481081,0.000342034719344075
15.885,0.0166088370907189,0.000409368770554697
15.886,0.0166806235756088,0.000485604444757481
15.887,0.016691063244743,0.000543456760313032
15.888,0.0166899387631571,0.000595537591917661
15.889,0.0166872283189832,0.000644973507120616
15.89,0.0166425657208432,0.000675305220775024
15.891,0.0165778267449515,0.000700432609304136
15.892,0.0165215819003016,0.000726869728537527
15.893,0.016452923471102,0.000753916963864731
15.894,0.0163912445304014,0.000785309662980516
15.895,0.0163355049283098,0.000809984666835906
15.896,0.016283825618709,0.000831776742739598
15.897,0.0162318414179685,0.00085227645737751
15.898,0.0161792552618908,0.000873145257238028
15.899,0.016125571965437,0.000895659424735629
15.9,0.0161257251505101,0.000923406771903057
15.901,0.0161355061613676,0.000956580037394295
15.902,0.0161492803487499,0.000996391161211752
15.903,0.0161627211531421,0.00104258413519653
15.904,0.0162164612932449,0.00109177174897179
15.905,0.0162891461744876,0.00114807218415575
15.906,0.016352560407792,0.00120754383704968
15.907,0.0164174147500201,0.00127170094563017
15.908,0.016421852344704,0.00131662384476111
15.909,0.0164315035691359,0.00135796508134334
15.91,0.0163679946380152,0.00137365933460137
15.911,0.0163079369046891,0.00138379151081619
15.912,0.0162438389150334,0.00139005848054857
15.913,0.0162371149873909,0.00139840667170626
15.914,0.0162431554577823,0.00140970214406666
15.915,0.0162477030120524,0.00142482485407097
15.916,0.0163079309793498,0.00144059769089594
15.917,0.0163821175579385,0.00145974569975238
15.918,0.0164580806206684,0.00148112738360667
15.919,0.0164556734648742,0.00147911464706701
15.92,0.0164607388673529,0.00147186485876338
15.921,0.0164552075364801,0.00145925471375496
15.922,0.0164510341708367,0.00144484859888189
15.923,0.016443251235151,0.00142987524039168
15.924,0.0164341616037896,0.00141655559103154
15.925,0.0164571823082878,0.00140940573562642
15.926,0.0164853532270452,0.00140973184916565
15.927,0.0165135257011984,0.00140992500315085
15.928,0.0165707583004924,0.00141920066520884
15.929,0.0166191801444185,0.00143462011368356
15.93,0.0166214343513349,0.0014393502617438
15.931,0.0166050737214322,0.00144256323783254
15.932,0.0165860647053896,0.00144797035956723
15.933,0.016562376338685,0.00145569228134473
15.934,0.0165345717033166,0.0014661647364404
15.935,0.0164701234492694,0.00146368544741671
15.936,0.0164539420383445,0.00146254344193292
15.937,0.0164573912808336,0.00146639517430974
15.938,0.016457616560915,0.00147346164399248
15.939,0.0164605210007539,0.00148515277686911
15.94,0.0165256734214755,0.00150272313441968
15.941,0.0165819973469232,0.0015220238724023
15.942,0.0166540778949557,0.00154791904641183
15.943,0.0166595509957862,0.0015536274905798
15.944,0.0166592500369427,0.00155426063429964
15.945,0.0166558044763765,0.00155190726859261
15.946,0.0166282287330632,0.00153158083602978
15.947,0.016572068767744,0.00150145300167542
15.948,0.016515711858517,0.00146849046332315
15.949,0.0164579956320137,0.00143422632373691
15.95,0.0163997286574367,0.00140006593113468
15.951,0.0163409762556839,0.00136695572729478
15.952,0.0162818708259027,0.00133558068204775
15.953,0.0162224299798205,0.00130640620211925
15.954,0.0162336707051536,0.00128248573216966
15.955,0.0162391709860888,0.00126109440871536
15.956,0.016270956225342,0.00124998418428346
15.957,0.016307198104605,0.00124871610398875
15.958,0.016258895674544,0.00122404049320973
15.959,0.0162177015868589,0.00119681605892064
15.96,0.0161769547589004,0.00116936039450011
15.961,0.0161330720208775,0.00114286054499191
15.962,0.0160863222359488,0.00111907969649461
15.963,0.0160372165163876,0.00109979361738194
15.964,0.0159845619976691,0.00108026224804875
15.965,0.0159805036135185,0.0010698083751301
15.966,0.0159898216097923,0.00106900828602191
15.967,0.0159895298214016,0.00107516369335586
15.968,0.0160441782087699,0.00108781592267743
15.969,0.0160958890883825,0.0011062768716516
15.97,0.0160892074745734,0.00110369676205313
15.971,0.0160701185912783,0.00109605157199311
15.972,0.0160467866502354,0.00108600246898383
15.973,0.0160201506647344,0.00107519279162999
15.974,0.0159912170816966,0.00106478142296712
15.975,0.015960594738214,0.00105569317460014
15.976,0.015904337756004,0.00103293607815813
15.977,0.0158213165993581,0.00100003653835923
15.978,0.0157400648273067,0.000963308253421447
15.979,0.0157152234393518,0.000922947556342868
15.98,0.0157054561693712,0.000879246482027807
15.981,0.0156928043866864,0.000831640434958203
15.982,0.0156835877447279,0.00078264258245736
15.983,0.0156768868223751,0.00073351058698401
15.984,0.0156733505620041,0.00068541756480095
15.985,0.0156733763036154,0.000639141333563964
15.986,0.0157183481156579,0.00059268789417577
15.987,0.0157687518854167,0.000546201322586592
15.988,0.0158161843870543,0.000499970661427429
15.989,0.0158748792915416,0.000456576312026669
15.99,0.0159317815316114,0.000414470441054693
15.991,0.0159921893547425,0.000374673852149343
15.992,0.0160526740777604,0.000336865171888134
15.993,0.0161149994138261,0.000301424591990451
15.994,0.0161741762253552,0.000262955145867438
15.995,0.0162323941808541,0.000223892368337697
15.996,0.016251104188848,0.00016873559316638
15.997,0.0162527724395664,0.000104471712170429
15.998,0.0162589806651688,3.63062047834539e-05
15.999,0.0162577913594348,-3.62370942933454e-05
16,0.0162602830214304,-0.000110224943847603
16.001,0.0162319577901385,-0.000195020632222487
16.002,0.016208665458433,-0.000280838063893507
16.003,0.0161730600106513,-0.000368235741257217
16.004,0.0161699972800687,-0.000455110788458779
16.005,0.0161756527850368,-0.000539643397862388
16.006,0.0162029534946493,-0.000621892464955032
16.007,0.0162433127491887,-0.000699468640812606
16.008,0.0162841999037489,-0.000772258976026174
16.009,0.0163269975910343,-0.000838770012659862
16.01,0.0163714579428344,-0.000898179854799452
16.011,0.0163960167797382,-0.000962460701756429
16.012,0.016386978834531,-0.00103862261986376
16.013,0.016382265979855,-0.00111505307205861
16.014,0.0163761821150741,-0.00119151389306643
16.015,0.0163748418543189,-0.00126575396624551
16.016,0.0163651521426311,-0.00134007358529498
16.017,0.0163616278323811,-0.00140976935771153
16.018,0.0163456977473848,-0.00147869199643424
16.019,0.0163341207002996,-0.0015413939492151
16.02,0.0163208953408051,-0.00159962833723515
16.021,0.016306340886477,-0.00165265192642616
16.022,0.0162984515762204,-0.0017079294205673
16.023,0.0163106063279252,-0.0017601323508738
16.024,0.016323065162369,-0.00181157552390487
16.025,0.0163428677527315,-0.00185927742578346
16.026,0.0163633243477334,-0.00190268494681689
16.027,0.0163832239250764,-0.00194495000009592
16.028,0.0164233957087001,-0.00198130712359418
16.029,0.0164630159491047,-0.00201352458894616
16.03,0.0165045102007391,-0.00204024005345083
16.031,0.0165471378986329,-0.00206193379120695
16.032,0.0165893198233007,-0.00208105863795188
16.033,0.0166300230056633,-0.002096372152534
16.034,0.0166724581679752,-0.00210699776076606
16.035,0.0167167267560869,-0.0021125291044245
16.036,0.0167632259739236,-0.00211284353421154
16.037,0.0168121337467374,-0.00210790644380288
16.038,0.0168632390996146,-0.00210072265917932
16.039,0.0169122048454117,-0.00208927999050484
16.04,0.0169322867871491,-0.0020857245268327
16.041,0.0169280948387839,-0.00208542232078662
16.042,0.0168825904013929,-0.00209677443616318
16.043,0.0168441131866533,-0.0021085565289054
16.044,0.0168312702992938,-0.00211935109573463
16.045,0.0168387648747767,-0.00212446699604169
16.046,0.0168511506002648,-0.00212387111617635
16.047,0.0168628131541928,-0.00211690380321572
16.048,0.0168685147537994,-0.0021049068038192
16.049,0.0168827926069302,-0.00208541357663594
16.05,0.0169304035568287,-0.00206034158071339
16.051,0.0169342941091042,-0.00205104148067736
16.052,0.0169355622776713,-0.00204408099375353
16.053,0.0169407251013745,-0.00203708119387275
16.054,0.016926549575735,-0.00203259605891548
16.055,0.0169182027239066,-0.00202395408013234
16.056,0.0169120143448009,-0.0020122145772859
16.057,0.0168724924028999,-0.00200951631242974
16.058,0.0168271306277568,-0.00200671155005849
16.059,0.0167837958846737,-0.00200212638117908
16.06,0.0167668245185409,-0.00199414252836966
16.061,0.0167713165234486,-0.00197934291661594
16.062,0.0167659200986769,-0.00196054739065138
16.063,0.0167724262143179,-0.00193440216121077
16.064,0.0168254033343533,-0.00190152099785795
16.065,0.0168689270294294,-0.00186655892332283
16.066,0.016918514194885,-0.00182642709021619
16.067,0.0169099401769953,-0.00180317059392193
16.068,0.0168965812080845,-0.00178081333784774
16.069,0.016890863665027,-0.00175601665100572
16.07,0.0168708541053631,-0.00173200224920855
16.071,0.0168559603350568,-0.00170251821146344
16.072,0.0168049289433223,-0.00168407104374679
16.073,0.0167531521930855,-0.0016662714949579
16.074,0.0167648591459511,-0.00164229973742197
16.075,0.0167763494156965,-0.00161536508573357
16.076,0.0167778720936015,-0.00158586599304888
16.077,0.0167864264445005,-0.00155107575856878
16.078,0.0167869018646018,-0.00151188781847383
16.079,0.0168248182188463,-0.00147047485046592
16.08,0.0168802353263292,-0.00142166008675559
16.081,0.0169267339067499,-0.00136866155515686
16.082,0.0169265161724758,-0.00133035317112101
16.083,0.0169231299445379,-0.00129390410550911
16.084,0.0169206944198216,-0.00125685114169316
16.085,0.0168699817016668,-0.00123369014953179
16.086,0.016814760784234,-0.00121164299116244
16.087,0.01676048055196,-0.00118892272015758
16.088,0.0167631458002163,-0.0011597944520888
16.089,0.0167716522908964,-0.00112597143238052
16.09,0.0167655435954854,-0.00108933897458646
16.091,0.016791144453462,-0.00105237249523477
16.092,0.0168448044560206,-0.00100772043241032
16.093,0.0168876747585717,-0.000959146522408694
16.094,0.0169464443280313,-0.000902936921046649
16.095,0.0169374277931927,-0.000864887027895056
16.096,0.0169368606968991,-0.00082623237277063
16.097,0.0169320446784834,-0.000787418457482703
16.098,0.0168797798027506,-0.000764986779675736
16.099,0.0168131287863215,-0.000747175142575385
16.1,0.0167510939514225,-0.00072928222170654
16.101,0.0166912825514233,-0.000710584060991004
16.102,0.0166838667418287,-0.000686285228065131
16.103,0.0166652663169243,-0.000660831370160653
16.104,0.0166688491920653,-0.00062813100373843
16.105,0.0166637814046427,-0.000591006830866325
16.106,0.0167093905914019,-0.000552147417456073
16.107,0.0167693618721215,-0.000507736697834826
16.108,0.0168187924459345,-0.000460105170254577
16.109,0.0168313408609936,-0.000428120289972855
16.11,0.0168218285463795,-0.000402634145744929
16.111,0.0168186603756126,-0.000377318445586527
16.112,0.016801243172006,-0.000353202150394416
16.113,0.0167917400939064,-0.0003252679517462
16.114,0.0167343145021612,-0.000312940971479936
16.115,0.0166775188418019,-0.000302979790500979
16.116,0.0166172558532781,-0.000294355861751916
16.117,0.016616072781743,-0.000281385085552699
16.118,0.0166052807804265,-0.000268133628394507
16.119,0.0166125826979925,-0.000248855921482549
16.12,0.0166115334017378,-0.000225859908323967
16.121,0.0166262014124196,-0.000194899963442074
16.122,0.0167061079279359,-0.000157320100380609
16.123,0.0167686450133654,-0.000119229983464197
16.124,0.016833848776617,-7.73192169424286e-05
16.125,0.0168920518270854,-2.98838323506967e-05
16.126,0.0169112835713787,1.18173432578361e-06
16.127,0.0169066746218359,2.49941344068749e-05
16.128,0.0169090969896429,4.9543322418022e-05
16.129,0.0169092091563297,7.43879259296198e-05
16.13,0.0168470137770791,7.96233081982178e-05
16.131,0.0167748494595643,8.03514982387621e-05
16.132,0.0167102058147135,8.12797488576877e-05
16.133,0.0166417170944666,8.20502416308266e-05
16.134,0.0165823753515458,8.55941726453646e-05
16.135,0.0165572984574898,9.05579349311791e-05
16.136,0.016551305321342,9.96417950329676e-05
16.137,0.016532115615234,0.000110766130149154
16.138,0.0165368620270035,0.000128651436826166
16.139,0.016608872941939,0.000151331930125898
16.14,0.0166661566499912,0.000172477187532938
16.141,0.0167404116783037,0.000199761316502234
16.142,0.0168112744432125,0.000231614296979543
16.143,0.016874727575622,0.000268697739156221
16.144,0.0168945662840649,0.000288789374786991
16.145,0.0168993151180804,0.000303232583529101
16.146,0.0169004043663994,0.000314972628587096
16.147,0.0169082919411025,0.000329830738134251
16.148,0.016907250726126,0.000345583281474104
16.149,0.0168436581806168,0.000341491300436536
16.15,0.0167853004067052,0.000334537936390877
16.151,0.0167153195114611,0.000325012267035962
16.152,0.0166510212267954,0.000316726847001847
16.153,0.0166356566938702,0.00031143228620617
16.154,0.0166404288504748,0.0003113030768645
16.155,0.0166357962056183,0.000313650456116865
16.156,0.0166328190818143,0.000320620871940847
16.157,0.0166288488446212,0.00033303602711543
16.158,0.0166886305024686,0.000350920918802511
16.159,0.016739966652698,0.000369164047129222
16.16,0.0168056269537521,0.00039305868179873
16.161,0.0168575492051567,0.00042003167424387
16.162,0.0168780449425196,0.000432133606404983
16.163,0.0168759901860616,0.000437514127774652
16.164,0.0168747774921138,0.000441949491867377
16.165,0.0168751506525521,0.000446956562898615
16.166,0.0168603561724287,0.000450759912293319
16.167,0.0167812290265162,0.000436135608603172
16.168,0.0167108970571235,0.000420125329717858
16.169,0.0166412038688449,0.000403669784866112
16.17,0.0166341040122834,0.000391505590932928
16.171,0.0166329294846601,0.000382048915656852
16.172,0.0166188747591286,0.000374014207563722
16.173,0.0166258564761727,0.000372852384463718
16.174,0.0166329801701015,0.000377107426757728
16.175,0.0166497246742194,0.000388804232887341
16.176,0.016731132917815,0.000406814352366891
16.177,0.016799158222452,0.000425557681368427
16.178,0.0168804343825107,0.000449493325360373
16.179,0.016894186504451,0.000450968222485915
16.18,0.0169041180536502,0.000447723391700738
16.181,0.0169205416266474,0.0004439171738575
16.182,0.0169135160067666,0.00043701565378107
16.183,0.0169052357059761,0.000431296259109815
16.184,0.0169000320974551,0.00043042255932535
16.185,0.0168396514714137,0.000412655378516535
16.186,0.0167844627080553,0.000393150866743908
16.187,0.0167189829099044,0.000371742584650059
16.188,0.016728504013597,0.000355496117609766
16.189,0.0167290369956432,0.000339277717271325
16.19,0.0167297763107485,0.000326449812955099
16.191,0.016722393995013,0.000316673308632942
16.192,0.0167335062654388,0.000314611206485849
16.193,0.016743829038498,0.000318163843970598
16.194,0.0168025129263092,0.000325316717968205
16.195,0.0168649308766123,0.000337691236636517
16.196,0.0169165616933158,0.000353162152007924
16.197,0.0169841399988497,0.000375383128686901
16.198,0.0169805871487993,0.000375494273727739
16.199,0.016983369530728,0.000372331809225246
16.2,0.0169782490621169,0.000366466243797325
16.201,0.0169777837144868,0.00036127867333724
16.202,0.0169588799329121,0.000354332061411999
16.203,0.0169453120862319,0.000352290887208784
16.204,0.016899032087195,0.000336383523175832
16.205,0.0168451757999512,0.000316767352566583
16.206,0.0167881570598166,0.000295974605928284
16.207,0.0167360888519543,0.000276272383905485
16.208,0.0167262713914592,0.000257842838111699
16.209,0.0167301478034331,0.000242018353441897
16.21,0.0167281878151848,0.000228021602824147
16.211,0.0167359903237835,0.000220065943610293
16.212,0.0167350202063892,0.00021557248063464
16.213,0.0167733892087417,0.000211434673491384
16.214,0.0168323659509069,0.000213601970541211
16.215,0.0168804621999488,0.000218750205976448
16.216,0.0169436397884404,0.00023096302522102
16.217,0.0169990592081761,0.000248162391943529
16.218,0.0170072930919625,0.000249470984923894
16.219,0.01700759228127,0.000246695231426619
16.22,0.0170099550506416,0.000243431386887427
16.221,0.0169982944052418,0.000238453952543294
16.222,0.0169229754471978,0.000214780829707051
16.223,0.0168585211358908,0.000190188337943542
16.224,0.0167977826170007,0.000165722562016857
16.225,0.0167404097646924,0.000142448557206853
16.226,0.016732289008446,0.000123274273865936
16.227,0.0167267684903175,0.000106355916036416
16.228,0.0167178245867264,9.25340896216209e-05
16.229,0.0167020027231771,8.19206998065036e-05
16.23,0.0167119989302612,7.92546456047094e-05
16.231,0.0167762550963684,8.24608079451616e-05
16.232,0.016832506692054,8.64908145549181e-05
16.233,0.0168886529131094,9.47724133022465e-05
16.234,0.0169364699729484,0.000106950824733443
16.235,0.0169534684668062,0.000106234833902874
16.236,0.0169534290522339,0.000100549468562694
16.237,0.0169498227515922,9.31114814147205e-05
16.238,0.0169523154701431,8.8938873793909e-05
16.239,0.0169468763753486,8.61241289047965e-05
16.24,0.0168875688265794,6.67332423558431e-05
16.241,0.0168349497440476,4.60578152207125e-05
16.242,0.0167781686397033,2.41911132932704e-05
16.243,0.0167785792612447,7.44827536924841e-06
16.244,0.0167732927069057,-7.74086679478092e-06
16.245,0.0167683754200153,-1.91995845055248e-05
16.246,0.0167750534022328,-2.33297747446182e-05
16.247,0.0167730951773335,-2.24372903362413e-05
16.248,0.0167908008188785,-1.3162302303249e-05
16.249,0.0168616392399789,2.23165600327091e-06
16.25,0.0169216139925629,1.96862671122955e-05
16.251,0.0169323859287306,1.96335164799333e-05
16.252,0.0169299048746141,1.38259364257931e-05
16.253,0.0169275879865211,5.57137518586437e-06
16.254,0.0169273700992572,-1.11994542278948e-06
16.255,0.0169268503970381,-6.60606099861516e-06
16.256,0.0169132566951034,-1.25965592453481e-05
16.257,0.0168478693464388,-3.24712603849142e-05
16.258,0.0167866874785582,-5.2922298690361e-05
16.259,0.0167174202994991,-7.39325759933629e-05
16.26,0.0167087759108922,-9.11442950508046e-05
16.261,0.0166961820457838,-0.000108050327875753
16.262,0.0166949788924642,-0.000120123319643395
16.263,0.0166862015104796,-0.000128647596852105
16.264,0.0166940704983531,-0.000130380951927744
16.265,0.0167613056329163,-0.000125951930292578
16.266,0.0168211411861157,-0.000120169011834259
16.267,0.0168821858710481,-0.000109516512293739
16.268,0.0169325661333067,-9.59964863540552e-05
16.269,0.0170000593412538,-7.31670905944615e-05
16.27,0.0170117617160932,-6.70644915767293e-05
16.271,0.0170149870598361,-6.50024895451073e-05
16.272,0.0170285978346231,-6.29745233492462e-05
16.273,0.0170135258402315,-6.37735051255417e-05
16.274,0.0170048295362349,-6.17892648062113e-05
16.275,0.0169496229538169,-7.62261624042693e-05
16.276,0.0168978798780582,-9.31578606887529e-05
16.277,0.0168414079072828,-0.000112136691038378
16.278,0.0167931245883261,-0.000130059697950768
16.279,0.016776935162266,-0.000147092302333451
16.28,0.0167814832301689,-0.000159807656212541
16.281,0.0167748784378741,-0.000170077103077704
16.282,0.0167822862557912,-0.000174082661547281
16.283,0.0167844343150553,-0.000173387316184381
16.284,0.0168005614946311,-0.000165147234366614
16.285,0.0168714404515755,-0.000151090278571298
16.286,0.0169311975708025,-0.000136632805088244
16.287,0.0169984280775849,-0.000116320359715927
16.288,0.0170566154845424,-9.14074654356223e-05
16.289,0.0170724448753148,-8.28232677250185e-05
16.29,0.0170717674855613,-8.02435624293052e-05
16.291,0.0170759607135712,-7.8294475094165e-05
16.292,0.0170623364286782,-7.90624626765268e-05
16.293,0.0170538176312906,-7.64636891578685e-05
16.294,0.016995555813815,-9.04089436727373e-05
16.295,0.0169457558998731,-0.000105702186934842
16.296,0.0168899124840475,-0.000122883224860426
16.297,0.0168386961759374,-0.000138911923603713
16.298,0.0168170210583612,-0.000154664897917267
16.299,0.0168199860910603,-0.000164628735334682
16.3,0.0168142524700052,-0.00017170583205417
16.301,0.0168198302417351,-0.000172323033433119
16.302,0.0168186235380873,-0.000169087467017548
16.303,0.0168632331881195,-0.000163956807426813
16.304,0.0169234577246028,-0.000152607459060594
16.305,0.0169745310216004,-0.000137752568111826
16.306,0.0170416990752631,-0.00011598143739372
16.307,0.0170985119937443,-8.92473105305602e-05
16.308,0.0170958099697204,-8.08007246903553e-05
16.309,0.0170948728060572,-7.40077172428633e-05
16.31,0.0170918309761649,-6.84264582805905e-05
16.311,0.0170878617878672,-6.31056803518937e-05
16.312,0.0170901458196936,-5.46322519649478e-05
16.313,0.0170370832876544,-6.41847456209765e-05
16.314,0.0169806272113018,-7.75058522627381e-05
16.315,0.0169325260594608,-9.06302761766176e-05
16.316,0.0168760930611724,-0.000104726815558231
16.317,0.0168824824450082,-0.000113833658626494
16.318,0.0168854155896628,-0.000121846537466663
16.319,0.0168821516061302,-0.000126562391702667
16.32,0.0168910424039691,-0.000125790279484672
16.321,0.0169000267341355,-0.00011985181502322
16.322,0.0169306171529307,-0.000113693069551168
16.323,0.0169863770823925,-0.000100954975030598
16.324,0.0170322821274837,-8.492975578972e-05
16.325,0.0170929584936216,-6.21327283181206e-05
16.326,0.0170839806774756,-5.90158230698856e-05
16.327,0.0170816932595089,-5.78133778703638e-05
16.328,0.0170729097003987,-5.85700071772943e-05
16.329,0.0170658211430336,-5.85456651449601e-05
16.33,0.0170388327266773,-5.99283106081927e-05
16.331,0.0169603581212514,-7.62582641847809e-05
16.332,0.0168924107569425,-9.34183597388061e-05
16.333,0.0168306693415622,-0.00011012478235517
16.334,0.0168342928812653,-0.000121960794819798
16.335,0.016834808765519,-0.000133012032209334
16.336,0.0168291895906668,-0.000141052084712656
16.337,0.0168331137408651,-0.00014431713549129
16.338,0.0168362998101442,-0.000143161801057945
16.339,0.0168513077208321,-0.000134508798402155
16.34,0.0169265904061816,-0.000119341401705941
16.341,0.0169907237688687,-0.000102179696243987
16.342,0.0170575749818378,-8.02152494304709e-05
16.343,0.0171147404595937,-5.35428882164624e-05
16.344,0.0171386590190754,-4.18147192329243e-05
16.345,0.0171398538995366,-3.74674351615312e-05
16.346,0.0171465990349431,-3.37469046925443e-05
16.347,0.017144081106859,-3.13066489478486e-05
16.348,0.0171370993117666,-2.85167571916767e-05
16.349,0.0170708794418256,-4.39027417854509e-05
16.35,0.0170161750617383,-6.04284764255114e-05
16.351,0.016956925073699,-7.8486861924687e-05
16.352,0.016901577653446,-9.52538727042596e-05
16.353,0.016887449849756,-0.000110314259049005
16.354,0.0168933381876382,-0.000119905311696533
16.355,0.0168875544147226,-0.000126831247199866
16.356,0.0168967116341225,-0.000127337394147664
16.357,0.0169057506431055,-0.000123063080644747
16.358,0.0169566662360709,-0.000114911695409337
16.359,0.0170219814640869,-0.000101017423903615
16.36,0.0170756953413503,-8.35773655912808e-05
16.361,0.0171447688575218,-5.86456148339298e-05
16.362,0.0171450410062351,-5.40210217520598e-05
16.363,0.0171495032680841,-5.12374687457462e-05
16.364,0.0171435042804628,-5.11636172830232e-05
16.365,0.0171417202037557,-5.02032873722635e-05
16.366,0.0171162998671093,-5.14891687127816e-05
16.367,0.0170370713840524,-6.83578376506899e-05
16.368,0.016969055864369,-8.59938007601313e-05
16.369,0.0169035812306458,-0.000103718998940072
16.37,0.0168390841610403,-0.000120034387880219
16.371,0.0168229377851681,-0.000134257684965722
16.372,0.0168254044552391,-0.000143640612250584
16.373,0.0168188861486778,-0.000150461192731544
16.374,0.0168259140941983,-0.000150728404415656
16.375,0.0168283300372618,-0.00014688238871613
16.376,0.0168793252429147,-0.00014002649287842
16.377,0.01693708911184,-0.000128449059084768
16.378,0.0169822062808637,-0.000113791155076981
16.379,0.0170501600321856,-9.13327784205498e-05
16.38,0.0171144238853375,-6.3445837910403e-05
16.381,0.0171237064818884,-5.24910937121925e-05
16.382,0.0171173761325243,-4.71089375478906e-05
16.383,0.0171161358666978,-4.13464355496496e-05
16.384,0.0170983588393557,-3.77067193593206e-05
16.385,0.0170208385999789,-5.26861618280194e-05
16.386,0.0169546965126706,-6.93380721009107e-05
16.387,0.0168914637383913,-8.56046850429837e-05
16.388,0.0168281874052397,-9.77450593357965e-05
16.389,0.0168386354371259,-9.82338951777684e-05
16.39,0.016842685568542,-9.16637251182628e-05
16.391,0.0168492066408354,-7.78115087395337e-05
16.392,0.0168594186149966,-5.71570166610913e-05
16.393,0.0168709542979401,-3.00695821571217e-05
16.394,0.0168841831222351,3.7389043073266e-06
16.395,0.0169011518704521,4.42339426213745e-05
16.396,0.0169138343459469,9.06787772490536e-05
16.397,0.016979719625178,0.000144366094829484
16.398,0.0170362839082853,0.00020162155632486
16.399,0.0171057354495843,0.000266931483935529
16.4,0.017166132580943,0.000338162841169332
16.401,0.0171963688885757,0.000390351472770389
16.402,0.0171870051459201,0.000427833211124773
16.403,0.0171716499584823,0.000458535196440679
16.404,0.0171535474654375,0.000484566964841615
16.405,0.017132785567203,0.000507336221664045
16.406,0.0170959997701524,0.000517497471883843
16.407,0.0170332404668247,0.000522518312331355
16.408,0.0169797443288566,0.000530073378953555
16.409,0.0169192690249867,0.00053938148295507
16.41,0.0168649673300538,0.000553330670842567
16.411,0.0168147623487529,0.000561776207007925
16.412,0.0167616781573956,0.000567144874051184
16.413,0.0167089494137144,0.000571494643396842
16.414,0.0166554349866022,0.000576348069247667
16.415,0.0166012499950562,0.000584327009814534
16.416,0.0166013251227316,0.000597100149203778
16.417,0.016581978414993,0.000612825441586751
16.418,0.0165892844615473,0.000638367624269276
16.419,0.0165999303918343,0.000672157811875129
16.42,0.0166308394619895,0.000710667363342021
16.421,0.0166735474431988,0.000755643907064951
16.422,0.0167187192736752,0.000804986440960609
16.423,0.016782518092034,0.00086182847581262
16.424,0.0168404563272173,0.00092230819617084
16.425,0.016906723585193,0.00098773441172062
16.426,0.0169613154245018,0.00104963459153196
16.427,0.0170216295560187,0.00111474982478593
16.428,0.0170077351390315,0.00115387754847252
16.429,0.0169969420230833,0.00118364194100778
16.43,0.0169821218227386,0.00120547626121692
16.431,0.0169396074687661,0.00120614923874152
16.432,0.0168715697537339,0.00119411982110029
16.433,0.0168034737744513,0.00117573130836696
16.434,0.0167336809425045,0.00115251260330362
16.435,0.0166630787431619,0.0011262202565066
16.436,0.0165918367805281,0.0010983342154452
16.437,0.0165848394394589,0.00107551031385561
16.438,0.0165745607375241,0.0010560437567122
16.439,0.0165809647901268,0.00104398984584569
16.44,0.0165853490209503,0.00103877590505763
16.441,0.0166044826635572,0.00104249829910319
16.442,0.0166718736575791,0.00105435379762225
16.443,0.0167314364331584,0.00107209070515368
16.444,0.0167510085865262,0.00107479358242757
16.445,0.0167410087977049,0.00106965406883824
16.446,0.0167310751628045,0.00106393685682615
16.447,0.016713045502266,0.00105813225968371
16.448,0.0166560506662745,0.00103987937403793
16.449,0.0165887039272789,0.00102122321439935
16.45,0.0165215562063397,0.00100562212095473
16.451,0.0164503917853746,0.000994011261999883
16.452,0.0163802039241739,0.000988432202597034
16.453,0.0163567998199284,0.000987348750083716
16.454,0.0163611691433201,0.000993435127046527
16.455,0.0164403231375763,0.00100601498185504
16.456,0.0165054456455073,0.00102024540331241
16.457,0.016568567475794,0.00104009512306075
16.458,0.016631521814023,0.00106709124041388
16.459,0.0166956736323369,0.00110221471336336
16.46,0.0167616492403623,0.00114606317636545
16.461,0.0168298227759078,0.00119931298069609
16.462,0.0168111914978082,0.0012318005008452
16.463,0.0167978456986731,0.0012654670987029
16.464,0.016782779286327,0.0013024418869142
16.465,0.0167662681427982,0.00134324147772352
16.466,0.016747576411877,0.00138706251878035
16.467,0.0167227628625944,0.00141446111724147
16.468,0.0166494802843497,0.00142746559182927
16.469,0.016579503350352,0.00143506101399682
16.47,0.0165020934573264,0.00143673725288512
16.471,0.016421228324587,0.00143369674267035
16.472,0.0163356676941021,0.00142640608070066
16.473,0.0162458251846606,0.00141548885365284
16.474,0.016151846527695,0.00140151367616798
16.475,0.0160536562300428,0.00138498519426866
16.476,0.0159513340524913,0.0013665542099876
16.477,0.015849381689593,0.00134729060825517
16.478,0.0158150460696147,0.00132484698169361
16.479,0.015782444112033,0.00129606665448434
16.48,0.0157538876518188,0.00126209652822118
16.481,0.0158062343384129,0.00122266914243091
16.482,0.0158486257265201,0.00117242091210346
16.483,0.0159037733646275,0.00111865429895441
16.484,0.0159536152902249,0.00106067514376751
16.485,0.0160117540904485,0.00100252452998995
16.486,0.016070013351506,0.000944188355524678
16.487,0.0161355460670594,0.00088825728969627
16.488,0.0162024094579859,0.000834057366055407
16.489,0.0162729690888996,0.000784230192622859
16.49,0.0163422934705585,0.000736483700053026
16.491,0.0164150306975893,0.000692577129333516
16.492,0.0164908813161618,0.000653041674718413
16.493,0.01656977806231,0.000618222009478697
16.494,0.0166110804914179,0.000569290887393159
16.495,0.0166176874988536,0.000511763212935112
16.496,0.0166277969209908,0.000454047670616742
16.497,0.0165908952146377,0.00037855197259401
16.498,0.0165464556374622,0.000297723159592977
16.499,0.0164889252773279,0.00021468435383043
16.5,0.0164312929238911,0.000132781922916103
16.501,0.0163747645656542,5.29451637742984e-05
16.502,0.0163557187166682,-2.50420033409138e-05
16.503,0.0163525024839579,-0.00010007310652016
16.504,0.0163498708926964,-0.000172912459359187
16.505,0.0163555677953556,-0.000241646630399717
16.506,0.0163579809919653,-0.00030702509909436
16.507,0.0163703279100548,-0.000366181836777668
16.508,0.0164168038857645,-0.000422437052598701
16.509,0.0164651366547724,-0.000476002314949042
16.51,0.0165133131481941,-0.000526914024867819
16.511,0.0165671594610843,-0.000572712323240465
16.512,0.0166193156476285,-0.000615082617038853
16.513,0.0166419769533335,-0.000666390053436827
16.514,0.0166484602908308,-0.000720610572261526
16.515,0.0166556098692542,-0.000773165616245686
16.516,0.01665848775345,-0.000823280261895765
16.517,0.016623847048938,-0.000884156378313794
16.518,0.0165984597009881,-0.000944097239593378
16.519,0.0165550772842931,-0.00100511031001677
16.52,0.0165557329624929,-0.00106302189981317
16.521,0.0165664426332064,-0.0011181011040346
16.522,0.0165799215522821,-0.00117004894151329
16.523,0.0165913820475098,-0.00121845172995277
16.524,0.0166105649109387,-0.00126061300530628
16.525,0.0166345077825363,-0.00129727565464965
16.526,0.0166561352620241,-0.00132909522875208
16.527,0.0166905244660352,-0.00135951502107345
16.528,0.0167405042572454,-0.00138376335409107
16.529,0.0167847673879537,-0.00140452505029054
16.53,0.0168427672579363,-0.0014182102025268
16.531,0.0168941729431555,-0.00142682608540035
16.532,0.0169418782210463,-0.00143062889074191
16.533,0.016957421897797,-0.00144314765507558
16.534,0.0169642254339137,-0.001457201081496
16.535,0.0169747503407693,-0.00146924192743925
16.536,0.0169474073904898,-0.00149310549803378
16.537,0.0169291097330918,-0.0015170288851068
16.538,0.0168878478333687,-0.00154341729131313
16.539,0.0168548520873267,-0.0015660310049781
16.54,0.0168511098741221,-0.00158560226561899
16.541,0.016861101667365,-0.00160019392925187
16.542,0.0168725180837473,-0.00161098368132995
16.543,0.0168785272087525,-0.00161787866416491
16.544,0.0168944921630624,-0.00161904710881999
16.545,0.0169548661340905,-0.00161484082384283
16.546,0.01700884203148,-0.00160927391170229
16.547,0.0170681411541967,-0.00159920738035474
16.548,0.0171270902929557,-0.00158542450848664
16.549,0.0171840414672478,-0.00156746361790122
16.55,0.0171873065078739,-0.00156520299262669
16.551,0.0171943156653476,-0.00156258683702837
16.552,0.0171884990224949,-0.00156169703662867
16.553,0.0171874001996127,-0.00155877592892573
16.554,0.0171462966696272,-0.00156965750764898
16.555,0.0171139521097987,-0.00158074882627113
16.556,0.0170587743593329,-0.00159482554775492
16.557,0.0170149738621572,-0.00160630657927152
16.558,0.0169996178677123,-0.00161527732477035
16.559,0.0170110069570917,-0.00161862698581816
16.56,0.0170178757240748,-0.0016176543831346
16.561,0.0170251347107683,-0.001611216993538
16.562,0.0170280291000623,-0.00160126733778698
16.563,0.0170714373317981,-0.0015873275116336
16.564,0.0171248630221784,-0.00156790755289499
16.565,0.0171686273949775,-0.00154510839054173
16.566,0.0172175176762859,-0.00151650393756247
16.567,0.0172605504309614,-0.00148180153947636
16.568,0.0172586427928158,-0.00146120284592938
16.569,0.0172505367029324,-0.00144326125926036
16.57,0.0172457803948219,-0.00142537874767923
16.571,0.0172404711457852,-0.0014063102987546
16.572,0.0171843591870132,-0.00140206288470041
16.573,0.0171370383928429,-0.00139868929365156
16.574,0.017078188652846,-0.00139529897657048
16.575,0.0170196660330266,-0.00138861178640953
16.576,0.0169638934394491,-0.00137778425256985
16.577,0.0169454605767812,-0.00136416347232149
16.578,0.0169459443905419,-0.00134604470065358
16.579,0.0169500249206757,-0.0013227132054246
16.58,0.0170065858391959,-0.00129529658650079
16.581,0.0170531515481471,-0.00126642989599263
16.582,0.0170991005342778,-0.00123378465725538
16.583,0.0171336185093197,-0.00119862717865121
16.584,0.0171846590561096,-0.00115504192322358
16.585,0.017237903833984,-0.00110466241113766
16.586,0.0172929809299085,-0.00104645984672469
16.587,0.01727687654236,-0.00100730529430115
16.588,0.0172657304284868,-0.000968505416313381
16.589,0.0172294786843908,-0.000945517125304496
16.59,0.0171747128872906,-0.000928829415274446
16.591,0.0171298856717465,-0.000912755104069407
16.592,0.0170708946657573,-0.000898427463014329
16.593,0.0170226688553444,-0.000881363890974651
16.594,0.0169491160389303,-0.000865159296449813
16.595,0.0169460183130078,-0.000840853747350434
16.596,0.0169384853619352,-0.000813593803601742
16.597,0.0169440373010371,-0.000779876054866124
16.598,0.016949014420451,-0.000741507072273162
16.599,0.0170135866654776,-0.000698413656676111
16.6,0.0170689753352672,-0.000654748181945386
16.601,0.0171301648587938,-0.000606484307791699
16.602,0.017179220346398,-0.000555965413344683
16.603,0.0171920853831716,-0.000520543436490106
16.604,0.0171811788745498,-0.000492733194412232
16.605,0.0171721135917068,-0.000466189233670034
16.606,0.0171655480673395,-0.000439544397530967
16.607,0.0171613559342571,-0.000411824879726685
16.608,0.0171518091265377,-0.00038359045741948
16.609,0.0170816829368494,-0.000375643894052979
16.61,0.0170260514320096,-0.000368021866896939
16.611,0.0169532423082287,-0.000363675350653681
16.612,0.0168911434463331,-0.000357122837529089
16.613,0.0168797270339356,-0.000348306910835428
16.614,0.0168924496304644,-0.000335444568564935
16.615,0.0168972384089742,-0.000320168455569481
16.616,0.0169037464741935,-0.000299694266191586
16.617,0.0169028047675231,-0.000275270812698125
16.618,0.0169250105044973,-0.000242592547009979
16.619,0.0170033655351097,-0.000205115286630919
16.62,0.0170657874761326,-0.000168696167232807
16.621,0.0171424562678577,-0.000126490176832694
16.622,0.0172200182023608,-7.93067860890284e-05
16.623,0.0173017509967491,-2.49566349944663e-05
16.624,0.0172970766351166,2.57386098712065e-06
16.625,0.0172972131385055,2.64574831234099e-05
16.626,0.0172907960697077,4.68580234220251e-05
16.627,0.0172893010782303,6.7094477819829e-05
16.628,0.0172845346675844,8.7091017646479e-05
16.629,0.0172189012098721,8.6748997711994e-05
16.63,0.0171644342194809,8.44753017904543e-05
16.631,0.0170969450755819,7.92284349019345e-05
16.632,0.0170420398380605,7.57973675620804e-05
16.633,0.0169650431400938,7.17190754883079e-05
16.634,0.0169670801909096,7.36311308049964e-05
16.635,0.016963574145773,7.67739948924762e-05
16.636,0.0169689487722269,8.44906810579249e-05
16.637,0.0169658480671263,9.4097850179109e-05
16.638,0.0169976400567771,0.000103776257276644
16.639,0.017043843998216,0.000117804593056048
16.64,0.0170795891627163,0.000133430178118843
16.641,0.0171353228845786,0.000156478601606724
16.642,0.0171899770408335,0.000184698133983641
16.643,0.0172370517260316,0.000218777351397248
16.644,0.0172193894979637,0.000234893750690024
16.645,0.0172071571943985,0.000249220665785477
16.646,0.0171957850437364,0.000262634720516353
16.647,0.0171462626443058,0.000258891320225885
16.648,0.0170839566492304,0.000250503484554354
16.649,0.0170303462855915,0.000242389404000731
16.65,0.0169743993848851,0.00023396175694429
16.651,0.0169005184123587,0.00022464866968297
16.652,0.0168998983946178,0.000222572059800086
16.653,0.0168926800134851,0.000222378734328565
16.654,0.0169056534720424,0.000228916329310325
16.655,0.0169732729307813,0.000240424756803137
16.656,0.0170307193128447,0.000251947957281951
16.657,0.0170900014314614,0.00026771387620983
16.658,0.0171405537453774,0.000286835356855142
16.659,0.0171849279481711,0.000309810924558951
16.66,0.0171854935195683,0.000319516461415426
16.661,0.0171701200945737,0.000324672204409737
16.662,0.0171562922705522,0.000329937320134588
16.663,0.0171041218328527,0.000319476356995807
16.664,0.0170489805779882,0.000306703887040571
16.665,0.0169851920409158,0.000292501659712729
16.666,0.0169332384864322,0.00028058874768172
16.667,0.0169157613344196,0.000271827830770566
16.668,0.016910361469772,0.000267844204782708
16.669,0.0168999034127696,0.000267573865298687
16.67,0.0169164619168091,0.000274862304902368
16.671,0.0169871932991997,0.000287314561219776
16.672,0.0170426661859877,0.000299019931152111
16.673,0.0171147539119918,0.000316901051019114
16.674,0.0171851951869254,0.000339346268370233
16.675,0.0171986434291297,0.000343346860911975
16.676,0.0171937124143451,0.000341031618375509
16.677,0.0171949652839322,0.000338531433369926
16.678,0.017193705575669,0.00033553045419854
16.679,0.0171911967572465,0.000333662851377037
16.68,0.0171442089489749,0.000315657646257572
16.681,0.0171038153648194,0.000296322297651752
16.682,0.0170310784677687,0.000271646557520933
16.683,0.0169698196969436,0.000249279922728163
16.684,0.0169739650966061,0.000232765989543082
16.685,0.0169724177544972,0.000218272643825068
16.686,0.0169787683488676,0.000208695341869958
16.687,0.016981960593256,0.000203261306812696
16.688,0.0169967136291803,0.000203826160651344
16.689,0.0170616948959534,0.000209939348271959
16.69,0.0171159525051385,0.000216639097709914
16.691,0.0171823212394644,0.000229138267361984
16.692,0.0172448094712123,0.00024587491537742
16.693,0.017250193958055,0.000244957773744059
16.694,0.0172414741429967,0.000238792960136847
16.695,0.0172376990657127,0.000232533855250072
16.696,0.0172344581771691,0.000226649582213356
16.697,0.0172323880243623,0.000222105684500651
16.698,0.0171788553734779,0.000200744754258353
16.699,0.0171331083279115,0.000178047933723668
16.7,0.0170655483229783,0.000152169840792193
16.701,0.0169925341360223,0.000127452038004239
16.702,0.0169936349173365,0.00010719349964039
16.703,0.0169922878781508,8.82450016396197e-05
16.704,0.0169966311189296,7.29998074604499e-05
16.705,0.0169952868379196,6.13025804978018e-05
16.706,0.0170123177786599,5.61171539213978e-05
16.707,0.0170312770412545,5.56669450577085e-05
16.708,0.017075084782924,5.59498222568178e-05
16.709,0.0171350260462137,6.15555576708449e-05
16.71,0.0171912527526393,7.04776545661923e-05
16.711,0.0172496387051807,8.44994246167463e-05
16.712,0.0173005580004861,0.000102386025830292
16.713,0.0173701967445132,0.000128979216462377
16.714,0.0173710224281395,0.000135055275312657
16.715,0.0173637940915703,0.000136079083716156
16.716,0.0173609214557823,0.000136333507630038
16.717,0.0173536401144048,0.000135893405506515
16.718,0.01735066584014,0.000137242130086201
16.719,0.0172962665491451,0.000119339395840301
16.72,0.0172516684559222,9.95278663643573e-05
16.721,0.0171935696727092,7.67570123059724e-05
16.722,0.0171436487659493,5.50803292583835e-05
16.723,0.0170711542450911,3.2345773500253e-05
16.724,0.0170747280635774,1.54682710709619e-05
16.725,0.0170716368137989,-1.18926586301082e-07
16.726,0.0170784775658982,-1.04835668519043e-05
16.727,0.0170778627109727,-1.79186028313461e-05
16.728,0.0170977757132185,-1.65570663762105e-05
16.729,0.0171139762392322,-9.79938539591441e-06
16.73,0.0171665313633001,-5.99864787398374e-07
16.731,0.0172296721288674,1.34643020206493e-05
16.732,0.0172857776511459,3.07955974396257e-05
16.733,0.0173450187843308,5.32429215602814e-05
16.734,0.017334758991459,5.46805201937506e-05
16.735,0.0173175747079992,5.0874108157184e-05
16.736,0.0173036959729884,4.58733391815458e-05
16.737,0.0172910399749759,4.06598360023769e-05
16.738,0.0172820322820339,3.66160200231946e-05
16.739,0.0172702068619891,3.37161261272922e-05
16.74,0.0172167409892828,1.56045321859088e-05
16.741,0.017168131903764,-3.5828130869886e-06
16.742,0.017111461103038,-2.392735781237e-05
16.743,0.0170480262031374,-4.36317964481181e-05
16.744,0.0170595141156595,-5.78171993196874e-05
16.745,0.0170646920054334,-7.10954359170457e-05
16.746,0.0170721231625736,-8.0962173978294e-05
16.747,0.0170688942643688,-8.87865948242528e-05
16.748,0.017091774047031,-8.95249137662368e-05
16.749,0.0171614100527143,-8.54277001577364e-05
16.75,0.0172252523901048,-7.83220700771303e-05
16.751,0.0172837425527424,-6.77043955517043e-05
16.752,0.0173370266868282,-5.35989001795856e-05
16.753,0.0173989473328314,-3.19742486994956e-05
16.754,0.0173871024257989,-3.06249575866002e-05
16.755,0.0173790513311575,-3.05635682413263e-05
16.756,0.0173690292878358,-3.14490556446168e-05
16.757,0.0173624224249891,-3.14412192672919e-05
16.758,0.0173114148935875,-4.79526360780969e-05
16.759,0.0172634027884303,-6.63851776893654e-05
16.76,0.0172192400050793,-8.52740565098209e-05
16.761,0.017150707970201,-0.00010655152688438
16.762,0.0170934653083329,-0.000124361002587614
16.763,0.0170873792414187,-0.000137380174829393
16.764,0.0170814051084169,-0.000146888882296636
16.765,0.0170809694051832,-0.000151072437219124
16.766,0.0170914613414668,-0.000150111095710226
16.767,0.0171523766378693,-0.000144492169712407
16.768,0.0171980893808239,-0.00013989906490508
16.769,0.0172599596424989,-0.000129679452141929
16.77,0.0173167969721037,-0.000115918271457793
16.771,0.0173804104269227,-9.5135346276698e-05
16.772,0.0174417378635658,-6.89437666323012e-05
16.773,0.0174452863571403,-5.98323076604346e-05
16.774,0.0174360281881968,-5.55701513231255e-05
16.775,0.0174311283443615,-5.13435465804291e-05
16.776,0.017424248442852,-4.69370335731689e-05
16.777,0.0173639269140568,-6.15671450501232e-05
16.778,0.0173174905285457,-7.74634430558696e-05
16.779,0.0172484279627451,-9.74226781179643e-05
16.78,0.0171913563058411,-0.000115406683709129
16.781,0.0171261815330722,-0.000132093367038344
16.782,0.0171063201813859,-0.000146011606146634
16.783,0.0171165865120383,-0.000154733844665578
16.784,0.0171193796389782,-0.000160308725536573
16.785,0.0171247496688076,-0.00016099343891518
16.786,0.017138463377514,-0.000156249512005657
16.787,0.0172023720456499,-0.000146494618466331
16.788,0.0172518617242762,-0.000137238097881187
16.789,0.0173154584102265,-0.000122136437034792
16.79,0.0173707616019057,-0.000103458168687731
16.791,0.0174308493736902,-7.8768610379365e-05
16.792,0.0174914711679182,-4.68782652273125e-05
16.793,0.0174878121438529,-3.45465968185077e-05
16.794,0.017484408754415,-2.5772377867328e-05
16.795,0.0174837632217181,-1.84440568307132e-05
16.796,0.0174839180883061,-1.1466679590566e-05
16.797,0.0174209787257744,-2.5445796465462e-05
16.798,0.0173714486701199,-3.97623633636712e-05
16.799,0.0173183266144975,-5.50282243131917e-05
16.8,0.0172671612640258,-6.94742734804743e-05
16.801,0.0172039062232978,-8.41526966617878e-05
16.802,0.0171517167666753,-9.49343901029964e-05
16.803,0.0171464709452532,-0.000102943712429582
16.804,0.0171506277776078,-0.000106873633578142
16.805,0.017157671420792,-0.000106465021159796
16.806,0.0171675655344658,-0.000102150712262938
16.807,0.0172318468781625,-9.38360944279237e-05
16.808,0.0172872639477291,-8.60380993745746e-05
16.809,0.0173496507778432,-7.29762771634057e-05
16.81,0.0174011113901584,-5.65782386869884e-05
16.811,0.0174528456638264,-3.51019803910835e-05
16.812,0.0175097965889848,-5.92864710863283e-06
16.813,0.0174971299802738,3.96836545218937e-06
16.814,0.017488589520236,1.2437799609466e-05
16.815,0.0174773004034424,1.94429239198102e-05
16.816,0.0174703176920922,2.71366563256992e-05
16.817,0.0174171272375189,1.58996375498877e-05
16.818,0.0173698884474399,2.17322987583479e-06
16.819,0.0173196331124594,-1.35320238048298e-05
16.82,0.0172688150319228,-2.88981662004972e-05
16.821,0.0172232996010397,-4.23726434766181e-05
16.822,0.0172028126878756,-5.49161409397203e-05
16.823,0.0172147509844889,-6.10331250104901e-05
16.824,0.0172225425429796,-6.34557126758528e-05
16.825,0.0172376397010431,-5.86288464830553e-05
16.826,0.0173052394901293,-4.93970179616388e-05
16.827,0.0173636443207447,-4.03484412200839e-05
16.828,0.017424406069954,-2.65392288514854e-05
16.829,0.0174765636854133,-9.2716242742763e-06
16.83,0.0175306018468123,1.30354655508702e-05
16.831,0.0175135955668587,1.66891186858531e-05
16.832,0.0175029186457354,1.94155089510151e-05
16.833,0.0174949341357164,2.1985190558016e-05
16.834,0.0174861547818447,2.48528029450079e-05
16.835,0.0174261839896124,9.59957946067291e-06
16.836,0.0173781288056782,-5.64222438448336e-06
16.837,0.0173201379157118,-2.2860594822649e-05
16.838,0.0172718249633491,-3.85452592637781e-05
16.839,0.0172534379996434,-5.30770041983208e-05
16.84,0.0172662870630528,-6.17971865210509e-05
16.841,0.0172779499026534,-6.64959594223746e-05
16.842,0.0172894473560447,-6.56859762566686e-05
16.843,0.01729586085357,-6.21506097588376e-05
16.844,0.0173447277951784,-5.54103586983268e-05
16.845,0.017399346511305,-4.44099205615389e-05
16.846,0.017440150839241,-3.12118015952101e-05
16.847,0.0174911936107047,-1.2209189392598e-05
16.848,0.0175356260271189,1.20502691919322e-05
16.849,0.017538359756473,2.20819062914379e-05
16.85,0.0175239608834241,2.67465318649629e-05
16.851,0.0175118638922168,3.08924664447763e-05
16.852,0.01746244803875,1.80680560041835e-05
16.853,0.0174123006915376,2.32548358242157e-06
16.854,0.0173623073726438,-1.44823423210427e-05
16.855,0.0172998035692777,-3.23167906290944e-05
16.856,0.0172501367837111,-4.70552292659021e-05
16.857,0.0172381060555408,-5.86341915236877e-05
16.858,0.0172352970861138,-6.53241530902959e-05
16.859,0.0172283341933954,-6.77872086374265e-05
16.86,0.0172772332135254,-6.65218177510751e-05
16.861,0.0173164768568559,-6.43196948648117e-05
16.862,0.0173546993378458,-5.89732559284073e-05
16.863,0.0173870357017525,-5.05896252591675e-05
16.864,0.0174317091469558,-3.45321293510059e-05
16.865,0.017479856381805,-1.19973030981435e-05
16.866,0.0174678082955199,-5.89709613812994e-06
16.867,0.017458549463462,-1.53422161008887e-06
16.868,0.0174470717932375,1.8227959491246e-06
16.869,0.0174077364563635,-9.78154044090074e-06
16.87,0.0173603690758215,-2.5065739303165e-05
16.871,0.017318232986598,-4.0411668995155e-05
16.872,0.0172639632300223,-5.68423230808968e-05
16.873,0.0172215440395246,-7.00431123124012e-05
16.874,0.0171688517987483,-8.14411814779592e-05
16.875,0.0171637043576923,-8.77367938940665e-05
16.876,0.0171788762602361,-8.87369850319231e-05
16.877,0.0171840687419352,-8.74005962490099e-05
16.878,0.0172440305459636,-8.19227528006117e-05
16.879,0.0172897895856479,-7.66950009773448e-05
16.88,0.0173353841120321,-6.8043316900579e-05
16.881,0.017377376877789,-5.56926699853966e-05
16.882,0.017425348691406,-3.61963930861076e-05
16.883,0.0174718101808973,-1.12641192216989e-05
16.884,0.0174695257559018,-8.49291355853321e-07
16.885,0.0174541381518298,4.94834621223017e-06
16.886,0.0174389102286255,1.00970537091905e-05
16.887,0.0174038484312747,7.09007632659908e-07
16.888,0.0173499306620223,-1.26319694867538e-05
16.889,0.0172944192996139,-2.07412563689724e-05
16.89,0.0172229360070898,-2.18767821485999e-05
16.891,0.0171567126772521,-1.21747292304297e-05
16.892,0.017125666317487,-5.40549496330645e-07
16.893,0.0171212241460827,1.86261304301327e-05
16.894,0.0171165052124164,4.02487192417977e-05
16.895,0.0171581821040474,6.30914742795752e-05
16.896,0.0172080728601673,8.88043226324187e-05
16.897,0.0172515205951945,0.000116773844395346
16.898,0.0173023190044695,0.000150112859855223
16.899,0.0173489804552026,0.000188421589430832
16.9,0.0174025690595635,0.000234421765157589
16.901,0.0174516428767085,0.000287637763063009
16.902,0.0175098681588773,0.000351037690055733
16.903,0.0175618468382671,0.000423444840999154
16.904,0.0175632717570852,0.000479033346539981
16.905,0.0175604313308652,0.000513519055272693
16.906,0.0175202347224753,0.000533411751114654
16.907,0.0174957311864929,0.000549933541043046
16.908,0.0174607975071513,0.000562368072940023
16.909,0.0174298029805417,0.000574332722076465
16.91,0.017395885791589,0.000586208778052211
16.911,0.0173615667839687,0.000599342870732877
16.912,0.0173253997975722,0.000614287474011876
16.913,0.0172875583869425,0.000631584960823828
16.914,0.0172392059138357,0.000641492905963159
16.915,0.0171876494899405,0.000648691741477192
16.916,0.0171365042696734,0.000655427384895602
16.917,0.0170806757435524,0.000661775963808231
16.918,0.0170251613279842,0.000669440172715474
16.919,0.0169557976179354,0.000676599008238243
16.92,0.0169704370442761,0.000684880126134713
16.921,0.016979787569966,0.000690479506700481
16.922,0.0170091419665278,0.000700022088115315
16.923,0.0170301930411555,0.000711032113800525
16.924,0.0170571057900926,0.000720176265616324
16.925,0.0171037121455331,0.000735046441120879
16.926,0.0171412686527826,0.000751681047491237
16.927,0.0171793874250853,0.000773310802901717
16.928,0.0172143005818133,0.000800898319976484
16.929,0.0172535687888924,0.000832353459072011
16.93,0.0173039108597897,0.000870177226817259
16.931,0.0172849438111444,0.000888248216398269
16.932,0.0172801344629856,0.000904379327379135
16.933,0.017274831455085,0.000918032009778358
16.934,0.017268460280277,0.000929975083754531
16.935,0.0172240721304119,0.000926372680247256
16.936,0.017154525626974,0.000914112083416185
16.937,0.0170843441504286,0.000899746156605985
16.938,0.0170131169289117,0.000884440436410061
16.939,0.0169772100350331,0.000868127661530549
16.94,0.016947753128684,0.000852320566011089
16.941,0.0169835511475807,0.000840277160413738
16.942,0.0170290133915434,0.00082873096631092
16.943,0.0170684731545698,0.000818582051878347
16.944,0.0171315245538985,0.000815529246676439
16.945,0.0171890080827665,0.000818991900477073
16.946,0.0172339594473007,0.000812728327853895
16.947,0.0172589161821572,0.000802467055741551
16.948,0.0172099537757031,0.000766408233472959
16.949,0.017157017017353,0.000722107827643481
16.95,0.0171012932283534,0.000674297179732886
16.951,0.0170438271944487,0.000627402535918919
16.952,0.0169789576783479,0.000583303402926116
16.953,0.0169097751754113,0.00054341733836033
16.954,0.0168309763345983,0.000506489501768348
16.955,0.0167507837581387,0.000473348677751895
16.956,0.0166606073395271,0.000442104973384205
16.957,0.016616267500103,0.000417333584180557
16.958,0.0165834919888438,0.000398833531506271
16.959,0.0165443240792114,0.000382871232766702
16.96,0.0165043737586753,0.000371842483594786
16.961,0.0164793538213153,0.000366290424491378
16.962,0.0164485259537119,0.000364595724320127
16.963,0.0164222487006341,0.00036795711357579
16.964,0.0164685558817986,0.000374211216815856
16.965,0.0164851192497192,0.000361066576464397
16.966,0.0164779211610577,0.000336329045139916
16.967,0.0164841858455904,0.000307601445071137
16.968,0.016474381516564,0.000273145274801323
16.969,0.0164982634781384,0.000238471704661569
16.97,0.0165247726607407,0.000203434782379608
16.971,0.0165554660400643,0.000170132843253179
16.972,0.0165896877299623,0.000139785477161869
16.973,0.0166278205361536,0.000113650667546983
16.974,0.0166704128136094,9.30768435386531e-05
16.975,0.0167168668268656,7.83961283062351e-05
16.976,0.0167526369805827,6.30254864880664e-05
16.977,0.0168010441474176,5.30818106909692e-05
16.978,0.0168463470149823,4.80279591447141e-05
16.979,0.0168321495179256,2.89181005112549e-05
16.98,0.0168130701345842,8.65964266982822e-06
16.981,0.0167971406906153,-9.7825003266272e-06
16.982,0.0167817270626304,-2.63275829692766e-05
16.983,0.0167672195924849,-4.05103717824318e-05
16.984,0.0167514448833963,-5.21536015885005e-05
16.985,0.016733944638774,-6.12093646856215e-05
16.986,0.0166913489694927,-7.94181712970299e-05
16.987,0.0166353266326803,-9.73368683047093e-05
16.988,0.0165850805512207,-0.000112895667999213
16.989,0.0165954012720281,-0.000122117002657685
16.99,0.0166005393358978,-0.000128921596918685
16.991,0.0166098390161536,-0.000131786256355126
16.992,0.0166138842774196,-0.000132373792719298
16.993,0.0166649766354266,-0.000129258290201439
16.994,0.0167084373173078,-0.000125569644293166
16.995,0.0167600494064961,-0.000118602961511838
16.996,0.0168096174137463,-0.000108906035407141
16.997,0.0168643008100638,-9.51396328038312e-05
16.998,0.0169201513375393,-7.76331487590265e-05
16.999,0.0169273498744119,-7.35221895659666e-05
17,0.0169228286729092,-7.25352984308758e-05
17.001,0.0168651159187752,-8.97220096213736e-05
17.002,0.0168225413479471,-0.000108115956902244
17.003,0.016759880189477,-0.000130279113278287
17.004,0.0167737400996399,-0.000147223545218844
17.005,0.0167867437866019,-0.00016288216456789
17.006,0.0168053170806237,-0.000174191838181903
17.007,0.0168264727653227,-0.00018034179322407
17.008,0.0168511585732536,-0.000180394240837378
17.009,0.0168807936616139,-0.00017454964606145
17.01,0.0169395392346519,-0.000164373511654436
17.011,0.0170055478978024,-0.000148404644053635
17.012,0.0170683376742532,-0.000127542208312514
17.013,0.0171334472843354,-0.000100249841704314
17.014,0.0171974523935875,-6.66590076095486e-05
17.015,0.0172621700255957,-2.62195437911728e-05
17.016,0.0172719308769139,-3.53958452048442e-07
17.017,0.0172645402636866,2.2909765984791e-05
17.018,0.0171973461466579,2.87686121602237e-05
17.019,0.0171465090606035,3.5610500332961e-05
17.02,0.0170902867643062,4.29079501462204e-05
17.021,0.0170450313636109,5.4598809393569e-05
17.022,0.0170626116063216,7.49689576758361e-05
17.023,0.0170757977753305,0.000100282636971261
17.024,0.0170874858697602,0.000130429542719301
17.025,0.0171091119563926,0.000169303240497909
17.026,0.0171345207356352,0.000216366314803096
17.027,0.0172154318524863,0.000271502061017614
17.028,0.0172811607057736,0.00032896330689397
17.029,0.0173574707216708,0.00039357475808427
17.03,0.0173524426944287,0.000436400278600257
17.031,0.0173475713896554,0.000477459638620725
17.032,0.0173449534628672,0.00051914766592237
17.033,0.0173184188820851,0.000558684158745881
17.034,0.0172392505218627,0.000581356506640596
17.035,0.0171764101929262,0.000603238575920484
17.036,0.017106081525583,0.000622694265344503
17.037,0.0171270325633104,0.000648220813615541
17.038,0.0171475053420529,0.000674790078208642
17.039,0.0171641463499614,0.000702324683582223
17.04,0.0171789235412478,0.000731939343747545
17.041,0.0171922748835097,0.000764384456786227
17.042,0.0172246802559449,0.000802132739490147
17.043,0.0173064366216038,0.000843588599237
17.044,0.0173751166890429,0.000883337864244105
17.045,0.0173967802431511,0.000899095589193766
17.046,0.0173921491240895,0.000900346803002827
17.047,0.0173887809211331,0.000895111067632903
17.048,0.0173773463982404,0.000883835869766425
17.049,0.0173122310823764,0.000849500711732176
17.05,0.0172573805375259,0.000810009751876173
17.051,0.0171898577636821,0.000764335588493148
17.052,0.0171303307488658,0.000716888114337955
17.053,0.0170639936046127,0.000667477380350001
17.054,0.0169994444079155,0.000617354960712913
17.055,0.0169802481854264,0.000568113685638416
17.056,0.0169784955663228,0.000520031657591291
17.057,0.0169788731612081,0.000470809606157863
17.058,0.0170108079903223,0.000418751700822007
17.059,0.0170556952280733,0.000366242032013964
17.06,0.0170908438844144,0.000311686668756861
17.061,0.0171345577160579,0.000258515790585834
17.062,0.0171765219418517,0.000206341402385402
17.063,0.0172159657228997,0.000155640213319763
17.064,0.0172193164976553,9.22127149418084e-05
17.065,0.0172122881298405,2.35172843033871e-05
17.066,0.0172074331955665,-4.66995679854754e-05
17.067,0.0172017389238082,-0.000117626400437165
17.068,0.0171992033249746,-0.000187432539222654
17.069,0.0171942666753873,-0.000256198012363928
17.07,0.0171589746430833,-0.000335176068431253
17.071,0.0171300119194894,-0.000413455536050378
17.072,0.0170867428171276,-0.000491880231565767
17.073,0.0170834600268345,-0.000566783281271299
17.074,0.0170824480705756,-0.000639303553917225
17.075,0.0170827774707373,-0.000708949065240827
17.076,0.0170904239284341,-0.000773236940283195
17.077,0.0170960742896439,-0.000833849203934922
17.078,0.0171359475727484,-0.000889492739087339
17.079,0.0171648533582274,-0.000943922284279253
17.08,0.0172105325689452,-0.000992586133169382
17.081,0.01724762608603,-0.00103727736794429
17.082,0.0172900868486384,-0.00107503463449732
17.083,0.0172932744461366,-0.00112172289622547
17.084,0.0172962784918962,-0.00116797555497905
17.085,0.0172830576506477,-0.00121511929236101
17.086,0.0172690304234148,-0.00125758432001816
17.087,0.0172579260456996,-0.00129515182348061
17.088,0.0172316881688564,-0.00133930214977357
17.089,0.0171900668436403,-0.00138482510861004
17.09,0.0171530839517879,-0.00142714862783166
17.091,0.0171703144096771,-0.00146242980261552
17.092,0.0171840804481019,-0.0014946028529576
17.093,0.0171888631167123,-0.00152366645217106
17.094,0.0172041566077675,-0.00154646647803158
17.095,0.0172191730857563,-0.00156464578350346
17.096,0.0172401517725352,-0.00157616944149441
17.097,0.0172945364769459,-0.00158229687008909
17.098,0.0173350570556728,-0.00158569174274925
17.099,0.0173843145378988,-0.00158307404733854
17.1,0.017425632780885,-0.00157507600863682
17.101,0.0174174871791744,-0.00157950540872764
17.102,0.0174098504277249,-0.00158259844470715
17.103,0.0174016384564745,-0.00158438459842897
17.104,0.0173953795670875,-0.00158391543993747
17.105,0.0173569247966046,-0.00159484740910254
17.106,0.0173096701164442,-0.00160730018950261
17.107,0.0172710219270129,-0.00161708004556704
17.108,0.0172310267012649,-0.00162466032918018
17.109,0.0171917969582007,-0.00162913729665698
17.11,0.0171859200910914,-0.0016299552432647
17.111,0.0171858512123831,-0.00162577316694346
17.112,0.0171962169398273,-0.00161594033599227
17.113,0.0172101586738572,-0.00160076994240216
17.114,0.0172624914108932,-0.00158109312605859
17.115,0.0172959510937357,-0.00156206681463883
17.116,0.0173490283436997,-0.0015352406104624
17.117,0.0173996879042147,-0.00150276883250228
17.118,0.0174427955713905,-0.00146478929614174
17.119,0.0174369206786657,-0.00144064804307836
17.12,0.0174141631967367,-0.00142130502401361
17.121,0.0173935529766557,-0.00139966415402976
17.122,0.0173718432947441,-0.00137614615043358
17.123,0.0173258957040746,-0.00136558087632549
17.124,0.0172796211414307,-0.00135674893203358
17.125,0.0172301005631472,-0.00134855129454275
17.126,0.0171849677666874,-0.00133871134834729
17.127,0.0171214049763763,-0.00132958293272711
17.128,0.0171244671145862,-0.00131331813173824
17.129,0.0171213902141848,-0.00129424511265613
17.13,0.0171185799071805,-0.00127169434801094
17.131,0.0171355420152863,-0.00124411034253097
17.132,0.0171678137302794,-0.00121677684182336
17.133,0.0171914772537301,-0.00118897076516189
17.134,0.0172386670515876,-0.00115481048489952
17.135,0.0172795982716202,-0.00111526381075067
17.136,0.0173195083686029,-0.00106931121706083
17.137,0.0173631721254062,-0.00101676945759999
17.138,0.0173347061000689,-0.000982642058501737
17.139,0.0173095808432089,-0.000948597315166777
17.14,0.0172841086599065,-0.00091419099202622
17.141,0.0172564887150289,-0.000892455106451695
17.142,0.0172068777898043,-0.00087745711721926
17.143,0.0171597388356442,-0.000863617440581776
17.144,0.017114306214315,-0.00084966104917783
17.145,0.0170680949119088,-0.000834951903337877
17.146,0.0170009488654051,-0.000821082527236672
17.147,0.0170047882062807,-0.000800377595135238
17.148,0.017009152867814,-0.000776448691634068
17.149,0.0170061564110998,-0.000749896456325394
17.15,0.0170257939632343,-0.000717085153302432
17.151,0.0171000165143029,-0.000680009221860844
17.152,0.0171561831148921,-0.000644057836274581
17.153,0.0172165135416545,-0.000604449618834879
17.154,0.0172727429161734,-0.000561060746168962
17.155,0.0173319372325413,-0.000511890587983177
17.156,0.0173180453025081,-0.000483003880028365
17.157,0.0173050108964088,-0.000455961721630482
17.158,0.0172911700707963,-0.000430113845253488
17.159,0.0172759353835983,-0.000404462109810988
17.16,0.0172670490511963,-0.000376223032496958
17.161,0.0172421777039073,-0.000362104918551265
17.162,0.0171916658542883,-0.000354288480732823
17.163,0.0171429884174931,-0.000346862982201712
17.164,0.0170915431704623,-0.00033949867857147
17.165,0.0171111226387527,-0.000325407620506202
17.166,0.0171205587189308,-0.000311575483150139
17.167,0.0171388641536874,-0.000293454903845136
17.168,0.0171593401019594,-0.000271015240828232
17.169,0.0171889243864928,-0.000242240272584793
17.17,0.0172657154148208,-0.000207813468551699
17.171,0.0173244239114885,-0.000173141441831726
17.172,0.0173883796771413,-0.000134123957774568
17.173,0.0174383322509753,-9.20456114452128e-05
17.174,0.0174360858142776,-6.68174157520407e-05
17.175,0.0174176955285146,-4.8239527402183e-05
17.176,0.0174032114117869,-3.05364091756632e-05
17.177,0.0173750754391346,-1.54539139648469e-05
17.178,0.0173485035545292,2.79241516543127e-06
17.179,0.0172981954617645,6.49037160482813e-06
17.18,0.0172498806881717,7.77802810891792e-06
17.181,0.0171857579985773,6.28386300510764e-06
17.182,0.0171304927224842,6.4513096602048e-06
17.183,0.0171399456000153,1.09774187100897e-05
17.184,0.0171489986859302,1.6492763634357e-05
17.185,0.0171512826566122,2.42871023451996e-05
17.186,0.0171551341431382,3.55211689188617e-05
17.187,0.0171747505794354,5.25421837903606e-05
17.188,0.0172441270428911,7.44671444597444e-05
17.189,0.0173000300560191,9.66424551078204e-05
17.19,0.0173631067674911,0.000123620802986446
17.191,0.0174153863325376,0.000153966341852774
17.192,0.0174848083610851,0.000191945244209457
17.193,0.0175408964751152,0.000234467711535347
17.194,0.0175439328114384,0.000260462861714772
17.195,0.0175261403909165,0.000279131424430368
17.196,0.0175110175806463,0.000297837075829033
17.197,0.0174595978825751,0.000296462717471524
17.198,0.0174130156922664,0.000291016659447807
17.199,0.017354175852592,0.000281321721777195
17.2,0.0173104678287336,0.000272617073662884
17.201,0.0172469593047205,0.000261684001992779
17.202,0.0171923336686582,0.000254080139300228
17.203,0.0171884302093552,0.000249773649395824
17.204,0.0172027459499861,0.000250838865031966
17.205,0.0172101733152047,0.000254592762738093
17.206,0.0172339181177446,0.000263472847986779
17.207,0.0173087633236522,0.000275177453479991
17.208,0.0173642565640794,0.000284713785513035
17.209,0.0174357311804995,0.000298448824946618
17.21,0.0174957364085032,0.000315838167011417
17.211,0.017563497723511,0.000340113776073792
17.212,0.0175516000024756,0.000343500363343296
17.213,0.0175426483561052,0.000345691602584186
17.214,0.0175266989643616,0.000346021875984093
17.215,0.0175145651394042,0.000347573157818526
17.216,0.0174951873208435,0.000349178080223445
17.217,0.0174183993110902,0.000331217459042576
17.218,0.017353401539753,0.000313484774501938
17.219,0.017286717627211,0.000295460410288106
17.22,0.0172226853136787,0.000278632080284058
17.221,0.0172280646288806,0.000267490600489806
17.222,0.0172306929841763,0.000258733774335884
17.223,0.0172313255126685,0.000252652437157164
17.224,0.0172200569953697,0.000249368419721452
17.225,0.0172530679836586,0.000255341940449849
17.226,0.0172848214924171,0.000266749633145602
17.227,0.0173571764349626,0.00028216286786209
17.228,0.0174079689486564,0.000296658524296556
17.229,0.0174799800066575,0.000318118467731665
17.23,0.0175478396473742,0.000344520427108863
17.231,0.0175388163929698,0.000348670329054945
17.232,0.0175316453035614,0.000348328624979688
17.233,0.0175138655475344,0.00034374012177163
17.234,0.0174967612515096,0.000340507771985299
17.235,0.0174731104664749,0.000337706133582805
17.236,0.0174092444689226,0.000318554750294131
17.237,0.0173573923376199,0.00029851227901212
17.238,0.0172985480214181,0.000276967402728256
17.239,0.017246795094565,0.000257056186809324
17.24,0.0172510989274906,0.000240832991673545
17.241,0.0172695896497084,0.000229028336104109
17.242,0.0172844006902436,0.000220053169041556
17.243,0.0172909353514993,0.000214455017919057
17.244,0.0173173135810518,0.000214768387863551
17.245,0.0173945715862196,0.000220415052328393
17.246,0.01745375893497,0.000226515504747227
17.247,0.0175202088223911,0.000237544265726808
17.248,0.0175745672501671,0.000252081216496836
17.249,0.0176447800059821,0.000274079322994447
17.25,0.017639957063202,0.000275518044567657
17.251,0.0176362022217961,0.000273468176259395
17.252,0.017623781283497,0.000268551040817189
17.253,0.0176122415204963,0.000265039982581872
17.254,0.0175887757461573,0.000261353009711307
17.255,0.0175220490179445,0.000240608507378559
17.256,0.0174684876345627,0.000218854951645864
17.257,0.0174091132939407,0.000195662129264584
17.258,0.0173535340702207,0.000173324583800594
17.259,0.0173618047642673,0.000156255683042728
17.26,0.0173674943239517,0.000140865671054591
17.261,0.0173628167267689,0.000127395735189495
17.262,0.0173790350623692,0.000120797903126857
17.263,0.0173965211993199,0.000119254126376145
17.264,0.0174271946404071,0.00012488726446036
17.265,0.0175083833793527,0.000135853238464101
17.266,0.0175707793927953,0.000146740600915241
17.267,0.0176442783243585,0.000162677756585683
17.268,0.0177051363547427,0.000181266897563259
17.269,0.0177097235313836,0.000182359710474478
17.27,0.0176992430490164,0.000176716794344833
17.271,0.0176932545472884,0.000170354549360097
17.272,0.0176644052841584,0.000160141018366589
17.273,0.017634685719235,0.000153307646723722
17.274,0.017606851040906,0.000150143367131761
17.275,0.0175446779183261,0.000130445990893957
17.276,0.0174917433883136,0.000109062151878059
17.277,0.0174296217968418,8.53036088373504e-05
17.278,0.0173735934393681,6.26551304262479e-05
17.279,0.0173670246563562,4.10165670866602e-05
17.28,0.0173785416940107,2.38964152842747e-05
17.281,0.0173829438426436,8.79134284198502e-06
17.282,0.0173977694414585,-4.29823402925411e-07
17.283,0.0174103697723146,-5.21639076578317e-06
17.284,0.0174401706924975,-2.99519392604752e-06
17.285,0.0175152040111945,3.95797157537459e-06
17.286,0.0175687080643183,9.7578168540835e-06
17.287,0.0176382170842702,2.20753331219292e-05
17.288,0.0177026924054537,3.90477426054359e-05
17.289,0.0177606820692543,6.14299919152184e-05
17.29,0.0177580373290479,6.61865391910488e-05
17.291,0.0177474122535809,6.55402861245435e-05
17.292,0.0177293022413092,6.20310769275934e-05
17.293,0.0177130105954539,6.02233395002316e-05
17.294,0.0176911459888187,5.91270769208507e-05
17.295,0.0176286074073237,4.12191672380935e-05
17.296,0.0175794673049499,2.23730295236813e-05
17.297,0.0175221483407258,1.67955500190997e-06
17.298,0.0174700897907112,-1.78439049777768e-05
17.299,0.017475841100023,-3.36273207579008e-05
17.3,0.0174950271041403,-4.47096521942192e-05
17.301,0.0175072742407304,-5.32196627851533e-05
17.302,0.0175233898488061,-5.68488012440693e-05
17.303,0.017540214598239,-5.53516338674953e-05
17.304,0.0175574069469383,-4.87722988494199e-05
17.305,0.0176255597681607,-3.76693859788224e-05
17.306,0.017675802711299,-2.64222393004387e-05
17.307,0.0177375869129543,-9.32676326292903e-06
17.308,0.0177885934305354,1.13168139941888e-05
17.309,0.017780154003647,1.50214020882555e-05
17.31,0.0177620166503857,1.36860414356454e-05
17.311,0.0177461876291334,1.16162427954425e-05
17.312,0.017731562389501,9.66232399285394e-06
17.313,0.0177070485049524,6.94073212520463e-06
17.314,0.0176343594852719,-1.17652636412169e-05
17.315,0.017578946625571,-3.07546093637479e-05
17.316,0.017520298655355,-5.0470714117401e-05
17.317,0.017528280036845,-6.48363351622439e-05
17.318,0.017536429003156,-7.80645272627778e-05
17.319,0.0175415922132631,-8.73861415987554e-05
17.32,0.0175490639344975,-9.25503858503762e-05
17.321,0.0175615721994068,-9.11713575499351e-05
17.322,0.0175895072223639,-8.35489442582715e-05
17.323,0.0176324334183252,-7.59094614984912e-05
17.324,0.0176948432113751,-6.15980058680798e-05
17.325,0.0177410031898688,-4.46378274271964e-05
17.326,0.0178077393968854,-2.00781011408524e-05
17.327,0.0177991972850855,-1.64352008776847e-05
17.328,0.0177919453531834,-1.6562607442594e-05
17.329,0.017781405780686,-1.9084287906812e-05
17.33,0.0177722369910061,-2.14655896836891e-05
17.331,0.0177482571687748,-2.4763968200392e-05
17.332,0.0176715162374317,-4.39088549852862e-05
17.333,0.0176119414027933,-6.3360782455113e-05
17.334,0.0175544300692618,-8.27943013578802e-05
17.335,0.0174949222112738,-0.000101778618332771
17.336,0.017506118171007,-0.000114953185700484
17.337,0.0175148729557042,-0.000127001193775844
17.338,0.0175153744478721,-0.000136298625490749
17.339,0.0175292947276999,-0.000139402956426005
17.34,0.0175537744089725,-0.000137671590836053
17.341,0.0175989177804812,-0.000134194465060855
17.342,0.0176612778826816,-0.000123996867249565
17.343,0.017707137151818,-0.000110835855551883
17.344,0.0177667653407606,-9.11192452279219e-05
17.345,0.0178172933821222,-6.68741794628835e-05
17.346,0.0178070557475802,-5.9161305435651e-05
17.347,0.0177845567938254,-5.69501183253496e-05
17.348,0.0177636030608567,-5.5356910594162e-05
17.349,0.0177319444960886,-5.52299433678183e-05
17.35,0.0176544348987136,-7.16575383900575e-05
17.351,0.0175938059093601,-8.84912839324015e-05
17.352,0.017535652833839,-0.000105498085364752
17.353,0.0174752309507643,-0.000122011949320988
17.354,0.017478111041353,-0.000134216257206332
17.355,0.01749201832457,-0.000142104371991303
17.356,0.0174989262828316,-0.000147357686719085
17.357,0.0175188749821647,-0.00014607371153208
17.358,0.017539708468816,-0.000140952632872504
17.359,0.0175993116431097,-0.000131760569312467
17.36,0.017647416843634,-0.000120534366114589
17.361,0.0176932298925639,-0.000105420823511504
17.362,0.0177614756974028,-8.32335556932851e-05
17.363,0.0178183147030088,-5.64281702613023e-05
17.364,0.0178134367315906,-4.75292209740075e-05
17.365,0.0177984758345057,-4.4160181295938e-05
17.366,0.0177851817473158,-4.17557897513521e-05
17.367,0.017765619751398,-4.05234730522785e-05
17.368,0.0177058850331798,-5.57657100435094e-05
17.369,0.017658216300842,-7.28340807043537e-05
17.37,0.0176041393121381,-9.23021930988033e-05
17.371,0.0175574313588543,-0.000109706960666534
17.372,0.0174987922608709,-0.000126948153458373
17.373,0.0175101549662982,-0.00013873151384225
17.374,0.0175234878179495,-0.000147563459696576
17.375,0.0175354572862823,-0.000153162552168962
17.376,0.0175445816641295,-0.000153506684495319
17.377,0.0175908399933159,-0.000151702201299952
17.378,0.0176268934916851,-0.000148318813105786
17.379,0.0176780416059813,-0.000139307645162179
17.38,0.01771515941235,-0.000126928516257008
17.381,0.0177665770979336,-0.000106775807098392
17.382,0.017806686774269,-8.25402428618061e-05
17.383,0.017784950059673,-7.37732127470414e-05
17.384,0.0177593942965674,-6.83475924047605e-05
17.385,0.0177330396665304,-6.40170454193068e-05
17.386,0.0176909447523607,-7.48262764496133e-05
17.387,0.0176416398631187,-8.88615516055347e-05
17.388,0.0175892582089106,-0.000104220481224326
17.389,0.0175342719051393,-0.000119957479041199
17.39,0.0174845089092441,-0.00013315245576262
17.391,0.0174225730799972,-0.000144968454493521
17.392,0.0174229916001066,-0.000147264490520882
17.393,0.0174312628592533,-0.00013911911984299
17.394,0.0174368145090525,-0.000121614489459854
17.395,0.0174488866002437,-9.5922767840706e-05
17.396,0.0174592446081736,-6.54177396966493e-05
17.397,0.01748681125628,-2.68061084948701e-05
17.398,0.0175576300356682,2.03855228051997e-05
17.399,0.0176099949780378,7.0108888231557e-05
17.4,0.0176625254183057,0.00012566092165156
17.401,0.0177131019534977,0.000187031967234408
17.402,0.0177660883965227,0.00025507114362161
17.403,0.0178199072867683,0.000325825867550422
17.404,0.0178197666393375,0.000377255172748114
17.405,0.0178424037141301,0.000425360476992875
17.406,0.0178221845142553,0.000453750195009317
17.407,0.0177718380522254,0.000467504329026924
17.408,0.0177196352495912,0.000474415777932224
17.409,0.0176641762060869,0.000475796049638766
17.41,0.0176062511366562,0.000473292096862699
17.411,0.0175458696125969,0.000468157642975919
17.412,0.0174837250061011,0.000461587609853154
17.413,0.0174226898399833,0.000454889004553594
17.414,0.0173507230789091,0.000447385744266948
17.415,0.0172775935843026,0.000441296417303616
17.416,0.0172027729449851,0.000437042539040255
17.417,0.0171423739163182,0.000429185806858523
17.418,0.0170832698193027,0.000421212782839686
17.419,0.0170994042527937,0.000419246059046918
17.42,0.0171066381860828,0.000418106853440681
17.421,0.0171159131248626,0.000420298560445231
17.422,0.0171278060778136,0.000424856472158619
17.423,0.0171620123249326,0.000436345685810358
17.424,0.0172332085796462,0.000453797740991191
17.425,0.0172869196312083,0.000472237497571637
17.426,0.0173504467198505,0.000495245709630332
17.427,0.0173424923195075,0.000498817457669998
17.428,0.0173264459233667,0.000496636090799807
17.429,0.0172595629306269,0.000474355581712271
17.43,0.0172103791188486,0.000449877889356631
17.431,0.0171611586585481,0.000423349146928986
17.432,0.017180499758896,0.000400432210922508
17.433,0.0172008088374767,0.000377252495112557
17.434,0.0172234743745401,0.000358142401241268
17.435,0.0172432679030252,0.00034586478549592
17.436,0.0172611644402112,0.0003437455300212
17.437,0.017321506945557,0.000355276469260368
17.438,0.0173617454400114,0.00037892142888335
17.439,0.0174208904815719,0.000421199900200397
17.44,0.0174686143054926,0.000478150955098844
17.441,0.0174565399016287,0.00051756582427831
17.442,0.0174267157472548,0.000551312414816985
17.443,0.0173878201870218,0.000580581086699949
17.444,0.017340894355799,0.000606524502572314
17.445,0.017287207237276,0.000629686425005216
17.446,0.0172295051623623,0.000651380927087719
17.447,0.0171653656476808,0.000671451701297787
17.448,0.017120226573341,0.000679377305715989
17.449,0.0170416059030806,0.000677567983552008
17.45,0.0169732700467288,0.000674201630262605
17.451,0.0168948187861475,0.000667903220495814
17.452,0.0168226965829678,0.000661635454531462
17.453,0.016737257133985,0.000654420504457798
17.454,0.0166539162676413,0.000648511029180288
17.455,0.0166479495653852,0.000645307518368443
17.456,0.0166476029555288,0.000643618373334376
17.457,0.0166452577124605,0.000643315573107539
17.458,0.016661310904606,0.000648568506795622
17.459,0.0166788290249491,0.000655391140069683
17.46,0.0167350533419309,0.000663250663951565
17.461,0.0167798389944083,0.000671136597404309
17.462,0.0168492602724749,0.000686054545863457
17.463,0.0169181607275652,0.000706213838082392
17.464,0.0169895047958794,0.000732928506431807
17.465,0.0170618484855902,0.00076683435455549
17.466,0.0170675574388386,0.000783321445481711
17.467,0.0170580142544116,0.00079461737334674
17.468,0.0169909160191324,0.000785895446530238
17.469,0.0169506497046119,0.000777293928512557
17.47,0.0169025780940033,0.000766982518161152
17.471,0.016856942290575,0.00075757523479919
17.472,0.0168059911179022,0.000748983961891547
17.473,0.0167595633805194,0.000743235689745159
17.474,0.0167034578403829,0.000738893097209925
17.475,0.0167242462007203,0.000741475283808191
17.476,0.0167431804757048,0.000746519068330842
17.477,0.0167692966343493,0.0007541913508603
17.478,0.0168453173757706,0.000764128138760756
17.479,0.0169029810609787,0.000771361957714822
17.48,0.0169561497634295,0.000779724208265054
17.481,0.0170052209481467,0.000788772404128613
17.482,0.0170596575874122,0.000801538708817717
17.483,0.0171152242365144,0.000817710237367375
17.484,0.0171729061700258,0.000837903469733337
17.485,0.0171610650427754,0.000840106966088217
17.486,0.0171504940993233,0.000840132034053809
17.487,0.0171349645583056,0.000839013286495327
17.488,0.0170723629127852,0.000820517237345275
17.489,0.0170323018652722,0.000801622143755953
17.49,0.0169656527146306,0.000779473174025214
17.491,0.0169802263200985,0.000763457191037042
17.492,0.0169968521531549,0.000749157379334398
17.493,0.0170142566380664,0.000737804560559052
17.494,0.0170327656474068,0.000730640937133431
17.495,0.0170527179264895,0.000727624434587293
17.496,0.0170872951724785,0.000730789954971001
17.497,0.0171453332799742,0.00073982356989255
17.498,0.0171969291227713,0.000751279627774382
17.499,0.0172622821433657,0.000771520305128559
17.5,0.017318849920767,0.000796473566024525
17.501,0.0173830350807767,0.000830545553116069
17.502,0.0173685263642051,0.000844389117147737
17.503,0.0173542909664901,0.000857470505438829
17.504,0.017325731852778,0.000868363814034934
17.505,0.0172515884649547,0.000862436762120056
17.506,0.0171991918349654,0.000856463237448868
17.507,0.0171323212132807,0.000848796754511993
17.508,0.0171503967565451,0.000845807179539804
17.509,0.0171702788449112,0.000842676957840072
17.51,0.01719024029985,0.000840522840817426
17.511,0.0172124869949427,0.000839559475218354
17.512,0.017280254407668,0.000840078126088217
17.513,0.0173307514561797,0.000839543759878048
17.514,0.0173763899672326,0.000838150314335262
17.515,0.0174250736903381,0.000839915489861454
17.516,0.0174716652803343,0.000845842267960362
17.517,0.0175139448269734,0.000853897969143591
17.518,0.017484469458804,0.000837617312359984
17.519,0.0174500227449856,0.000814054956083554
17.52,0.0174160845308146,0.0007854494749997
17.521,0.0173817684370664,0.00075281686880907
17.522,0.0173470939728068,0.000717294586830952
17.523,0.0172943760510021,0.000665995762990201
17.524,0.0172444127156878,0.000609895068120814
17.525,0.0171799293167733,0.000548530498600375
17.526,0.0171294637082076,0.000486711594926081
17.527,0.0170654296174495,0.000422886428170954
17.528,0.0170567618059821,0.000359170347576765
17.529,0.0170576046169852,0.000295000065885231
17.53,0.0170585922070339,0.000229868728152893
17.531,0.0170810266535212,0.000167294346348379
17.532,0.0171347432490528,0.000103660337979705
17.533,0.0171769700033978,3.87698532970937e-05
17.534,0.017220059807404,-2.52678145729046e-05
17.535,0.0172609970962428,-8.85624870886614e-05
17.536,0.0173089409282525,-0.000147405588606986
17.537,0.0173543964315987,-0.00020333998158284
17.538,0.0174057020481199,-0.000253817700197334
17.539,0.0174555944710351,-0.000300052153233588
17.54,0.0174636645894779,-0.000357709126072581
17.541,0.0174527259663765,-0.000419784677715862
17.542,0.0174399378387479,-0.000480646959098829
17.543,0.0174060238632494,-0.000554117037401602
17.544,0.0173798243909672,-0.000629468614207651
17.545,0.0173419522103696,-0.000707430103759676
17.546,0.0173139661062656,-0.000783939184579308
17.547,0.0172752502566554,-0.000860687751584932
17.548,0.0172879107413374,-0.000933573212025363
17.549,0.0172991368349047,-0.00100580049783822
17.55,0.0173172220323733,-0.00107469479175215
17.551,0.017331885489532,-0.00114105103498668
17.552,0.0173562804604821,-0.00120187744847211
17.553,0.0173841378787112,-0.00125756583992082
17.554,0.0174074196062116,-0.00130822779994794
17.555,0.0174399106843728,-0.00135297805222673
17.556,0.0174692640466775,-0.00139277243945468
17.557,0.0175175698434103,-0.00142823208543413
17.558,0.0175598284783374,-0.00145995725409059
17.559,0.0176040437204427,-0.00148702101017156
17.56,0.0176565596862519,-0.00150733596490626
17.561,0.0176564468819827,-0.00154030990001497
17.562,0.0176540402383565,-0.00157300306053304
17.563,0.0176411140361888,-0.00160613356174572
17.564,0.017628726027484,-0.00163614832511932
17.565,0.0176045794879912,-0.00167366344844722
17.566,0.0175812234174396,-0.00171015528681262
17.567,0.0175464317904133,-0.00174576555955858
17.568,0.017524099837775,-0.00177769554708529
17.569,0.0174871781633244,-0.00180627420125756
17.57,0.0175057351374679,-0.00182731187492907
17.571,0.0175189457495031,-0.00184533400709103
17.572,0.017545234156468,-0.00185663375324702
17.573,0.0175632340341742,-0.00186401050690688
17.574,0.0175876736626624,-0.00186648428062208
17.575,0.0176131968884765,-0.00186844548209086
17.576,0.017652933655354,-0.00186457496446257
17.577,0.0176874167251381,-0.00185704571911022
17.578,0.0177180910647163,-0.0018452211330004
17.579,0.0177531535241276,-0.00182635546002463
17.58,0.017736814373562,-0.00182079702740945
17.581,0.0177236357499323,-0.0018158394950325
17.582,0.0177029561001733,-0.00181239632646507
17.583,0.0176794884968822,-0.00180675343165676
17.584,0.0176508772262546,-0.00179893786436736
17.585,0.0175906343909721,-0.00180262986780977
17.586,0.0175458999209968,-0.00180256256666878
17.587,0.0174949669886331,-0.00180105077134463
17.588,0.0175121684284271,-0.00179236061987487
17.589,0.0175265472690039,-0.00178165492451321
17.59,0.0175424293822495,-0.00176679309438565
17.591,0.0175543353572849,-0.0017485080377983
17.592,0.0175812627828685,-0.00172206882172998
17.593,0.0176090345760511,-0.00169025922637001
17.594,0.0176646440713134,-0.00165389908781516
17.595,0.0176998853132633,-0.00161793846634711
17.596,0.0177500939705274,-0.00157536508766104
17.597,0.0177991569307255,-0.00152789020860267
17.598,0.0177726369172506,-0.00150084158124048
17.599,0.0177443030213387,-0.00147693657489323
17.6,0.0177201636525385,-0.00145337843824905
17.601,0.017685634669867,-0.00143174824734471
17.602,0.0176499379382406,-0.00140698422279123
17.603,0.0175992913761228,-0.0013941000455453
17.604,0.0175438033001486,-0.00138239205184265
17.605,0.01749992729229,-0.0013687892328178
17.606,0.017432196980958,-0.00135604363293795
17.607,0.0174421889266647,-0.0013357217352008
17.608,0.0174479620973396,-0.00131311391756261
17.609,0.017467077644858,-0.00128392961080087
17.61,0.0174825413641304,-0.00125082713999758
17.611,0.0175126360251799,-0.00121057609502834
17.612,0.0175797371240335,-0.00116650135573138
17.613,0.0176239661197196,-0.00112375181643559
17.614,0.0176799571111759,-0.00107561263048966
17.615,0.017733087322776,-0.00102303425285966
17.616,0.0177079812208397,-0.000992096006289023
17.617,0.0176790589194634,-0.000965299324895696
17.618,0.0176531836112774,-0.000938980247262522
17.619,0.0176303296670766,-0.000912234721626659
17.62,0.0176009455571824,-0.000885443069635394
17.621,0.0175580856549389,-0.000871042187948645
17.622,0.0175126326816542,-0.000858414821783671
17.623,0.0174603838810286,-0.000846501590546389
17.624,0.0174238160599201,-0.000831775199729157
17.625,0.0174174921116331,-0.000816234535332527
17.626,0.0174416723651452,-0.000794774933310372
17.627,0.017454695135151,-0.000770965364102094
17.628,0.0174600185688223,-0.000743858425479471
17.629,0.0174975333471812,-0.000708874525094105
17.63,0.0175741214855696,-0.000670415454118944
17.631,0.0176329668916597,-0.000631831233151192
17.632,0.0176916093970877,-0.000589881320010255
17.633,0.017742298260139,-0.000544749241420006
17.634,0.0178057831978662,-0.000492382333975028
17.635,0.0177942063377894,-0.000461489717359487
17.636,0.0177829465830979,-0.000435418693192302
17.637,0.0177628263057496,-0.000413690143620082
17.638,0.0177387608257464,-0.000392036707417165
17.639,0.017707105197965,-0.000370795959817205
17.64,0.0176308153327452,-0.000367769649201544
17.641,0.0175746825350511,-0.000363059275111044
17.642,0.0175200188490985,-0.00035720403442302
17.643,0.0174615199302596,-0.000350698382175219
17.644,0.0174834019633079,-0.000337396036206083
17.645,0.0175003559078162,-0.000322492321990997
17.646,0.0175161160043123,-0.000304285791801973
17.647,0.0175273668294279,-0.000283483645689031
17.648,0.0175585311495798,-0.00025403045695771
17.649,0.0175889780155995,-0.000220528779065032
17.65,0.0176493583635335,-0.000184759100401555
17.651,0.0176885220455049,-0.000150908974735353
17.652,0.0177488703619946,-0.000111102823232012
17.653,0.0178012261835118,-6.83298152475142e-05
17.654,0.0178571161695436,-1.90850135833309e-05
17.655,0.0178255950865817,4.64075292727628e-06
17.656,0.0177915862579256,2.42704316595344e-05
17.657,0.0177579976386493,4.16445355232997e-05
17.658,0.0177259176671453,5.85657598825562e-05
17.659,0.0176949930770239,7.60871540285701e-05
17.66,0.017634004192381,7.58799160330281e-05
17.661,0.0175867117347098,7.47344469173572e-05
17.662,0.0175222905408261,7.04079409190039e-05
17.663,0.017474982731758,6.85770203814329e-05
17.664,0.0174116897921954,6.71956630657333e-05
17.665,0.0174208935083736,7.15108235895823e-05
17.666,0.0174338340345813,7.79420436067269e-05
17.667,0.0174453405650902,8.74997165595803e-05
17.668,0.0174661814043231,0.000101812913301191
17.669,0.0175085551205153,0.000122173064076581
17.67,0.0175801403328386,0.000144987430501342
17.671,0.0176312254305751,0.000166725129359557
17.672,0.0176785575012926,0.000190332396629855
17.673,0.0177346921153427,0.000220260767012537
17.674,0.0177825313376719,0.000254086773832207
17.675,0.0177629591305103,0.000268333268562682
17.676,0.0177325660582751,0.000275893472556077
17.677,0.0177020140214675,0.000281258683715757
17.678,0.0176738372130329,0.000286698094406679
17.679,0.017646331500556,0.00029295967978088
17.68,0.0175843438608404,0.0002824939975552
17.681,0.017529427198701,0.000270348826516276
17.682,0.0174669363479144,0.000256461439058164
17.683,0.0174112095065063,0.000244362844422086
17.684,0.0174160732298174,0.000234830566188393
17.685,0.0174286899560796,0.000228979370325844
17.686,0.0174357143699052,0.000225499044303634
17.687,0.01745697453154,0.000228124647253025
17.688,0.0174869469941045,0.000234810340674185
17.689,0.0175109104085745,0.000238123138256496
17.69,0.0175593122932286,0.000246687232767273
17.691,0.0175999555321136,0.000257281734990233
17.692,0.0176471272435634,0.000272601880679291
17.693,0.017696457366499,0.000293766899669479
17.694,0.0177403362297884,0.000319486324231733
17.695,0.0177040289771166,0.000324424413397972
17.696,0.0176650446926109,0.000326446774051969
17.697,0.01762742039968,0.000328222473263973
17.698,0.0175863219544417,0.000316592144033845
17.699,0.0175336974376048,0.000301290218495842
17.7,0.0174866112522949,0.000286441302761953
17.701,0.0174222783901435,0.000270046083083564
17.702,0.0173764199456503,0.000256968138283742
17.703,0.0173829642830303,0.000248405805833019
17.704,0.0173940417952054,0.000243617440033594
17.705,0.0173999898745866,0.000242411795656317
17.706,0.0174417461446353,0.000249376090756204
17.707,0.0175221890434399,0.000259976640904713
17.708,0.017579725943968,0.000268861394587594
17.709,0.0176445052195382,0.000281014186574224
17.71,0.017697531932116,0.000296008496338263
17.711,0.0177632078936703,0.000316827895559146
17.712,0.0177615675801679,0.00031843873783266
17.713,0.0177556876694306,0.00031438271227846
17.714,0.0177369677949205,0.000307121126537635
17.715,0.0177039335827764,0.000297587848783809
17.716,0.0176728504911019,0.000290526840777683
17.717,0.0176122335910448,0.000266860484055387
17.718,0.0175651388906437,0.000243753474042763
17.719,0.0175069464336701,0.000219378552555383
17.72,0.017462295624894,0.000197225206878815
17.721,0.0174058286766783,0.000175999748672218
17.722,0.0174221544700256,0.000161145459324441
17.723,0.0174300066251501,0.000147456927104439
17.724,0.0174364058188553,0.000136269839887293
17.725,0.0174519430824283,0.000131370893634186
17.726,0.0174848505709998,0.000131418172335973
17.727,0.0175249424284835,0.000130633094438948
17.728,0.0175759711065371,0.000133975669439568
17.729,0.0176112652873858,0.000138423950976574
17.73,0.0176546755434591,0.000147371661960327
17.731,0.0176934284916682,0.000161274340877593
17.732,0.0177364480311339,0.000180876517367479
17.733,0.0177174877501864,0.000183593001946813
17.734,0.0176879736282195,0.000180675862681889
17.735,0.0176595928615483,0.000176883295754826
17.736,0.0176348100458157,0.000161162784453328
17.737,0.0175952693193782,0.000141569097476757
17.738,0.0175573301519138,0.000122177310494187
17.739,0.0175084120117074,0.000102309160433856
17.74,0.0174726415319836,8.58624515100437e-05
17.741,0.0174190216333989,7.04281608356339e-05
17.742,0.017431668389564,6.08474056086328e-05
17.743,0.0174490012962584,5.59013385099671e-05
17.744,0.0174833781458171,5.05773952343969e-05
17.745,0.0175220754181305,4.75084793166158e-05
17.746,0.0175536797719009,4.59218895416669e-05
17.747,0.0175847660382059,4.73077935218558e-05
17.748,0.017617378071216,5.35656876778368e-05
17.749,0.0176512026977863,6.50160635560781e-05
17.75,0.0176920104984392,8.40407269294685e-05
17.751,0.0176652356429264,8.64881275145502e-05
17.752,0.0176590474703836,7.77668509717722e-05
17.753,0.0176277602850187,6.37331446747269e-05
17.754,0.0175948643912863,4.88859232726235e-05
17.755,0.0175598369343363,3.48411673458671e-05
17.756,0.0175137762296534,2.19050898424e-05
17.757,0.0174784844613256,1.33484079219981e-05
17.758,0.0174879380134448,9.69091496100249e-06
17.759,0.0175197524379527,1.10408115213123e-05
17.76,0.0175908330636158,1.53794187921497e-05
17.761,0.0176397594107663,1.78228123510205e-05
17.762,0.017683960366488,2.19692791160186e-05
17.763,0.0177327695176365,3.07845029519638e-05
17.764,0.0177698453523485,4.23571315493199e-05
17.765,0.0177509944697377,3.98720598460134e-05
17.766,0.0177236978295347,3.37877317632684e-05
17.767,0.0176982086542504,2.82149661241515e-05
17.768,0.0176739590463425,2.38169309998981e-05
17.769,0.0176104273719668,2.1173021943488e-06
17.77,0.0175661173482736,-1.79630200796699e-05
17.771,0.0175108569844859,-3.88840313386152e-05
17.772,0.0174610198051177,-5.81706286197359e-05
17.773,0.0174630540684415,-7.36646060855439e-05
17.774,0.0174871701518645,-8.43505871654382e-05
17.775,0.0175050559681133,-9.15606341904684e-05
17.776,0.0175316199969693,-9.27055992336889e-05
17.777,0.0175585869758801,-8.98189986512921e-05
17.778,0.0176034506775455,-7.89703906293182e-05
17.779,0.0176769254915626,-6.37530737911396e-05
17.78,0.0177284712559928,-4.91194716072951e-05
17.781,0.0177967867869889,-2.80130971253012e-05
17.782,0.0178583659068467,-3.03713001764683e-06
17.783,0.0178468357995104,1.44328497070356e-06
17.784,0.0178327656464704,7.72262471693264e-07
17.785,0.0178209027750153,-1.86792833578586e-06
17.786,0.017812286213486,-5.01153355497719e-06
17.787,0.0178011030484997,-8.82180214872852e-06
17.788,0.0177404464032307,-3.07369433248383e-05
17.789,0.0177027601988341,-5.17455385501964e-05
17.79,0.0176548949215312,-7.35004403014661e-05
17.791,0.0176122337258856,-9.32508542749177e-05
17.792,0.0175530180921587,-0.000112458785241909
17.793,0.0175722206214236,-0.000125054673970837
17.794,0.0175898497268734,-0.000135624536909462
17.795,0.0176149494313269,-0.000140389307357824
17.796,0.0176374779402296,-0.000142758630621076
17.797,0.0176741532012917,-0.000138393809083315
17.798,0.0177456956637321,-0.000129482758798316
17.799,0.0177918428290347,-0.000121970976643959
17.8,0.0178482621961092,-0.00010940027340639
17.801,0.0178984182573117,-9.3318108217888e-05
17.802,0.0179479536868456,-7.25493535327359e-05
17.803,0.0179312757535145,-6.94140865373227e-05
17.804,0.0179037695839707,-7.16594818540583e-05
17.805,0.0178790789991778,-7.41752610731727e-05
17.806,0.0178544884291801,-7.67777802259673e-05
17.807,0.0178046070333934,-9.37935793171585e-05
17.808,0.0177647060041217,-0.000112169896812342
17.809,0.0177245224966913,-0.000131264015036769
17.81,0.0176707309826753,-0.000150467882722549
17.811,0.0176365707367251,-0.000165789134597694
17.812,0.0176520642797002,-0.000177125311232817
17.813,0.0176752331495864,-0.000183712731287144
17.814,0.0177002634464979,-0.00018577930257857
17.815,0.0177220568351641,-0.000184360478910739
17.816,0.0177833687882069,-0.000179885513295341
17.817,0.0178255980799983,-0.000177279525132079
17.818,0.0178796959755384,-0.000169502285519152
17.819,0.0179215101007024,-0.00015939882140914
17.82,0.0179691004957466,-0.000143902163276921
17.821,0.0180182300616933,-0.000122178555133912
17.822,0.0180003344476881,-0.000118058401196497
17.823,0.0179841773534961,-0.000116783480913762
17.824,0.0179637710469927,-0.000117403436734609
17.825,0.01794390550281,-0.000116803351922767
17.826,0.0179015765488307,-0.000131395979809656
17.827,0.0178710494955391,-0.000146096470088453
17.828,0.0178230441243157,-0.000162866734181533
17.829,0.0177884317891337,-0.000176831626637119
17.83,0.0177950837044813,-0.000188209491610081
17.831,0.0178205431585414,-0.000195012908335956
17.832,0.0178409587025367,-0.000199248667932417
17.833,0.0178696245330814,-0.000197407113385228
17.834,0.0178945005936777,-0.000191865170893757
17.835,0.0179315822521231,-0.000185810073766279
17.836,0.0179696916811859,-0.000177166298561793
17.837,0.01799918790453,-0.000166802607900085
17.838,0.0180437715732984,-0.000149615208227649
17.839,0.0180755879971368,-0.000129110609532246
17.84,0.0181209238041639,-0.000100580116532412
17.841,0.0180921013240489,-9.22897575743598e-05
17.842,0.0180617032743861,-8.6650095712848e-05
17.843,0.0180317164952788,-8.22107101677849e-05
17.844,0.017983363075416,-9.40635124858646e-05
17.845,0.0179387865018477,-0.000108118371702215
17.846,0.0178968113782064,-0.000122944826191018
17.847,0.017836258079383,-0.000138980294566993
17.848,0.0177946704639634,-0.000151054021373831
17.849,0.0177434689114976,-0.000160770029634827
17.85,0.0177468696169049,-0.000165767953582197
17.851,0.0177735535407295,-0.000165087507092654
17.852,0.0177959004865517,-0.000162050162627048
17.853,0.0178156268243768,-0.000154836007284997
17.854,0.0178750950519921,-0.0001444463758003
17.855,0.0179114446086733,-0.000136342479896412
17.856,0.0179650735092682,-0.000123060826307586
17.857,0.0180057127407071,-0.000106660239069578
17.858,0.0180538312986203,-8.45025345873052e-05
17.859,0.0180856045271339,-5.78719603775424e-05
17.86,0.0180740852160904,-4.47324834668139e-05
17.861,0.0180448781279707,-3.908221552823e-05
17.862,0.0180167835574065,-3.45749851098365e-05
17.863,0.0179893325607096,-3.03761207983699e-05
17.864,0.0179319647956276,-4.45604243663467e-05
17.865,0.0178916517895623,-5.99356436213339e-05
17.866,0.0178321540779075,-7.86547683520045e-05
17.867,0.0177920676682384,-9.48725994316946e-05
17.868,0.0177434123407542,-0.0001097065614033
17.869,0.0176894253070916,-0.000121356438468945
17.87,0.0177066529256638,-0.000126539616838006
17.871,0.017720881354043,-0.00012897514048632
17.872,0.0177345883270931,-0.000126856224632821
17.873,0.0177665715506614,-0.000120889637850452
17.874,0.0178137348999262,-0.000108275010996695
17.875,0.0178857371400161,-9.34291225551109e-05
17.876,0.0179370423015239,-7.99661270037832e-05
17.877,0.0179935153555081,-6.32144434251636e-05
17.878,0.0180539670866174,-4.10766079069202e-05
17.879,0.0181059503835736,-1.52909843483817e-05
17.88,0.0180872244920766,-8.94418342073378e-06
17.881,0.0180569004127954,-9.17449782428248e-06
17.882,0.0180274861890223,-1.08682661900117e-05
17.883,0.0179984663196497,-1.31215733482626e-05
17.884,0.0179706294455241,-1.44794524237213e-05
17.885,0.0179169817892985,-3.16669207354181e-05
17.886,0.0178783174501853,-4.8932071297636e-05
17.887,0.0178262456088917,-6.78736536063318e-05
17.888,0.017777753714216,-8.48167615402073e-05
17.889,0.0177982471071111,-9.63130571594584e-05
17.89,0.0178177426059175,-0.00010467809159842
17.891,0.0178343593667649,-0.000109473232582202
17.892,0.017850764571957,-0.000111110484386001
17.893,0.0178857737000487,-0.000101909421941437
17.894,0.017954982659164,-8.21930969938101e-05
17.895,0.0179993200370978,-5.74061743868759e-05
17.896,0.0180465487781984,-2.53194714040506e-05
17.897,0.0180945995441075,1.26489576050548e-05
17.898,0.0181437834376648,5.63467017619113e-05
17.899,0.0181937716310947,0.000105963053993074
17.9,0.018244666571307,0.000161945842144795
17.901,0.0182965361091252,0.000224792195231194
17.902,0.0182690302204042,0.000269195096957553
17.903,0.0182369012289731,0.000310191256827186
17.904,0.0181700817829822,0.000329011235393362
17.905,0.0181204958826508,0.000343846303973605
17.906,0.018065643692687,0.000355066539478754
17.907,0.0180149274691619,0.00036564636280223
17.908,0.0179654800876527,0.000376629496408931
17.909,0.0179187899607446,0.000389105323942318
17.91,0.0178740407427798,0.00040373923293463
17.911,0.0178314700939128,0.000421229259203848
17.912,0.0178404026833344,0.000449696932794008
17.913,0.0178807826553936,0.000491517115879803
17.914,0.0179618093922863,0.000537751023623356
17.915,0.0179413102151136,0.000556941383055287
17.916,0.0179114919265245,0.000566505665452077
17.917,0.017877379233239,0.000571077330446146
17.918,0.0178439816865857,0.000572493626689707
17.919,0.0178013701895215,0.00057158537685631
17.92,0.0177516806409156,0.000569000373173478
17.921,0.0177030163315013,0.000567658208426636
17.922,0.0176386906237008,0.000554041368343028
17.923,0.0175845631968198,0.00053969616587396
17.924,0.0176102709297038,0.000528154432800465
17.925,0.0176311617258883,0.000514079339985651
17.926,0.0176582594250517,0.000500030797607909
17.927,0.0176902444185691,0.000486503970688668
17.928,0.0177222402156718,0.000469226519894839
17.929,0.0177687381693422,0.000454411785642872
17.93,0.0178119514313913,0.000438746807984558
17.931,0.0178568862973542,0.0004249187225005
17.932,0.0179008117161477,0.000413371732649825
17.933,0.0179443995339324,0.000404726423769319
17.934,0.017987074152378,0.000400383006675165
17.935,0.0180340655253575,0.000399683150712316
17.936,0.0180771241252655,0.000405533041714534
17.937,0.018115788243,0.000417761395587413
17.938,0.018155546733526,0.000438578915321675
17.939,0.0181444681333797,0.000444650483972298
17.94,0.0181605861568336,0.000450149920664777
17.941,0.0181736640503816,0.000453730315707168
17.942,0.0181874599159748,0.000456877758098773
17.943,0.0181999559981265,0.000460084902318914
17.944,0.018213047192965,0.000464230820473199
17.945,0.018228082223584,0.000471243484502393
17.946,0.0182415806169315,0.000486036626563047
17.947,0.0182196481510789,0.000490642324642909
17.948,0.0181732129777493,0.000487592615090959
17.949,0.0181193709454743,0.000482463561561508
17.95,0.0180582385663174,0.000474741411731427
17.951,0.017991160490888,0.000465111454633127
17.952,0.0179143895994127,0.000452502748368333
17.953,0.0178299316336062,0.000437953080143549
17.954,0.0177839690437002,0.000425001626677468
17.955,0.0177275319052228,0.000410061596813061
17.956,0.0176865817633528,0.000397706108894336
17.957,0.0176198200441352,0.000384431183403255
17.958,0.0175707497496213,0.000376560939283677
17.959,0.0175089874828989,0.00037036672491142
17.96,0.0174546207389354,0.000367360128700478
17.961,0.017393361894013,0.000365920486220472
17.962,0.0173309046971433,0.000366583569934853
17.963,0.0172717353507645,0.000370832283796418
17.964,0.0172896142415889,0.000376153452681272
17.965,0.017310165317293,0.000361571124992022
17.966,0.017314445721425,0.000336428311442372
17.967,0.0173345175211701,0.000306905445402239
17.968,0.0173305001060021,0.000270454508234874
17.969,0.0173424877905942,0.000235327069667168
17.97,0.0173712868750349,0.000201396255172293
17.971,0.0174017165135974,0.000170120506770732
17.972,0.0174356560203215,0.000143965357026765
17.973,0.0174726842513386,0.000124459000568344
17.974,0.0175146278539001,0.00011328163886476
17.975,0.0175561091885434,0.000111149691064849
17.976,0.0176013479046885,0.000116596658313928
17.977,0.0176216535044137,0.000120083921101855
17.978,0.0176695756814477,0.000131655703461575
17.979,0.0177068261525827,0.000146636600781735
17.98,0.0176857295376434,0.00014370780552625
17.981,0.0176553556582942,0.000137370730221409
17.982,0.0176260702819872,0.000129921596763893
17.983,0.0175988333942552,0.000122464427804669
17.984,0.0175713347541456,0.000115222553390304
17.985,0.0175450290167817,0.00010950383306374
17.986,0.0175112994903595,0.000103963554095754
17.987,0.0174437180393142,8.63405616451374e-05
17.988,0.0173964659853618,7.14897393951919e-05
17.989,0.0174261412977239,6.08826408547425e-05
17.99,0.0174566662426298,5.17202706213915e-05
17.991,0.0174844401442495,4.40404545126172e-05
17.992,0.0175116499976542,3.84856583505733e-05
17.993,0.0175387298848827,3.65325771441993e-05
17.994,0.0176005087958758,3.9850781249462e-05
17.995,0.0176460287431554,4.40851760340477e-05
17.996,0.0176981370402543,5.26089432312804e-05
17.997,0.017746674580071,6.47865866965081e-05
17.998,0.0177964933982829,8.13678938040852e-05
17.999,0.0178544702210818,0.000100234066669258
18,0.0179138025185191,0.000122492928245344
18.001,0.0179755012300233,0.000146973218841107
18.002,0.0180366614679999,0.000175906861554331
18.003,0.0180563673328627,0.000189726734719675
18.004,0.0180949803095039,0.000203666664241375
18.005,0.0181139766044663,0.000213119510358351
18.006,0.0180684190003367,0.000206479492716682
18.007,0.0180230525809491,0.000199761855128711
18.008,0.0179764744911902,0.000194458686128496
18.009,0.0179310357942667,0.000189433897985758
18.01,0.0179554355561154,0.000191941681576491
18.011,0.0179843106362385,0.000198474889419709
18.012,0.0180144968361046,0.000208879381267124
18.013,0.018057587513134,0.000229229436528255
18.014,0.0181051851437613,0.000256141896254114
18.015,0.0181564217965155,0.000292032625540506
18.016,0.018209570316157,0.000338025121000729
18.017,0.0182306504919085,0.000373267733481508
18.018,0.0181770313560391,0.00038924032756904
18.019,0.0181194050209789,0.000402800175517137
18.02,0.0180665146825077,0.000418184302316105
18.021,0.0180048890033283,0.000434634207997386
18.022,0.0179529244541329,0.000454459898058923
18.023,0.0179133166360046,0.000480364678419221
18.024,0.0179363001485725,0.000514264048808444
18.025,0.0179744996608456,0.000549445210200616
18.026,0.0180209795271346,0.000589535294437782
18.027,0.0180703888978881,0.000632874598013755
18.028,0.0181254764857662,0.000682463774232589
18.029,0.0181514402966888,0.000716393830951345
18.03,0.0181910634288735,0.0007501440391805
18.031,0.0182139866043653,0.000778586111765234
18.032,0.0182486734479959,0.00080790439031786
18.033,0.0182816639039355,0.000837424946725118
18.034,0.018228969393298,0.000841354417689455
18.035,0.0181719108805854,0.000836713745772599
18.036,0.018114279919887,0.000827105656474925
18.037,0.0180563395948782,0.000813947151677485
18.038,0.0179983202708961,0.0007985394614764
18.039,0.0179383614684696,0.000777813739159416
18.04,0.0179001383110678,0.000758072188056791
18.041,0.0178436509011318,0.000735384449900567
18.042,0.0177988907266826,0.000714976286895597
18.043,0.0178131572240433,0.000697642169212753
18.044,0.0178226129814074,0.000675648512430072
18.045,0.0178682249052222,0.000656185573388091
18.046,0.0179203979779943,0.000638892507767275
18.047,0.0179639508050668,0.000606347423645293
18.048,0.0180033337449379,0.000569785294191549
18.049,0.0180341629886518,0.000529028060856584
18.05,0.0180811289463744,0.000489744850847629
18.051,0.0181136271008282,0.000449316549470169
18.052,0.0181529351962381,0.000412341624187407
18.053,0.0181859176588064,0.00037617633461684
18.054,0.0181599922136376,0.000322685876529616
18.055,0.0181305820779143,0.000266932293946476
18.056,0.0180901569785512,0.00020923698055697
18.057,0.018045674040314,0.000154185339635127
18.058,0.0179934963383705,9.71527040588005e-05
18.059,0.0179636430938402,4.61663637555954e-05
18.06,0.0179215375802682,-1.41740999731743e-06
18.061,0.0178949594988334,-4.09461050541182e-05
18.062,0.0179218854111608,-7.17997084043742e-05
18.063,0.0179514161300325,-0.000101255199751793
18.064,0.0179863291475488,-0.0001265751088948
18.065,0.0180185002480329,-0.000148614261131719
18.066,0.0180530317572926,-0.000165815660528701
18.067,0.0180900334855763,-0.000178540699593555
18.068,0.0181423985069161,-0.000196246210747875
18.069,0.0181766668825832,-0.000216713577580685
18.07,0.0182218358466891,-0.000233837145459104
18.071,0.0182619726233312,-0.00024930426506603
18.072,0.0183075165484083,-0.000260714225422398
18.073,0.0182917248288643,-0.000290153525430381
18.074,0.01827950920503,-0.000323238681328775
18.075,0.0182295140582685,-0.000365121370014487
18.076,0.0182129703999893,-0.000406981896678482
18.077,0.0181818410277645,-0.000451456534728611
18.078,0.0181682021205795,-0.000492564563919107
18.079,0.0181413473009703,-0.000533184579399215
18.08,0.0181314696284248,-0.00056918688337787
18.081,0.0181073847306857,-0.000603284390015613
18.082,0.0180926391444137,-0.00063097917835836
18.083,0.0181051939557339,-0.000654643090988116
18.084,0.0181223715175063,-0.000674754667428279
18.085,0.0181565797029697,-0.000690811101862032
18.086,0.0181980766010552,-0.00070165581085585
18.087,0.0182370418887926,-0.000708761298882032
18.088,0.0182794357840115,-0.00072438640038841
18.089,0.0183103384321162,-0.000742111927554523
18.09,0.0183534444150686,-0.00075811239971052
18.091,0.0183787514349013,-0.000774864383007223
18.092,0.0183567902402123,-0.000808366940144634
18.093,0.0183275004909456,-0.000846350213946689
18.094,0.0182972490380339,-0.000886501998884515
18.095,0.0182692383811245,-0.000926612943086547
18.096,0.0182411672543845,-0.000966508554585299
18.097,0.0182076067477713,-0.00100558141832124
18.098,0.0181706532906598,-0.00104650559864655
18.099,0.0181451676482561,-0.00108451059906289
18.1,0.0181080530708797,-0.00112197901700101
18.101,0.018077972646572,-0.00115517429302958
18.102,0.0180350232811106,-0.00118536411953973
18.103,0.0180004316736953,-0.00120871496035824
18.104,0.0180145092023448,-0.00122591566388069
18.105,0.0180353731136657,-0.00124252887492171
18.106,0.0180713665664245,-0.00125359631466482
18.107,0.0181036538861739,-0.00126154520103483
18.108,0.0181332435170957,-0.00126578247638559
18.109,0.018174988000615,-0.00126267897984234
18.11,0.01821023291022,-0.00126864263573856
18.111,0.0182455602608003,-0.00127459520890028
18.112,0.0182682799827812,-0.00128194693560868
18.113,0.0183080817551238,-0.00128533695514949
18.114,0.0183388920146698,-0.00128683116330613
18.115,0.0183739905294701,-0.00128354910578404
18.116,0.0183465072241598,-0.00129858121117432
18.117,0.0183157692158011,-0.00131550757309151
18.118,0.0182850279326207,-0.00133311448008827
18.119,0.0182542897143639,-0.00134933635677914
18.12,0.0182144425070878,-0.00136491110260167
18.121,0.0181815596349085,-0.0013818689651387
18.122,0.0181547936051581,-0.0013959486017488
18.123,0.0181142345569808,-0.00140864624344689
18.124,0.0180855412576907,-0.0014152651344867
18.125,0.0180435483475619,-0.00141794168967785
18.126,0.018058319496262,-0.00141436635403791
18.127,0.0180870964399573,-0.00140713986543772
18.128,0.018114935906672,-0.0013980562376455
18.129,0.0181492969918787,-0.0013841488809031
18.13,0.0181789537680759,-0.00136561745548308
18.131,0.0182087899178729,-0.00134164484039428
18.132,0.0182371818091745,-0.00131130562253273
18.133,0.0182580152893166,-0.00129125100956867
18.134,0.0182821496323209,-0.00127002052220715
18.135,0.0183024740580304,-0.00124809538496895
18.136,0.0183314234341588,-0.00122309242395163
18.137,0.0183525967350448,-0.00119647477645879
18.138,0.0183158400108285,-0.0011862490212376
18.139,0.0182717953841988,-0.00118154055588521
18.14,0.0182292257860077,-0.00117755518577056
18.141,0.0181878462142672,-0.00117326540507323
18.142,0.0181487333420973,-0.00116729242514496
18.143,0.0181266473132889,-0.00116030063424272
18.144,0.0181014479239318,-0.00115161821880805
18.145,0.0180673763476739,-0.00114068145218105
18.146,0.0180353384207254,-0.00112477896068819
18.147,0.0180577925568655,-0.0011022674789874
18.148,0.0180829809824957,-0.00107802279505209
18.149,0.018112594001292,-0.00105166329875184
18.15,0.0181584667131208,-0.0010181897697053
18.151,0.0182070737718869,-0.000979046283106189
18.152,0.0182564705834206,-0.000947938402060533
18.153,0.0182899414333739,-0.000920182241517797
18.154,0.0183244659754732,-0.000890979495608901
18.155,0.0183424085901362,-0.0008628569659897
18.156,0.018298810460033,-0.000854160150082828
18.157,0.0182479620131415,-0.000848608756899627
18.158,0.0181976127629992,-0.000844139682728895
18.159,0.0181493069607148,-0.000839139339649297
18.16,0.0180894521890443,-0.000837694706567194
18.161,0.0180582548136146,-0.000829758409722492
18.162,0.0180096823909739,-0.000820071590382387
18.163,0.017973853384443,-0.000803909198866082
18.164,0.0179233569081908,-0.000784167006602776
18.165,0.0179366993752892,-0.000756759981180855
18.166,0.0179717837910009,-0.000723962788665433
18.167,0.0180148579808454,-0.000687751131205228
18.168,0.0180618569311763,-0.000645701806488819
18.169,0.0180918889383874,-0.000617440946287018
18.17,0.0181262893706777,-0.000589157900098169
18.171,0.0181509090663266,-0.000561929115943327
18.172,0.01819226649778,-0.000531313448229487
18.173,0.0182168189187449,-0.000500973212065658
18.174,0.0181706078358859,-0.000491362814586671
18.175,0.0181211458855622,-0.00048535506404207
18.176,0.0180715255115511,-0.000481147250774083
18.177,0.0180223055333055,-0.000476561139995224
18.178,0.0179574574400344,-0.000477062989894306
18.179,0.0179202590295539,-0.000471281640029575
18.18,0.0178819572037499,-0.000462004929805193
18.181,0.0178362736451275,-0.000449450327401235
18.182,0.0178585750249021,-0.000429437231448948
18.183,0.0178914274027978,-0.00040644056353889
18.184,0.0179281872785631,-0.000381287191887902
18.185,0.0179767639828968,-0.000350078919560126
18.186,0.0180315112866155,-0.000313636393169114
18.187,0.018085546140005,-0.000286119597832091
18.188,0.0181209263338272,-0.0002625991875711
18.189,0.018164518049581,-0.000237277232748634
18.19,0.0182020544480816,-0.000210778134273115
18.191,0.0181649835412195,-0.000205879306840795
18.192,0.0181217110237815,-0.000205522408841474
18.193,0.0180708534034052,-0.000208425139210378
18.194,0.0180200546635661,-0.000210366506000537
18.195,0.0179662032765531,-0.000215142788288436
18.196,0.0179215889238876,-0.000217055303441016
18.197,0.0178711697910324,-0.000216901853102303
18.198,0.0178403622171246,-0.000210572713505108
18.199,0.0178536119064071,-0.000197750326425106
18.2,0.0178841544998888,-0.00018137553608677
18.201,0.0179191951030708,-0.000161083426141739
18.202,0.01795831819818,-0.000137318455336988
18.203,0.0180137986500056,-0.000106078608873073
18.204,0.0180599627811104,-8.71802522409704e-05
18.205,0.018108269208944,-6.89225512635061e-05
18.206,0.0181387496856353,-5.30412789188084e-05
18.207,0.0181896882481639,-3.40084632671767e-05
18.208,0.0182218669112314,-1.46302053317116e-05
18.209,0.018180108427407,-1.68175348035371e-05
18.21,0.018135894972569,-2.27878842876117e-05
18.211,0.0180890072844398,-3.12797266416309e-05
18.212,0.0180383855614664,-4.05850278163977e-05
18.213,0.0179898285909733,-4.82357789849397e-05
18.214,0.0179344304985537,-5.99520337491999e-05
18.215,0.0179013437866969,-6.80974552263458e-05
18.216,0.0178512384967469,-7.53459596064543e-05
18.217,0.0178238129888305,-7.55218586466766e-05
18.218,0.0177866873520336,-7.1205483925918e-05
18.219,0.0178106553785478,-6.00095637657838e-05
18.22,0.0178308597627202,-4.86324671777338e-05
18.221,0.0178456955293831,-3.63061866247572e-05
18.222,0.0179057389347347,-1.43465637201801e-05
18.223,0.0179639628055421,1.28601910354131e-05
18.224,0.0180242443915138,4.65491971219367e-05
18.225,0.0180781438950564,6.88143583226775e-05
18.226,0.0181154368934412,8.62570478818436e-05
18.227,0.0181623434723206,0.000104636772779776
18.228,0.0181887410522753,0.000120212373458217
18.229,0.0182282065142212,0.000140731714625142
18.23,0.0181878514717136,0.000137577031257052
18.231,0.0181474494572694,0.000129274582436389
18.232,0.0181067123794969,0.000118044072454193
18.233,0.0180670085689002,0.000106083162194515
18.234,0.0180224262727358,9.33330794201104e-05
18.235,0.0179669245906572,8.13189822133631e-05
18.236,0.0178885456996164,6.10921909545703e-05
18.237,0.0178413572781594,4.60932446757489e-05
18.238,0.0177941503183109,3.39303690590764e-05
18.239,0.0177402205396727,2.46410859722213e-05
18.24,0.0177586981173582,2.22737912000115e-05
18.241,0.0177768405029582,2.25429448205139e-05
18.242,0.0178053603860848,2.48826889315268e-05
18.243,0.0178528963312539,3.39456416699746e-05
18.244,0.0178933681377504,4.65162050961032e-05
18.245,0.0179487633297977,6.68136080090864e-05
18.246,0.0180017474637494,9.27775418274046e-05
18.247,0.0180578050986128,0.000126310018391529
18.248,0.0181086642655864,0.000148192753053777
18.249,0.0181524869502639,0.000168289384627984
18.25,0.0181983844067353,0.000188584565851468
18.251,0.0181611143486812,0.00018177808087283
18.252,0.0181154886721018,0.000169718086354131
18.253,0.0180697780970598,0.000154802296482071
18.254,0.0180250732227514,0.000138846034199447
18.255,0.0179813266650266,0.000123000646959526
18.256,0.0179410490362429,0.000108609336172516
18.257,0.0178856960717639,9.30888737900593e-05
18.258,0.0178678248786098,7.95124978426043e-05
18.259,0.0178398118642563,6.63438406457995e-05
18.26,0.017812719026987,5.67468565567109e-05
18.261,0.0178309124330933,5.04911705431765e-05
18.262,0.0178585302659134,4.8164353339486e-05
18.263,0.0178778470505815,4.59452997872423e-05
18.264,0.0179178539648566,4.97347838914752e-05
18.265,0.0179610760091042,5.77326953853374e-05
18.266,0.0180133345160728,7.36040375909353e-05
18.267,0.0180639502497516,9.53364787556477e-05
18.268,0.0180992476807887,0.000107265513329347
18.269,0.0181338139935783,0.000119415852432192
18.27,0.0181659068277774,0.000131922506109827
18.271,0.0181229939896049,0.000122496784403181
18.272,0.0180778308082177,0.00010788111686505
18.273,0.0180356494516091,9.14816625721127e-05
18.274,0.0179831117263756,7.24329774710042e-05
18.275,0.0179265416696183,5.54240110952064e-05
18.276,0.0178747633400372,3.72145817252867e-05
18.277,0.0178281736940083,2.18796548355771e-05
18.278,0.0177785056056462,9.59008636780556e-06
18.279,0.0178008909553884,4.57655183822014e-06
18.28,0.0178210746462236,-1.82564364958893e-07
18.281,0.0178449656546206,-3.23712105004814e-06
18.282,0.0178904210118253,8.98957404626977e-07
18.283,0.0179305476076625,8.80538198155811e-06
18.284,0.0179834344743637,2.37767590286486e-05
18.285,0.018009214485065,2.61433583771953e-05
18.286,0.0180494894743156,3.0408153291972e-05
18.287,0.0180768991395488,3.3625905784429e-05
18.288,0.0181151713334265,4.06827617778771e-05
18.289,0.0180735073629592,2.57524912077867e-05
18.29,0.0180303747234494,8.88941182802805e-06
18.291,0.0179835714145784,-9.48044282067517e-06
18.292,0.0179380670939337,-2.67460820204124e-05
18.293,0.0178932096598911,-4.64000342724202e-05
18.294,0.0178617319272148,-6.20254271320175e-05
18.295,0.0178339433854697,-7.44918283108742e-05
18.296,0.0177956544534055,-8.3522260895863e-05
18.297,0.0178190536583074,-8.48366335382544e-05
18.298,0.0178522414869161,-8.19770175079504e-05
18.299,0.0178884555513661,-7.56801154528919e-05
18.3,0.0179358861171656,-6.25886090742656e-05
18.301,0.0179860019525629,-4.39944105811163e-05
18.302,0.0180339192051477,-3.28691638098455e-05
18.303,0.0180652768668421,-2.50127413454204e-05
18.304,0.0180981342257111,-1.58051828525463e-05
18.305,0.018135341490124,-3.85662840163281e-06
18.306,0.0180947928060932,-1.39798218637965e-05
18.307,0.0180542732443218,-2.71916523580384e-05
18.308,0.0180102434157327,-4.29664489560722e-05
18.309,0.0179690385480705,-5.83142584220098e-05
18.31,0.01791308600036,-7.83446150126599e-05
18.311,0.0178858960212166,-9.25985528704709e-05
18.312,0.0178525416086401,-0.000104019645515707
18.313,0.0178291517145977,-0.000109755672154377
18.314,0.0177914465805424,-0.000111447248250685
18.315,0.0178125470070363,-0.00010620604536371
18.316,0.0178435116682141,-9.71557270932899e-05
18.317,0.0178812716019497,-8.51790183080681e-05
18.318,0.0179323090745641,-6.62485508628463e-05
18.319,0.0179558554905321,-6.12255097276471e-05
18.32,0.0179850674788666,-5.69694845236057e-05
18.321,0.0179980639904693,-5.57421366769728e-05
18.322,0.0180273557524165,-5.10341424378447e-05
18.323,0.0180480972869211,-4.4870191964641e-05
18.324,0.0180002492271152,-5.77405824903066e-05
18.325,0.0179503724255725,-7.29847788283333e-05
18.326,0.0178995718452004,-8.95624362311498e-05
18.327,0.0178492980581246,-0.000105292713108052
18.328,0.0177976773040351,-0.000124245391095179
18.329,0.0177615472535825,-0.000139346773806615
18.33,0.0177259940247715,-0.00015193523129331
18.331,0.0176794079491586,-0.000161088254094555
18.332,0.0176984200234116,-0.000163231376722028
18.333,0.0177210908302306,-0.000162905315920947
18.334,0.0177527877402865,-0.000159858462529194
18.335,0.0177991046336275,-0.000149581687423683
18.336,0.0178388146165054,-0.000135200632975951
18.337,0.0178931177685536,-0.000113140935701805
18.338,0.0179284237762623,-0.000102533784238468
18.339,0.0179665286386957,-9.18338175818212e-05
18.34,0.0179977899245621,-8.15206515772382e-05
18.341,0.018035596572185,-6.9085995669238e-05
18.342,0.0179941960875056,-7.98586567072879e-05
18.343,0.0179501895188298,-9.36283319924458e-05
18.344,0.0179047723336942,-0.000109476069223791
18.345,0.0178626987920884,-0.000125084858328295
18.346,0.0178106951762215,-0.000141932590899951
18.347,0.0177988597182481,-0.000156467250509107
18.348,0.0177764970786106,-0.000169947482083543
18.349,0.0177522316311747,-0.000179433797708017
18.35,0.0177386652151987,-0.000183309967955847
18.351,0.0177098534173863,-0.00018277325850502
18.352,0.0177418157949513,-0.000174119964499619
18.353,0.0177663843131209,-0.000165185898908515
18.354,0.0177879357464398,-0.000153648060806033
18.355,0.0178352613714699,-0.000133581098298252
18.356,0.017836846217579,-0.0001301018878615
18.357,0.017858153803444,-0.000125868137538954
18.358,0.0178726218844556,-0.00012219727531787
18.359,0.0178920056511432,-0.000116829171420307
18.36,0.0179119285575258,-0.000108803893253073
18.361,0.0179194453502294,-0.000100024221213413
18.362,0.0178654307027153,-0.000110460421393177
18.363,0.0178036526175766,-0.000124029375954349
18.364,0.0177427139538269,-0.000137945151269414
18.365,0.0177248584734969,-0.000149286917579594
18.366,0.0176895628839963,-0.000161183334078718
18.367,0.0176667459038333,-0.000168579074294684
18.368,0.0176306249214688,-0.000173020090274867
18.369,0.017610475101065,-0.000170680727655192
18.37,0.0175866726598025,-0.000162749006386909
18.371,0.0176312745284378,-0.000147779996615471
18.372,0.0176676636473739,-0.000131170506068423
18.373,0.0177085864405953,-0.000110952669194753
18.374,0.0177300010795668,-0.000104177329236732
18.375,0.0177473376727214,-0.000100251330599488
18.376,0.0177703582400514,-9.6231111775813e-05
18.377,0.0177777219873205,-9.44128334499084e-05
18.378,0.0178003296597095,-8.89167508656419e-05
18.379,0.0178011137737672,-8.37054549763239e-05
18.38,0.0177484278507617,-9.43357558372271e-05
18.381,0.017691592063168,-0.000107083445758327
18.382,0.0176461777489344,-0.000123182265935995
18.383,0.0176108720803755,-0.000137755336060141
18.384,0.0175800941336951,-0.00014976600416966
18.385,0.0175352584173106,-0.000159302186113097
18.386,0.0175128902042941,-0.000161229730825829
18.387,0.0175468390005214,-0.000154355890163049
18.388,0.0175758679401444,-0.000146455567381465
18.389,0.0176201073954524,-0.000132826381738949
18.39,0.0176687321484079,-0.0001141925727422
18.391,0.0177233053506734,-0.000104034858511959
18.392,0.0177488616047014,-9.86219502251973e-05
18.393,0.0177863821297212,-9.12141029090763e-05
18.394,0.0178190818310267,-8.24632389062607e-05
18.395,0.0177774605921443,-9.48810974623626e-05
18.396,0.0177312475296832,-0.000109678406916391
18.397,0.0176815835219178,-0.00012613981499815
18.398,0.017633292415999,-0.000141849290959284
18.399,0.0175897818077858,-0.000159267711949074
18.4,0.0175577759891238,-0.000172735573837457
18.401,0.0175316906092057,-0.00018248107590696
18.402,0.0174959885213403,-0.000188315908691228
18.403,0.0175182253206611,-0.000185981464160934
18.404,0.0175461476824154,-0.000181632863134384
18.405,0.0175924123617833,-0.000170445505984385
18.406,0.0176351122829814,-0.000153206656359761
18.407,0.0176888705056074,-0.000137547229899171
18.408,0.01771633836122,-0.000121042491208978
18.409,0.0177508063086206,-9.62050692117633e-05
18.41,0.0177720009552849,-6.75654292438543e-05
18.411,0.0177957603961532,-3.39687106696296e-05
18.412,0.0178162442834555,3.52699788142008e-06
18.413,0.017811019030129,3.19983396184775e-05
18.414,0.0177990334246078,5.99313169705185e-05
18.415,0.01781971224514,9.59044697016465e-05
18.416,0.0178224289468042,0.000134585084064054
18.417,0.0178550758377577,0.000179239593786795
18.418,0.0179099689807779,0.000232379643579583
18.419,0.0179242017882447,0.00026981338347748
18.42,0.0179511979660012,0.000307320078190176
18.421,0.0179208118611833,0.000325491854474558
18.422,0.0178678891501021,0.000332699066193043
18.423,0.0178131393288899,0.000335323899303464
18.424,0.0177556181163587,0.000334406471272919
18.425,0.0176958835394325,0.000331273647613872
18.426,0.0176339246516379,0.000327292593833628
18.427,0.0175713987688682,0.000325521690326569
18.428,0.017500301804965,0.000327651783748717
18.429,0.0174644975642664,0.000340457570708608
18.43,0.0174265185897001,0.0003606030888893
18.431,0.0173870851013871,0.000389705587945988
18.432,0.0173486752315445,0.000427446273139398
18.433,0.0173712171235206,0.000476973338679021
18.434,0.0174440330858065,0.000536991886304294
18.435,0.0175135384382521,0.000602636588090011
18.436,0.0175596022651536,0.000652546221570183
18.437,0.0175881330166431,0.000696428223880941
18.438,0.0176215213195845,0.000738465449786119
18.439,0.0175687454342027,0.000756104147473902
18.44,0.0175148759302922,0.000769297605189456
18.441,0.0174525539017941,0.000778078424012063
18.442,0.0174220839342862,0.000783806736042947
18.443,0.0173889357593342,0.000787213304208001
18.444,0.0174110190320213,0.000790685780222067
18.445,0.0174576788712682,0.000794665265482275
18.446,0.0175007188453497,0.000797184372482829
18.447,0.0175519758516278,0.000802063292048294
18.448,0.0176001179249191,0.000808692964122615
18.449,0.017648506880841,0.000801704952165805
18.45,0.0176746983573267,0.000786973934851332
18.451,0.0176997132228166,0.000770085713920121
18.452,0.0177254230054242,0.000752246139484936
18.453,0.0177508901036565,0.000734755410525145
18.454,0.01777674201047,0.000718325991357238
18.455,0.017733355957356,0.000680947167955526
18.456,0.0176861051883082,0.000637865943761584
18.457,0.0176390029908432,0.000591834100845345
18.458,0.0175892938206496,0.000544345778345945
18.459,0.0175388675839845,0.000498809745729689
18.46,0.0174864942026179,0.00045668992357778
18.461,0.0174286315396314,0.000418469524535614
18.462,0.0173687939102338,0.000385796401876859
18.463,0.0173233857374857,0.000363607454129222
18.464,0.0172625512743359,0.000348503325194649
18.465,0.017214724681136,0.000343707299396645
18.466,0.0171475544491174,0.000334660542417597
18.467,0.0171052519160889,0.000317800126191425
18.468,0.0170787611361376,0.00029807609028093
18.469,0.0170415744792076,0.000274432004544745
18.47,0.0170093742995533,0.000249870398091101
18.471,0.0170438216061132,0.000230552854338428
18.472,0.0170743547682122,0.000211788286596681
18.473,0.0171073568429944,0.000194463195643202
18.474,0.0171427846930861,0.000179647451325982
18.475,0.0171799773573723,0.000167261923361806
18.476,0.0172098383775949,0.000148488916389966
18.477,0.0172640564993981,0.000131018900582258
18.478,0.0173133155413688,0.000111502957609644
18.479,0.0173637631231701,9.15457119860519e-05
18.48,0.0174144014230692,7.20937602551319e-05
18.481,0.0174660953204377,5.44906771208775e-05
18.482,0.0175193201755558,4.0046941923777e-05
18.483,0.0175805915590806,2.72655635591978e-05
18.484,0.0176452208704201,1.69754808239664e-05
18.485,0.0177112335925646,1.12017240530005e-05
18.486,0.0177397039197596,-5.09912081997355e-06
18.487,0.0177801886609935,-2.01732814490985e-05
18.488,0.0177997912900612,-3.71489219356813e-05
18.489,0.0177635455731822,-6.82923334643371e-05
18.49,0.0177247758976594,-9.98174519543094e-05
18.491,0.0176850578254829,-0.000131186156188123
18.492,0.017648509237435,-0.000160698867166409
18.493,0.0176051539828752,-0.000189771225669433
18.494,0.017562955093457,-0.000215373437894906
18.495,0.0175313585932523,-0.000237892057518063
18.496,0.0175069464540268,-0.000254603114953567
18.497,0.0175442079150718,-0.00026506238648788
18.498,0.0175766131421324,-0.000273934508659368
18.499,0.0176156351855273,-0.000278431559333769
18.5,0.0176555365921598,-0.000280072000322484
18.501,0.0177027607943005,-0.000286396808689637
18.502,0.0177302504811674,-0.000296780767220006
18.503,0.0177585377398304,-0.000306098436909708
18.504,0.0177844781766465,-0.000314570796968838
18.505,0.0177530563997409,-0.000338561743602028
18.506,0.0177210303588121,-0.00036381555923326
18.507,0.0176775357010762,-0.000395090609606408
18.508,0.0176578268636264,-0.000422746248255002
18.509,0.0176287240824845,-0.00045048884556137
18.51,0.0176462606201024,-0.000474620375674806
18.511,0.0176724872278658,-0.000495923642842566
18.512,0.017699629058836,-0.000516170477381506
18.513,0.017737423791156,-0.000532111949458069
18.514,0.017776996329621,-0.000544772110385949
18.515,0.0178220184087214,-0.000552451190875825
18.516,0.0178689636890719,-0.000555402611369549
18.517,0.0179209252215023,-0.000552620936146664
18.518,0.0179760531443328,-0.000543759537307675
18.519,0.0180295323511473,-0.000529557817459447
18.52,0.0180843255692153,-0.000519286865123869
18.521,0.0180697244571976,-0.000529745035477758
18.522,0.0180506679383361,-0.000543956208617524
18.523,0.0180106875344591,-0.000563418339160127
18.524,0.0179735607842446,-0.000581782729677405
18.525,0.0179347743417564,-0.000599517589859988
18.526,0.0179123591379687,-0.000615132694740894
18.527,0.0178872226213484,-0.000628449771485462
18.528,0.017869959118879,-0.000635474409185599
18.529,0.0179108918151469,-0.00063435346556967
18.53,0.0179406974911506,-0.000632549758567025
18.531,0.0179729786053008,-0.000628308864730975
18.532,0.0179990254538272,-0.000619723007170947
18.533,0.0180365877603466,-0.000616492794425438
18.534,0.0180439041251374,-0.000618085424576587
18.535,0.0180692013018357,-0.000617470996464142
18.536,0.0180855464007708,-0.000615274294485546
18.537,0.0181084229918627,-0.000610424477975435
18.538,0.0180648492624015,-0.000624627151043389
18.539,0.0180175596049142,-0.000641562060593459
18.54,0.0179990869394089,-0.000658613746803649
18.541,0.0179791612381752,-0.000674423581754346
18.542,0.0179558106800327,-0.000688715573395393
18.543,0.0179364432142717,-0.000699359899696383
18.544,0.0179171296893127,-0.000706177112774042
18.545,0.0178982212150591,-0.000708215188410577
18.546,0.0179326890397305,-0.000703459971643006
18.547,0.0179682487687292,-0.000698235008456227
18.548,0.0180082763943277,-0.000689429438718137
18.549,0.0180351022822488,-0.000694338283287022
18.55,0.018044352891918,-0.000703310983587946
18.551,0.0180709929843907,-0.00071257683254744
18.552,0.0180821084858034,-0.000723520150825552
18.553,0.0180942280060831,-0.000732514205948276
18.554,0.0180533002391804,-0.000755800942374207
18.555,0.0180146359058683,-0.000780651079656858
18.556,0.0179984924024489,-0.000805472129429108
18.557,0.0179775914780943,-0.000830204452670069
18.558,0.0179622753393532,-0.000850027975345002
18.559,0.017941278461617,-0.000867125759126786
18.56,0.0179592873112776,-0.000877186770782523
18.561,0.0179836295730603,-0.000884593174781345
18.562,0.0180121970877734,-0.000888313523561279
18.563,0.0180645600721779,-0.000884136177892569
18.564,0.0180843766037287,-0.000891633823049798
18.565,0.0181108808216866,-0.000897241040342112
18.566,0.0181168940659429,-0.000903906340984806
18.567,0.0181381172659316,-0.000906042340565627
18.568,0.0181061687475614,-0.000921373872172893
18.569,0.018069967223465,-0.000938408441653382
18.57,0.0180319573569793,-0.000954828454299561
18.571,0.0179949199425525,-0.000968910631468922
18.572,0.0179625569385029,-0.000982469697403066
18.573,0.0179434901446864,-0.000989989728385265
18.574,0.0179220697149268,-0.000993076746445998
18.575,0.0179483285141439,-0.000988166269092039
18.576,0.0179711365897293,-0.000981710305248407
18.577,0.0180154390619429,-0.000966896388661764
18.578,0.0180586765197481,-0.000946748086074145
18.579,0.0181115989470594,-0.000918857859063815
18.58,0.0181446580756678,-0.000901922487175355
18.581,0.0181765589353614,-0.000882255198655535
18.582,0.0181997453731409,-0.000861258192071723
18.583,0.0181518052374773,-0.000859266763183875
18.584,0.0181027571018778,-0.000858560280518728
18.585,0.0180534919284485,-0.000857860818099354
18.586,0.0180071266765515,-0.0008555013953368
18.587,0.0179604573427633,-0.000851234752443419
18.588,0.0179226348218244,-0.000847021910375667
18.589,0.0179026736681976,-0.00083736708720622
18.59,0.0178774490612697,-0.000824355626165729
18.591,0.0179054215582414,-0.000805167750862257
18.592,0.0179392847799295,-0.0007836888144091
18.593,0.017974766475896,-0.000760069247493889
18.594,0.0180284559199392,-0.000728476387423849
18.595,0.0180797362970353,-0.000691605739340295
18.596,0.0181319375152607,-0.000648239131522843
18.597,0.0181828603107789,-0.00061360803334537
18.598,0.0182016961369798,-0.000584332156928713
18.599,0.018238368674983,-0.000551445607472667
18.6,0.018198976257484,-0.00054026227974463
18.601,0.0181580907651245,-0.000533037712741213
18.602,0.018112028835671,-0.00052826598135608
18.603,0.0180653457071911,-0.000523044617253055
18.604,0.0180107006814889,-0.000517881982916191
18.605,0.01798965487432,-0.000510511096804778
18.606,0.0179607790253351,-0.000502933084246426
18.607,0.0179400411845318,-0.000490317478977487
18.608,0.0179142970597511,-0.000473835004453527
18.609,0.0179357852573444,-0.000451812792698347
18.61,0.0179718658192606,-0.000426178154734225
18.611,0.0180098355829356,-0.000397927891108207
18.612,0.0180658260806355,-0.000362720066741706
18.613,0.0181155632899974,-0.000323181608464562
18.614,0.0181671237238417,-0.000291679021395597
18.615,0.0181929661681517,-0.000265412725294956
18.616,0.0182140339610219,-0.000238597126127005
18.617,0.0182456938646326,-0.000209040739193644
18.618,0.0181932529595569,-0.00020186541352929
18.619,0.0181408513070323,-0.00019687030724086
18.62,0.0180890489429207,-0.000192619154021467
18.621,0.0180392264906228,-0.000187783307795897
18.622,0.0180275539825945,-0.000180385125820304
18.623,0.0180152637196872,-0.000171177052153526
18.624,0.0179936770112508,-0.000160002789397595
18.625,0.0179628162117824,-0.000146122778264146
18.626,0.0179861092988746,-0.000126227558747694
18.627,0.0180318940279672,-0.000100866085941231
18.628,0.0180763752327855,-7.26994309126483e-05
18.629,0.0181375611273537,-3.75257760313885e-05
18.63,0.0181867464318691,2.10515823023671e-06
18.631,0.0182090084261623,2.74350337960416e-05
18.632,0.018235203180354,5.40382149296637e-05
18.633,0.0182605067009652,8.13328192657559e-05
18.634,0.0182818551295411,0.000109279837521847
18.635,0.0182225976120274,0.000114912979248094
18.636,0.0181627379843849,0.000116696135864125
18.637,0.0181054424337861,0.000117360041943737
18.638,0.0180496650384856,0.000117997390497837
18.639,0.0179982364324355,0.000120128629013394
18.64,0.0179645540596533,0.00012144428523031
18.641,0.017931602345004,0.000124054819875485
18.642,0.017901281520615,0.000130375398981142
18.643,0.0178542705276217,0.000138198107350829
18.644,0.0178721527797735,0.000151874582179023
18.645,0.0179168256330826,0.000170342046692862
18.646,0.0179639177748454,0.000191245230615811
18.647,0.0180185327746454,0.000217392608720002
18.648,0.0180701404579891,0.000247558476582532
18.649,0.0181318128169681,0.000270199026459694
18.65,0.0181629285248177,0.000286191167852945
18.651,0.0181949850818895,0.00030230027230882
18.652,0.0182100384393323,0.000317303755945686
18.653,0.0182417738533574,0.000335738133407482
18.654,0.0182007444947066,0.000333260769707189
18.655,0.0181562126786747,0.00032641689701024
18.656,0.0181023005937081,0.000316697387918619
18.657,0.0180514910347887,0.000307959624069987
18.658,0.0180392097435578,0.000301066450305143
18.659,0.0180207380199797,0.000294757163070813
18.66,0.0179999544846373,0.000290971690496855
18.661,0.0179798135713989,0.000291952243695326
18.662,0.0179504513341962,0.000296226254794252
18.663,0.0179874379263138,0.000304832933497978
18.664,0.0180356090045432,0.00031796813545526
18.665,0.0180793820824964,0.000333719403432131
18.666,0.0181385842905701,0.00035611664066576
18.667,0.0181625226880616,0.000363318800277901
18.668,0.0181933601797978,0.000369489574642889
18.669,0.0182119468383085,0.000374493894460814
18.67,0.0182432675839185,0.000382934542119906
18.671,0.0182445358255125,0.000389981159213904
18.672,0.0181779777838417,0.00037836407035019
18.673,0.0181105361968562,0.000364419532157378
18.674,0.0180446872275855,0.000350099878503263
18.675,0.0180237822715897,0.000337180276740512
18.676,0.0179964926663355,0.000323846782278536
18.677,0.0179683384491148,0.000312367375248368
18.678,0.0179376507479447,0.000303683538074806
18.679,0.0179105687400316,0.000300475794428046
18.68,0.0178681849931197,0.000299655298472257
18.681,0.0178894214271458,0.000305711042651369
18.682,0.0179397851398667,0.000317288786161884
18.683,0.0179932898803418,0.000331336124074821
18.684,0.018051278167141,0.000350788278218384
18.685,0.0180788167504429,0.00035415361709179
18.686,0.0181036310342744,0.000354059124333117
18.687,0.0181177847992581,0.000351949716512534
18.688,0.0181515465830341,0.000352036967353198
18.689,0.0181538172870185,0.000350486348500878
18.69,0.018168629090407,0.00035362641261899
18.691,0.0181783943128644,0.000360916939613043
18.692,0.0181174475836036,0.0003484817135746
18.693,0.0180543268245613,0.000332412108274838
18.694,0.0179934243416266,0.000315696453760395
18.695,0.0179762505989488,0.000299552930956126
18.696,0.0179570442282373,0.00028329983066977
18.697,0.0179280121565078,0.000267767181016842
18.698,0.0178984770507548,0.000255218573884552
18.699,0.0178670850621639,0.000247554337509781
18.7,0.0178337638644465,0.000244243495155561
18.701,0.0178171686857885,0.00024992852646083
18.702,0.0178473619463816,0.000262396097756301
18.703,0.0178882275785459,0.000275305533760706
18.704,0.017953054311191,0.000294853307894694
18.705,0.0180141003128775,0.000318241080666415
18.706,0.0180565090978137,0.000325586508756748
18.707,0.0180806879469965,0.000326522586501288
18.708,0.0181109291200547,0.000325922160485548
18.709,0.0181396339837469,0.000327395250922735
18.71,0.0181712299062801,0.000331023500243388
18.711,0.0181765245496704,0.000333259312819412
18.712,0.0181239760359743,0.000317346440456223
18.713,0.0180688691363073,0.000297770225615279
18.714,0.0180105162141034,0.000276029051480053
18.715,0.0179552745405969,0.000254808667164541
18.716,0.0178993824197196,0.000234236239181951
18.717,0.0178610177700018,0.000211654838358055
18.718,0.0178319897490523,0.000189946319278766
18.719,0.0178052851082123,0.000171591524953218
18.72,0.0177653694014141,0.00015527865778181
18.721,0.0177352746543318,0.000144987796620588
18.722,0.0177716531736042,0.000142107301893846
18.723,0.0178039467463328,0.00014028816688727
18.724,0.0178300423422838,0.000140073816722264
18.725,0.0178859690727249,0.000148273502604157
18.726,0.0179369475853801,0.000161107687374484
18.727,0.0180023133024016,0.000182973674766496
18.728,0.0180401741402922,0.00019063447140294
18.729,0.0180601135428637,0.000193322438132193
18.73,0.0181001806965517,0.000197524723499654
18.731,0.0181084484519197,0.00019913824871165
18.732,0.0181301304003339,0.000205529012619499
18.733,0.0180828646908274,0.000191271705813678
18.734,0.0180356214848339,0.000172671268424518
18.735,0.0179901194072431,0.000152111368860841
18.736,0.0179452920134656,0.000130878809038004
18.737,0.0179045244629657,0.000110808269905005
18.738,0.0178685256084547,8.75128895915789e-05
18.739,0.0178559687462439,6.85414451428445e-05
18.74,0.0178328719300902,5.09559050150821e-05
18.741,0.0178107644744106,3.70652903762814e-05
18.742,0.0177824332406738,2.79175035915458e-05
18.743,0.0178056175752364,2.38863515115151e-05
18.744,0.0178512332387007,2.47649791877413e-05
18.745,0.0178939612543643,2.83481265193064e-05
18.746,0.0179490991157717,3.81325918695774e-05
18.747,0.0180008177468155,5.26589153031498e-05
18.748,0.0180482894893315,5.79677515553656e-05
18.749,0.0180716832640688,5.77456077486826e-05
18.75,0.018079996700604,5.56317203167511e-05
18.751,0.0181005642900263,5.65990438893826e-05
18.752,0.0181157498030678,5.99754844209377e-05
18.753,0.0180654287344096,4.51217600740961e-05
18.754,0.0180117006730991,2.72401825552326e-05
18.755,0.0179555631869394,8.45221598888557e-06
18.756,0.0179034655136228,-8.97551459261292e-06
18.757,0.0178792290498352,-2.62196538735604e-05
18.758,0.0178652629093797,-4.06507318932436e-05
18.759,0.0178386462214266,-5.37872846914644e-05
18.76,0.0178141384692545,-6.28827470104953e-05
18.761,0.017782148114789,-6.72480538528308e-05
18.762,0.0178070498567667,-6.57419717857155e-05
18.763,0.0178523370511338,-5.9525606750932e-05
18.764,0.0178956479128274,-5.09386008686885e-05
18.765,0.0179522701461725,-3.60233405548582e-05
18.766,0.0180059473193493,-1.71730934800385e-05
18.767,0.0180586755595994,-6.90289152954771e-06
18.768,0.0180869153792148,-2.41994892646868e-06
18.769,0.0181179535365031,2.34795434339574e-06
18.77,0.018130497565716,5.62487569938375e-06
18.771,0.0181578167939193,1.24637348728474e-05
18.772,0.0181774645770839,2.18371509918547e-05
18.773,0.0181282195466666,1.08904316621361e-05
18.774,0.0180738791556591,-4.19192781708766e-06
18.775,0.0180124369278845,-2.15035347778114e-05
18.776,0.0179541005076168,-3.79186538027598e-05
18.777,0.0179259510772453,-5.50298399811244e-05
18.778,0.0179099441913396,-6.94812221682106e-05
18.779,0.0178816125751526,-8.30312896099583e-05
18.78,0.0178560237010362,-9.28057819020167e-05
18.781,0.0178212940582317,-9.82908554372219e-05
18.782,0.0178037325568284,-9.60034136865962e-05
18.783,0.0178484198916443,-8.54212911111096e-05
18.784,0.0178934756713471,-7.4091657225217e-05
18.785,0.0179523482617847,-5.75094925341357e-05
18.786,0.0180058652713462,-3.81180785052337e-05
18.787,0.0180610358735926,-2.85297701234644e-05
18.788,0.0180894079250303,-2.5697812042591e-05
18.789,0.0181285706629562,-2.18727135418151e-05
18.79,0.0181485707975827,-1.9747842828155e-05
18.791,0.0181837459953499,-1.4329821886816e-05
18.792,0.0181926590420558,-9.5265652211296e-06
18.793,0.0181375648627934,-2.29740267405076e-05
18.794,0.0180822556702722,-3.89565290635496e-05
18.795,0.0180247329847942,-5.64158948802018e-05
18.796,0.0179956094215213,-7.45009200717739e-05
18.797,0.017967817211573,-9.23971388171463e-05
18.798,0.0179325652243625,-0.000109361162807908
18.799,0.0179180008661897,-0.000118816794924093
18.8,0.0178982397714452,-0.000123930564234931
18.801,0.0178755649584652,-0.000122787369152444
18.802,0.0179203498445987,-0.000115319503744826
18.803,0.0179591951658833,-0.000105766704814103
18.804,0.0180122353767641,-8.98063296773111e-05
18.805,0.0180583650572246,-6.98023381626722e-05
18.806,0.0181078552686335,-5.8269326475735e-05
18.807,0.018132828487293,-5.22428379300943e-05
18.808,0.0181567449270963,-4.5945638670275e-05
18.809,0.0181693878317105,-3.95701723805431e-05
18.81,0.0181950309480072,-2.98395281499997e-05
18.811,0.0181473530306112,-3.98986925667089e-05
18.812,0.0181014408416099,-5.23338624275338e-05
18.813,0.0180585599516269,-6.53418576726517e-05
18.814,0.0180168271118853,-7.83530137696276e-05
18.815,0.0179933918374347,-9.28124023096832e-05
18.816,0.0179763280488423,-0.000106143044802665
18.817,0.0179613255655174,-0.000115827161484838
18.818,0.0179412747371458,-0.000122199338923712
18.819,0.0179225705611635,-0.000122504935290757
18.82,0.0179573358416584,-0.000116832563936187
18.821,0.0180036460816187,-0.000107254126678391
18.822,0.0180470949324299,-9.48201182762731e-05
18.823,0.0180964171898235,-7.60994801358716e-05
18.824,0.0181445592306579,-5.2898926013345e-05
18.825,0.0182040482695499,-3.71403159008521e-05
18.826,0.0182354844285987,-2.81735735647715e-05
18.827,0.0182700504125675,-1.89485566368663e-05
18.828,0.0183024061528891,-9.11635105577124e-06
18.829,0.0183400044895295,3.74280455450737e-06
18.83,0.0183016426054909,-5.59423359802746e-06
18.831,0.0182641272349212,-1.85083017187337e-05
18.832,0.018211058346749,-3.60937297231856e-05
18.833,0.0181593360279178,-5.31098706548216e-05
18.834,0.0181033685006533,-6.93197035948612e-05
18.835,0.0180809996102969,-8.54509605635601e-05
18.836,0.0180669078300218,-9.9159620178757e-05
18.837,0.0180447598002339,-0.000111549457806503
18.838,0.0180251031789119,-0.000120409325007009
18.839,0.0180492438359905,-0.000124659253639525
18.84,0.0180736803565184,-0.000129264142344598
18.841,0.0180919546432202,-0.000132287735889858
18.842,0.0181454368914487,-0.000126826857048623
18.843,0.018189012785951,-0.000116739586710379
18.844,0.0182299556393122,-0.000101638010661931
18.845,0.018281642102684,-7.82057625148824e-05
18.846,0.0182947380519967,-6.80668063092194e-05
18.847,0.0183195705689221,-5.61972649325004e-05
18.848,0.0183365708950815,-4.42206887708019e-05
18.849,0.0182923280592315,-5.12460274267323e-05
18.85,0.0182399185757299,-6.35559988351186e-05
18.851,0.0181913103653106,-7.7234906650292e-05
18.852,0.0181439361889585,-9.15034955467631e-05
18.853,0.0180933713443615,-0.000105296511468511
18.854,0.0180361778447769,-0.000118250531813413
18.855,0.0180139608036473,-0.000128864095635506
18.856,0.0179847006317794,-0.000138780629190038
18.857,0.0179515246702453,-0.000146309874327788
18.858,0.0179776383802493,-0.000147806494259828
18.859,0.0180137147882517,-0.000146535223238931
18.86,0.0180489199163167,-0.000142862598326854
18.861,0.0181023857189493,-0.00013188174549722
18.862,0.0181499889243546,-0.000116379608290196
18.863,0.0182108061687791,-9.20966203822871e-05
18.864,0.0182255630415314,-8.26780575698405e-05
18.865,0.0182520432837862,-7.19390597334058e-05
18.866,0.0182706745096969,-6.16284574806447e-05
18.867,0.0182899991136195,-4.96379822347848e-05
18.868,0.0182928239369637,-3.77145896493514e-05
18.869,0.018233435372208,-4.54411127878696e-05
18.87,0.0181730441911764,-5.72102639495586e-05
18.871,0.0181165068004313,-7.04048491872444e-05
18.872,0.0180601450754668,-8.41417341681527e-05
18.873,0.0180256531520522,-9.96022474951119e-05
18.874,0.0180093223039444,-0.000110991343324485
18.875,0.0179826096575205,-0.000118878746139195
18.876,0.017960615517779,-0.000117114230180071
18.877,0.017943716095365,-0.000102977814422922
18.878,0.017930512887513,-7.7771794342929e-05
18.879,0.0179461807694024,-4.68007346892119e-05
18.88,0.017988154500085,-8.73782325300221e-06
18.881,0.0180311817778769,3.35156600805298e-05
18.882,0.0180798452513113,8.26505936422084e-05
18.883,0.0181234598162287,0.000137162733843621
18.884,0.0181839658981502,0.000201284063599816
18.885,0.0182415669562305,0.000272285352421686
18.886,0.0183053564870899,0.000351787263485448
18.887,0.0182822097725445,0.000399178514473075
18.888,0.018253376471845,0.000435689940779527
18.889,0.0182167389451789,0.000464627851825716
18.89,0.0181794390780446,0.000490195636614565
18.891,0.0181398969302357,0.000514050857410242
18.892,0.0180992819753352,0.00053784992469319
18.893,0.0180796231621514,0.000552762469483659
18.894,0.0180254407215298,0.000557652422821298
18.895,0.0179829862222982,0.000562429390465025
18.896,0.0179373873060271,0.000567301099166473
18.897,0.0178944781550443,0.000574349933960772
18.898,0.0178515184151276,0.000584292949609433
18.899,0.0178105791516634,0.000598193745716014
18.9,0.0177625610121951,0.00061564316203444
18.901,0.0177768692537196,0.00064252423265887
18.902,0.0177889374152869,0.000672647636859425
18.903,0.0178412074446367,0.000705284407282347
18.904,0.0178775122561799,0.000739750320913946
18.905,0.0179292422257998,0.000780148703069972
18.906,0.0179673387758998,0.000822806985610047
18.907,0.018021727588177,0.000872260688459969
18.908,0.0180030698129484,0.000903137460863235
18.909,0.0179864769655073,0.000931552117743484
18.91,0.0179619413914253,0.00095743468356857
18.911,0.0178729052957577,0.000959963883821524
18.912,0.0178022054378855,0.000959657574973793
18.913,0.0178253275939223,0.000963950225371102
18.914,0.017840446238976,0.000966996064513281
18.915,0.017863851785373,0.000973367563466776
18.916,0.0178850160724503,0.000984815469030675
18.917,0.0179083746301215,0.00100325617707414
18.918,0.017941083233813,0.00103147672229403
18.919,0.0179801175958438,0.0010682420687228
18.92,0.0180627531478433,0.0011139842859893
18.921,0.0181350318417355,0.00116474658366583
18.922,0.018214319943768,0.00122147819173435
18.923,0.0182126413500748,0.00125187731233511
18.924,0.0181985937217478,0.00127166748553931
18.925,0.0181681096351088,0.00127226384511347
18.926,0.0181215766878773,0.00126622823165745
18.927,0.0180770449881505,0.00125860090400681
18.928,0.018034233726839,0.0012508362603269
18.929,0.0179819942540685,0.00123365266912345
18.93,0.0179271509542229,0.00121052384982406
18.931,0.0178717270418035,0.00118322000323223
18.932,0.0178080793008451,0.00115214150825471
18.933,0.017745804422848,0.00112057947988192
18.934,0.017736024872511,0.00109152856583028
18.935,0.0177107461482286,0.00106202251400239
18.936,0.017698190422759,0.00103670384463733
18.937,0.0176797826142172,0.00101543264309689
18.938,0.0176993547551206,0.000997946224459034
18.939,0.0177642774687381,0.00098987717372423
18.94,0.0178291651017633,0.000987148882176159
18.941,0.0178892901076799,0.000990016446015707
18.942,0.0179466278700634,0.000999185709175843
18.943,0.0179852437099724,0.000999818666021279
18.944,0.0179983055059637,0.000996910795628025
18.945,0.0179407554817477,0.000972142148339739
18.946,0.0178769663209371,0.000942424878543791
18.947,0.0178094336655355,0.000910981554275825
18.948,0.0177398731220076,0.000880282775981789
18.949,0.0177036673039562,0.000851284375792849
18.95,0.0176748122409957,0.000830483717941422
18.951,0.0176477852279324,0.000821993862646198
18.952,0.0176317463172762,0.000830520614078789
18.953,0.0176562755140604,0.000858961659280677
18.954,0.0177012792224249,0.000906514185475216
18.955,0.0177810864362969,0.000974758660907737
18.956,0.0178333226588792,0.00103553198083361
18.957,0.0177727812405147,0.00106819955260679
18.958,0.017709025223597,0.00109643792282027
18.959,0.0176385559740977,0.00112142129501097
18.96,0.0175621622519288,0.00114429566184504
18.961,0.0174801441832726,0.00116598521575023
18.962,0.0173929310785952,0.00118732604652266
18.963,0.0173007490362899,0.00120925263649757
18.964,0.0172684622061252,0.00123598794366786
18.965,0.0172193745899857,0.00126054842564038
18.966,0.0172462037109174,0.00128843296935144
18.967,0.017297668491613,0.00131702094982389
18.968,0.0173548683755422,0.00134493902937755
18.969,0.0174199899967279,0.00137566342349721
18.97,0.0174843332231087,0.00140799598546815
18.971,0.0175241303199345,0.00142472828871404
18.972,0.0175502844108294,0.00143543942952951
18.973,0.0175801053248347,0.00144334508536259
18.974,0.0176099458526253,0.00144884332070094
18.975,0.0176410008521759,0.00145288303023283
18.976,0.0175939843131849,0.00143354700305481
18.977,0.0175358286114429,0.00140714676118764
18.978,0.0174570093405663,0.00137503162188279
18.979,0.0174000463149403,0.00134007514641327
18.98,0.0173801014837262,0.00130974075133244
18.981,0.0174247497049785,0.00128246956828454
18.982,0.0174713378698131,0.00125162989592237
18.983,0.017533602416035,0.00122242969243452
18.984,0.0175928040474569,0.00119356342697408
18.985,0.0176314460505943,0.00114757607014354
18.986,0.0176518569970241,0.00109275841816564
18.987,0.017680404817244,0.00103511149410646
18.988,0.0177019461083905,0.000973998114546959
18.989,0.0177265313499967,0.000911765781582252
18.99,0.0177488253293188,0.00084854543370283
18.991,0.0177721615061406,0.000785513225137535
18.992,0.0177948199416416,0.000723064114913963
18.993,0.0177655208270108,0.000643341633997097
18.994,0.0177089183079745,0.000555354191443702
18.995,0.0176467970291752,0.000465178532319588
18.996,0.0176075335535506,0.000370549209559479
18.997,0.0175820532539448,0.000274888650366345
18.998,0.0175508912957467,0.000177234647784685
18.999,0.0175263345729664,8.05214776626872e-05
19,0.0175001085816211,-1.54844959964762e-05
19.001,0.017476765668445,-0.000109437727674688
19.002,0.0174996944287187,-0.000199406911719713
19.003,0.0175257566804796,-0.000288050810233198
19.004,0.0175550321774973,-0.000374540528641831
19.005,0.0175881613938607,-0.000458217637244351
19.006,0.0176233050881056,-0.000539943630909034
19.007,0.0176668338564967,-0.000617154491690031
19.008,0.0177116110315788,-0.000690532162981261
19.009,0.0177594504351777,-0.000759452153153095
19.01,0.0178093390679437,-0.00082385550250258
19.011,0.0178613883021894,-0.000883542367780876
19.012,0.017915543437737,-0.000938332570802169
19.013,0.0179717821222755,-0.000988042535169931
19.014,0.0180300792604017,-0.00103248863502242
19.015,0.0180904075118249,-0.00107148769252335
19.016,0.018152737011783,-0.00110485766918444
19.017,0.0182018829148997,-0.00114253459655683
19.018,0.0182043933793159,-0.00119449176522801
19.019,0.0181728710910317,-0.00125388463814946
19.02,0.0181443195161608,-0.00131191814990611
19.021,0.0181156211630811,-0.0013681343366318
19.022,0.0181092434295239,-0.00142066219566406
19.023,0.0181082333897908,-0.00146832970129268
19.024,0.0181058769958184,-0.00151115146380687
19.025,0.018106066698594,-0.00154797023190717
19.026,0.0181078200350202,-0.00157852936443542
19.027,0.0181444726198302,-0.00160210045057835
19.028,0.0181833768108966,-0.00162230941658004
19.029,0.0181928649534767,-0.00165009325096843
19.03,0.0182138630732315,-0.0016761726502329
19.031,0.0182288295841298,-0.0017003804407395
19.032,0.0182385805392996,-0.00172357604844992
19.033,0.0182535861259362,-0.00174253353276643
19.034,0.0182288662845805,-0.00177072720624272
19.035,0.0182082090435069,-0.00179815058270155
19.036,0.0181826572845922,-0.00182796297472476
19.037,0.0181808429592375,-0.0018534635443917
19.038,0.0181667581447812,-0.00187779691222395
19.039,0.018164838926688,-0.00189678340616145
19.04,0.0181844620553944,-0.00191292642157598
19.041,0.0182229924084415,-0.00192412699085182
19.042,0.0182626990222435,-0.00193254030660239
19.043,0.0183024960921651,-0.00193640732578865
19.044,0.0183423110290072,-0.00193712635468241
19.045,0.0183869643574174,-0.00193179600377541
19.046,0.0184356164329171,-0.00192047620697189
19.047,0.0184657909976649,-0.00191555994456749
19.048,0.0184798180131277,-0.00191373447415372
19.049,0.0185025701451321,-0.00190872161421557
19.05,0.0184738659914157,-0.00191930251754069
19.051,0.0184485249793265,-0.00193203524738417
19.052,0.0184042215868823,-0.00194852388620947
19.053,0.0183890157666881,-0.00196367634449429
19.054,0.0183740834684484,-0.00197690501589776
19.055,0.0183627265297887,-0.00198715069197858
19.056,0.018339489227514,-0.00199495976532665
19.057,0.0183352456702498,-0.00199438138155239
19.058,0.0183262985576324,-0.00198823217713417
19.059,0.0183675512387552,-0.00197527026479383
19.06,0.0184050601474895,-0.0019587886124286
19.061,0.0184406753398443,-0.00193810275537637
19.062,0.0184887777498845,-0.00190962787017973
19.063,0.0185020860030075,-0.00189281310470524
19.064,0.0185217095102723,-0.0018762195008965
19.065,0.0185341473540106,-0.00185980136138936
19.066,0.0185404437052261,-0.0018430630118722
19.067,0.0185000584358512,-0.00184072060371271
19.068,0.018459963002217,-0.00183958852805571
19.069,0.0184190253504862,-0.00183834518999904
19.07,0.0183787588394453,-0.00183527043676435
19.071,0.0183293360290253,-0.00183095802825495
19.072,0.01830957551434,-0.00182402448251107
19.073,0.018294558656839,-0.00181244315705847
19.074,0.0182757264692878,-0.00179705913025274
19.075,0.0182612366290193,-0.0017764638635791
19.076,0.0182989527540353,-0.00174796415038847
19.077,0.0183351199106822,-0.00171741417612309
19.078,0.0183673257637196,-0.0016840563352834
19.079,0.0184116752991871,-0.00164385789577487
19.08,0.0184484392321901,-0.00159954208028068
19.081,0.0184894649956013,-0.0015603721750701
19.082,0.0185048020772393,-0.00152619945564908
19.083,0.0185221410603265,-0.00149087833951977
19.084,0.0185348913954279,-0.00145493851861389
19.085,0.0185531063261432,-0.00141539999205637
19.086,0.0185118029208154,-0.00139298189594417
19.087,0.0184670832715682,-0.00137378160146706
19.088,0.0184258996128639,-0.00135455193542089
19.089,0.0183642430534329,-0.00133775966956245
19.09,0.018358223661059,-0.00131674747623345
19.091,0.0183378199095657,-0.00129493861650526
19.092,0.018334909322255,-0.00126673438304542
19.093,0.0183181614802795,-0.00123515414679348
19.094,0.0183241601778577,-0.00119456785033878
19.095,0.0183466304662879,-0.00115060570855063
19.096,0.018399380178079,-0.00110100900424148
19.097,0.0184509583598518,-0.00104831768323232
19.098,0.0185140442179396,-0.000988515318614491
19.099,0.0185138066158737,-0.000949760905976926
19.1,0.0185267708773828,-0.000911502147789678
19.101,0.0185352566312403,-0.000874474857589069
19.102,0.018548608789042,-0.00083633397932531
19.103,0.0185618073129229,-0.000796987321988685
19.104,0.0185012300784421,-0.000778612081934693
19.105,0.0184440077954167,-0.000761103851878775
19.106,0.0183854689802846,-0.000743833275760608
19.107,0.0183216765991295,-0.000726420128812078
19.108,0.0183071691392845,-0.00070628510361348
19.109,0.0182874474774118,-0.000684214176677023
19.11,0.0182722935844583,-0.000657867939354906
19.111,0.0183133469635672,-0.000624772048091582
19.112,0.0183602527978109,-0.000589413024873864
19.113,0.0183995197715093,-0.000552756467201765
19.114,0.0184601939319941,-0.00050846171856711
19.115,0.0185238054830503,-0.000458098083341685
19.116,0.0185870588560243,-0.000400403110364544
19.117,0.0186052519479609,-0.000359234447749712
19.118,0.0186309381020183,-0.000318164888306161
19.119,0.0186491004723045,-0.000278337422612962
19.12,0.0185922855845171,-0.000262543016256667
19.121,0.0185378577278012,-0.000251095352220565
19.122,0.0184754342984018,-0.000242792408581882
19.123,0.018419022461126,-0.000234146063040286
19.124,0.0183456203644862,-0.000226584712355649
19.125,0.0183134855719014,-0.000217493737396934
19.126,0.0182888017571183,-0.000204137255385983
19.127,0.0182556537629304,-0.000188118127260661
19.128,0.0182373767434983,-0.000164636046153688
19.129,0.0182812566677917,-0.000133905589170091
19.13,0.0183327691059224,-0.000102793416838942
19.131,0.0183980378334649,-6.61150615900996e-05
19.132,0.0184528715610035,-2.68601261468882e-05
19.133,0.0185131605294795,1.77179280027029e-05
19.134,0.0185350105232259,4.57865860644668e-05
19.135,0.0185500696129493,6.98437135394081e-05
19.136,0.0185736951553756,9.41306713463375e-05
19.137,0.0185925488259166,0.000118022851757771
19.138,0.0186183242109239,0.000144176319184175
19.139,0.0186197329576657,0.000168666878041512
19.14,0.0185456917504161,0.000169680564879204
19.141,0.0184743786036551,0.00016764322877727
19.142,0.018402514720583,0.000164251031048279
19.143,0.0183251457918918,0.000160278429964134
19.144,0.0182945146042895,0.000156435793861265
19.145,0.018265266176564,0.000154079817668851
19.146,0.0182331136329072,0.000153934595166605
19.147,0.0181925832989359,0.00015713084346819
19.148,0.0181831911091139,0.000169486474818126
19.149,0.0181589292059133,0.00018648787327985
19.15,0.0181986576567316,0.000210830149152685
19.151,0.0182453854478646,0.000237579832240986
19.152,0.0183010347219235,0.000267316764800518
19.153,0.018375171086933,0.000305091048151851
19.154,0.0184388029621739,0.000346778189946773
19.155,0.0184938918905347,0.00037542008121999
19.156,0.0185190372527881,0.000394983578090868
19.157,0.0185532982314293,0.000413712687515722
19.158,0.0185787028353996,0.000430456575666593
19.159,0.0186127336570559,0.000449310849537643
19.16,0.018624944539809,0.000466301515804901
19.161,0.0185598289155293,0.000458726208014237
19.162,0.0184975364855395,0.000447070852435449
19.163,0.0184285464697931,0.000432489787669299
19.164,0.0183633034626737,0.000418525661055769
19.165,0.0182823762554304,0.000403163665027739
19.166,0.0182442519765679,0.00038656133688908
19.167,0.0182171819459184,0.000372688521249998
19.168,0.0181788648283353,0.000359878868153474
19.169,0.0181573871019099,0.000354382034151113
19.17,0.0181306071186893,0.00035342561034335
19.171,0.018166712884992,0.000360301460140544
19.172,0.0182009497453309,0.000369113533069176
19.173,0.0182562423817955,0.000383690930109482
19.174,0.0183044344547271,0.000401105197929796
19.175,0.0183707559546847,0.000426354452948419
19.176,0.0184350437863611,0.000457364948285022
19.177,0.018451024767207,0.000469242569001993
19.178,0.0184706878791048,0.000479238752795541
19.179,0.018487350907751,0.00048775284274849
19.18,0.0185089070932439,0.000497091548115725
19.181,0.0185293086360548,0.00050732964456468
19.182,0.0184822852707709,0.000495497338098283
19.183,0.0184341238752644,0.000478553859835473
19.184,0.0183860615046655,0.000459163303178578
19.185,0.0183367511516396,0.000439121787068064
19.186,0.0182881621317808,0.000420187913631687
19.187,0.0182227397791501,0.000400728707130982
19.188,0.018182341896863,0.000380352486148594
19.189,0.0181739198933117,0.000364671007407003
19.19,0.0181500015411883,0.000350473831597309
19.191,0.0181439624923004,0.000343227923709666
19.192,0.018165335073148,0.000337540983100015
19.193,0.0182173751359328,0.000335629261562997
19.194,0.0182601421988834,0.000334447090102996
19.195,0.0183208888871665,0.000339826882179095
19.196,0.0183790240400882,0.000349990640201414
19.197,0.0184390683125135,0.000366752297108475
19.198,0.0184984726123958,0.000390825363145719
19.199,0.018522548708987,0.00039989717099187
19.2,0.0185440504187946,0.000406895253090733
19.201,0.0185648435833741,0.000413024905271897
19.202,0.0185927793552891,0.000420707750148019
19.203,0.0185391369848539,0.000403137022297717
19.204,0.0184878411183232,0.000382603659737579
19.205,0.0184327921126327,0.000359977113570664
19.206,0.0183788717949873,0.000337577770679109
19.207,0.0183242264870092,0.000316185870043229
19.208,0.0182697629566002,0.000296807875520222
19.209,0.0182228647839718,0.000274601659470075
19.21,0.0182090253941475,0.000258519137551538
19.211,0.0181941593098123,0.000246074886285141
19.212,0.018227785752746,0.00023832855779804
19.213,0.0182698743960702,0.000232227271863839
19.214,0.018306659699738,0.000227237369967048
19.215,0.018362960830422,0.000229300823493206
19.216,0.0184206043447987,0.000236888362686927
19.217,0.0184774591517504,0.000251580767479442
19.218,0.0185328596545211,0.000272412911901665
19.219,0.0185702815194566,0.0002836561001896
19.22,0.0185822925216269,0.000289168891525859
19.221,0.0186026680873009,0.000296950464660217
19.222,0.0185589405055369,0.000282767592966804
19.223,0.0185100444134688,0.000263086618949082
19.224,0.0184625404613354,0.000241347509682965
19.225,0.0184120240332923,0.000218498617310214
19.226,0.0183664713471011,0.000197092003411947
19.227,0.0182918240423286,0.000172590668713446
19.228,0.0182637237459309,0.000151231951091346
19.229,0.0182247653150728,0.000130612665542984
19.23,0.0182187071737716,0.000117669006096721
19.231,0.0182011154679205,0.000108374349209517
19.232,0.0182318480634839,0.000103924987823856
19.233,0.0182774200684128,0.000102893117882197
19.234,0.01831342058869,0.00010260180709909
19.235,0.0183702252030714,0.000108895830217781
19.236,0.0184257770669368,0.000119677156128206
19.237,0.0184897701577903,0.000138168905661484
19.238,0.0185099909689906,0.000141204495583247
19.239,0.0185355085858788,0.000143444466734199
19.24,0.0185502780260976,0.00014364243393139
19.241,0.0185763681451303,0.000146084373011834
19.242,0.0185872944008628,0.00014775490007779
19.243,0.018525434320375,0.000127690938142355
19.244,0.0184654001105291,0.000105760904415997
19.245,0.0184044692070343,8.32101476830327e-05
19.246,0.0183446530254971,6.15975099494959e-05
19.247,0.0183146651116726,4.01883381715984e-05
19.248,0.0182948745191992,2.20496530914938e-05
19.249,0.0182669244385148,5.74053159929644e-06
19.25,0.0182572116734324,-4.06653120410549e-06
19.251,0.0182335808754181,-1.00713531736574e-05
19.252,0.0182711264232881,-1.09852281248157e-05
19.253,0.0183162647940243,-8.0420510661372e-06
19.254,0.0183551055831489,-2.49379267430738e-06
19.255,0.018410225042125,1.03379663604075e-05
19.256,0.0184652825416203,2.85739353047543e-05
19.257,0.0184846915908591,3.37902673801516e-05
19.258,0.0184950197407935,3.61613541209893e-05
19.259,0.0185091916723097,3.93063679593464e-05
19.26,0.0185259937126681,4.41170752997766e-05
19.261,0.0184780136117703,2.85301370440694e-05
19.262,0.0184262005519221,9.13714684730449e-06
19.263,0.0183748220926063,-1.14424349636488e-05
19.264,0.0183234009874776,-3.19117801327318e-05
19.265,0.0182592682420871,-5.31036928934636e-05
19.266,0.0182391818780047,-7.23268683909817e-05
19.267,0.0182244787659804,-8.8119311499435e-05
19.268,0.0181959716705783,-0.000101344154032901
19.269,0.0181925450233391,-0.000106215787393893
19.27,0.0182493278771223,-0.00010433461979753
19.271,0.0182957976255702,-0.000100817832692501
19.272,0.0183438993365227,-9.34890800003418e-05
19.273,0.0183872989356956,-8.2346071054451e-05
19.274,0.0184423570467347,-6.36855535484093e-05
19.275,0.0184571126156024,-5.89546408796271e-05
19.276,0.0184792992327604,-5.44643815258983e-05
19.277,0.0184958701183301,-5.07512567995416e-05
19.278,0.0185112473892116,-4.62401649885535e-05
19.279,0.018450421340993,-6.29633038286004e-05
19.28,0.0183941629111559,-8.09793494103705e-05
19.281,0.0183374492992422,-9.95615589450827e-05
19.282,0.0182844533438367,-0.000117075263849631
19.283,0.018219995960189,-0.000135471101746665
19.284,0.0182045214397758,-0.000150525336670482
19.285,0.0181816584616655,-0.000164038952226331
19.286,0.0181749222786307,-0.000171711458310075
19.287,0.0181548776717542,-0.00017574952203564
19.288,0.0181862602361316,-0.000175991363565331
19.289,0.0182278663683456,-0.000171673771479697
19.29,0.0182602891218311,-0.000165167321566517
19.291,0.0183085206951161,-0.000151882759093058
19.292,0.0183575508691051,-0.000133480694904264
19.293,0.0184113547677529,-0.000107195182388276
19.294,0.01840914182444,-9.6808690804806e-05
19.295,0.0184188854146976,-8.55153796253671e-05
19.296,0.0184288490950639,-7.39143383298169e-05
19.297,0.0184426055289263,-6.05722189093161e-05
19.298,0.0183889440507114,-6.90903928537989e-05
19.299,0.0183357964575186,-8.10316902148389e-05
19.3,0.0182822317522071,-9.46594259642608e-05
19.301,0.0182306209483122,-0.00010822025087226
19.302,0.0181721280342358,-0.000122031948883883
19.303,0.0181506319307197,-0.000135514525779867
19.304,0.0181348080493156,-0.000145242132533252
19.305,0.0181214993983491,-0.00015130308104877
19.306,0.0180960486821276,-0.000153637834594489
19.307,0.0181241854673753,-0.000150459115224821
19.308,0.0181670772560513,-0.000143385634438775
19.309,0.0182022048139312,-0.000134374583660279
19.31,0.0182562703584754,-0.000118303209659998
19.311,0.0183071303230537,-9.73260306256218e-05
19.312,0.0183650215097462,-6.86394076658825e-05
19.313,0.0183730312431591,-5.59604811654624e-05
19.314,0.0183902156760109,-4.35164097511431e-05
19.315,0.0184012544876882,-3.23347050400491e-05
19.316,0.0184156306066312,-1.96689224244428e-05
19.317,0.0183817804192714,-2.45347346122804e-05
19.318,0.0183328224588002,-3.61427787275992e-05
19.319,0.0182868939629413,-4.90227031242907e-05
19.32,0.0182365225053335,-6.29082685336124e-05
19.321,0.0181908250918974,-7.51589442862244e-05
19.322,0.0181211983941986,-8.91852616945465e-05
19.323,0.0181113464155876,-9.9669115813994e-05
19.324,0.0180921211229509,-0.000109164797818695
19.325,0.0180740243254771,-0.000113989230746514
19.326,0.0181062656011336,-0.0001141136342524
19.327,0.0181529987940864,-0.00011013009008437
19.328,0.0181874735632282,-0.000104729059721864
19.329,0.0182401210083622,-9.25786941379791e-05
19.33,0.0182888713340863,-7.57460456766168e-05
19.331,0.01834510218195,-5.10761152311967e-05
19.332,0.0184015947894432,-1.96237143427758e-05
19.333,0.0184417758642004,2.42790377696922e-06
19.334,0.0184609637253872,1.98224447915951e-05
19.335,0.0184084073205444,1.33863299303094e-05
19.336,0.0183566766341506,3.15797864042233e-06
19.337,0.0183039038431172,-9.54823941573535e-06
19.338,0.0182520097672971,-2.29885335082392e-05
19.339,0.018201015870252,-3.60981630317947e-05
19.34,0.0181372460588203,-5.03288936126722e-05
19.341,0.0180743680557263,-6.1197263913515e-05
19.342,0.0180352849659738,-7.15885813515893e-05
19.343,0.0180032324386269,-7.81210681450317e-05
19.344,0.0180364136117222,-7.872998600994e-05
19.345,0.0180636745392511,-8.0851352215916e-05
19.346,0.0181074051062996,-7.82668193930469e-05
19.347,0.0181447027327319,-7.30896588497232e-05
19.348,0.0182033708144651,-6.00818703081485e-05
19.349,0.0182605784216984,-4.12138166163145e-05
19.35,0.0183200497933346,-1.48933115169392e-05
19.351,0.0183415754914362,-1.89373093384404e-06
19.352,0.0183679413091864,1.07620118330876e-05
19.353,0.0183809948746087,2.11847292804768e-05
19.354,0.018405432292242,3.45928996412503e-05
19.355,0.0183562006218123,2.43077280375759e-05
19.356,0.0183102237767011,1.09982666596231e-05
19.357,0.0182602176598485,-4.69544876624539e-06
19.358,0.0182131010636469,-2.01512399679582e-05
19.359,0.0181613894805994,-3.55055693641582e-05
19.36,0.018137431256627,-5.04021146532918e-05
19.361,0.0181313502397701,-6.07543649948639e-05
19.362,0.0181126845924021,-6.8655584258337e-05
19.363,0.0181176274237119,-6.89328446673576e-05
19.364,0.0181135601155542,-6.39943651744579e-05
19.365,0.0181540227274973,-5.38226949872156e-05
19.366,0.0182087889734925,-4.02909146127728e-05
19.367,0.018261609409672,-2.42595885832086e-05
19.368,0.0183177343584285,-2.40535597917368e-06
19.369,0.0183683467511927,2.39173416783367e-05
19.37,0.0184119143881934,4.02277229306081e-05
19.371,0.0184284615492648,4.90634912260202e-05
19.372,0.0184477316585168,5.75608552567664e-05
19.373,0.01846069913225,6.50215063691673e-05
19.374,0.0184803154629303,7.49175684517378e-05
19.375,0.0184286813787035,6.27509165612161e-05
19.376,0.0183800994362192,4.93197866673345e-05
19.377,0.0183193443255545,3.82779538996569e-05
19.378,0.0182575726402502,3.604114771949e-05
19.379,0.018172725180453,4.10292758531994e-05
19.38,0.0181128543687519,4.75890657067324e-05
19.381,0.0180787348970099,6.20056286462778e-05
19.382,0.0181149988036255,8.18160547117475e-05
19.383,0.0181550409565275,0.000101109473557959
19.384,0.0182101723660835,0.000125893897802543
19.385,0.018258723247069,0.000153702797648869
19.386,0.0183194622168522,0.000189034239275965
19.387,0.0183745395216546,0.000230070453896392
19.388,0.0184401722783761,0.00028043948672013
19.389,0.0185009063934776,0.000338675243810371
19.39,0.0185733170727065,0.000408253356783683
19.391,0.0186056758592852,0.000463218325719661
19.392,0.0186314097546166,0.000516284858709248
19.393,0.0186611257266745,0.000571276954454525
19.394,0.0186167459799339,0.000595833141512569
19.395,0.0185484358618253,0.000606418016995791
19.396,0.0184777816918421,0.000609859214331987
19.397,0.0184046344619028,0.000608416904390563
19.398,0.0183293277010756,0.000604031572768116
19.399,0.0182520726110019,0.000598310482564146
19.4,0.018173004454788,0.000592574236212895
19.401,0.0180922037735028,0.000587914595056471
19.402,0.0180097483110665,0.000585155979718588
19.403,0.0179983794746505,0.000588217104462274
19.404,0.0179701705871808,0.000591591875576503
19.405,0.0179591896647532,0.000601658582674081
19.406,0.0179470370105521,0.000617090627084538
19.407,0.0179386709503764,0.000639232402361134
19.408,0.0179315822355775,0.000668143834968549
19.409,0.0179272029181831,0.000704072283872426
19.41,0.0179883370546272,0.00074602047824307
19.411,0.0180412304651252,0.000786123350200674
19.412,0.0181212870731276,0.000831009853476949
19.413,0.0181949872488946,0.0008766356191931
19.414,0.0182335780710042,0.00090066313750875
19.415,0.0182573923312063,0.000915649378460559
19.416,0.0182854928755424,0.000925559285541222
19.417,0.0183048745608308,0.000929851521667635
19.418,0.018330947070445,0.000932000354156526
19.419,0.0183457439877957,0.000930394062719386
19.42,0.0183685282767785,0.000928823486978037
19.421,0.0183227623451447,0.000904303835513154
19.422,0.0182724588975919,0.00087330879018771
19.423,0.0181983687980781,0.000835590321148383
19.424,0.0181643531498919,0.00079588362812405
19.425,0.0181453267428145,0.000758889188185008
19.426,0.0181178357679543,0.000723698289891828
19.427,0.0181073923156494,0.000695462392324264
19.428,0.0181513169212946,0.000675125202886651
19.429,0.0181938458812316,0.000657734032334045
19.43,0.0182549520637907,0.000648083519958154
19.431,0.018314513210204,0.000643823155163425
19.432,0.0183493659207102,0.000627572057093184
19.433,0.0183596878081848,0.000606756049302437
19.434,0.0183710412166738,0.000588628530347135
19.435,0.0183773627497821,0.00057447524583476
19.436,0.0183138902153095,0.000543592771327761
19.437,0.018248925572694,0.000516704972631232
19.438,0.018178170850117,0.000499061192470895
19.439,0.0180983924690975,0.000492664044937141
19.44,0.0180043295279838,0.000495086467465988
19.441,0.0178958490850262,0.000503768792736392
19.442,0.0178282357921951,0.000523153616948047
19.443,0.0177897722408283,0.000556536591019507
19.444,0.0177319916592438,0.000596721967644487
19.445,0.0177411828891069,0.000647400431838585
19.446,0.0177977687756273,0.000709155145756035
19.447,0.0178303948232136,0.00075305342591564
19.448,0.0178308647570132,0.000786313034109754
19.449,0.0178417947900975,0.000817336403793056
19.45,0.017830196395228,0.000842938961675588
19.451,0.0178241404373708,0.000867766446440876
19.452,0.0178093791610668,0.000891248962771318
19.453,0.0177579599827377,0.000898657514946499
19.454,0.0176817327674308,0.000897230156094553
19.455,0.0176082691748343,0.000893501441752265
19.456,0.0175824576739435,0.000886402983083789
19.457,0.0175721134770156,0.000880063632603623
19.458,0.0175576465521384,0.000872985944404492
19.459,0.0175881762091591,0.000865249871121299
19.46,0.0176482454803779,0.000860083930526445
19.461,0.0177049339993351,0.00085594451806309
19.462,0.0177676680680863,0.000855650075580749
19.463,0.0178308822019573,0.000859465230308831
19.464,0.0178981438896553,0.000868878593422273
19.465,0.0179685738576141,0.000884727220472281
19.466,0.017989731779325,0.000885286270693009
19.467,0.0180158913486598,0.0008850104634891
19.468,0.0180379143649532,0.00088410960540497
19.469,0.0180611695068049,0.000884585680896999
19.47,0.0180149570837465,0.000866006604775149
19.471,0.017973745208958,0.000848049831063569
19.472,0.0179229926099986,0.000829544858423181
19.473,0.0178746877924462,0.000812983081176888
19.474,0.0178094996538574,0.000796573572313664
19.475,0.0177481284160669,0.000783173320922759
19.476,0.0177110337373835,0.000770546500791336
19.477,0.0176964078340239,0.000763658635350217
19.478,0.0177514474433009,0.000763806142015433
19.479,0.0178020133642791,0.000764627016722474
19.48,0.0178589176094792,0.000768645193514605
19.481,0.0179174531711049,0.000776081991487987
19.482,0.0179747486747077,0.000786232688948674
19.483,0.0180430632471197,0.000801116782943478
19.484,0.0181097596355944,0.000818935606945292
19.485,0.0181541673644568,0.000825905504263535
19.486,0.0181642550163498,0.000825842431885437
19.487,0.018106142089447,0.000802620193230907
19.488,0.0180521490697604,0.000774261510348095
19.489,0.0180121519433336,0.000739606351105038
19.49,0.0180042826104917,0.00070866357818028
19.491,0.0179961185451361,0.000679235056601224
19.492,0.0179925639725857,0.000653075774338041
19.493,0.0179919986283526,0.000630908602339109
19.494,0.0179949384828232,0.000613695165036565
19.495,0.0180383706110375,0.000601795886115308
19.496,0.0181042313600789,0.000595064851335425
19.497,0.0181696961864055,0.000591160391318513
19.498,0.0182413205258733,0.000592542619503866
19.499,0.0182810024776665,0.000581251840614139
19.5,0.0182857285808883,0.000564046920406458
19.501,0.0183007543393704,0.000550599265758234
19.502,0.0183119733234095,0.000540816622905893
19.503,0.0182615996082848,0.000515135625415053
19.504,0.0182182303250644,0.000490904483036458
19.505,0.0181910667995795,0.00046752504832781
19.506,0.0181901096461359,0.000451535149153137
19.507,0.0181884158114649,0.000440208079980076
19.508,0.0181962508105194,0.000437632890589512
19.509,0.018206420596941,0.000445534212356991
19.51,0.0182746810526399,0.000463270610923494
19.511,0.0183387866337027,0.000486134779362268
19.512,0.0183627226882451,0.000495767586842999
19.513,0.018373892008386,0.000503175266343525
19.514,0.0183947863721396,0.000513898097117493
19.515,0.0183923407230887,0.000524654867245067
19.516,0.0183266881964609,0.000519924745773503
19.517,0.0182693741114333,0.000517310843921592
19.518,0.0182479544834708,0.000515046156961851
19.519,0.0182489062085861,0.000518967923913149
19.52,0.018243634855275,0.000525660011455042
19.521,0.0182435815157713,0.000538961321913389
19.522,0.0182974868904089,0.000559478115833068
19.523,0.0183623532424362,0.000583604245344482
19.524,0.0184242664403067,0.000610084770447661
19.525,0.0185040185788002,0.000643060484656288
19.526,0.0185792259764422,0.000679582950861957
19.527,0.0186258449966245,0.000700306699015718
19.528,0.0186466614844392,0.000711665546619278
19.529,0.0185910075725036,0.000693834850298281
19.53,0.0185425715363782,0.000668222975636068
19.531,0.0184882611218319,0.000635342744099543
19.532,0.0184333885991602,0.000597702068344697
19.533,0.0183671678119106,0.000554206414669911
19.534,0.0183042911120261,0.000508656341451752
19.535,0.0182840980851447,0.000461296223846275
19.536,0.0182741576711689,0.000413754574205616
19.537,0.0182596908369794,0.000365565216628949
19.538,0.018247868806671,0.000319163703071335
19.539,0.01823494631057,0.000274570979937827
19.54,0.0182243639819023,0.000232992618064476
19.541,0.0182608988756757,0.000194823814531953
19.542,0.0183109626896276,0.000157042460768919
19.543,0.018371838122806,0.000121586429200515
19.544,0.0184326041628863,8.70100535561025e-05
19.545,0.0184621399271617,3.59500916549127e-05
19.546,0.018483725731129,-2.26187814189038e-05
19.547,0.0185144963242837,-8.44524916726597e-05
19.548,0.018523762421801,-0.000152363122663479
19.549,0.0185384426411424,-0.000220118977729833
19.55,0.0185499266407667,-0.000288076627416367
19.551,0.0185219009802076,-0.000370024907122235
19.552,0.0184930084283211,-0.000454775363046334
19.553,0.0184500471582408,-0.000542308517216428
19.554,0.0184067032651081,-0.000629025359554058
19.555,0.0183653918501273,-0.000713860997450799
19.556,0.0183435354877566,-0.000800235442954933
19.557,0.0183382922531741,-0.000883733999275438
19.558,0.01832963748008,-0.000965439200203699
19.559,0.0183240698195705,-0.00104296973127482
19.56,0.018358845178004,-0.00111484644245946
19.561,0.018385523793618,-0.0011854557005842
19.562,0.0184176060660229,-0.00125230211967842
19.563,0.018453192561861,-0.00131401107052692
19.564,0.0184841387350605,-0.00137139341476195
19.565,0.0185241587814452,-0.00142148655275387
19.566,0.0185599121003358,-0.00146635735924949
19.567,0.0186034695431248,-0.00150343105601375
19.568,0.0186070349591514,-0.00155028857503464
19.569,0.0186169971563387,-0.00159420108568964
19.57,0.0186278039146393,-0.00163604025955222
19.571,0.0186387324846223,-0.00167517122039501
19.572,0.0186387816560093,-0.00171285705047969
19.573,0.0186432848175494,-0.00174395555862805
19.574,0.0186140713360043,-0.00178381416968032
19.575,0.0185888464414836,-0.00182228917945443
19.576,0.018556262570865,-0.00186002885658981
19.577,0.0185250844295521,-0.00189474657499866
19.578,0.0185068477859031,-0.00192876449414375
19.579,0.018506143787546,-0.00195698111911741
19.58,0.0185052170456751,-0.00198095831929557
19.581,0.0185045738555167,-0.00200000811006518
19.582,0.0185326152203367,-0.00201450084647242
19.583,0.0185748121344937,-0.00202396166323449
19.584,0.0186133615384602,-0.00203028316904968
19.585,0.0186481207114204,-0.00203235101514804
19.586,0.0186944336138667,-0.00202678349350371
19.587,0.0187401221064404,-0.00201503720691609
19.588,0.0187546165311859,-0.00201212093891362
19.589,0.0187711651360308,-0.00200742704855361
19.59,0.0187851879591929,-0.00200076526913079
19.591,0.0188029037658504,-0.0019904409897275
19.592,0.018770199208755,-0.00199451405086581
19.593,0.0187396896806892,-0.00199927247281606
19.594,0.0186971202043969,-0.00200488976754537
19.595,0.0186591314021218,-0.00200770968423347
19.596,0.0186536464680729,-0.00200729350258833
19.597,0.0186586661971708,-0.00200135791060668
19.598,0.0186598186293298,-0.0019913804051982
19.599,0.0186639433852279,-0.00197567170393448
19.6,0.0186588102053395,-0.00195469794623371
19.601,0.0186999645137262,-0.00192787523223037
19.602,0.0187417685495786,-0.00189723721469109
19.603,0.0187791241358429,-0.00186311396930211
19.604,0.0188273256157005,-0.00182231690884788
19.605,0.0188320856570074,-0.00179533203512761
19.606,0.0188402283868241,-0.00176803833883205
19.607,0.0188433720090319,-0.0017406476522529
19.608,0.0188532297083815,-0.00171024516976193
19.609,0.0188450404914773,-0.00167987632768174
19.61,0.0187741170625389,-0.00166649988760648
19.611,0.0187101228472568,-0.00165410830089535
19.612,0.0186485833449863,-0.00164107988351636
19.613,0.0186497695539936,-0.00162225189818732
19.614,0.0186431653798347,-0.00160184678153225
19.615,0.0186349176032314,-0.0015784452343402
19.616,0.0186228065049933,-0.00155071553669489
19.617,0.0186089866397832,-0.00151879391098703
19.618,0.0186067131540153,-0.00147827572642506
19.619,0.0186598920020848,-0.00143042937926363
19.62,0.0187069476215589,-0.00138089497512295
19.621,0.0187652003090186,-0.00132552926300639
19.622,0.018766606320418,-0.00128856806407551
19.623,0.0187784317842809,-0.00125252362022721
19.624,0.0187838370999405,-0.00121812267882948
19.625,0.01879455242574,-0.00118206097634121
19.626,0.018788753713488,-0.00114666190583335
19.627,0.0187123761436658,-0.00113088367765901
19.628,0.0186422358807899,-0.00111536119918826
19.629,0.0185734067332701,-0.0010994958138042
19.63,0.0185074870115139,-0.0010820968926224
19.631,0.0185074538773501,-0.00105942879960219
19.632,0.0184924393945536,-0.00103723774950137
19.633,0.0184872974727245,-0.0010109358558717
19.634,0.0184711469706065,-0.000980650373306802
19.635,0.018467183456038,-0.000943753652251744
19.636,0.0185141167074867,-0.000900075724690585
19.637,0.018558974612172,-0.000855371704823971
19.638,0.0186272225413447,-0.000803576669226314
19.639,0.0186858385007797,-0.000747521239563675
19.64,0.0187217999407709,-0.000704190251189618
19.641,0.0187325088295457,-0.000668534360911188
19.642,0.0187395261604717,-0.000634360171749726
19.643,0.0187527872535803,-0.00059911225787368
19.644,0.0187588746647041,-0.000562360199880207
19.645,0.0186919612930626,-0.000547879571239918
19.646,0.0186275663015946,-0.00053595539570972
19.647,0.0185647539379978,-0.000525036455382599
19.648,0.0185039379407411,-0.000513978748236998
19.649,0.0184926164570075,-0.000500175040489936
19.65,0.0184782797613119,-0.000485233169509103
19.651,0.0184708627423376,-0.000464913573987702
19.652,0.0184536105354314,-0.000441959031736938
19.653,0.0184554212524056,-0.000409700478350261
19.654,0.0185199340207624,-0.000370371969197925
19.655,0.0185749124286968,-0.000330202228339405
19.656,0.0186465549667203,-0.000283879869527159
19.657,0.0187098536032878,-0.000233817072777587
19.658,0.0187467126349057,-0.000196829952084643
19.659,0.0187588198838298,-0.000167327912690307
19.66,0.0187750954450347,-0.000138688333826187
19.661,0.0187722709819824,-0.000113207815827521
19.662,0.0187791920522034,-8.45609191797436e-05
19.663,0.0187255142649557,-7.64522780007382e-05
19.664,0.0186757412643293,-7.16130457433795e-05
19.665,0.0186192299248212,-6.96267299702957e-05
19.666,0.0185702766991426,-6.6854109227632e-05
19.667,0.0184999642229012,-6.67214511877456e-05
19.668,0.0184939317088018,-6.18253781549116e-05
19.669,0.0184777103027459,-5.68604938827599e-05
19.67,0.0184690992849348,-4.78716838754334e-05
19.671,0.0184573423514891,-3.35046421290897e-05
19.672,0.018511097849479,-1.1738012878848e-05
19.673,0.0185545861799764,9.96269644398806e-06
19.674,0.0186178574731004,3.86753871143841e-05
19.675,0.0186713816631383,7.10481585696754e-05
19.676,0.0187459788904952,0.000111939360916302
19.677,0.0187564060838892,0.000133406949999526
19.678,0.0187568403676649,0.000151234811081535
19.679,0.0187698845849411,0.000170818628152714
19.68,0.0187545606770281,0.000186043163740934
19.681,0.0186815936177108,0.00018247379375641
19.682,0.0186118050823336,0.000174940391060641
19.683,0.018549739908618,0.000166893743470897
19.684,0.0184859329774295,0.000158559931184299
19.685,0.018479370264604,0.000152823999266083
19.686,0.0184820404996308,0.000151106582170157
19.687,0.0184748531971655,0.000151404445044023
19.688,0.0184682332199228,0.000155295183787596
19.689,0.0184647625145324,0.000165599658174198
19.69,0.0185101489976196,0.000179560149060953
19.691,0.0185726210547329,0.000198700345782288
19.692,0.0186260197967339,0.000220303891021845
19.693,0.0186943472264928,0.00024835407631435
19.694,0.0187579522219273,0.000281485766733869
19.695,0.0187727137788804,0.000297421983986801
19.696,0.0187829433565,0.000310547095388025
19.697,0.0187943849095567,0.000323368904358745
19.698,0.0187911965746284,0.000334498741959177
19.699,0.0187223095302628,0.000325584812496615
19.7,0.0186606377492513,0.000313788466246356
19.701,0.018596339332399,0.000300243898572861
19.702,0.0185354924141764,0.000287195584741717
19.703,0.0184737133163736,0.000275050627689677
19.704,0.018458966978645,0.00026490302880583
19.705,0.0184594788152967,0.000258835805084567
19.706,0.0184475317100882,0.00025436634302084
19.707,0.0184503037621379,0.000256227837905409
19.708,0.0185065490955911,0.000264102603787675
19.709,0.0185657223008676,0.00027482590473632
19.71,0.0186149344479654,0.000287562893786619
19.711,0.0186871978473389,0.000307693725477343
19.712,0.0187518970769532,0.000332780974239166
19.713,0.018789526093415,0.00034561395948568
19.714,0.0188007187484841,0.000351366578824786
19.715,0.0188159744621354,0.000356890710780489
19.716,0.0188208760832542,0.000361112288266296
19.717,0.0188270696882318,0.000366817782883833
19.718,0.0187676229762175,0.000351106756483532
19.719,0.0187126479095607,0.000333073432024378
19.72,0.0186530951923804,0.000313220959399341
19.721,0.0185991379145666,0.000294247378723578
19.722,0.0185392091585912,0.000275059695412694
19.723,0.0185315026529597,0.000259005407890034
19.724,0.0185188763873393,0.000243478111771445
19.725,0.018505724078161,0.000230241910787909
19.726,0.018503920819479,0.000224086937227863
19.727,0.0184935518679708,0.000221537488771573
19.728,0.018527023473036,0.000220987124898375
19.729,0.0185816861329894,0.000225962585137462
19.73,0.0186277370333944,0.000233649873871034
19.731,0.0186899545371498,0.000248183035263805
19.732,0.0187457399850151,0.000267669792964331
19.733,0.018765236392877,0.00027294656756055
19.734,0.0187665809693389,0.000272063452220528
19.735,0.018768676175013,0.000270927835119283
19.736,0.0187567669756724,0.000268185132913878
19.737,0.0187528493842316,0.000270091811257256
19.738,0.0187010231208472,0.00025447573139914
19.739,0.0186470581155087,0.000235452729052621
19.74,0.0185961189827917,0.000215447803009639
19.741,0.0185980624594767,0.000198426094382476
19.742,0.018608689217765,0.000184722109570934
19.743,0.0186109385024973,0.00017293718628536
19.744,0.0186173961100799,0.000165882091614999
19.745,0.018624038259086,0.000164977131703159
19.746,0.0186885214211959,0.000171265699803358
19.747,0.0187452258878271,0.000179074816337499
19.748,0.018809453024906,0.000192500604667301
19.749,0.018810783149137,0.00018758831252319
19.75,0.0188200301886729,0.000183240046514543
19.751,0.0188189956121704,0.000177685128079308
19.752,0.01882198853594,0.000174230103439532
19.753,0.0187788008752183,0.000155389129443573
19.754,0.0187347166268955,0.000134841617999537
19.755,0.0186824878988486,0.000113503139321791
19.756,0.0186355009209762,9.41788232283747e-05
19.757,0.0186376210875237,7.89597406149478e-05
19.758,0.0186387460468184,6.68483935993835e-05
19.759,0.0186383528531916,5.8814285589126e-05
19.76,0.0186880194382332,5.65489560142018e-05
19.761,0.0187270271572119,5.54915095381525e-05
19.762,0.0187891968560617,6.16634534008065e-05
19.763,0.0188441443730594,7.29323209855415e-05
19.764,0.0189048846107438,9.20107635604683e-05
19.765,0.0189074933591603,9.48568773770364e-05
19.766,0.0189170748622636,9.91537150012434e-05
19.767,0.0189186146210131,0.000102912941763678
19.768,0.0188728250883499,8.88970001280964e-05
19.769,0.018823747111557,7.15101021219744e-05
19.77,0.0187735603460524,5.28292579072831e-05
19.771,0.0187275939536396,3.45262599636964e-05
19.772,0.0186802030520966,1.68089434922081e-05
19.773,0.0186193078282741,-4.59819075648848e-07
19.774,0.0186124432403492,-1.30955692859147e-05
19.775,0.0186012252822701,-2.43379877547523e-05
19.776,0.0185914497248493,-3.19423610112279e-05
19.777,0.0186440654482659,-3.42800972578106e-05
19.778,0.0186895214287225,-3.49910047338087e-05
19.779,0.0187286495413398,-3.30819177667974e-05
19.78,0.0187849991139422,-2.50845935307886e-05
19.781,0.0188298467395615,-1.30014026807901e-05
19.782,0.0188760843658407,4.60479867947505e-06
19.783,0.0189141802084652,2.76247053008771e-05
19.784,0.018947462388977,4.41706978124845e-05
19.785,0.0189576104581268,5.5178831181113e-05
19.786,0.0189563683687352,6.43110868428498e-05
19.787,0.0188870735166373,5.107211324068e-05
19.788,0.0188269560918048,3.4914958330301e-05
19.789,0.0187668942767315,1.6960048412451e-05
19.79,0.0187091162832905,-1.04714833076835e-06
19.791,0.0186543200605378,-1.79666667190492e-05
19.792,0.0186406423053225,-3.26225870612706e-05
19.793,0.0186333596229662,-4.46818718671804e-05
19.794,0.0186241051036244,-5.43315146236401e-05
19.795,0.0186274655716742,-5.64471589182824e-05
19.796,0.0186957698679472,-5.04754724959255e-05
19.797,0.0187505360246364,-4.35424688119412e-05
19.798,0.0188033989417738,-3.36418348603762e-05
19.799,0.0188528018307161,-1.92310273723906e-05
19.8,0.0188814261079802,-1.6126395142535e-05
19.801,0.0188849039324812,-1.96290685955947e-05
19.802,0.0188901496929017,-2.30692088556972e-05
19.803,0.0188940755193024,-2.51738755762121e-05
19.804,0.0189014693008384,-2.43474255393061e-05
19.805,0.0188508446324791,-4.08046442607612e-05
19.806,0.018796853529926,-5.92957866238919e-05
19.807,0.0187461478744878,-7.76471031344594e-05
19.808,0.01875533273205,-9.09483473945372e-05
19.809,0.0187625163951222,-0.000101743279707633
19.81,0.0187640296544429,-0.000109472467287763
19.811,0.0187670769372372,-0.000112528601612039
19.812,0.0187631944117164,-0.000110004550349208
19.813,0.0188071576888745,-0.000102024656774169
19.814,0.0188519308424421,-8.97923280644974e-05
19.815,0.0189081302162028,-7.1628531659762e-05
19.816,0.0189083799027638,-7.00630781870215e-05
19.817,0.018908172030951,-7.0754584255428e-05
19.818,0.0189072848531604,-7.17349576477844e-05
19.819,0.0188913594492753,-7.39806006546107e-05
19.82,0.0188815457450251,-7.25995998863693e-05
19.821,0.0188373169849054,-8.49228379479205e-05
19.822,0.0187852837100452,-0.000100304137710505
19.823,0.0187388490186057,-0.000115562773881972
19.824,0.0187550700204321,-0.000125707493142502
19.825,0.0187664555670516,-0.000135503941177895
19.826,0.0187774122762008,-0.000141045639847903
19.827,0.0187876681554479,-0.000142146259123122
19.828,0.0187933467131247,-0.000137913582456073
19.829,0.0188323390460346,-0.000130618153290962
19.83,0.0188914787191127,-0.000117098528933768
19.831,0.0189423951529371,-9.94734631965533e-05
19.832,0.0190078926255378,-7.42562915191369e-05
19.833,0.0190100975618777,-6.73095767908527e-05
19.834,0.0190187554947573,-6.07269609851913e-05
19.835,0.0190177450449985,-5.60298402419446e-05
19.836,0.0190204231926738,-4.97911440016097e-05
19.837,0.0189694584395507,-6.12698715331539e-05
19.838,0.0189061461452772,-7.6489897531673e-05
19.839,0.0188470266519726,-9.15094707271136e-05
19.84,0.0187889254404789,-0.000105795768355177
19.841,0.0187915464458367,-0.000115447750591136
19.842,0.0187962202893344,-0.000121862313398724
19.843,0.0187962335942873,-0.000125231460168018
19.844,0.0187905268182418,-0.000124773688122193
19.845,0.0188271276667889,-0.000120830280410877
19.846,0.0188806776861264,-0.000110572449546431
19.847,0.0189254554749926,-9.62419127724101e-05
19.848,0.018987361296473,-7.38588095204884e-05
19.849,0.0189871730016373,-6.85488223707842e-05
19.85,0.0189928392247741,-6.25981568716516e-05
19.851,0.018989362564199,-5.76983448106194e-05
19.852,0.018989137969025,-5.07926985188756e-05
19.853,0.0189416981945319,-6.08390476032894e-05
19.854,0.0188782021782671,-7.53249626492258e-05
19.855,0.0188173102387749,-8.98544753942243e-05
19.856,0.018759268760592,-0.000103434592317542
19.857,0.0187635424146786,-0.00011163297120409
19.858,0.0187618055081645,-0.000118930834124287
19.859,0.0187635315271897,-0.000121535747967971
19.86,0.0187571686262922,-0.000120681025673086
19.861,0.0187668352215275,-0.000111539112855275
19.862,0.0188333993649575,-9.60488278564098e-05
19.863,0.0188917422756528,-7.82075934714355e-05
19.864,0.0189625078831755,-5.47377373631419e-05
19.865,0.0190280802071617,-2.64641282792244e-05
19.866,0.0190567412333052,-1.19986991805043e-05
19.867,0.0190616325952994,-4.64273216749245e-06
19.868,0.0190722416261543,2.57901401778948e-06
19.869,0.0190693605144164,7.88494645986848e-06
19.87,0.0190756176987735,1.57482438409295e-05
19.871,0.0190246055005357,4.17554630677275e-06
19.872,0.0189622357833438,-1.20511757093489e-05
19.873,0.018907284368011,-2.84060344781789e-05
19.874,0.0188485477844975,-4.51640498039252e-05
19.875,0.0188482383555601,-5.83852948620733e-05
19.876,0.0188448737352329,-7.08419977150654e-05
19.877,0.0188402408148038,-7.99725822450692e-05
19.878,0.0188350711467393,-8.49142525084501e-05
19.879,0.0188322132648627,-8.34459087095119e-05
19.88,0.0188818246450656,-7.68939052930295e-05
19.881,0.01893609763755,-6.55320062153963e-05
19.882,0.0189935421406732,-4.90364041964009e-05
19.883,0.0190456869414986,-2.67516773618248e-05
19.884,0.0190317410075403,-2.3070338210418e-05
19.885,0.0190258572948626,-1.950564377734e-05
19.886,0.0190177201118765,-1.67724961188109e-05
19.887,0.019007234545099,-1.3964344800721e-05
19.888,0.0190013884321917,-8.59547573306418e-06
19.889,0.0189633013401154,-1.74160238074483e-05
19.89,0.0189034007045743,-3.20468632729609e-05
19.891,0.0188445021553696,-4.70513261199845e-05
19.892,0.0187875606630062,-6.06085446032134e-05
19.893,0.0187946839432566,-6.57973945521473e-05
19.894,0.0187950848354466,-6.5675096585005e-05
19.895,0.0188044351611086,-5.45564641245555e-05
19.896,0.0188101378229541,-3.57948337148528e-05
19.897,0.0188225715826493,-8.89196566578043e-06
19.898,0.0188501512386883,2.06140965388069e-05
19.899,0.0189098012153553,5.85166706121854e-05
19.9,0.0189601600782131,0.000100740146552813
19.901,0.0190209263999093,0.000151247514519004
19.902,0.0190756389390106,0.000208261071751648
19.903,0.0191398354426988,0.000275009303670859
19.904,0.0191989073692092,0.000349504005857815
19.905,0.0192537840537891,0.000426209882528228
19.906,0.0192481177467134,0.000478450508425987
19.907,0.0192512405050153,0.00052177517837354
19.908,0.0192452906116649,0.000558057499658204
19.909,0.0192421144256082,0.00059147539433424
19.91,0.0192267723092255,0.000609055627262933
19.911,0.0191737548355769,0.000612022930845224
19.912,0.0191234885660584,0.000610775224561211
19.913,0.0190705314890384,0.000606315144734026
19.914,0.0190172056197835,0.000600478434962581
19.915,0.0189627683526685,0.000594318179576059
19.916,0.0189077922418523,0.000588888338719895
19.917,0.0188538213166641,0.00058517000753755
19.918,0.0187979998078165,0.000583455366794383
19.919,0.0187495152875311,0.000575065836305566
19.92,0.0186972311556484,0.000561732386829605
19.921,0.0186321506166845,0.000545053757379121
19.922,0.018569535414872,0.000528334897666682
19.923,0.0185800470790093,0.000515029820492285
19.924,0.0185799559462644,0.000500584191816367
19.925,0.0185794392394293,0.00048781125065972
19.926,0.0185734930173568,0.00047594447843563
19.927,0.0185809782556643,0.000469678827759057
19.928,0.01863453057599,0.000467618464470521
19.929,0.0186979484619315,0.000468691168902191
19.93,0.0187529259362762,0.00047213635022858
19.931,0.0188183197769225,0.00048053918282881
19.932,0.0188752805100628,0.000492416772105375
19.933,0.0189427589741772,0.000510218756427927
19.934,0.018962448003624,0.000513465164918847
19.935,0.0189688231434618,0.000512404435160374
19.936,0.0189073813677499,0.000490678463487826
19.937,0.0188510566417073,0.000469155949861577
19.938,0.0187892686911222,0.000451154644604768
19.939,0.0187235853696326,0.000439839797450936
19.94,0.018688551197174,0.000434795242153896
19.941,0.0186587986906448,0.000437107251720636
19.942,0.0186811239565653,0.000442537220539496
19.943,0.0187343650103229,0.000454172614962278
19.944,0.0187762594842167,0.000470521062285678
19.945,0.0188329150629778,0.000499126973513786
19.946,0.0188806787042155,0.000540183910363701
19.947,0.0189124432509861,0.00057506479363334
19.948,0.0189025058708016,0.00060421953437062
19.949,0.0188900490993826,0.000634996931899945
19.95,0.018876202761165,0.000667600359702369
19.951,0.0188633166542363,0.000681551060282892
19.952,0.0188163323736059,0.000680323127335625
19.953,0.0187753063091966,0.000671789479339768
19.954,0.0187233904281089,0.000655381565235424
19.955,0.0186736016349611,0.000634150528478317
19.956,0.0186143200842269,0.000608643257632824
19.957,0.0185541239620646,0.000580099582675464
19.958,0.0184883916531366,0.00055033350668976
19.959,0.0184208339384042,0.000519515601873577
19.96,0.0183469754457101,0.000489425965771062
19.961,0.0182717246915192,0.000460105127001287
19.962,0.0181967790211167,0.000433009706216791
19.963,0.0181145580831977,0.000406965990721819
19.964,0.0181062598707143,0.000382210227403645
19.965,0.0180910226353856,0.000355936392687495
19.966,0.0180881733867799,0.000332644133488103
19.967,0.0181426547461319,0.000309785270102225
19.968,0.0181986406528826,0.000284458799799547
19.969,0.0182542463161679,0.000258792440032296
19.97,0.0183089430188415,0.000234634773158604
19.971,0.0183736585534714,0.000216009181397525
19.972,0.018436888420779,0.000202587864843062
19.973,0.0185088471078676,0.000197400476196319
19.974,0.0185821137265924,0.000200410817817076
19.975,0.0186591754572258,0.000212729454381333
19.976,0.0187384078326123,0.000234931805669192
19.977,0.0188196628435242,0.000266814204888943
19.978,0.0188615488611541,0.000288633874252875
19.979,0.0188623124145454,0.000305156507927118
19.98,0.0188712488338521,0.000326483585797843
19.981,0.0188118261622185,0.000321959537793626
19.982,0.01876245223193,0.00031294106743196
19.983,0.0186934115612653,0.000297260900239682
19.984,0.0186356137148456,0.000280838331065292
19.985,0.0185618424806775,0.000261407545396497
19.986,0.0185554139918119,0.000244396094119637
19.987,0.0185526430190722,0.000229116318114231
19.988,0.0185461693268971,0.000213709530365425
19.989,0.0185558760929626,0.000203204038945692
19.99,0.0185627451880799,0.000195913164658779
19.991,0.0185773892666073,0.000193206600909934
19.992,0.018591705010511,0.000194609221863595
19.993,0.0186487435743017,0.00019686181921369
19.994,0.0187210099055865,0.000200534020589727
19.995,0.0187909015132485,0.000204716589988274
19.996,0.0188615521511708,0.00021012538279902
19.997,0.0189366707724062,0.000218798557872879
19.998,0.0189470188259363,0.000206166803226826
19.999,0.0189628540914476,0.000188785079898335
20,0.0189659591409752,0.000165359017095745
