t,d,dz
0,0.106539106609245,-0.104467128473713
0.001,0.106539106609245,-0.104467128473713
0.002,0.106528190697302,-0.104455996035097
0.003,0.106506295006365,-0.104433926839412
0.004,0.106474337733005,-0.104401117491489
0.005,0.106430151982256,-0.104357735782811
0.006,0.106376914291697,-0.104303924889241
0.007,0.106312036625494,-0.104239807107831
0.008,0.106238192218049,-0.104165489135067
0.009,0.106153722633602,-0.104081052577489
0.01,0.106058043614686,-0.103986561221169
0.011,0.105952843607197,-0.103882065356152
0.012,0.105836845424246,-0.103767633378678
0.013,0.105710712973793,-0.103643301159507
0.014,0.105575289439079,-0.103509144388739
0.015,0.105429826329511,-0.103365191082341
0.016,0.105273597527167,-0.103211506635932
0.017,0.105107268589636,-0.103048121817379
0.018,0.10493154830699,-0.102875091542454
0.019,0.104745331956636,-0.102692463617149
0.02,0.104549274138488,-0.102500243760254
0.021,0.104342685185041,-0.102298495696601
0.022,0.104126122936638,-0.10208719347347
0.023,0.103899918008522,-0.101866410542605
0.024,0.103664104569268,-0.101636143218672
0.025,0.103417717357721,-0.101396462619512
0.026,0.103162620916246,-0.10114743098839
0.027,0.102897066342199,-0.100888625955146
0.028,0.102621265237796,-0.100620595922368
0.029,0.102336311645842,-0.100342921542786
0.03,0.102041850018137,-0.100056244526021
0.031,0.101736805890338,-0.0997600929432961
0.032,0.10142311615755,-0.0994549620542472
0.033,0.101099059903139,-0.0991399380490079
0.034,0.100765130353588,-0.0988157294303188
0.035,0.100422060251989,-0.0984824757767231
0.036,0.100069390711966,-0.0981398496478585
0.037,0.0997079317529697,-0.0977884226760914
0.038,0.0993365143902325,-0.0974277192450513
0.039,0.0989553944788856,-0.0970579701353805
0.04,0.0985655327199828,-0.0966791376744734
0.041,0.0981669495575997,-0.0962917137589799
0.042,0.0977592474919457,-0.0958952313573973
0.043,0.0973423928361302,-0.0954899210329048
0.044,0.0969164613668167,-0.0950755978158456
0.045,0.0964813957502199,-0.0946524556034971
0.046,0.0960373799220191,-0.0942204533684262
0.047,0.0955844023276462,-0.0937797268220439
0.048,0.0951225774202631,-0.0933302869801844
0.049,0.094651956784701,-0.0928722249324329
0.05,0.0941726155643743,-0.092405601503564
0.051,0.0936846182307138,-0.0919304913953245
0.052,0.0931880261230411,-0.0914469699624477
0.053,0.0926828964358677,-0.0909551146543965
0.054,0.0921692855551779,-0.0904550058814485
0.055,0.0916472501772234,-0.0899467231450746
0.056,0.0911168474840188,-0.089430341295539
0.057,0.0905781320642506,-0.0889059266572655
0.058,0.0900311540236085,-0.0883735368542958
0.059,0.0894759593796989,-0.087833223011767
0.06,0.0889125912901801,-0.0872850320422208
0.061,0.0883410928892865,-0.0867290101571903
0.062,0.0877615053800705,-0.0861652009245811
0.063,0.0871738704559873,-0.0855936479758133
0.064,0.0865782301583134,-0.0850143948796824
0.065,0.0859746267785061,-0.0844274850475588
0.066,0.0853631031118462,-0.0838329620261506
0.067,0.0847437016272855,-0.0832308686087412
0.068,0.0841164659459478,-0.0826212484799226
0.069,0.0834814408562623,-0.0820041462659062
0.07,0.0828386694422957,-0.0813796044167394
0.071,0.0821881954618655,-0.0807476658177612
0.072,0.081530062493558,-0.0801083728849664
0.073,0.0808643144177081,-0.079461768095924
0.074,0.0801909952328786,-0.078807893788126
0.075,0.079510149233184,-0.0781467923361407
0.076,0.0788218207445488,-0.0774785058448673
0.077,0.0781260543829361,-0.0768030764020904
0.078,0.0774227105396791,-0.076120372509831
0.079,0.0767108932302662,-0.0754295518705191
0.08,0.0759889302803183,-0.0747291432754517
0.081,0.0752554441641249,-0.0740176032656184
0.082,0.0745100993215439,-0.0732935614055974
0.083,0.0737507237171202,-0.0725559646197516
0.084,0.072979182522206,-0.0718046987406286
0.085,0.0721934403681409,-0.0710393824250299
0.086,0.0713953453415968,-0.0702606695709203
0.087,0.0705850662228515,-0.0694686209430048
0.088,0.0697618130155648,-0.0686632608286161
0.089,0.0689263589265935,-0.0678452177480363
0.09,0.068079735627634,-0.0670145571100177
0.091,0.067220890505864,-0.0661713950826062
0.092,0.0663500999395179,-0.0653158255514451
0.093,0.0654677574493291,-0.0644483442842082
0.094,0.0645744151467319,-0.0635688701403505
0.095,0.0636696383176719,-0.0626776566030384
0.096,0.0627534478921014,-0.061774674510739
0.097,0.0618262514432309,-0.0608603364910785
0.098,0.0608882427078198,-0.0599344474231225
0.099,0.0599389266492679,-0.0589972281063344
0.1,0.0589795271267518,-0.0580489039553092
0.101,0.0580094493193347,-0.05708945277452
0.102,0.0570278652521197,-0.0561187596064547
0.103,0.0560365392327459,-0.0551372832043809
0.104,0.0550345130033762,-0.0541448771478212
0.105,0.0540213288720335,-0.0531415454575441
0.106,0.0529988377826834,-0.0521277480353665
0.107,0.0519655839918116,-0.05110302930483
0.108,0.0509217918387376,-0.0500676167127805
0.109,0.0498676798634192,-0.0490217339484614
0.11,0.0488037045811247,-0.0479653058360628
0.111,0.0477295161277177,-0.0468984929805286
0.112,0.046645448809431,-0.0458210969179214
0.113,0.0455507831451564,-0.0447332481279032
0.114,0.0444464013398478,-0.0436350764158272
0.115,0.0433317471057019,-0.0425265984503561
0.116,0.042207937119956,-0.0414078267038287
0.117,0.0410742738048511,-0.0402787486760385
0.118,0.0399301965473099,-0.0391391534581969
0.119,0.0387760348702071,-0.0379892704207115
0.12,0.0376130352668987,-0.0368293965461343
0.121,0.0364399330669341,-0.0356590973782666
0.122,0.035256763557738,-0.0344785511089999
0.123,0.0340650542414059,-0.0332880524735067
0.124,0.0328636602592694,-0.0320872288633113
0.125,0.0316530858943566,-0.0308762749798769
0.126,0.030432308282362,-0.0296550455368909
0.127,0.0292037043383599,-0.0284238947956589
0.128,0.0279662928691101,-0.0271825809631325
0.129,0.0267194109791225,-0.0259309490454128
0.13,0.0254641710851439,-0.0246691723912441
0.131,0.0241996912533229,-0.0233973597376157
0.132,0.0229278717886191,-0.0221156100916697
0.133,0.0216477341750899,-0.0208238570893252
0.134,0.0203613606918995,-0.0195221502265486
0.135,0.0190685284621771,-0.0182104458256839
0.136,0.0177690011045341,-0.016888507832524
0.137,0.0164643902404623,-0.0155565534836636
0.138,0.015157175850552,-0.0142147903136992
0.139,0.013847712393381,-0.0128628700719911
0.14,0.0125396567736012,-0.0115010335448428
0.141,0.0112364302323268,-0.0101292191552829
0.142,0.00994597281590582,-0.00874755090064427
0.143,0.00867678571138178,-0.00735581597796459
0.144,0.00747077771774895,-0.00597863210260347
0.145,0.00641919685380663,-0.00469306796800911
0.146,0.00539873109749048,-0.0034654363622692
0.147,0.00455265173735511,-0.0022893115640944
0.148,0.0039106100087756,-0.00118780031731341
0.149,0.00359754911347888,-0.00020100912401988
0.15,0.00359264002325385,0.000697540902409532
0.151,0.0039190460259731,0.0015322090789997
0.152,0.00437927593694024,0.0023257021971238
0.153,0.004981633381279,0.00302803500128329
0.154,0.00561411607255119,0.00368786973756469
0.155,0.00622777127071587,0.00431852380002656
0.156,0.00666466145509935,0.00490547467702013
0.157,0.00708321830838053,0.00546864915826256
0.158,0.00752890648025367,0.00601174183514175
0.159,0.00783842022392609,0.00652019659500375
0.16,0.00815183857880106,0.0070051702281429
0.161,0.00847592542722807,0.0074732547857243
0.162,0.00880246494183404,0.00793116554195761
0.163,0.00914013053925699,0.00832784215983984
0.164,0.00946833931374718,0.00869772071284025
0.165,0.00978015699350947,0.00904995291625288
0.166,0.0100956070792842,0.00938555408730307
0.167,0.0104276336623101,0.00965929409084537
0.168,0.0107304920563271,0.00991297462247587
0.169,0.0110232295583312,0.010151503699513
0.17,0.0113016481578688,0.0103801197494149
0.171,0.01148468700132,0.0105842153222493
0.172,0.0116548223184191,0.0107766226944968
0.173,0.0118284706874485,0.0109614752694368
0.174,0.0120029686545479,0.0111434147656514
0.175,0.0121844448782948,0.0113241304373979
0.176,0.0123582325337657,0.0115112377497428
0.177,0.0124491525491822,0.011682001531035
0.178,0.012534166178812,0.0118402901469068
0.179,0.0126187913410518,0.0119958886762149
0.18,0.0127093380570521,0.0121499034494218
0.181,0.0128033868461912,0.0123047010312133
0.182,0.0128698110398569,0.0124060929232488
0.183,0.0129300546873699,0.0124825586160938
0.184,0.0129723817886811,0.0125467884918036
0.185,0.0130127211556529,0.0126005399509477
0.186,0.0130455787525258,0.0126504021063985
0.187,0.0130806493870444,0.0126965314754039
0.188,0.0131124116858156,0.0126932406474862
0.189,0.0131271147375708,0.0126771212827225
0.19,0.0131440643880444,0.0126483778357127
0.191,0.0131535903062,0.012616105106634
0.192,0.0131717214363738,0.0125803047383302
0.193,0.0131887738574403,0.0125471359134373
0.194,0.0131629747360957,0.0124926854898403
0.195,0.0131182244371502,0.0124313315878029
0.196,0.0130761740229563,0.0123638647036777
0.197,0.0130275235418815,0.0122970642895783
0.198,0.0129874285300655,0.0122311829907403
0.199,0.0129471376690668,0.0121719805090671
0.2,0.0128390090559113,0.012097939854369
0.201,0.0127239128196223,0.0120130211894386
0.202,0.0126030899788016,0.011924317678658
0.203,0.0124816797776518,0.011833072197117
0.204,0.0123563535590198,0.0117456480234198
0.205,0.0122383343202613,0.0116612578422304
0.206,0.0121233986478849,0.011579962249079
0.207,0.0120114292596552,0.0115063514171809
0.208,0.0119084680478983,0.0114399338753562
0.209,0.0117837359327346,0.0113428570514011
0.21,0.0116569085471303,0.0112295820727618
0.211,0.0115169452986647,0.01110969161463
0.212,0.0113787456541094,0.0109842196543089
0.213,0.0112370840719968,0.0108582683044432
0.214,0.0110988655145657,0.0107322278122478
0.215,0.0109640339261275,0.0106091746721572
0.216,0.0108260372133753,0.0104535697677233
0.217,0.010680483782306,0.0102873346319849
0.218,0.0105403539077705,0.0101139114020019
0.219,0.0104017573061498,0.00993938231963082
0.22,0.0102659051127035,0.00976568417155455
0.221,0.0101325084546652,0.00959400679071265
0.222,0.0100091986123713,0.00942435016284637
0.223,0.0098943605401145,0.00926002388900882
0.224,0.00975628969189833,0.00908360125539315
0.225,0.00960090551471127,0.00890471590158187
0.226,0.00945086632027196,0.00872464688365432
0.227,0.00930185620568834,0.0085470426309574
0.228,0.00916211617000605,0.0083722077695258
0.229,0.00902213399078062,0.00820318867976683
0.23,0.00889281092341675,0.00804015969072952
0.231,0.00871768863209032,0.00786800341174548
0.232,0.00853296985457754,0.00769276173259925
0.233,0.00835070450361959,0.0075153953949274
0.234,0.00816422240405889,0.00733862914280742
0.235,0.00798062403804448,0.00716476251706138
0.236,0.00780140929170893,0.00699370487486972
0.237,0.00762059422323258,0.0068285727496662
0.238,0.00744135686314036,0.00666827176907847
0.239,0.00727071936162018,0.00651525976073219
0.24,0.00710040682806049,0.00636883805460975
0.241,0.00693655699387579,0.00623047132285176
0.242,0.00676919997134629,0.00607518274395957
0.243,0.00660316453956337,0.00591459216816748
0.244,0.00642677330689224,0.00575178437908974
0.245,0.00626176625634274,0.00558807866341571
0.246,0.00609920364603062,0.00542670407970763
0.247,0.00593738958983614,0.00526889101882372
0.248,0.00578085611198175,0.00511471503835853
0.249,0.00562891649287947,0.00496525738026693
0.25,0.00548670959809822,0.00482028272636481
0.251,0.00536446787023114,0.00466047118956592
0.252,0.00524329694290483,0.00449750043449532
0.253,0.00513646478454718,0.00433232041625037
0.254,0.00503270513948755,0.00416921670577797
0.255,0.00494021311066205,0.00400855685436274
0.256,0.00485263737336759,0.00385197066472548
0.257,0.0047778879826978,0.00369951981112321
0.258,0.0046812117258773,0.00354271985844046
0.259,0.00457826544343026,0.00338774955219345
0.26,0.00448753303127088,0.00323431602504454
0.261,0.00439674022548021,0.00308417858267873
0.262,0.00431723672449013,0.00293821263182648
0.263,0.00424007920769662,0.00279715512376982
0.264,0.00417296724368247,0.00266184774186884
0.265,0.00411106339528293,0.00253293754746287
0.266,0.0040570387564031,0.00241066389128064
0.267,0.00396131331881926,0.00228827793395348
0.268,0.00387188629338893,0.00216629461799145
0.269,0.00377338261325309,0.00204780140079841
0.27,0.00368046335024266,0.00193242885131273
0.271,0.00358460205154377,0.00182247633064436
0.272,0.00348860512448521,0.00171713669848483
0.273,0.00339585053329451,0.00161868117882324
0.274,0.0033062982218808,0.00152660906481178
0.275,0.00321712533750775,0.00144168478913143
0.276,0.00315002836532822,0.00134722700644535
0.277,0.00307801670213479,0.00125199798652709
0.278,0.00301087824847997,0.0011571775570951
0.279,0.00295687766726798,0.00106327152276159
0.28,0.00289703988847283,0.000972496806435297
0.281,0.00284729581795346,0.000884945581696994
0.282,0.00284498170654218,0.000787547420435353
0.283,0.00284615961913636,0.000689829403769826
0.284,0.00286490681751651,0.000592498388388707
0.285,0.00288187922480086,0.000497754798515992
0.286,0.00291013473888724,0.000405719335619559
0.287,0.00294177119547253,0.00031756311458303
0.288,0.00298487131210128,0.000234134952299569
0.289,0.00302777448389331,0.000156050279018161
0.29,0.0030781850810822,8.38156045608884e-05
0.291,0.00310765303737968,1.13150816380414e-05
0.292,0.00312969058880077,-5.80357910057727e-05
0.293,0.00315708436012093,-0.000124397828986322
0.294,0.00318858425774658,-0.000186186572314506
0.295,0.00317109638726923,-0.000247765661082089
0.296,0.00314761746643176,-0.000307049551390104
0.297,0.00312897412078337,-0.000363662871588066
0.298,0.00309842846025107,-0.000415227532578499
0.299,0.00306372213241215,-0.00046247781163683
0.3,0.00303277327643136,-0.00050308068179955
0.301,0.00299695728679384,-0.000537335468179467
0.302,0.00295664319027962,-0.000565839236707832
0.303,0.0029281890458054,-0.000600008050888889
0.304,0.0029160793115082,-0.00063499951688617
0.305,0.00295173130951103,-0.000679497754165315
0.306,0.00299603819494352,-0.000725593544785685
0.307,0.00303569999407029,-0.000771230893668651
0.308,0.00308125756189009,-0.000815532751213044
0.309,0.00313283896384853,-0.000857160995817674
0.31,0.00317692105754491,-0.000894493027780441
0.311,0.00323541182269534,-0.000928739284275892
0.312,0.00329563022943375,-0.000957570112852302
0.313,0.00332011452869183,-0.000984405342775052
0.314,0.00335026086363752,-0.00100714574993771
0.315,0.00333567997128301,-0.00103006976991638
0.316,0.00331548694803613,-0.00105151576682994
0.317,0.00329759480231653,-0.0010707664129701
0.318,0.00326327190607675,-0.00108492355354711
0.319,0.00322963134905981,-0.00109460827594671
0.32,0.00321073594090162,-0.00110945314348082
0.321,0.00320878129651911,-0.00112402369830711
0.322,0.00319993112120819,-0.00113621891975357
0.323,0.00318995578266686,-0.00114542858238736
0.324,0.00323484950008229,-0.00116327646426845
0.325,0.00328850847134831,-0.00118152484648509
0.326,0.00333650764285833,-0.00119832570255002
0.327,0.00339180539461942,-0.00121318057751585
0.328,0.00340555602605603,-0.00122742095487754
0.329,0.00342508445094775,-0.00123908689695806
0.33,0.00343875620866618,-0.001247317712193
0.331,0.00345794003777178,-0.00125173639193543
0.332,0.00346083304895596,-0.00124975853980591
0.333,0.00347280871354334,-0.00124230748155257
0.334,0.0034363742927567,-0.00123527476188284
0.335,0.00339361771132372,-0.00122423777304553
0.336,0.00335411866828457,-0.00120982851316614
0.337,0.00332396069774489,-0.00120416135280194
0.338,0.0033115894403262,-0.00120124814866951
0.339,0.00330101934818066,-0.00119811445721912
0.34,0.00329289770206988,-0.00119404102731913
0.341,0.00328345687786151,-0.00118756154326266
0.342,0.00332814935068526,-0.00118956717129642
0.343,0.00337105955065112,-0.00119093124372688
0.344,0.0034108861511351,-0.00119144732820636
0.345,0.00345606692039837,-0.00118920534294531
0.346,0.00349899708834138,-0.00118342953450151
0.347,0.0035126381610371,-0.00117815340075522
0.348,0.00351926435942653,-0.00116934347841624
0.349,0.0035324547428928,-0.00115748903271168
0.35,0.0034869942850462,-0.00114599864809911
0.351,0.00344416829266857,-0.00113381714505817
0.352,0.00339874722246393,-0.00111825887179057
0.353,0.0033562980655578,-0.00109919492241561
0.354,0.00329914036170777,-0.00107413180300286
0.355,0.00323437358238803,-0.00104424641102024
0.356,0.00321645024623487,-0.00102378345917536
0.357,0.003188022338703,-0.00100248853439594
0.358,0.00322318112281817,-0.000993535579954075
0.359,0.00325574189612929,-0.000987455104996315
0.36,0.00328594230779201,-0.000982160654523945
0.361,0.00332167411182309,-0.000976785097658195
0.362,0.00336369188726785,-0.000969376152195389
0.363,0.00342099762439918,-0.000959013439061907
0.364,0.00343420664911947,-0.000948787487931868
0.365,0.00345809403485658,-0.000934851612832799
0.366,0.0034800488055102,-0.000917019024399557
0.367,0.00343071019073443,-0.000900246684053363
0.368,0.00338374304744785,-0.000881996527568485
0.369,0.00334124870760375,-0.000861337765845016
0.37,0.00329320576774172,-0.000837409502736475
0.371,0.00328278319927029,-0.000823684879279307
0.372,0.00326390949629499,-0.000810088666888087
0.373,0.00325375636491656,-0.00079634314093241
0.374,0.00324937154575247,-0.000780633756311044
0.375,0.00323311660416801,-0.000761990620870845
0.376,0.00327479052228627,-0.000752916575056162
0.377,0.00332865340460387,-0.000745105519620315
0.378,0.00337413071048228,-0.000736132470459894
0.379,0.00337650482523951,-0.000726519369764311
0.38,0.00339092922009159,-0.000716177281006536
0.381,0.00340797410860716,-0.000703424337018532
0.382,0.00341427695122493,-0.000686083693646033
0.383,0.00342584132259467,-0.00066383330384201
0.384,0.00338799227189354,-0.000642107615511922
0.385,0.00332963368938205,-0.000616909005954736
0.386,0.00327594678616044,-0.000588699720363739
0.387,0.00321423516416374,-0.000555555200692726
0.388,0.00319265893667676,-0.000535374436174518
0.389,0.00316393253628128,-0.000517206819976801
0.39,0.00314303320849581,-0.00050003491832179
0.391,0.00311624244713117,-0.000481438859865124
0.392,0.00314812885662493,-0.000474285058269852
0.393,0.00318535476625915,-0.000469460599527294
0.394,0.0032174619632724,-0.000464857516590034
0.395,0.00326941190179961,-0.000459674546220756
0.396,0.00331549273673728,-0.000451320192939864
0.397,0.00337507829268975,-0.000439354734387165
0.398,0.00339249230911067,-0.000428917772745341
0.399,0.00341274012178741,-0.000415959932228704
0.4,0.00343362856535812,-0.000398918402009174
0.401,0.00338316137444024,-0.000384592983121768
0.402,0.00333763363657448,-0.000370431984800246
0.403,0.00329302576245426,-0.000354480954493919
0.404,0.00324841678781868,-0.000336159829497751
0.405,0.00319960353526359,-0.000313283967569744
0.406,0.0031509805857669,-0.000285977952837579
0.407,0.00310450578682495,-0.000267289416112593
0.408,0.00308341067791984,-0.000250558706206438
0.409,0.00305803996246001,-0.000232783284997429
0.41,0.00303431669189863,-0.000213046206521794
0.411,0.00308035948710813,-0.000207305238834332
0.412,0.00312840603128796,-0.000204492430547654
0.413,0.00317260942703758,-0.000202628081384049
0.414,0.00322821629914988,-0.000200697171280795
0.415,0.003243142849574,-0.000200002843104119
0.416,0.00326779174383853,-0.000198171511229084
0.417,0.00328242593136474,-0.000192216205410989
0.418,0.00330989219339623,-0.000183699229114154
0.419,0.00331565433050955,-0.000169467918715582
0.42,0.00332659058472803,-0.000148381477367565
0.421,0.00328675968110084,-0.000128959228650638
0.422,0.0032271724398931,-0.000106416745096094
0.423,0.00317269969873022,-8.12716151766812e-05
0.424,0.00314067228631032,-6.93718623312467e-05
0.425,0.00312390833009829,-6.16453897532843e-05
0.426,0.00309984228662024,-5.46261908321855e-05
0.427,0.00308002314711488,-4.75962329838375e-05
0.428,0.00305777525513712,-3.88301933890722e-05
0.429,0.00303754754007001,-2.79892727796938e-05
0.43,0.00309146259781084,-3.00734129651259e-05
0.431,0.00314031963470175,-3.15101321889943e-05
0.432,0.00319887114683959,-3.31142570256793e-05
0.433,0.00326171487453347,-3.26556211278084e-05
0.434,0.00330894737475076,-3.4302832502664e-05
0.435,0.00333651279614981,-2.95147325225509e-05
0.436,0.00337432275892381,-1.73762923796894e-05
0.437,0.00340535863686669,4.47116374791001e-06
0.438,0.00334065987672581,2.7864344006423e-05
0.439,0.00327167768430491,5.45717172325544e-05
0.44,0.00319966282292982,8.66513216553622e-05
0.441,0.00312713004807093,0.000123242865155304
0.442,0.00304899209938032,0.000164910482405412
0.443,0.00296644418979325,0.000212276215827478
0.444,0.00288033766304984,0.00026573473497965
0.445,0.00279198303963138,0.000325332783437882
0.446,0.00270245005245862,0.000391021695491933
0.447,0.00267055477312388,0.00044228014531783
0.448,0.00262513303562309,0.000491270945086608
0.449,0.00260216935378383,0.000537805876962227
0.45,0.00257573759882272,0.000585510872288642
0.451,0.00263365485166444,0.000614422611954879
0.452,0.00269025133581421,0.000638333748329944
0.453,0.00277321073911639,0.000656827155158635
0.454,0.00280507735512736,0.000670199894148349
0.455,0.0028303402225232,0.000683635035045815
0.456,0.00286665430068249,0.00069867027444187
0.457,0.00287977644500597,0.000719083657944042
0.458,0.0029059352063951,0.000743684821322865
0.459,0.00292448653254164,0.000774265809876884
0.46,0.00286845129279232,0.000804584414124954
0.461,0.00281177050877343,0.000835843377413048
0.462,0.00278508911903041,0.000849292050124573
0.463,0.00277063895156321,0.000856720557489199
0.464,0.00275288629765817,0.000861640706483535
0.465,0.00273810871248535,0.000866291058796431
0.466,0.00272401052633217,0.000873231834782384
0.467,0.00271357934841098,0.000884272483034187
0.468,0.00277250020147086,0.000882983371181756
0.469,0.00282965668816413,0.000881782689273358
0.47,0.00289500936765691,0.000881189997008591
0.471,0.00289400622673209,0.000879943753886836
0.472,0.00290758152302411,0.000878891699145123
0.473,0.00290994959242765,0.000881375229480286
0.474,0.00291791506806982,0.000888145688235864
0.475,0.00293471077862885,0.000901123808660198
0.476,0.00294889093570324,0.000919629816839684
0.477,0.0029693349152627,0.000943730331568471
0.478,0.00299383294261095,0.000974309929385353
0.479,0.00299703736738062,0.000987660086956443
0.48,0.0030246541949539,0.000992236354028397
0.481,0.00303461030938336,0.000993268383540691
0.482,0.00306208616425428,0.00099247723877488
0.483,0.0030778572388123,0.000993007673972979
0.484,0.0031019290047928,0.000994756311465506
0.485,0.00306885549059214,0.000998055186960056
0.486,0.00304579150847803,0.0009917274166793
0.487,0.00297785553225319,0.000985212199697716
0.488,0.00292581860813025,0.000978605017798728
0.489,0.00286197312826055,0.000974572641581462
0.49,0.00286408781719791,0.000956206601755993
0.491,0.0028671508839798,0.000935112061704158
0.492,0.00287308068935789,0.000912012453705979
0.493,0.00287937614533904,0.000888642271233919
0.494,0.00289048053378921,0.000865274462016952
0.495,0.00290651801682164,0.000843459478804653
0.496,0.00295043220063702,0.000809326971888291
0.497,0.00298573286228876,0.000773899108621912
0.498,0.00303262772605265,0.000737892998578071
0.499,0.0030739245989727,0.000703730968846905
0.5,0.00306277358436223,0.000665177637579117
0.501,0.00303875819455166,0.00062820949568243
0.502,0.00302162122758561,0.000592086443706452
0.503,0.00299950565953801,0.000558683983744368
0.504,0.00293128176378375,0.000524072398839226
0.505,0.00287567850611678,0.000489743492280315
0.506,0.00282405533263583,0.000457248724796244
0.507,0.00276066998320479,0.000428698009975692
0.508,0.00270976868872522,0.000404544978281074
0.509,0.00264701922172938,0.000386301778710241
0.51,0.00265122912047727,0.000356247100466278
0.511,0.00265520701023073,0.000325457030215914
0.512,0.00266392880660373,0.000293522360637399
0.513,0.00267784369716462,0.000263041592536983
0.514,0.00271745497161607,0.000220407550984791
0.515,0.00275708146933433,0.000174995697957425
0.516,0.00278886313329441,0.000129566956747762
0.517,0.00282852829969442,8.41806143742629e-05
0.518,0.00286739872790418,4.03318719622847e-05
0.519,0.00289789059690724,-2.13755803057936e-08
0.52,0.00294023533269282,-3.6935754023415e-05
0.521,0.00298662699173917,-7.00334066990327e-05
0.522,0.00297609971827161,-0.000104198793764554
0.523,0.0029604423228139,-0.000135650327276193
0.524,0.00295323150372321,-0.0001646053870204
0.525,0.00291834766762127,-0.000196831933450214
0.526,0.00287006601532827,-0.00022742829714717
0.527,0.00282796119935133,-0.000255800551921037
0.528,0.00278524271483538,-0.000280662406345833
0.529,0.0027434149436031,-0.00030202870424284
0.53,0.00271108954037872,-0.000319473386102553
0.531,0.00266232826025806,-0.000330127516627476
0.532,0.00267326312569654,-0.000349570018120304
0.533,0.00268211410152908,-0.000368511400807514
0.534,0.00270422569211635,-0.000387717625854822
0.535,0.00275632282281489,-0.000419773823944536
0.536,0.00280311537368756,-0.000452118117212297
0.537,0.00284992004353048,-0.000484625614846856
0.538,0.00290204153684386,-0.000516131510675311
0.539,0.00294657804389789,-0.00054472801221489
0.54,0.00300362432399294,-0.000569492938101546
0.541,0.00299782681506669,-0.000594358256281902
0.542,0.0029966061698787,-0.000615025335055752
0.543,0.0029869863662223,-0.00063200317388401
0.544,0.00297690537977169,-0.000643632908323477
0.545,0.00292727797297718,-0.000654269977651389
0.546,0.00288879171192149,-0.000663993673005958
0.547,0.00283416509342836,-0.000669391779314521
0.548,0.00278101963522169,-0.000671132582975797
0.549,0.00278669510746098,-0.000683705949850566
0.55,0.00280190592263478,-0.000698818072869922
0.551,0.00281438576628275,-0.000713030044998619
0.552,0.00282870913805516,-0.000726202570370982
0.553,0.00287590497203563,-0.000749973151466243
0.554,0.00292404894661076,-0.000775396576853549
0.555,0.0029785040031996,-0.000800961766285913
0.556,0.00302301950068509,-0.000823163371666213
0.557,0.0030716993890896,-0.000843048564335536
0.558,0.00312732808743382,-0.000860716190939026
0.559,0.00311947079484837,-0.000877657641659202
0.56,0.0031188016968401,-0.000894077856619324
0.561,0.00311015749893714,-0.000907902469879984
0.562,0.00310185288171687,-0.000918319633348985
0.563,0.00305264958482398,-0.000928146698247312
0.564,0.00301185561464284,-0.000937209962956542
0.565,0.00296390390322463,-0.000943256489874755
0.566,0.00292396623152584,-0.000946455699428861
0.567,0.00286784045542653,-0.000944005245570922
0.568,0.00280952513339807,-0.000936717941624421
0.569,0.00279904292181427,-0.000937761006118421
0.57,0.0028023189306677,-0.000939748190479484
0.571,0.00285283852762595,-0.000954413501217555
0.572,0.0028926995008,-0.00097092112675079
0.573,0.00294441513379069,-0.000987934717895267
0.574,0.00299941625872678,-0.00100357040029814
0.575,0.00304214708372606,-0.00101503531194136
0.576,0.00309222085272627,-0.00102354726646448
0.577,0.003097022494432,-0.00103299762540582
0.578,0.0030834572644817,-0.00103909044772593
0.579,0.00307526656531421,-0.00104246079376497
0.58,0.0030537637900233,-0.00104116907765839
0.581,0.00300213909155778,-0.00103924731758365
0.582,0.00295047848616307,-0.00103486047664841
0.583,0.00289672218139696,-0.00102703912589153
0.584,0.00284608551316655,-0.00101533181430741
0.585,0.00277843303776776,-0.000997497936582659
0.586,0.00270833977614922,-0.000974138529230173
0.587,0.00269256758893112,-0.000959591195890175
0.588,0.00268343955598952,-0.000945490801367022
0.589,0.00273281288142335,-0.000944004358841566
0.59,0.00276730557250967,-0.000942148545330035
0.591,0.00280658464884647,-0.000939774356221446
0.592,0.00285213796758718,-0.000935885059328234
0.593,0.00288539001051598,-0.000929182593373046
0.594,0.00288919434829153,-0.000921900944921339
0.595,0.00287292941748733,-0.000910848459428071
0.596,0.00285868987082087,-0.000896201585777134
0.597,0.00283257038408904,-0.000875028271802691
0.598,0.00277962335341568,-0.000853749985196495
0.599,0.0027261499101922,-0.0008308171686634
0.6,0.00265514392449186,-0.000803857551948173
0.601,0.00258805970213162,-0.00077302905781973
0.602,0.00259483928238455,-0.000754772421211414
0.603,0.00259587655336655,-0.000736058709793042
0.604,0.00259780172540912,-0.000716712198832015
0.605,0.00260018008830226,-0.000695385644729318
0.606,0.00262334327005309,-0.000672282855542106
0.607,0.00269683890321543,-0.000660344512366018
0.608,0.00275871525793751,-0.000647771423707089
0.609,0.00281636944944422,-0.000634199467925201
0.61,0.00288408605335841,-0.000618408600104314
0.611,0.00288002328909506,-0.000604686293203149
0.612,0.00287756703620931,-0.000589146216952219
0.613,0.00288038326835676,-0.000571622795050186
0.614,0.00286157430265044,-0.000548987750971675
0.615,0.00284373528006669,-0.000521916540002776
0.616,0.00280169837812169,-0.000496790377310763
0.617,0.00273242286307106,-0.00046850600594911
0.618,0.00267410669194143,-0.000437592904698414
0.619,0.00261035895218631,-0.00040345247554896
0.62,0.00255270472417969,-0.000363718789204992
0.621,0.0025564104862537,-0.000336599468254317
0.622,0.00255972950529004,-0.000312522177989383
0.623,0.00256766088870689,-0.000289711871296061
0.624,0.00257142566956171,-0.000265085577027202
0.625,0.00258797049110231,-0.000239713593673307
0.626,0.00266256002122692,-0.000228718200089573
0.627,0.00272158965402518,-0.000218295947115033
0.628,0.00279171425066669,-0.000207330879534284
0.629,0.00284951638399033,-0.000193926062532046
0.63,0.0029199188676656,-0.000178022048482995
0.631,0.00291063412388644,-0.000164437607312939
0.632,0.0029034500754649,-0.000148256946071457
0.633,0.00290555230522205,-0.000129421745712288
0.634,0.00290213461923822,-0.000106741929759735
0.635,0.00284635153681056,-8.48059170814874e-05
0.636,0.00278975550334591,-6.23936228516531e-05
0.637,0.00274310841920012,-3.82993703852974e-05
0.638,0.00268572991292695,-1.1471127546625e-05
0.639,0.00262427834035662,2.01288240517794e-05
0.64,0.00257559763791178,5.65628017981656e-05
0.641,0.00256510908206277,8.30938604355347e-05
0.642,0.00258635744037558,0.000105092898443904
0.643,0.00260585738325985,0.000127658994360569
0.644,0.00262331590925028,0.000151654197260043
0.645,0.00269044724963835,0.000158954289022961
0.646,0.00274125480233294,0.000164966211526729
0.647,0.00280779976888434,0.000169847143112745
0.648,0.00285846780546241,0.000176153842582016
0.649,0.00292317256943089,0.000183697453356058
0.65,0.00299784038190839,0.0001950863395071
0.651,0.00299604595238701,0.000203954902979753
0.652,0.00299302973332098,0.000215927855918507
0.653,0.00300000106429009,0.000230418836125457
0.654,0.0029890780093954,0.000249775270639407
0.655,0.00291212469110459,0.000267299179911196
0.656,0.00284365017163838,0.000284328743527129
0.657,0.00277348802334319,0.000304192962456429
0.658,0.0027101860793568,0.000327083463198541
0.659,0.00264402194473639,0.000353315811987498
0.66,0.00264876244108754,0.000364868106404626
0.661,0.00266395474824253,0.000372525523961997
0.662,0.00267317376341441,0.000380223075969355
0.663,0.0026858495994403,0.000388362209692628
0.664,0.00269996339413669,0.000398349885670612
0.665,0.00271736373381967,0.000411127371484743
0.666,0.00277338798591399,0.000408557191621417
0.667,0.0028385422032223,0.00040453836150034
0.668,0.00288464408478646,0.000401246089616003
0.669,0.00295581797996507,0.000398361334290054
0.67,0.00294982384675779,0.000392542350919289
0.671,0.00294411800181269,0.000388312881621111
0.672,0.00294291631901057,0.000386489823727409
0.673,0.00294105761699343,0.000387598477199769
0.674,0.00293504329432163,0.00039496800344857
0.675,0.00286412742796665,0.000402204340277212
0.676,0.00280865508923511,0.000410337348243472
0.677,0.00275214853670501,0.000421215158248167
0.678,0.00270550734301725,0.000434722113204333
0.679,0.00264213619658271,0.000454040479384743
0.68,0.00265403392095249,0.000458517040367257
0.681,0.00266176544347134,0.000461096912791559
0.682,0.00267676598374788,0.000461849356443444
0.683,0.00268960963334529,0.000463769529697233
0.684,0.00271414554744552,0.000466973209107158
0.685,0.00279269169708175,0.000457267630578462
0.686,0.00285109766503894,0.000446629693686806
0.687,0.00290943131603008,0.00043677049003038
0.688,0.00296219971019305,0.000428223889146762
0.689,0.00295918386551471,0.000418223942017515
0.69,0.0029547395271595,0.000409170264599301
0.691,0.00295083363999092,0.000403328880612563
0.692,0.00294698506988147,0.00040061218190407
0.693,0.00292413933728811,0.00040499909770636
0.694,0.00285596277391748,0.00040974424773893
0.695,0.00280072567117533,0.000415020499330232
0.696,0.00272957086095792,0.000424487451344657
0.697,0.00267082101873141,0.000437463466764765
0.698,0.0026581672828728,0.000438946484824232
0.699,0.00266769926932575,0.000435476813368862
0.7,0.00267262859713092,0.000431577209247247
0.701,0.0026804547791193,0.00042791899541661
0.702,0.00268784618887939,0.000425698147693498
0.703,0.00274745599705339,0.000409806739675667
0.704,0.00279877740020757,0.000393950066462534
0.705,0.00285615424496663,0.000378024786673925
0.706,0.00290743986238904,0.000364446175273037
0.707,0.00298593983917516,0.000352295087205912
0.708,0.00298049856579005,0.000339003929432091
0.709,0.00298137203236868,0.000327289663476393
0.71,0.00297696464043037,0.000319496450918
0.711,0.00296832338500559,0.000314683026898133
0.712,0.00294387514053957,0.00030695004907616
0.713,0.00289161848189917,0.000302066009554625
0.714,0.00285371450490385,0.000299502176392519
0.715,0.00279808176528272,0.000301001303095516
0.716,0.00275682767585773,0.000307025482797096
0.717,0.00276006704118743,0.000304350149597843
0.718,0.0027809190617595,0.00029832614669778
0.719,0.00279839911448079,0.000292685041815233
0.72,0.00282217122331763,0.000288094840348474
0.721,0.00284726711951363,0.000286052175852758
0.722,0.0028970272402054,0.000271852928877436
0.723,0.00296108564545329,0.000255842802520889
0.724,0.00302162618036538,0.000240209776832367
0.725,0.00308815148153173,0.000226081245936205
0.726,0.00307606388692113,0.000210179026969959
0.727,0.00306914368654525,0.000196540749340224
0.728,0.0030592259278078,0.000186504073215688
0.729,0.00305025128681981,0.000179158170354243
0.73,0.0030252585662494,0.000179053687907216
0.731,0.00295260983553909,0.000179614696600439
0.732,0.00289401947107487,0.000181526297012236
0.733,0.00283224636804099,0.000186212588695334
0.734,0.00276127609946759,0.000195910779092534
0.735,0.00277236960376803,0.00019157649970386
0.736,0.0027794764723415,0.000186537903901274
0.737,0.00278657200710961,0.000180874617243809
0.738,0.0027994774223,0.000175870946514334
0.739,0.00281917427687841,0.000173005794230796
0.74,0.00288286343997083,0.000157786489901335
0.741,0.00292840390305919,0.00014225214728425
0.742,0.00299096320105861,0.000126527720978875
0.743,0.00304056024717561,0.000113384241560099
0.744,0.00303806679055815,9.86721176866046e-05
0.745,0.00302142771142118,8.64305823096712e-05
0.746,0.00300916324496918,7.64491562925684e-05
0.747,0.00299301041201991,7.12401133265428e-05
0.748,0.00298212318266871,7.00634557683211e-05
0.749,0.00293859565641464,6.68999962755712e-05
0.75,0.0028859106167728,6.6585984709211e-05
0.751,0.00284627420137865,6.84665414888985e-05
0.752,0.00278287898463111,7.54250166498105e-05
0.753,0.00279467902435307,6.94202233577079e-05
0.754,0.00280016303074488,6.25049094954977e-05
0.755,0.00281603890261816,5.47270718576076e-05
0.756,0.00282786903701889,4.9366847030663e-05
0.757,0.00284105670208886,4.58714411304406e-05
0.758,0.00285657640352068,4.57956496130452e-05
0.759,0.00289007844226917,3.46912356057882e-05
0.76,0.00293221625840398,2.17145263691765e-05
0.761,0.00298687601422216,9.21736478270985e-06
0.762,0.00295562986942224,-4.67157980432731e-06
0.763,0.00293113846085551,-1.69919106740024e-05
0.764,0.00291051443666766,-2.64645191265789e-05
0.765,0.00289147910526975,-3.30974505051707e-05
0.766,0.00286241489759105,-3.4285800463385e-05
0.767,0.00283762490207035,-3.06102729048519e-05
0.768,0.00279558762892585,-2.03259137570022e-05
0.769,0.00276269681315052,-1.14323980681119e-05
0.77,0.0027000282780558,8.54733120725371e-07
0.771,0.00271418500832203,-1.13511025828794e-06
0.772,0.00272293828725233,-5.70415661976797e-06
0.773,0.00273101701933378,-1.15198413383477e-05
0.774,0.00273680780823822,-1.67724239585332e-05
0.775,0.00274968311995027,-2.1180945755872e-05
0.776,0.00276148498709051,-2.25660188317156e-05
0.777,0.00279568931365699,-2.17230789772427e-05
0.778,0.00287742054166634,-3.01261302578792e-05
0.779,0.00294058773072717,-3.8183958519955e-05
0.78,0.00292566129604696,-4.89330044087799e-05
0.781,0.00292013112327686,-5.99832238740161e-05
0.782,0.002915966226853,-6.99184391231844e-05
0.783,0.00290167169602912,-7.54715141966233e-05
0.784,0.00288727902109577,-7.72147597346562e-05
0.785,0.00285796310511596,-7.24228501557955e-05
0.786,0.00278793531818714,-6.57359026158821e-05
0.787,0.00273214208514397,-5.74018431397372e-05
0.788,0.00265863385532503,-4.47603816507436e-05
0.789,0.00258760291304327,-2.87058008503482e-05
0.79,0.00258950111407464,-2.5443915845913e-05
0.791,0.00258883208542651,-2.37778629373908e-05
0.792,0.0025867831957905,-2.2868592702896e-05
0.793,0.00258618682217069,-2.08902322557103e-05
0.794,0.00261955444505474,-3.20317659953662e-05
0.795,0.00264111157871892,-4.4698674584176e-05
0.796,0.00269622840639559,-5.92387041407072e-05
0.797,0.00273512982714373,-7.14149451459534e-05
0.798,0.0027908480353524,-8.12860136232829e-05
0.799,0.00283651137822745,-8.71077497365258e-05
0.8,0.00289738049975265,-8.76577299456782e-05
0.801,0.00287827293575143,-8.91938755457344e-05
0.802,0.00286720453459632,-8.86399347644895e-05
0.803,0.00283722925850836,-9.14789398044347e-05
0.804,0.00278352182666192,-9.36378334869259e-05
0.805,0.00274369249887568,-9.45866488927805e-05
0.806,0.00269133066988536,-9.20479353264669e-05
0.807,0.00265262989451899,-8.60682525027356e-05
0.808,0.00259778922436247,-7.42037641491278e-05
0.809,0.00254279830342759,-5.74405122632515e-05
0.81,0.00249270597947292,-3.3253563409219e-05
0.811,0.00249891072874959,-1.76324976877695e-05
0.812,0.00252628794940452,-1.87644651344909e-05
0.813,0.00257507349325927,-2.5167306516638e-05
0.814,0.00260165128109861,-3.31327855790375e-05
0.815,0.00264777810984411,-4.16232402136174e-05
0.816,0.00270067019885151,-4.78921604631366e-05
0.817,0.00273867849958302,-5.11325520986539e-05
0.818,0.00279771429555979,-5.13892998880161e-05
0.819,0.00278866259021045,-5.12860135870041e-05
0.82,0.00278577226196536,-4.78389481852748e-05
0.821,0.00275200967857077,-4.63956435343138e-05
0.822,0.0027057522617763,-4.49021479079215e-05
0.823,0.00267477256339141,-4.24084526994273e-05
0.824,0.00262366399678992,-3.57629666820625e-05
0.825,0.00258242761800636,-2.54371970886957e-05
0.826,0.0025322624550782,-9.29067633537173e-06
0.827,0.00253968967179845,-3.22093579174787e-06
0.828,0.00254295172308574,1.85761061199941e-06
0.829,0.00256778661177395,5.97571713722989e-06
0.83,0.00258908136113995,1.30565393797744e-05
0.831,0.00264992430057577,5.88687864216952e-06
0.832,0.00269593520390076,-2.48095652394253e-06
0.833,0.00275568442300793,-1.16267058563602e-05
0.834,0.00279996444088683,-1.96350731235806e-05
0.835,0.00278556222498092,-2.85095902406995e-05
0.836,0.00276495342944369,-3.53091131227723e-05
0.837,0.00274922254730095,-3.94975072905424e-05
0.838,0.00272975061155158,-3.91943991603361e-05
0.839,0.00271737740912582,-3.43273421287149e-05
0.84,0.00268754564141624,-2.35191894625841e-05
0.841,0.0026208188266693,-1.22426950412424e-05
0.842,0.00255247312472931,4.23373317959275e-07
0.843,0.00248985359377045,1.57230760453042e-05
0.844,0.00248294289378569,1.86692885493223e-05
0.845,0.00248979863961422,1.74124310295953e-05
0.846,0.00249111420034293,1.58359839529387e-05
0.847,0.00249876169945573,1.34724701940647e-05
0.848,0.00251163773986385,1.32603228943373e-05
0.849,0.00252163365200892,1.63273137449016e-05
0.85,0.00253814077206045,2.29597088056144e-05
0.851,0.00259985038465199,1.73883515285911e-05
0.852,0.0026444296537395,1.13916242774903e-05
0.853,0.00271430988440233,4.43358713786424e-06
0.854,0.00269873175320131,-4.96703738606108e-06
0.855,0.00268879513618879,-1.47979068713111e-05
0.856,0.00267707532775225,-2.21558971462144e-05
0.857,0.00266936019624126,-2.75564027272246e-05
0.858,0.00264217680196622,-2.75868298222903e-05
0.859,0.00261867302422758,-2.17598065127e-05
0.86,0.00258146996500404,-1.66033341842953e-05
0.861,0.00251839103977465,-8.40925408523985e-06
0.862,0.00246636519663595,2.51362740982808e-06
0.863,0.00240431214330704,1.78464877777507e-05
0.864,0.00240746449112373,2.03593188075613e-05
0.865,0.00241081238327836,2.11638301668149e-05
0.866,0.00242000314603542,2.05753243099349e-05
0.867,0.00243283519304573,2.14531132102236e-05
0.868,0.00243921997438811,2.49999183700722e-05
0.869,0.00249660652809982,1.49582333717757e-05
0.87,0.00253620873793617,4.24129688486596e-06
0.871,0.00258875637322502,-7.14313904781605e-06
0.872,0.00263358729312156,-1.62265259819327e-05
0.873,0.00263357582496153,-2.84688653141574e-05
0.874,0.00261452668884358,-3.81086365112138e-05
0.875,0.00259788142882819,-4.42600877651467e-05
0.876,0.00258232408249967,-4.52921040736132e-05
0.877,0.00257381054129065,-4.1716776294054e-05
0.878,0.00252856654923571,-4.02268115769489e-05
0.879,0.00247107756278653,-3.56115101920462e-05
0.88,0.00242426533363529,-2.86742564751807e-05
0.881,0.00235953374828501,-1.71464938281685e-05
0.882,0.00229779689088932,-1.29969993023504e-06
0.883,0.00229570475712469,3.07215755213086e-06
0.884,0.00229700685837933,5.1585793021669e-06
0.885,0.00229864293671313,7.68851495364098e-06
0.886,0.00230721311967476,1.04542481494385e-05
0.887,0.0023173439704928,1.61057491547267e-05
0.888,0.00236164239249082,7.89049511795703e-06
0.889,0.00240673681684238,-2.71793544903698e-06
0.89,0.00244349919591494,-1.46147287730103e-05
0.891,0.00250731231902647,-2.70050136582656e-05
0.892,0.00255640000679554,-3.71869068575004e-05
0.893,0.00255642920469939,-4.88928963416346e-05
0.894,0.00253801499435712,-5.87694899214508e-05
0.895,0.00253029534298096,-6.5597406335105e-05
0.896,0.00252052093616282,-6.92978726533067e-05
0.897,0.0025146235172998,-6.67910381018655e-05
0.898,0.00245823984942341,-6.51939412880664e-05
0.899,0.00239801167421786,-6.15037570897981e-05
0.9,0.00234445490415743,-5.53655993434932e-05
0.901,0.00228149687588711,-4.5609866993479e-05
0.902,0.00223163035918687,-3.14130932879686e-05
0.903,0.00221136680854141,-2.55824000921501e-05
0.904,0.00221654186047094,-2.36521258224487e-05
0.905,0.00221757258129645,-2.14783150989106e-05
0.906,0.00222021096826269,-1.82254878041133e-05
0.907,0.00227156382662838,-2.85747304967221e-05
0.908,0.00231165565344374,-3.9813048886117e-05
0.909,0.00235740242664664,-5.24822706274297e-05
0.91,0.00240110211833036,-6.24188948673554e-05
0.911,0.00245010007129046,-7.08100703327164e-05
0.912,0.00243645377270203,-7.81214935101082e-05
0.913,0.0024301280052612,-8.30943929934214e-05
0.914,0.00242391856613084,-8.40947516616009e-05
0.915,0.00242621501881867,-8.23425308917325e-05
0.916,0.00239599957989755,-8.35653397230351e-05
0.917,0.00234800436271051,-8.1730730490448e-05
0.918,0.00230649150085258,-7.78310080065125e-05
0.919,0.00225032202101159,-6.96229906463897e-05
0.92,0.00220541198732573,-5.64995200669216e-05
0.921,0.00219322870180987,-5.09302477574858e-05
0.922,0.00220338263177696,-4.8527350660188e-05
0.923,0.0022140676744542,-4.57045592406335e-05
0.924,0.00222504646797554,-4.0978576822337e-05
0.925,0.00227033985896223,-4.94289842489226e-05
0.926,0.00231917684941395,-5.95273167431909e-05
0.927,0.00235679278605642,-7.00906160757131e-05
0.928,0.00242031562543197,-8.05706250390781e-05
0.929,0.00246867173119045,-8.82996643097322e-05
0.93,0.00248345635579698,-9.84697776273413e-05
0.931,0.00247220542761451,-0.000105297111891001
0.932,0.00246712908985301,-0.000106837004768157
0.933,0.00245845239433581,-9.93341314881047e-05
0.934,0.00238215735273582,-8.81732988095574e-05
0.935,0.00231252712405158,-7.26110723953677e-05
0.936,0.00223860094665929,-4.93848739004932e-05
0.937,0.00216683998190975,-2.12547337115621e-05
0.938,0.00208987910186506,1.31670846777454e-05
0.939,0.00201086769050293,5.39142298336959e-05
0.94,0.00193049335647334,0.000100953712738772
0.941,0.00192883399647922,0.000135342515101777
0.942,0.00192609008425401,0.000168688918626925
0.943,0.00193995445103639,0.000199967224552844
0.944,0.00195465338708916,0.000232161349754456
0.945,0.00197828594264611,0.00026492678028095
0.946,0.00200450411331679,0.000299888785840696
0.947,0.00207633351765009,0.000318023794674216
0.948,0.00212855133345088,0.000332416861122731
0.949,0.00213528196621131,0.000338313694930592
0.95,0.00211636427264322,0.000345457625983425
0.951,0.00210287809418049,0.000353662982408465
0.952,0.00208666008200299,0.000364891866581951
0.953,0.00207136270046417,0.000379136348231834
0.954,0.00206253139581906,0.0003983292683582
0.955,0.00200582886220326,0.000416715418259994
0.956,0.00195198954160058,0.000437433502583018
0.957,0.00189646965294907,0.000460520045727775
0.958,0.00190060778970121,0.000469503938412941
0.959,0.00192296856090869,0.000472943945921234
0.96,0.0019434601177953,0.000474848909456149
0.961,0.00196323955534831,0.000476074643722679
0.962,0.00200752210227057,0.00046295483818598
0.963,0.0020563046704114,0.000446764895370599
0.964,0.00210237284772517,0.00042894634228785
0.965,0.00215115894209931,0.000410290350488396
0.966,0.00219216143058019,0.000392398631382573
0.967,0.00219548859590407,0.000372385186315383
0.968,0.00218250367411667,0.000355577709794497
0.969,0.00216188462377702,0.000341642870214764
0.97,0.00214911979861693,0.000332496117850134
0.971,0.00210330031112154,0.000322765258921887
0.972,0.0020479347979501,0.000315113336103512
0.973,0.00200013538550029,0.000309787735223277
0.974,0.00193934433889642,0.0003104446401056
0.975,0.00193315409339949,0.000300078935952186
0.976,0.00192556503128037,0.000289798130292118
0.977,0.00192840550336432,0.0002795364113648
0.978,0.00193341188714791,0.000273027951404159
0.979,0.00197741735461961,0.000254275124469239
0.98,0.00201464130822947,0.000233855052362009
0.981,0.00206169416455447,0.000213349049224432
0.982,0.00210235493958033,0.000193705309364578
0.983,0.00214777263129538,0.00017623211094886
0.984,0.00212640088589716,0.000160390672869493
0.985,0.00211432132032637,0.000147734200589278
0.986,0.00209781120329081,0.000138245152834449
0.987,0.0020868782845144,0.000133506517675852
0.988,0.00207086514674281,0.000134625447471504
0.989,0.0020614053926435,0.000141906641538625
0.99,0.00204715824002192,0.000155833438327757
0.991,0.00198176161201997,0.000171605937286101
0.992,0.00196927347838127,0.000172491624459925
0.993,0.00196980806497317,0.000167613432045466
0.994,0.0019671009212024,0.000160873098338676
0.995,0.0019807976549877,0.000152042200897151
0.996,0.00199130245535799,0.000144651435963372
0.997,0.00202591120206098,0.000127906324555949
0.998,0.00207651811121972,0.000108032957212123
0.999,0.00212512338277023,8.90748653564755e-05
1,0.00217789838522017,7.04707806085669e-05
1.001,0.00217343182283429,5.24508552628422e-05
1.002,0.0021723858937161,3.46180300820897e-05
1.003,0.00218211443501148,1.99720169924977e-05
1.004,0.00217620221635237,8.28640652661417e-06
1.005,0.00211510384043228,-1.49977959557068e-06
1.006,0.00205989470082259,-9.93294353091034e-06
1.007,0.00200451686803385,-1.53165586392334e-05
1.008,0.00194896933416309,-1.7156472272184e-05
1.009,0.00188254540455535,-1.25536732251685e-05
1.01,0.00187276999523879,-2.02569626942539e-05
1.011,0.00186031150114682,-2.96398403538123e-05
1.012,0.00185165185536521,-4.06289003147542e-05
1.013,0.00184699741902808,-5.05480852994733e-05
1.014,0.00189608377745695,-7.28035377063896e-05
1.015,0.00192964625367462,-9.66222346443502e-05
1.016,0.00198788647314614,-0.000121502207963364
1.017,0.00203275211269089,-0.000144514144059749
1.018,0.00209129208687549,-0.000164803329513796
1.019,0.00209703979531817,-0.000186312909081277
1.02,0.00209935123971184,-0.000203593937169899
1.021,0.0021102613298484,-0.00021666765245365
1.022,0.00211277056162226,-0.000224887499083004
1.023,0.0020502151729371,-0.000232532561422361
1.024,0.00199412523340949,-0.000238023173252722
1.025,0.00194110576490121,-0.000240284765770371
1.026,0.00189197851060051,-0.000239670383982538
1.027,0.00186222192138541,-0.000246655626864656
1.028,0.00185458619109199,-0.000257494143816539
1.029,0.00185908221863191,-0.000268249576473645
1.03,0.00185870760317705,-0.0002777129184523
1.031,0.00186060028198098,-0.000284922408048005
1.032,0.00187455009646598,-0.000290447943984806
1.033,0.00194003521285157,-0.000307060834762118
1.034,0.00199953786778671,-0.000323158194973916
1.035,0.00206393626745253,-0.000339144797460167
1.036,0.00208382788141448,-0.000356906457264217
1.037,0.00207968726646373,-0.000371263442775494
1.038,0.0020838323059635,-0.000382539725129694
1.039,0.00208261808643145,-0.000389909482987283
1.04,0.00208693874817298,-0.000392788550720835
1.041,0.00203865924828952,-0.000395653445341149
1.042,0.00199727506155464,-0.000397064286728255
1.043,0.00194326729824436,-0.000395917624616604
1.044,0.00195040844232016,-0.00040759187130196
1.045,0.00195140235688833,-0.000421667213395371
1.046,0.00195414523225033,-0.000437009559227985
1.047,0.00196319343219041,-0.000452353471618594
1.048,0.00197150902802385,-0.000466553001549075
1.049,0.00199190702487614,-0.000479625240806136
1.05,0.00205994589017886,-0.00050169652080817
1.051,0.00212168382569023,-0.000524230901856548
1.052,0.00218099779664577,-0.000546493546882243
1.053,0.0021934054569138,-0.000569564398319011
1.054,0.00221412767235734,-0.000592707465812414
1.055,0.00221725911207322,-0.000612260910676121
1.056,0.00222704498960822,-0.000629481040912538
1.057,0.0022010868646139,-0.000648241334061272
1.058,0.00216228105660601,-0.00066459018558318
1.059,0.00212701418874594,-0.000679803352897523
1.06,0.00208129365564093,-0.000691164421929846
1.061,0.0020901029353186,-0.000714212496377764
1.062,0.00209201821894987,-0.000737212781794838
1.063,0.00210373157263748,-0.000761203962652335
1.064,0.0021177811321444,-0.000784827024051027
1.065,0.00217154554638904,-0.000816957849400057
1.066,0.0022202417931614,-0.000849151740427323
1.067,0.00227508834480685,-0.00088059660042028
1.068,0.00232471481523812,-0.000909449685873753
1.069,0.00235445495329691,-0.000939176462047886
1.07,0.00236649872527727,-0.00096502899431089
1.071,0.00238612160584316,-0.000987641765735403
1.072,0.002379013071071,-0.00101218001145437
1.073,0.00235217516868263,-0.00103315251847574
1.074,0.00232860570654614,-0.00105164052301898
1.075,0.00228935292393765,-0.00106387047438727
1.076,0.00224908434530516,-0.0010707072700874
1.077,0.0022586210011125,-0.00108567922795128
1.078,0.00226046887962789,-0.0010965740062005
1.079,0.00226832996566994,-0.00110473052154952
1.08,0.00227448179023758,-0.0011088285995931
1.081,0.00231784570722939,-0.00111947989958755
1.082,0.00237045321766895,-0.00112959694036213
1.083,0.00241259018165,-0.00113679980305376
1.084,0.00242228699565273,-0.00114290580915483
1.085,0.00241810360069235,-0.00114466414195574
1.086,0.00242324348876414,-0.00114257966870263
1.087,0.00241194867173158,-0.00113488903395353
1.088,0.00235168805776958,-0.00112425761291818
1.089,0.00229483263187788,-0.0011114361563731
1.09,0.00222715414111923,-0.00109316794447695
1.091,0.00215957106368539,-0.00106955008830001
1.092,0.00214204447360426,-0.00105649549192682
1.093,0.00212114126019659,-0.00104118818460175
1.094,0.00210349817676104,-0.00102480436555702
1.095,0.00208278220603646,-0.00100566455595164
1.096,0.00211338215605969,-0.00099690365395072
1.097,0.00213876614904857,-0.000988442507448117
1.098,0.00219109379562325,-0.000980303569092678
1.099,0.00223633466740735,-0.000967770704590587
1.1,0.00223314718379093,-0.000955727302196563
1.101,0.00222543102639172,-0.00093966232368986
1.102,0.00222081022900586,-0.000919771688171145
1.103,0.00220417443957697,-0.000894618770862055
1.104,0.00213519351323568,-0.000868933156315976
1.105,0.00207194297115954,-0.000841864626367761
1.106,0.00199881357253037,-0.000810200408414952
1.107,0.00192924372545277,-0.000774780717226531
1.108,0.00184320532933431,-0.00073200999080919
1.109,0.00180745102156071,-0.000700648938525505
1.11,0.00177660363551265,-0.000671150126812681
1.111,0.0017416136352309,-0.000638996719314944
1.112,0.00172563901473635,-0.000606197263154529
1.113,0.00177879808978997,-0.000587780008399041
1.114,0.00182499495121596,-0.000570523533433343
1.115,0.00188011213277521,-0.000554071189554473
1.116,0.00193036568099562,-0.00053608046421344
1.117,0.00200482241539712,-0.000516834277932199
1.118,0.0020015791749795,-0.000498806649304684
1.119,0.00200707874070816,-0.000479964930532595
1.12,0.0020041378701571,-0.000458708655121653
1.121,0.00201306408895295,-0.000434660483318805
1.122,0.00200287609608928,-0.000404802762714263
1.123,0.00192430744888983,-0.000374918139467995
1.124,0.00185163265578758,-0.000344653876354128
1.125,0.0017855956287645,-0.000312132311841906
1.126,0.00171846726991456,-0.00027666129442272
1.127,0.00165184886214015,-0.000236478420267361
1.128,0.0015778770197212,-0.0001899201985881
1.129,0.00154958729386678,-0.000156504043749783
1.13,0.00151761538302644,-0.000125061221019962
1.131,0.00149678409513381,-9.3994925837837e-05
1.132,0.00147358741128423,-6.01908961467834e-05
1.133,0.00151597733109441,-4.10221063616989e-05
1.134,0.00155443186011285,-2.5208572870361e-05
1.135,0.00159179972962277,-1.15102558602698e-05
1.136,0.00162429333845812,2.43237194269552e-06
1.137,0.00169340500407041,1.54899261929908e-05
1.138,0.00175472467068497,3.33243822332463e-05
1.139,0.00174457897011048,5.07823701829113e-05
1.14,0.0017521676024953,6.85829028232443e-05
1.141,0.00176048589526131,8.89507542449763e-05
1.142,0.00177981894017065,0.000112028076826254
1.143,0.00179262572528109,0.000140241841448951
1.144,0.0017270615055168,0.000165281296417352
1.145,0.00167019732132141,0.000189613081047812
1.146,0.00161371403243951,0.000215483068092326
1.147,0.00156436626983721,0.000243967914044463
1.148,0.00151827375323089,0.000276679981512928
1.149,0.00145713924064759,0.000315315544389461
1.15,0.00141806143306825,0.000339024177774094
1.151,0.0013673434872532,0.000359999487505536
1.152,0.00135191243242182,0.000378236433152324
1.153,0.00131779632954286,0.00039863850068006
1.154,0.0013137593815557,0.000421244601322424
1.155,0.00138152334606884,0.000427254582029413
1.156,0.00144551049044951,0.000430320084880587
1.157,0.00151141915688551,0.000431374999885326
1.158,0.00157693935568839,0.000432897567289203
1.159,0.00166510610849857,0.0004347240782277
1.16,0.00168051972322487,0.000433750563202717
1.161,0.00170462005248927,0.000431312194527245
1.162,0.00173077194654035,0.000430968159470524
1.163,0.00176692860426666,0.000433030240163335
1.164,0.00177777850759116,0.000439996871252291
1.165,0.00180168412361257,0.00045154501670347
1.166,0.00182195941495938,0.000469385319011528
1.167,0.00175820655322087,0.000484990537383323
1.168,0.0016992278226493,0.000503096338438369
1.169,0.00164692703133025,0.00052385921651793
1.17,0.001596076438425,0.000547864315827318
1.171,0.00155200293908153,0.000576398636160158
1.172,0.00150039869357715,0.000587919156517513
1.173,0.00147858018950508,0.000593615772037648
1.174,0.0014378336613291,0.000598352200982311
1.175,0.00142322607085489,0.000602203090843245
1.176,0.00139650358322065,0.0006095830817896
1.177,0.00138847365513103,0.000619292705177965
1.178,0.0014423808346327,0.000613929827609716
1.179,0.00149776529674595,0.000606264540371604
1.18,0.00155862155692711,0.00059734083590135
1.181,0.00162018796551299,0.000589756405678654
1.182,0.00170213007652251,0.000583218264044616
1.183,0.00172010823272007,0.000573742560983526
1.184,0.00174551653390582,0.000562912683844397
1.185,0.00177672117467321,0.000554041532746963
1.186,0.00180593913100293,0.000548436005822051
1.187,0.0018452964506785,0.00054515145379247
1.188,0.00186176001393643,0.000548302960467539
1.189,0.00181737885423699,0.000551190683688085
1.19,0.0017699345760163,0.000553805724611667
1.191,0.00172310911013372,0.000559240317009213
1.192,0.00167832869435817,0.000567022841587328
1.193,0.00163012603792802,0.000579836565383129
1.194,0.00158410498929259,0.00059749454179675
1.195,0.00152625928010462,0.000602633417011555
1.196,0.00149451247862323,0.000603053307972723
1.197,0.00145255829128639,0.000603130184349154
1.198,0.0014325176333211,0.000602480646064052
1.199,0.00139916267478378,0.000605345168247395
1.2,0.00143271954859728,0.00059293459263976
1.201,0.00147327804727061,0.000576595562193361
1.202,0.00150912258820548,0.000559743693073489
1.203,0.00155716090609446,0.000541479921717103
1.204,0.00161091060104971,0.000525789339696214
1.205,0.00164580287813036,0.000506580452425354
1.206,0.00166645448541483,0.000490504614351406
1.207,0.00169781144468934,0.000476898179940177
1.208,0.00172221147140646,0.000467158257565714
1.209,0.00176389139060598,0.000461427887969379
1.21,0.00174081997354427,0.00045300165226192
1.211,0.00169236188353862,0.000447363834404413
1.212,0.00164460610062482,0.000444577231875132
1.213,0.00159692147551104,0.000446492448715474
1.214,0.00154973437183818,0.000452484660124375
1.215,0.00150174521046498,0.000447431103824447
1.216,0.00147221520973601,0.000439036078281885
1.217,0.00144608521079273,0.000430947846264351
1.218,0.00141224676297529,0.000425901133343065
1.219,0.00144269357361583,0.000408112756388856
1.22,0.00147424257913118,0.000388921536356834
1.221,0.00151306550895581,0.00036865981107026
1.222,0.00155442229376007,0.00034995193325621
1.223,0.00160103817980883,0.000333202677397171
1.224,0.00161014312687778,0.00031716107607116
1.225,0.00163601737254978,0.000302569803020625
1.226,0.00165465468100507,0.000292184840109289
1.227,0.00167529429836043,0.000285191377843663
1.228,0.00162461553775169,0.000277441854489302
1.229,0.00157595837172545,0.000270477553185711
1.23,0.00153025188320379,0.000266906152331492
1.231,0.0014869922063848,0.000266416362747546
1.232,0.00142835768206728,0.000271709528065156
1.233,0.00139626511175937,0.000265030559900181
1.234,0.0013673711529373,0.000257789199970437
1.235,0.00134048335206487,0.000250835162237617
1.236,0.0013000683921924,0.000247561131753282
1.237,0.00132761578441786,0.000231539951952742
1.238,0.00135684892571155,0.000214008946450406
1.239,0.00139557678189677,0.000194963857305996
1.24,0.00143850791820997,0.000177673074304274
1.241,0.00149267824207618,0.000161953671541037
1.242,0.00150666673591948,0.000146505391164009
1.243,0.00153417679988799,0.000132672321017102
1.244,0.00154817767213143,0.000122357991235056
1.245,0.0015789550271244,0.00011599725264505
1.246,0.00154966380910369,0.000106619990467849
1.247,0.00150949197448888,0.00010050806937445
1.248,0.00147357435790578,9.64499474269132e-05
1.249,0.00143235774669439,9.58715022291168e-05
1.25,0.00139159299073347,9.95161728800653e-05
1.251,0.00134377576693121,0.000109149760057936
1.252,0.00131229014455903,0.000106578917669242
1.253,0.00127503727930317,0.000103664550354376
1.254,0.00126051009766739,0.000100611429507624
1.255,0.00122783455831677,9.97305947875726e-05
1.256,0.0012615192975373,8.67130710393571e-05
1.257,0.00129643633113035,7.12723170266938e-05
1.258,0.00133229852269388,5.48789722629728e-05
1.259,0.00136475151040727,3.91803712902483e-05
1.26,0.00140530887581036,2.45730596136196e-05
1.261,0.00142320086921287,8.93537237162123e-06
1.262,0.00143208116064782,-3.81727446246982e-06
1.263,0.00145062323938151,-1.41319751200131e-05
1.264,0.00147392941469929,-1.97776702650088e-05
1.265,0.00149021546968457,-2.07542544564676e-05
1.266,0.00143876994241463,-2.1639297050402e-05
1.267,0.00138856723318583,-2.16282767609433e-05
1.268,0.00134217370793699,-1.84097720046239e-05
1.269,0.00129237070197421,-1.22421725448074e-05
1.27,0.00127661549520651,-1.85645503242848e-05
1.271,0.00124289088883563,-2.57886554297371e-05
1.272,0.0012278757066213,-3.27815083582816e-05
1.273,0.0011973916041114,-3.8018971534215e-05
1.274,0.00117868166967209,-4.05360510925545e-05
1.275,0.00116995869504882,-3.87802748680888e-05
1.276,0.00122020017485889,-4.77633694757063e-05
1.277,0.00127206284670674,-5.76008672758532e-05
1.278,0.00129616654977017,-6.83695175486276e-05
1.279,0.00132529414029186,-7.87415309688178e-05
1.28,0.0013439774164791,-8.66724518602258e-05
1.281,0.00138075654261904,-9.19159813190795e-05
1.282,0.00140053915034771,-9.13307640206251e-05
1.283,0.00142570803643252,-8.61423814013107e-05
1.284,0.00145674646468453,-7.37505946496464e-05
1.285,0.00142350182850605,-6.1674622400365e-05
1.286,0.0013873934480224,-4.59932947525221e-05
1.287,0.00135528754118412,-4.63736688174898e-05
1.288,0.00132537726620948,-5.01934438367768e-05
1.289,0.00130957663647431,-5.57669087769552e-05
1.29,0.00127128236603111,-6.06364531822723e-05
1.291,0.00125043538065095,-6.48199954323414e-05
1.292,0.00122873450481012,-6.50683848729128e-05
1.293,0.00126895080661734,-7.49782383966391e-05
1.294,0.0013139773870667,-8.47518830723315e-05
1.295,0.0013606786725176,-9.40515725713631e-05
1.296,0.00140950377210463,-0.000100643823570334
1.297,0.00146907521996449,-0.000110420125305377
1.298,0.00150168999801796,-0.000117642250340277
1.299,0.00153654891426689,-0.000121823600901072
1.3,0.00156940606180006,-0.000122645896801499
1.301,0.00152840688460194,-0.000123750685963209
1.302,0.00148687279826586,-0.000124143513817121
1.303,0.00144846455131129,-0.00012187221850235
1.304,0.00141103477252039,-0.000116386065798502
1.305,0.00136041616560254,-0.000105738380130893
1.306,0.00131009934449752,-8.87428857600514e-05
1.307,0.00124559477568791,-8.22034984560571e-05
1.308,0.00120231392292085,-7.76714232457731e-05
1.309,0.00115899344405299,-7.29631066632153e-05
1.31,0.00110291998415949,-6.49049567327253e-05
1.311,0.0011350721240728,-7.13437939602324e-05
1.312,0.0011659353369262,-8.06391320269384e-05
1.313,0.00119750587235917,-9.05380414863433e-05
1.314,0.00123435256067985,-0.000100466075861394
1.315,0.00127205948729498,-0.000108229963940165
1.316,0.00132968852606162,-0.000118749228420256
1.317,0.00135866598981204,-0.000126427698096787
1.318,0.00140285904720381,-0.000131644577666401
1.319,0.00143285041756416,-0.000132239424879554
1.32,0.00147872778701259,-0.000128502507266426
1.321,0.00151588879085893,-0.000118658056190379
1.322,0.00148110711782011,-0.000109463879882366
1.323,0.00143753862482107,-0.000100240407325369
1.324,0.00140003086737128,-8.8133522895717e-05
1.325,0.00136204043600055,-7.26211610564964e-05
1.326,0.00132614600406457,-5.24733388092002e-05
1.327,0.00125566309616876,-4.6305737078256e-05
1.328,0.00120433537877183,-4.4035026707745e-05
1.329,0.00114891268356265,-4.27997493354648e-05
1.33,0.00110498705686302,-4.08566815425226e-05
1.331,0.00104054208752587,-3.65989646846088e-05
1.332,0.000990987903924362,-3.04223908332291e-05
1.333,0.00101484112960552,-3.84165973084105e-05
1.334,0.00105289835159798,-4.76533621980857e-05
1.335,0.00109663337426363,-5.83788998937407e-05
1.336,0.0011459155907913,-6.70631903326724e-05
1.337,0.00120718068775295,-7.42023153015858e-05
1.338,0.00124531188731562,-8.32925699878473e-05
1.339,0.0012977359613094,-9.37688055414054e-05
1.34,0.00132976019031949,-0.000100922652265245
1.341,0.00138004886884685,-0.000103946123716947
1.342,0.00142400024051139,-0.000101249011121962
1.343,0.00139582629572303,-0.000100499292397471
1.344,0.00136148452291016,-9.81603077656601e-05
1.345,0.0013251278319974,-9.37331221187998e-05
1.346,0.00129049211917019,-8.47991511865875e-05
1.347,0.00125565595903871,-7.18397168177343e-05
1.348,0.00121403585000805,-5.30963628386227e-05
1.349,0.00117674144087901,-2.72641830770248e-05
1.35,0.00113252835198445,-1.44649402839536e-05
1.351,0.00106827055453426,-3.36259923061633e-06
1.352,0.00101661864843953,6.37901613448344e-06
1.353,0.00096402729253668,1.75583471089813e-05
1.354,0.00098416164411035,1.30165575686902e-05
1.355,0.0010163954111832,5.21722426682913e-06
1.356,0.00105121642173211,-5.11369264194483e-06
1.357,0.00108908905129918,-1.44946199728824e-05
1.358,0.00112657524807967,-2.35089024062107e-05
1.359,0.00117400074776872,-2.954863382576e-05
1.36,0.00121900600501654,-3.65880008918462e-05
1.361,0.00126225331612309,-4.16985339332654e-05
1.362,0.00131616655469678,-4.36847007431185e-05
1.363,0.00135980172972783,-4.13715223903655e-05
1.364,0.00141718200785639,-3.53724205260364e-05
1.365,0.00139640139075904,-3.13215486399399e-05
1.366,0.0013787485185629,-2.62567183422768e-05
1.367,0.00136641588543324,-1.88070504329452e-05
1.368,0.00135440925971151,-8.31564113124017e-06
1.369,0.00133512500142806,6.25699529271939e-06
1.37,0.00126442576945125,1.06379055214156e-05
1.371,0.00121839500013281,1.08280078379153e-05
1.372,0.00117575457430232,1.02541538303802e-05
1.373,0.00111729488752627,1.12806083838457e-05
1.374,0.0010778207304068,1.37502126520972e-05
1.375,0.00101794361941513,1.99344924634026e-05
1.376,0.00103703807409554,1.23035617357048e-05
1.377,0.0010659090235142,3.45077158764306e-06
1.378,0.00110018831044708,-7.25932632134052e-06
1.379,0.00114389402475442,-1.5930310084733e-05
1.38,0.0012060345822088,-2.82038247866323e-05
1.381,0.00125181780542674,-3.76874580840236e-05
1.382,0.00129427613095708,-4.54303439363368e-05
1.383,0.00135267820584103,-4.974415035508e-05
1.384,0.00139826266276765,-4.8499255155543e-05
1.385,0.00145732545555114,-4.23122562494549e-05
1.386,0.00143489169335389,-3.87201186249908e-05
1.387,0.00141569446020254,-3.24963246377541e-05
1.388,0.00139951057728171,-2.4202390644934e-05
1.389,0.00138010780853178,-1.26597419088936e-05
1.39,0.0013667383200499,4.89922556795586e-06
1.391,0.00130784587038098,9.66980859373745e-06
1.392,0.00127401697316402,1.03883333177346e-05
1.393,0.00121825303119311,1.06219104123451e-05
1.394,0.00117043521605831,1.14071361826396e-05
1.395,0.00113034977650267,1.46872394402586e-05
1.396,0.00107228645460736,2.16694863576228e-05
1.397,0.00109272638688321,1.51843687791198e-05
1.398,0.0011127679049196,6.06877247466553e-06
1.399,0.00114013855097975,-2.86632299784095e-06
1.4,0.00117084346984553,-1.26311888102859e-05
1.401,0.00120297252154332,-2.37903938298811e-05
1.402,0.0012374203736191,-3.46082288280591e-05
1.403,0.00126418607611785,-4.37834717734176e-05
1.404,0.00131277052519181,-4.95353374876384e-05
1.405,0.00134876211507641,-4.9311189320167e-05
1.406,0.00139154397473682,-4.46192670688905e-05
1.407,0.00144340848315741,-3.37869335935714e-05
1.408,0.00142085620513229,-2.61974638346985e-05
1.409,0.00139974367634778,-1.46987423462197e-05
1.41,0.00138064800043873,-1.17679132061177e-06
1.411,0.00135786288757332,1.5630000225253e-05
1.412,0.00128672746798071,2.03167904490598e-05
1.413,0.00123888976085809,2.0344692259866e-05
1.414,0.00118746904097752,1.99837817247972e-05
1.415,0.00113907780128295,2.04467487409099e-05
1.416,0.00109852798452716,2.22950318389814e-05
1.417,0.00104166088665229,2.77387206112922e-05
1.418,0.00105927337661434,2.05218438008026e-05
1.419,0.0010784331303377,1.15225074031611e-05
1.42,0.00110043725480797,2.87240928409371e-06
1.421,0.00112529606612837,-6.25521088765124e-06
1.422,0.00116507569781607,-1.62180813648716e-05
1.423,0.00118673483966457,-2.23107236039244e-05
1.424,0.00122636174246438,-2.19597147026462e-05
1.425,0.00126009752820275,-1.10037052276635e-05
1.426,0.00130276360735825,9.02060620805445e-06
1.427,0.00134637377227792,3.75087308893685e-05
1.428,0.00139457262419712,7.33489401720244e-05
1.429,0.00138401126869763,0.000108108508049487
1.43,0.00137033570893177,0.000148295614282035
1.431,0.00134918093921357,0.000192082464087917
1.432,0.00133517808836422,0.000241424651428013
1.433,0.0013228816258102,0.000295516375173333
1.434,0.00131964609112881,0.000355486905560143
1.435,0.0013191571323334,0.000420525273658545
1.436,0.00133977718870625,0.000461974969723999
1.437,0.00138843833372903,0.000496483035175521
1.438,0.00143009512125843,0.000523394968982016
1.439,0.00148078550329064,0.000548079940482615
1.44,0.00152817468151367,0.000570750349018823
1.441,0.00158000816529157,0.000593870068159252
1.442,0.00157661014565069,0.00060857582946483
1.443,0.00154498802135303,0.000614891594964972
1.444,0.00150358121350841,0.000624023426939846
1.445,0.0014633260524826,0.000635251195678588
1.446,0.00142753643890643,0.000650216490059863
1.447,0.00138865659422434,0.0006686305773283
1.448,0.00138583295268326,0.000689297217552898
1.449,0.00137791298536085,0.000715081124277039
1.45,0.00141614968387426,0.000728998142063397
1.451,0.00145798504440554,0.000742447107547062
1.452,0.00149303496997423,0.00075517677089959
1.453,0.00152551370068323,0.000755314645276339
1.454,0.00153218190083783,0.000754097315404989
1.455,0.00149067417698223,0.000751821309847467
1.456,0.00143041428720515,0.000749049676729563
1.457,0.00136827020037839,0.000748745911817394
1.458,0.00130665891137782,0.000751813112169764
1.459,0.00124500316332209,0.000758863642004448
1.46,0.0011868090262484,0.000770450038933279
1.461,0.00116399890607714,0.000782127009424538
1.462,0.00113606229274062,0.000797279257871764
1.463,0.0011345953409441,0.000816247717839946
1.464,0.00117634935265776,0.000827139042238911
1.465,0.00121250832781019,0.000832638545092246
1.466,0.00122732399660669,0.000820596566646625
1.467,0.00121836735762636,0.000804168337963984
1.468,0.00121970178038853,0.000783061386400719
1.469,0.00121975393012043,0.000760723936150898
1.47,0.00122164820157134,0.000738738241722658
1.471,0.0011622086633074,0.000713219469240522
1.472,0.00109859235823903,0.000690958605464531
1.473,0.00103642683889804,0.000673273212312642
1.474,0.00097483814243592,0.000660949483875628
1.475,0.000927635013063669,0.000650342876057974
1.476,0.000894383141057015,0.000642434879206955
1.477,0.000862463778734713,0.000639401917425342
1.478,0.000841630217070021,0.000641421208764426
1.479,0.000828429098407141,0.000650564224940253
1.48,0.000852405012201114,0.000650006775787193
1.481,0.00087181527984195,0.000647346374512803
1.482,0.000916360099506301,0.000646525087005689
1.483,0.000958761115558265,0.000646783176482313
1.484,0.000964237202558576,0.000634094075127101
1.485,0.000960249738737463,0.000622119595361237
1.486,0.000967272086077816,0.00061091381127637
1.487,0.000972964582450604,0.000603153185503635
1.488,0.000919086500487452,0.000594405767850192
1.489,0.000870451348086367,0.000589710548369538
1.49,0.000826736964338565,0.000589509902122531
1.491,0.000790410474730734,0.000594993454796133
1.492,0.000775433527749529,0.00060225946933945
1.493,0.000765726993324517,0.000612005823072581
1.494,0.00076555404000989,0.000624950381018174
1.495,0.000775979064083123,0.000641506038101203
1.496,0.000796947532976829,0.00066260178265265
1.497,0.000832885573835336,0.000668965272181743
1.498,0.000872773106361859,0.000672547849868921
1.499,0.000909138385208378,0.000674324637635781
1.5,0.000951315103218247,0.000676600906139302
1.501,0.000947235372743064,0.000663795028532088
1.502,0.000934881966273429,0.000648794011144149
1.503,0.00093001558366905,0.000630450349202338
1.504,0.000917767276042789,0.000612283257303003
1.505,0.000856885704323374,0.000591501442970876
1.506,0.000799265049760624,0.000570576258941469
1.507,0.00074459709394342,0.000550837064538456
1.508,0.000696504710102734,0.000533754862165503
1.509,0.000665433536413057,0.000516936095886433
1.51,0.000639178435618441,0.000501878173573056
1.511,0.000621411421660032,0.000488229286904784
1.512,0.000608996142859972,0.000476848998604784
1.513,0.000629799541699617,0.000453354625343516
1.514,0.000641632040537211,0.000425341051941974
1.515,0.000655836076549507,0.000395757936589913
1.516,0.000675658779661369,0.00036606781428461
1.517,0.000639210499896666,0.000324830114987407
1.518,0.000612040021689771,0.000281159556630273
1.519,0.000594236063387689,0.000236158053534774
1.52,0.000586851831582116,0.000190410217683679
1.521,0.000573938198898304,0.000145898844057857
1.522,0.00057878883984291,0.000102836211180402
1.523,0.000538426137405155,6.06241275234454e-05
1.524,0.000490197036936101,2.04952846301065e-05
1.525,0.000447302554998836,-1.50257834691248e-05
1.526,0.000408006897415787,-4.99628212755621e-05
1.527,0.000381597378385755,-8.28650316769264e-05
1.528,0.000349444169120091,-0.000111876320147752
1.529,0.000343490698223601,-0.000137909876323894
1.53,0.000397169756909117,-0.000170801776846197
1.531,0.000445984486344716,-0.000207456391283944
1.532,0.000507824467955507,-0.000244425374961277
1.533,0.000562596846878811,-0.000279263618701453
1.534,0.000597962798158712,-0.00032502519747396
1.535,0.000634861234495251,-0.000373362304750768
1.536,0.000672963569406382,-0.00042109736902779
1.537,0.000718593567655539,-0.000469649403979033
1.538,0.000759507358455865,-0.000515474207233968
1.539,0.000806702824149204,-0.00056088752811484
1.54,0.00082095891432455,-0.000605973181027175
1.541,0.000833257376639324,-0.000648802235613977
1.542,0.000842871301028322,-0.000689043208447981
1.543,0.000851563948200279,-0.00072425417317834
1.544,0.000859872407408341,-0.000755207818481096
1.545,0.000871083279795489,-0.000785365185120734
1.546,0.000875919843080065,-0.000812469652960945
1.547,0.000886433084540262,-0.00083675472623912
1.548,0.000927747798823793,-0.000869935020311186
1.549,0.000972306991532863,-0.000905222243432924
1.55,0.00101800108196578,-0.00094010360303004
1.551,0.00106222938135671,-0.000972650837499089
1.552,0.00110656102743735,-0.00100299312943325
1.553,0.00115017829123479,-0.00102894382909741
1.554,0.00119452470319486,-0.00105158037179209
1.555,0.00123131121722103,-0.00108124466248005
1.556,0.00127183139680238,-0.00111054824131318
1.557,0.00131237887501066,-0.00113865873329516
1.558,0.00135221644995226,-0.00116445159332673
1.559,0.00139539715077008,-0.00118726249622902
1.56,0.00141178594216823,-0.00120814266534097
1.561,0.00141090650847273,-0.00122531726155767
1.562,0.0014028686651424,-0.00123567145532572
1.563,0.00139445788193201,-0.00124010792638318
1.564,0.00137318921494934,-0.00124363500255997
1.565,0.00136038226173567,-0.00124690607594202
1.566,0.00134143474135652,-0.00124707729189677
1.567,0.00136036655490385,-0.00126126528324971
1.568,0.00138466251464407,-0.00127748092311664
1.569,0.00141485733346521,-0.00129569541372854
1.57,0.00144472708017206,-0.00131186111930337
1.571,0.00147478856281955,-0.00132720171678291
1.572,0.00150735751718287,-0.00134174195297576
1.573,0.0015385745326405,-0.00135293965581912
1.574,0.00157121597594071,-0.00136152708699577
1.575,0.00160153722276061,-0.00136527042539708
1.576,0.00163351321524169,-0.00136514711348595
1.577,0.00163844455200705,-0.0013703146790085
1.578,0.00164190786354584,-0.00137435034933886
1.579,0.00163358979457331,-0.00137686521773839
1.58,0.00162217048998904,-0.00137611575211161
1.581,0.00160403406530162,-0.00136944660059196
1.582,0.00157547427926507,-0.00135763880096534
1.583,0.00156573426613288,-0.0013469600593467
1.584,0.00156047158138798,-0.00134193291536133
1.585,0.00155735947677959,-0.00134050756828502
1.586,0.00158068740315726,-0.00134091176846213
1.587,0.00160370348439036,-0.00133977286485232
1.588,0.00162339050723109,-0.00133513024280757
1.589,0.00164424079282903,-0.00132725706598102
1.59,0.00166370098244467,-0.00131296264993419
1.591,0.00167631424920898,-0.00130492823226935
1.592,0.00164890164427503,-0.00129746894645133
1.593,0.00161984711079111,-0.00128890463856157
1.594,0.00158902350685979,-0.00127630178339427
1.595,0.00155002422641109,-0.00126023757502769
1.596,0.00150288239764838,-0.0012376779226313
1.597,0.00146126171743272,-0.00121248158483372
1.598,0.00142041263079263,-0.00118302872304132
1.599,0.00137671612675792,-0.00114922828451769
1.6,0.00138753586070169,-0.00112853235988414
1.601,0.00140253781274335,-0.00110589140582695
1.602,0.00141533100746851,-0.00108294956944732
1.603,0.00143290318339688,-0.00105730773951257
1.604,0.00144664952388779,-0.00102902635099622
1.605,0.00145443124209824,-0.00101101666612491
1.606,0.00145610402433566,-0.00099351688211563
1.607,0.00147277697703404,-0.000976155723662164
1.608,0.00143096820323253,-0.000960480372698302
1.609,0.00138877755774434,-0.000941256749245223
1.61,0.00134386530869602,-0.000919482314857722
1.611,0.00129244020072707,-0.000892544174358412
1.612,0.00122578564398405,-0.000860887207561167
1.613,0.00119638830489824,-0.000830718051123225
1.614,0.00115428176429132,-0.000795655100624848
1.615,0.00111363140440856,-0.000756876555565444
1.616,0.00106737275371852,-0.000712969822233733
1.617,0.00107805906307969,-0.000683626590018083
1.618,0.00110577876833026,-0.000654690923749646
1.619,0.00113331727473798,-0.00062596748169258
1.62,0.00115671142331102,-0.00059509824377213
1.621,0.00115381954597721,-0.000575823252497998
1.622,0.00115244697423443,-0.000557673572534945
1.623,0.00115886453574856,-0.000539743762853706
1.624,0.00116639699596603,-0.000520317235788437
1.625,0.00117101547347004,-0.000498368168660557
1.626,0.0011192881671596,-0.000476909429074912
1.627,0.00106036782852615,-0.000453701222204006
1.628,0.00100501755834783,-0.000427376562015469
1.629,0.000959054742196944,-0.000400508532267363
1.63,0.000934622901441525,-0.000373629645272489
1.631,0.000896522344828155,-0.000341942615021573
1.632,0.000871932277914412,-0.000306190778717352
1.633,0.000839900752144881,-0.000264257990119365
1.634,0.000816414950916171,-0.000215160244056267
1.635,0.000859008742372256,-0.000177934305190752
1.636,0.000910701729563772,-0.000141354441507147
1.637,0.000897017401321707,-0.000121772519605823
1.638,0.000901015512151778,-0.000105650145306946
1.639,0.000905694782765187,-9.04045160183276e-05
1.64,0.000914657566883855,-7.54366902534498e-05
1.641,0.000923159993976165,-5.97749534810843e-05
1.642,0.000951164860087148,-4.3987837699877e-05
1.643,0.000909003094628321,-2.71950271194532e-05
1.644,0.000870196197861279,-8.86421988349761e-06
1.645,0.000823873668092339,1.32597053488781e-05
1.646,0.000761047091665059,3.55086907681268e-05
1.647,0.000733412191904478,5.80729835172877e-05
1.648,0.000711507980700642,8.37411314614789e-05
1.649,0.000686549802679953,0.000113816161513736
1.65,0.000739039406801405,0.000130735260301718
1.651,0.000799922171814736,0.000149111924537537
1.652,0.000854306618969022,0.000167935977881339
1.653,0.00090510435126161,0.000188892498467319
1.654,0.000932162168518697,0.000196909569543713
1.655,0.00094189977761411,0.000203414381353295
1.656,0.000966882796187072,0.000209166983048237
1.657,0.000921395733017175,0.000214859675181589
1.658,0.000878280074494228,0.000221961161791739
1.659,0.000834141812047598,0.000230925171545271
1.66,0.000783561420684846,0.000243881946579649
1.661,0.000734100337632872,0.000261599854956385
1.662,0.000704724683792797,0.000281202973518468
1.663,0.000679539302126586,0.000302247231013075
1.664,0.000654718987130627,0.000327589153539865
1.665,0.000685105089849686,0.000339002360684959
1.666,0.0007331187882194,0.000350327960746744
1.667,0.00077439597129169,0.000360957929540773
1.668,0.00081772172707665,0.000373201544875024
1.669,0.00086234950532183,0.000387453241318059
1.67,0.000869392970838353,0.00038756384704719
1.671,0.000879552603424678,0.000387474032934709
1.672,0.000894870911783096,0.000387725678862083
1.673,0.000863868971625488,0.000388257713111906
1.674,0.000811327299586809,0.000388027459766294
1.675,0.000766733245808084,0.000390711553472423
1.676,0.000719480105756168,0.000396257266920996
1.677,0.000680872480511402,0.000406727527241635
1.678,0.000644301154193269,0.000422352888237332
1.679,0.000613875967737467,0.000439494831822984
1.68,0.000599757703066001,0.000458205723048832
1.681,0.000587263939936612,0.000481271571479536
1.682,0.000615903669891803,0.000488697401760774
1.683,0.000650404785142805,0.000495068463129522
1.684,0.000682431868690116,0.000499952500367939
1.685,0.000718025182249063,0.000506400712829369
1.686,0.000756418781420175,0.000514893325934296
1.687,0.000767565520699423,0.000508851994407811
1.688,0.000774826745844065,0.000502302367477836
1.689,0.00078911542061812,0.000495397126273445
1.69,0.000802704542423969,0.000489448778974
1.691,0.000761316441906995,0.000479253090280518
1.692,0.00071419383582044,0.000471747301182879
1.693,0.000675482166993499,0.000467018667013874
1.694,0.000641394349112994,0.000465812899263895
1.695,0.000617470806459613,0.00046863088036786
1.696,0.00059852132798996,0.000469681011922407
1.697,0.00056728085816149,0.000474137054259971
1.698,0.000551290521199681,0.000481980734063192
1.699,0.000541008376501867,0.000494929822655366
1.7,0.000544621636397338,0.000512460016787841
1.701,0.000566578868960641,0.00051694912174638
1.702,0.000589014806073282,0.000518543368349833
1.703,0.00061357668452755,0.000520300956149966
1.704,0.000644092196405018,0.000523453663226259
1.705,0.000635821703404883,0.00051023448668891
1.706,0.00062750828956502,0.000495463088132364
1.707,0.000625578343920911,0.000479623126570072
1.708,0.000622944983383258,0.00046453735609997
1.709,0.00063654483315338,0.000450139439158115
1.71,0.000644432014760879,0.000438982285614675
1.711,0.000611460012311313,0.000425172667539941
1.712,0.000575811212369767,0.000414232502636891
1.713,0.000551306114792334,0.00040586694641831
1.714,0.000537104782968216,0.000401514933441371
1.715,0.000496128298663871,0.000396553536338384
1.716,0.000461959196534801,0.000391230334635506
1.717,0.000431574403107016,0.000388635121950587
1.718,0.000413270641574473,0.000388301589122342
1.719,0.000399972444282518,0.000394046905447309
1.72,0.000405361235984954,0.000405356669714529
1.721,0.00042767675466477,0.00042317530394409
1.722,0.000444722176662646,0.000429801982392453
1.723,0.000459520180269981,0.000433149465615956
1.724,0.000490481415762087,0.000437840382639276
1.725,0.000473593448268151,0.000425630012395928
1.726,0.000453224018318152,0.000409722046367522
1.727,0.000439193998677157,0.000390931939441119
1.728,0.000426771722936225,0.000372381389457888
1.729,0.000425017485242254,0.000353900941040486
1.73,0.000428740449434788,0.000338871838521215
1.731,0.000395552855688618,0.000322294947671331
1.732,0.000368529267037307,0.000309444381221657
1.733,0.000353691518778507,0.000299421738619854
1.734,0.000348354860842309,0.00029306702646309
1.735,0.000316296379087586,0.000286913858665638
1.736,0.000293691322166001,0.000281439729782784
1.737,0.000286257578531625,0.000279673157945137
1.738,0.000292327383463807,0.000281599007927569
1.739,0.000281869960830843,0.000273568697835458
1.74,0.000278572508809994,0.000263899813123303
1.741,0.000289249187246694,0.000255505127142508
1.742,0.000302603154999198,0.00024870686769829
1.743,0.000290503832741433,0.000230948943270526
1.744,0.000278178238284104,0.000212701901080359
1.745,0.000285766410862186,0.000193970385051145
1.746,0.000252695545461339,0.000175236900395059
1.747,0.000217995299209841,0.000159539162761513
1.748,0.000190516029081561,0.000146595846215958
1.749,0.000174736471966872,0.000138826861206864
1.75,0.000183903572994498,0.000135451085642113
1.751,0.000169600176957705,0.00013306723684553
1.752,0.00017306708193569,0.000132384493357784
1.753,0.000200952727158089,0.000136216597803773
1.754,0.00017871849698052,0.00012692981610879
1.755,0.000149648672929937,0.000116634788426329
1.756,0.000125746294108116,0.0001052616959068
1.757,0.000109094004060102,9.56152277621358e-05
1.758,0.000111921307767889,8.86820011907763e-05
1.759,0.000122284532894416,8.41339592825285e-05
1.76,0.000104191795907617,6.95092479907067e-05
1.761,0.000135845656491131,5.54138862317588e-05
1.762,0.000188287840058388,4.28081748984344e-05
1.763,0.000172508262634062,3.0067186596261e-05
1.764,0.000180775520237116,1.79071928729235e-05
1.765,0.000196716423426184,8.48201486486344e-06
1.766,0.000239512447217437,1.49998272996887e-06
1.767,0.000271837480396428,0
1.768,0.000252373794162877,5.94589892100039e-07
1.769,0.000244447855625473,3.98099248777317e-06
1.77,0.000255411324022572,1.0901112117323e-05
1.771,0.000280694587105134,2.25212380022266e-05
1.772,0.000250899007348906,2.26038471995982e-05
1.773,0.000212038600037335,2.16661250385108e-05
1.774,0.000181243804119697,1.94944861715007e-05
1.775,0.000148081269133023,1.88634290278489e-05
1.776,0.000102314866742299,5.53350631621319e-06
1.777,8.87181228979451e-05,-8.74906898362671e-06
1.778,9.43345871053733e-05,-2.4100263276261e-05
1.779,0.000129873834868737,-3.77326469222505e-05
1.78,0.000166229640079002,-5.07191711290877e-05
1.781,0.000207695631666439,-6.13714165816903e-05
1.782,0.000263330912815794,-6.84781525668865e-05
1.783,0.000313086553582525,-7.06711553870032e-05
1.784,0.000327815934208264,-7.09373914468681e-05
1.785,0.000333472166386589,-6.98482132059364e-05
1.786,0.000353803944544306,-6.48543444962124e-05
1.787,0.000382931599673953,-5.54964446029538e-05
1.788,0.000353732064765997,-5.75248368431813e-05
1.789,0.000326396036288352,-6.06600908074628e-05
1.79,0.000303997453789656,-6.3938867045199e-05
1.791,0.000283923963093656,-6.45844659308836e-05
1.792,0.000244524794169428,-7.71518368370971e-05
1.793,0.000221517935771805,-9.05379301105458e-05
1.794,0.000187090795289583,-0.000105245421019418
1.795,0.00018184875952185,-0.000117754172314077
1.796,0.000184081523633275,-0.000127938641703518
1.797,0.000219941218562138,-0.000137675222109779
1.798,0.000273375798382127,-0.000147184231929331
1.799,0.000324461846156232,-0.000152724128549386
1.8,0.00038232915221614,-0.000153983746228936
1.801,0.000386544881012188,-0.000157993812242185
1.802,0.000400640232625451,-0.000159246712696515
1.803,0.000407847760922128,-0.000158043943007724
1.804,0.000430335661967365,-0.000151513737664644
1.805,0.000456564854793471,-0.000140654689200548
1.806,0.000487649264188273,-0.00012308739290412
1.807,0.00044951214605368,-0.000117453836074699
1.808,0.000419257344476268,-0.000111428771279343
1.809,0.000398069698478987,-0.000105615382763047
1.81,0.000374620573220628,-9.9308628928374e-05
1.811,0.000314703838770771,-0.000107027652678615
1.812,0.000275819978077096,-0.00011675296828384
1.813,0.000242483282517649,-0.000127048916871653
1.814,0.00022092239777508,-0.000136148867223185
1.815,0.000204021546197895,-0.000144216323967328
1.816,0.00024447705533647,-0.000152489733903804
1.817,0.000285392153869014,-0.000158567246749231
1.818,0.000339039894677283,-0.000162230112537409
1.819,0.00039232704560923,-0.000161084822387247
1.82,0.000452478555533186,-0.000155443230647367
1.821,0.00046717436202481,-0.000150669442452178
1.822,0.000494842270839919,-0.000143438867246937
1.823,0.000513654421147656,-0.000133806709476714
1.824,0.000546871903784415,-0.000119301630136237
1.825,0.000571289151133611,-0.000100290518394663
1.826,0.000536703865474627,-9.22829283234172e-05
1.827,0.000506708120509256,-8.90114473283132e-05
1.828,0.000480158940721225,-8.58866055079566e-05
1.829,0.000449996651834904,-8.24709226976972e-05
1.83,0.000426720755292934,-7.56015630646867e-05
1.831,0.000377486571875094,-8.25980382415104e-05
1.832,0.000320766157027208,-9.19469238009341e-05
1.833,0.000280982274960531,-0.000101141597478649
1.834,0.000234751503435026,-0.000110442714302716
1.835,0.000207143049064531,-0.000117375112913876
1.836,0.000249592758910482,-0.000127282338553469
1.837,0.0002982884033158,-0.000133805054007896
1.838,0.000348215548131265,-0.000138159668500559
1.839,0.000408117656799971,-0.000139048512771023
1.84,0.000464640475601374,-0.000134149392839122
1.841,0.0005056039908211,-0.000127942275634896
1.842,0.000532753006362929,-0.000121006235682009
1.843,0.000566757649728967,-0.000111137272152007
1.844,0.000597595086129743,-9.88135924073763e-05
1.845,0.000643510997245738,-8.16069913043838e-05
1.846,0.00062000199575212,-7.76533358519127e-05
1.847,0.000596278172369695,-7.53902291709685e-05
1.848,0.000570469441492216,-7.49180938745542e-05
1.849,0.000543392573550128,-7.1856974890705e-05
1.85,0.000520041477493647,-6.6742906610795e-05
1.851,0.000460800948601022,-7.58147086257766e-05
1.852,0.000420773182474569,-8.57659613097139e-05
1.853,0.000378060866640962,-9.5894158088361e-05
1.854,0.000346071319308946,-0.000104462089105195
1.855,0.000307303243993456,-0.000111022451967036
1.856,0.00035180186969939,-0.000119112983998249
1.857,0.000398600916877569,-0.000125852881901811
1.858,0.000441997723488505,-0.000129729767399001
1.859,0.000488323025348451,-0.000130724190938902
1.86,0.000550889424788963,-0.00012757283063225
1.861,0.000560317206756411,-0.000126679241349958
1.862,0.000583653512705546,-0.000121757949043233
1.863,0.000603673602315445,-0.000114719778547712
1.864,0.000628806792351207,-0.000103942478070329
1.865,0.000659331959892645,-8.94244809743205e-05
1.866,0.000683641546757355,-6.86193922484479e-05
1.867,0.000643294673069225,-5.8738187780516e-05
1.868,0.000600325862082087,-5.25966980178816e-05
1.869,0.000558839643560667,-4.61858875832055e-05
1.87,0.000523230025653532,-3.82809585695587e-05
1.871,0.000485063728382255,-2.78302801151042e-05
1.872,0.000414139230129,-3.23167570790428e-05
1.873,0.000366153427660178,-3.92366851680315e-05
1.874,0.000318757098483623,-4.7506760732674e-05
1.875,0.000281086832780697,-5.48167729809701e-05
1.876,0.000331373532799174,-6.50671178010209e-05
1.877,0.000385080394331426,-7.23519147406981e-05
1.878,0.000438213041652648,-7.69454752629906e-05
1.879,0.00048798163503842,-7.78826296591872e-05
1.88,0.000548475676953552,-7.48154973385651e-05
1.881,0.000611959291261645,-6.53800711002961e-05
1.882,0.000684867953694699,-5.00368038664489e-05
1.883,0.000709555240280118,-3.64915959469303e-05
1.884,0.000751016538659001,-2.00587541497876e-05
1.885,0.000786264336947773,-1.8192935523631e-06
1.886,0.000740794951752589,3.21824613896959e-06
1.887,0.000698393941572794,2.93046764826554e-06
1.888,0.000660242293527406,1.22302775618088e-06
1.889,0.000620136367263053,-1.06775418839966e-07
1.89,0.000573816877080826,8.8613990156805e-07
1.891,0.000531638770680818,3.97593436873844e-06
1.892,0.000488560044446201,1.10593137794268e-05
1.893,0.000439836583667057,6.07432771992933e-06
1.894,0.000410220404597194,2.07614615499452e-07
1.895,0.000374470716913281,-6.3578009749099e-06
1.896,0.000415132365526842,-1.43526835632013e-05
1.897,0.000458321674808355,-2.30364434988251e-05
1.898,0.000505084625759058,-2.98716743055705e-05
1.899,0.000563499704696224,-3.35486555161912e-05
1.9,0.000617242423256533,-3.14415253833134e-05
1.901,0.000679436203258943,-2.45220130796198e-05
1.902,0.000694799771532956,-1.84633193192063e-05
1.903,0.000723550946682032,-8.67955198680104e-06
1.904,0.00074148719600016,4.5890923489611e-06
1.905,0.000775761796365601,2.32683589405092e-05
1.906,0.000728145091515972,2.7357424996044e-05
1.907,0.0006870317095894,2.99213471727233e-05
1.908,0.000651529263767628,3.21021520446885e-05
1.909,0.000614475428293963,3.43751504882084e-05
1.91,0.000571372493380518,3.93196564822396e-05
1.911,0.000531958939100034,3.07370358975656e-05
1.912,0.000504972860918513,2.09574921550271e-05
1.913,0.000466682722749882,9.53017974136827e-06
1.914,0.000445517241540463,-1.23529757312113e-07
1.915,0.000419757654565649,-8.94689094799173e-06
1.916,0.000454761012067512,-1.7702663069441e-05
1.917,0.000509314977472146,-2.64506179078472e-05
1.918,0.000563096460994234,-3.188920461622e-05
1.919,0.000631083418932008,-3.3349551238071e-05
1.92,0.000694240172618811,-2.87210487623368e-05
1.921,0.000705919594901529,-2.73347686066128e-05
1.922,0.000730630493838691,-2.3489851358971e-05
1.923,0.000751851201144769,-1.69928374644246e-05
1.924,0.000786227925254984,-5.68712223164569e-06
1.925,0.00081923697720299,9.19049476866274e-06
1.926,0.00086070157904096,3.07157166168914e-05
1.927,0.000823041689859539,3.96694332737701e-05
1.928,0.000786952160933844,4.50054187652871e-05
1.929,0.000753559222497765,5.0230399173512e-05
1.93,0.000715627497313502,5.55626108327822e-05
1.931,0.00067485545272141,6.52252589112279e-05
1.932,0.000631049891260707,6.30013510624083e-05
1.933,0.000578573689807118,6.23261576501721e-05
1.934,0.000536877457777284,6.63316498718536e-05
1.935,0.000494251973356627,7.50057550162886e-05
1.936,0.00053797782000439,8.51751638507037e-05
1.937,0.000603811272443132,9.61095884950969e-05
1.938,0.000672140687706468,0.00011228122662138
1.939,0.000749796486952034,0.000131877338605757
1.94,0.000833834507145387,0.000157058167707058
1.941,0.000925066443328757,0.000187627504167343
1.942,0.00101989745934774,0.000224849039733244
1.943,0.00112167617462971,0.000266865857849519
1.944,0.0012314042606973,0.000315022711133928
1.945,0.00129544084726572,0.000359180495136169
1.946,0.00137773580684379,0.00040664377647337
1.947,0.00144653091912612,0.000455542467186043
1.948,0.00143170366136925,0.00048818409118212
1.949,0.00141066557521899,0.000512067159446294
1.95,0.00137967364733557,0.000532603894999206
1.951,0.00134856084163541,0.000549554604600599
1.952,0.00131830216640025,0.000565874464202476
1.953,0.00127116189694253,0.000563728594463075
1.954,0.00123137799792347,0.000558420939398507
1.955,0.00117761497666563,0.000549252377404053
1.956,0.001143345535794,0.00053932449954458
1.957,0.00109256947891764,0.000528625367062163
1.958,0.00112073256611544,0.000514944073226054
1.959,0.0011518580947123,0.000502359382600903
1.96,0.00118465128665039,0.000493154453698907
1.961,0.00123371441510885,0.000486103804938298
1.962,0.00129367941896006,0.000486658106162552
1.963,0.00134439015073611,0.000487482350100321
1.964,0.00137760415610583,0.000487369736009713
1.965,0.0014197339831976,0.000489483508239685
1.966,0.00146693731034965,0.000494254154294771
1.967,0.00151230507704906,0.000504087052141
1.968,0.00147454119229636,0.000498156442288955
1.969,0.00143804355579528,0.000488001021479778
1.97,0.0014025678141274,0.000475295827091105
1.971,0.00136481802075517,0.000460720429728501
1.972,0.00132044962352037,0.000446216627945695
1.973,0.00127311751146303,0.000432342880055281
1.974,0.00122643372190214,0.000420968162784252
1.975,0.00115458457933865,0.000396603964095799
1.976,0.00109833962188923,0.000371049141557445
1.977,0.0010261795494801,0.000344118372369639
1.978,0.000967576724754184,0.000318825515844723
1.979,0.000975230099788674,0.000290039727145419
1.98,0.00100145607238168,0.000265043138531595
1.981,0.00103876563325748,0.00024334638180501
1.982,0.00108158575005608,0.000226064275444915
1.983,0.00113500249388101,0.00021347399673749
1.984,0.00117336021211963,0.000200275239763903
1.985,0.00121586028766456,0.000189500343240001
1.986,0.00124562295890626,0.000179180485556485
1.987,0.00128939755918648,0.000176186682266155
1.988,0.00133138829995695,0.000178425884354516
1.989,0.00137205475743095,0.000188505610493328
1.99,0.00133579621104548,0.000187212699672534
1.991,0.00129509843858428,0.000181731573596744
1.992,0.001254063719368,0.000175760872788366
1.993,0.00121114699067873,0.000170589215411521
1.994,0.00116729775989088,0.000167601417016605
1.995,0.00111932712972007,0.000167352359802531
1.996,0.00105796966538137,0.000154967324806798
1.997,0.00101000029064991,0.000142120623811637
1.998,0.000945828399717742,0.000128232355601221
1.999,0.000896166500484322,0.000116081438546245
2,0.000833985850461255,0.000104967874619555
2.001,0.000785732939394343,9.72517664892258e-05
2.002,0.000813475962563613,8.70280268112089e-05
2.003,0.000858934562377285,8.19513572319353e-05
2.004,0.000916153305944501,7.99229417298153e-05
2.005,0.00094502833046222,7.4626777488096e-05
2.006,0.000990174490019078,7.10832277966422e-05
2.007,0.00102028417081215,6.83705733618423e-05
2.008,0.00106315356636984,6.89303593627288e-05
2.009,0.00111000379513608,7.48135921915249e-05
2.01,0.00114775841874667,8.55876165706815e-05
2.011,0.00111304111799259,8.58949286929866e-05
2.012,0.00107589259408237,8.27522970812122e-05
2.013,0.00103921195013964,7.87316284652784e-05
2.014,0.00100707697583398,7.67790683849912e-05
2.015,0.000973409141041795,7.44425727123854e-05
2.016,0.000920984523294104,5.65872441353754e-05
2.017,0.000884500939244602,3.6399630097661e-05
2.018,0.000829091404848717,1.32776070247975e-05
2.019,0.000787296158763243,-9.18987183207154e-06
2.02,0.000731322347561229,-3.14694085156719e-05
2.021,0.000759115125602019,-5.56137940206924e-05
2.022,0.000785327938934498,-7.79014458791583e-05
2.023,0.000819503784795567,-9.75072458833659e-05
2.024,0.000867765356148014,-0.000113369630721338
2.025,0.000924641522043825,-0.000124394140171791
2.026,0.000990751774082346,-0.000130286447893257
2.027,0.00103224405270951,-0.00013765134505872
2.028,0.00106111597080617,-0.000144012587152409
2.029,0.00110588186850352,-0.000144233473130695
2.03,0.0011483340029062,-0.00014185519736315
2.031,0.00118711774962449,-0.000133670739843217
2.032,0.00116086788387904,-0.00013736514550311
2.033,0.00113351946480173,-0.000145008859397333
2.034,0.00110200005642078,-0.000153671367111363
2.035,0.00106792128969158,-0.000163223993353001
2.036,0.00103249513626482,-0.000171087391846736
2.037,0.000993505078017529,-0.000177775351701492
2.038,0.000932775196766955,-0.000199281843487886
2.039,0.000892410958811061,-0.000223508638187542
2.04,0.000849290828552691,-0.000249814856745967
2.041,0.000809625387201426,-0.000276292578732129
2.042,0.00077827749852793,-0.000301993945470425
2.043,0.00081268831419728,-0.000331569938277099
2.044,0.000859431548915124,-0.0003600430081101
2.045,0.000909830766646909,-0.000387885046433001
2.046,0.000965691664695863,-0.000412995395483728
2.047,0.00102485647146857,-0.000434631700190702
2.048,0.00108875986298975,-0.000452318043431932
2.049,0.0011390431812743,-0.00047061252164593
2.05,0.00118128236249381,-0.000486837058593204
2.051,0.00123164197110741,-0.000500276504459163
2.052,0.00127106911512319,-0.000511854233394782
2.053,0.0013222330882918,-0.000518377624262878
2.054,0.00136192285290416,-0.000521088481015841
2.055,0.00135092070042915,-0.000534519856035587
2.056,0.00134053182343689,-0.000552619070954274
2.057,0.00132464223465495,-0.00057151329909777
2.058,0.00130878272552139,-0.000591474079938814
2.059,0.00128383335692393,-0.000625679780929811
2.06,0.00127735920225995,-0.00066138145453204
2.061,0.00126238701488674,-0.000698067146199632
2.062,0.0012574599110568,-0.000731879560477211
2.063,0.00124680765805057,-0.000762450369014123
2.064,0.00124169020073543,-0.000788090487851056
2.065,0.00128567569346651,-0.000813238678734507
2.066,0.0013280722415839,-0.000834456221965318
2.067,0.00137433235382024,-0.00085297644308524
2.068,0.00142042505323341,-0.000865551238670381
2.069,0.00146582345596609,-0.000875889993404988
2.07,0.00149347173922256,-0.000884614435151365
2.071,0.00152921636841153,-0.000888017649905204
2.072,0.00155996254285278,-0.000886908441619705
2.073,0.00158931878399321,-0.000880758226804723
2.074,0.00157779672956499,-0.000882983558287975
2.075,0.00155884838546972,-0.000888521426177069
2.076,0.00152756164206045,-0.000905778045829031
2.077,0.00151523876395387,-0.000924453370728773
2.078,0.00150526316658425,-0.000944406746296256
2.079,0.00150155630329439,-0.000961296522088539
2.08,0.00149485383631995,-0.000977348966900382
2.081,0.00149189922429775,-0.000989263311597544
2.082,0.00148378124626281,-0.000998132976693933
2.083,0.00151151292876352,-0.00100327272059514
2.084,0.00155147782584269,-0.00100562295862611
2.085,0.00159149496527335,-0.00100224353217837
2.086,0.00163653923437519,-0.000993568825543467
2.087,0.00164857611083556,-0.000985052480137805
2.088,0.00167143462129404,-0.000971933921704249
2.089,0.00168650983972205,-0.000955129245958253
2.09,0.00169642003120804,-0.000933625191776088
2.091,0.00166153694493337,-0.000920669879677483
2.092,0.00163005732421716,-0.000910648445045181
2.093,0.00159104599342915,-0.000899446665404535
2.094,0.00155733309343613,-0.00088626874224218
2.095,0.00153253929463134,-0.000883059040320322
2.096,0.00150659269054682,-0.000879642212021026
2.097,0.00149027792211875,-0.000875307073678666
2.098,0.00146583773763911,-0.000869391843676903
2.099,0.00143798058252596,-0.000860242886010165
2.1,0.00146536838463759,-0.000850114132709967
2.101,0.00149473758902551,-0.000836822686578087
2.102,0.00152914167227739,-0.000819805032602594
2.103,0.00156935547130392,-0.000796832350364318
2.104,0.00156796241924989,-0.000773331126049104
2.105,0.0015800868719111,-0.000746050536853726
2.106,0.00159204140667954,-0.000715309439667688
2.107,0.00159595382421395,-0.000681029371244202
2.108,0.00161292091344248,-0.000640113444800694
2.109,0.00156675856973343,-0.000613126169077938
2.11,0.00151292436123898,-0.000586057369165505
2.111,0.00146444437849309,-0.00055902225331006
2.112,0.00140940575352685,-0.000530119919423089
2.113,0.00138633196778383,-0.000513611354192645
2.114,0.00135631456248024,-0.000499878016603617
2.115,0.00131821885479425,-0.000485961298750115
2.116,0.0013036649029422,-0.000470137653358627
2.117,0.00126753128171141,-0.000454005353458187
2.118,0.00130738821557278,-0.000436641337033528
2.119,0.00135935147512756,-0.000416900641687756
2.12,0.00140775716601151,-0.000392468597099127
2.121,0.00146343343779757,-0.000364082298672908
2.122,0.00146423794777094,-0.000339282255286621
2.123,0.0014852893267156,-0.000311010908503051
2.124,0.00150071483109275,-0.000280411230936695
2.125,0.0015225767937617,-0.00024680452101683
2.126,0.00153884830292334,-0.000208253322997398
2.127,0.00157459738861599,-0.000163063778202521
2.128,0.00153474629729025,-0.000133462297811193
2.129,0.00148538001688697,-0.000104546190219046
2.13,0.00144034741370097,-7.64666480340126e-05
2.131,0.00139261464194127,-4.69681130663702e-05
2.132,0.00136082232122981,-3.33595675433562e-05
2.133,0.00132582819779134,-2.18709961302133e-05
2.134,0.00129447178917394,-1.02273253712037e-05
2.135,0.00127251251356981,2.64666889510101e-06
2.136,0.00123150804156076,1.68994863313787e-05
2.137,0.00128484643451958,3.06878383323772e-05
2.138,0.00133527884401215,4.75254332178432e-05
2.139,0.00138305674742775,6.76760846194946e-05
2.14,0.00143193000074512,9.2388576244995e-05
2.141,0.00148903872469845,0.000121645059024178
2.142,0.00150779377448125,0.000148774542079622
2.143,0.00153540670585583,0.000176306787910308
2.144,0.00156213383771734,0.000205405756495802
2.145,0.00160353386434902,0.000238711695970395
2.146,0.00163330984602988,0.000275609303960311
2.147,0.00157904776561743,0.000297903210474071
2.148,0.0015259872163552,0.00031601727236219
2.149,0.00148000423248535,0.000333359881797224
2.15,0.00143112854894549,0.000351052712861732
2.151,0.00138951673059716,0.00037067887817005
2.152,0.00134471487022379,0.000392730109216699
2.153,0.00127936913241406,0.000399214815682114
2.154,0.00123034460561898,0.000404698845425433
2.155,0.00117155956616274,0.000409681781651516
2.156,0.00120990858473876,0.000412512285023925
2.157,0.00124673912848222,0.000416574899510358
2.158,0.00128158100690626,0.000422499783543528
2.159,0.00131876014281014,0.000431415239792676
2.16,0.00135732377111382,0.000445108521507642
2.161,0.0014181578913869,0.000463664709509093
2.162,0.00148949253514806,0.000490193063982236
2.163,0.0015431540511618,0.000516785380654639
2.164,0.00160474155091228,0.000545626705786284
2.165,0.00166523405529122,0.000576865336256283
2.166,0.0016411521653475,0.000588793364835971
2.167,0.00161711174124369,0.000596076456020889
2.168,0.00159407836464541,0.000600211249015825
2.169,0.00157321491514001,0.000603000110702412
2.17,0.00153950842640959,0.000607133485250322
2.171,0.00150759057932759,0.000613112495652435
2.172,0.00146909820398799,0.000622904196623142
2.173,0.00142115459667609,0.000619125684830357
2.174,0.00138974546539944,0.000614410727105719
2.175,0.0013329019653157,0.000608735023680362
2.176,0.00136461312895283,0.000601584465008631
2.177,0.00139792195580464,0.000594060847501687
2.178,0.00142983838064711,0.000588742638417294
2.179,0.00146625558101841,0.000585705398641112
2.18,0.00151335969310802,0.000588560658621229
2.181,0.00157834193031126,0.000592948493650103
2.182,0.00162108433050288,0.000598015617410297
2.183,0.00166930535072209,0.000606651589557694
2.184,0.00171755926096611,0.000619127460915692
2.185,0.0017670053034947,0.000635093663368225
2.186,0.0018144802370964,0.00065735113640325
2.187,0.00179398837989111,0.000666430524521477
2.188,0.00177229928923368,0.000671073633692787
2.189,0.0017512038674495,0.000675042715016005
2.19,0.0016905914538673,0.000663174693470048
2.191,0.0016558750033278,0.00064938064706227
2.192,0.00159776741332746,0.000633876505666375
2.193,0.00156396723664694,0.000619966553080054
2.194,0.00151802179385064,0.000608320048300137
2.195,0.00147425325990968,0.000600758509225974
2.196,0.00149370805634854,0.000592333743085705
2.197,0.00153268866581544,0.000588131995168995
2.198,0.00158099726172321,0.0005868852093735
2.199,0.00159883440733544,0.000582170947610317
2.2,0.00163964876260587,0.000579528645379634
2.201,0.00166815748423745,0.000578181714506243
2.202,0.00170686003506148,0.00057941596868144
2.203,0.00174369926193738,0.000585339662612261
2.204,0.0017908640761196,0.000596185107394731
2.205,0.00176708024128738,0.00059431511619995
2.206,0.00174587071267964,0.000589877314486453
2.207,0.00172183321326311,0.000585489028211594
2.208,0.0016889390007366,0.00058032037605571
2.209,0.00165275809352158,0.000578078551009775
2.21,0.00158248236660199,0.00056150817065137
2.211,0.00153369579958631,0.000542779004219451
2.212,0.00147285238352838,0.000523675991981165
2.213,0.00142924779525836,0.000506428674604043
2.214,0.00144944846780635,0.000487420923073634
2.215,0.00148379628109237,0.000471236769538641
2.216,0.00152158369591614,0.000456986892474698
2.217,0.00156287880821641,0.000447570533292585
2.218,0.00161226765441359,0.000442128113627149
2.219,0.00167508394464086,0.000443330120657448
2.22,0.00171603455152741,0.000444640782099048
2.221,0.00177649870853538,0.000448422935568571
2.222,0.00182902288863991,0.000454473406985234
2.223,0.0018884221879437,0.000464378861724679
2.224,0.00195198022960134,0.00047980847271728
2.225,0.00193028287319927,0.000478977215856657
2.226,0.00191336757677165,0.00047432729662894
2.227,0.00189550000327883,0.000468215160671692
2.228,0.00187136359264715,0.000460493636017578
2.229,0.00183949838980751,0.000454861408484164
2.23,0.00179564807546211,0.000434168665998325
2.231,0.00174974083413969,0.00041239037184726
2.232,0.001710761253302,0.00039024595140702
2.233,0.00164014754696548,0.000366568574796167
2.234,0.00159578046882221,0.00034622131179135
2.235,0.00153658284705162,0.000329175030343409
2.236,0.0015569904906565,0.000312228549240845
2.237,0.00157966271193245,0.000296270260937925
2.238,0.0016153172737345,0.000281810301929586
2.239,0.00166463286351547,0.000273049881530152
2.24,0.0017152209585567,0.000264168960601774
2.241,0.00175009436191476,0.000255415512091961
2.242,0.0017905882392994,0.000248435888156706
2.243,0.00184165168865434,0.000246062807024883
2.244,0.00188230359320637,0.000247731945393848
2.245,0.00193532160383534,0.000255135361019065
2.246,0.0019793674029379,0.000266860648765188
2.247,0.002024530852142,0.000286099026450493
2.248,0.00200291609454316,0.000293581037044299
2.249,0.00197746199098875,0.000297202771355254
2.25,0.00195707276766816,0.000300715678519858
2.251,0.00190986165827513,0.000285160821118013
2.252,0.00187828535263448,0.000266565630631599
2.253,0.00181865981158748,0.000244310049283492
2.254,0.00178476886128934,0.000222729686751855
2.255,0.00173852234442546,0.000202612979908201
2.256,0.00168255627984922,0.000185647899968222
2.257,0.00164725678610973,0.000172185847184925
2.258,0.00166996029781181,0.000158386048072334
2.259,0.001711371724286,0.00014818092065938
2.26,0.00175678822916698,0.000141052918507467
2.261,0.00180656992124858,0.00013935190184533
2.262,0.00186912804220378,0.000137413940827724
2.263,0.00191213576908591,0.000134403691169682
2.264,0.00196776610513826,0.000134927608368807
2.265,0.00201932161287395,0.000138729864488041
2.266,0.00207201272395758,0.000146100345225386
2.267,0.00212954784112671,0.000159021262661152
2.268,0.00210906441374779,0.000158138862584589
2.269,0.00209507577131139,0.000155360495225965
2.27,0.00208260265849555,0.000150914437971716
2.271,0.00206082150968759,0.000147840611702921
2.272,0.00203356812373532,0.000146048384244812
2.273,0.00196608527141423,0.000127964968686389
2.274,0.00192244665923532,0.000108998267230875
2.275,0.00186275964677854,8.86431903174834e-05
2.276,0.00181730564533196,7.02660042671277e-05
2.277,0.00175276498860666,5.44455286019541e-05
2.278,0.00178517538539484,3.73853590802664e-05
2.279,0.0018148536590916,2.21814864921899e-05
2.28,0.00185108395236782,9.91993339316544e-06
2.281,0.00188349449565295,2.45949157628989e-06
2.282,0.00192083603892204,-1.34571158105778e-06
2.283,0.00196849313686378,1.96924933015818e-06
2.284,0.00204226500094591,6.53707909742396e-06
2.285,0.00209044688016443,1.10422303398194e-05
2.286,0.00215027865082267,1.92108250060552e-05
2.287,0.0022044565662489,3.09424977359973e-05
2.288,0.00225787998391208,4.62722172871466e-05
2.289,0.00231620288882877,6.76915335166561e-05
2.29,0.002296152342343,7.4675984527095e-05
2.291,0.00227895112590109,7.75535447578024e-05
2.292,0.0022637515917621,7.91389517321717e-05
2.293,0.00224762045643729,8.06407169668399e-05
2.294,0.00222693001624946,8.21564532194063e-05
2.295,0.00215827845155249,6.79067332182148e-05
2.296,0.00211549221599027,5.20757551947248e-05
2.297,0.00206594707446023,3.51780801339796e-05
2.298,0.00202022322226508,1.89167299524673e-05
2.299,0.00197465811744009,4.28383204215121e-06
2.3,0.00192748020435775,-6.59983456013924e-06
2.301,0.00195429228928045,-2.05325438981108e-05
2.302,0.0019874654335616,-3.07535492156119e-05
2.303,0.00202619190254603,-3.8957049169841e-05
2.304,0.00207111431763473,-4.11015414850113e-05
2.305,0.00211975155600554,-3.87084817489169e-05
2.306,0.00214511586338402,-3.88620656348593e-05
2.307,0.00219448799289444,-3.62593609326556e-05
2.308,0.00223132495264002,-3.15482262542854e-05
2.309,0.00227543418830864,-2.37134360230873e-05
2.31,0.00232420477344615,-1.03263123556463e-05
2.311,0.00236726410412586,7.32326941610406e-06
2.312,0.00233949110517381,1.31932959313574e-05
2.313,0.00230907630776028,1.56502752517995e-05
2.314,0.00228191093817228,1.83691734986224e-05
2.315,0.00225273690316874,2.21524024132114e-05
2.316,0.00222380572801444,2.74127239777155e-05
2.317,0.00216345539873573,1.64691519256577e-05
2.318,0.00212338574348098,3.86565476978573e-06
2.319,0.00206566942040358,-1.02518158762721e-05
2.32,0.00202552917781456,-2.30958664896308e-05
2.321,0.00196909339584159,-3.44736421105107e-05
2.322,0.00200195513182672,-4.60913344247915e-05
2.323,0.00203437632241442,-5.63810104090567e-05
2.324,0.00206619584723022,-6.31142705017074e-05
2.325,0.00210333170045242,-6.74541865192668e-05
2.326,0.00215502972793675,-6.5724427013969e-05
2.327,0.00221243445596303,-5.82386321990036e-05
2.328,0.00224387429835298,-5.2313203740717e-05
2.329,0.00229852148512105,-4.30915388940911e-05
2.33,0.00233945851223685,-3.15018597807915e-05
2.331,0.002393725953501,-1.58814860658496e-05
2.332,0.00244051911455512,4.09573208404179e-06
2.333,0.00241053871757654,1.14469317557542e-05
2.334,0.00237574836366488,1.46353970110757e-05
2.335,0.00234509013996899,1.73687944651224e-05
2.336,0.0023177283547666,2.0321463813977e-05
2.337,0.00229022968429491,2.51629556062838e-05
2.338,0.00225252165524092,1.56299163739937e-05
2.339,0.00222393393032905,4.1495409044412e-06
2.34,0.00216851902427984,-9.79081590318787e-06
2.341,0.00213808619273254,-2.21386894582176e-05
2.342,0.0020898768334278,-3.2760037723345e-05
2.343,0.00212647347574061,-4.26275832412504e-05
2.344,0.0021636187666511,-5.05582282730455e-05
2.345,0.00220030677495314,-5.45823657824296e-05
2.346,0.00224001362166749,-5.54843288971263e-05
2.347,0.00229686531329757,-5.05212433742908e-05
2.348,0.00233650446090838,-4.5534602863162e-05
2.349,0.00238849739871655,-3.82121467529806e-05
2.35,0.00243481759110246,-2.81732948366198e-05
2.351,0.00248501261077062,-1.505871837576e-05
2.352,0.00254388621497393,3.58190024979388e-06
2.353,0.00251814130360925,7.36359125647068e-06
2.354,0.00249401170388702,9.75147400056331e-06
2.355,0.00247112294467086,1.02063610344372e-05
2.356,0.00244229762065183,1.18227641848767e-05
2.357,0.00240750851268689,1.40322395126291e-05
2.358,0.00234066298099212,1.79572965847141e-06
2.359,0.00229745602921569,-1.10571008092308e-05
2.36,0.00224473140578301,-2.4168803065272e-05
2.361,0.00220470505910837,-3.59550563837074e-05
2.362,0.00222628154230631,-4.93552612448878e-05
2.363,0.00226190501719184,-5.90644877984103e-05
2.364,0.00230061443147224,-6.65930625739497e-05
2.365,0.00234971105070628,-6.88037150441967e-05
2.366,0.00239966688247892,-6.54304690480001e-05
2.367,0.00243453390045704,-6.19057430428227e-05
2.368,0.00249065981306506,-5.48501543788937e-05
2.369,0.00253053090031125,-4.52476272643776e-05
2.37,0.00258574797190582,-3.04220105429853e-05
2.371,0.00263260519130144,-1.20743913808452e-05
2.372,0.00260127845947186,-6.64801667715764e-06
2.373,0.0025760457682168,-3.14141808860358e-06
2.374,0.00255110717503639,1.60442869323596e-07
2.375,0.0025274456011354,3.62887708693638e-06
2.376,0.00247241474352545,-8.57658711700404e-06
2.377,0.00243590573592378,-2.18345779815499e-05
2.378,0.00238839157197316,-3.7297034242989e-05
2.379,0.00234855330451799,-5.08505825586036e-05
2.38,0.00231061310793254,-6.31112409548162e-05
2.381,0.00226151249017185,-7.12515353212817e-05
2.382,0.00229675522152413,-7.98276402524389e-05
2.383,0.00232753711126446,-8.60912661949098e-05
2.384,0.00236548285620144,-8.9824465910493e-05
2.385,0.00239907116095202,-8.7582092061389e-05
2.386,0.00243671142825445,-8.6130630008896e-05
2.387,0.00247625906940535,-8.27701586750829e-05
2.388,0.00251467406199906,-7.68821556329513e-05
2.389,0.00255560166444115,-6.79391416862352e-05
2.39,0.00259812784404203,-5.45891373762153e-05
2.391,0.00264343043466951,-3.6330751827407e-05
2.392,0.002612873510639,-3.02874519473306e-05
2.393,0.00258770288559494,-2.52318557342757e-05
2.394,0.00255716619410338,-2.05757557061315e-05
2.395,0.00252858732531388,-1.48487401573361e-05
2.396,0.0024780883998664,-2.46933318684417e-05
2.397,0.00244780432689855,-3.59612763310424e-05
2.398,0.00240015811164353,-4.7970082011406e-05
2.399,0.00236161382093598,-5.85421287770393e-05
2.4,0.0024004397973506,-6.78862130067959e-05
2.401,0.00243797938909853,-7.51324258986275e-05
2.402,0.00247198726979905,-7.86826101726312e-05
2.403,0.00250655466892342,-7.93369411809519e-05
2.404,0.0025607660016989,-7.44524651827283e-05
2.405,0.00261180531940529,-6.19492383762132e-05
2.406,0.00267309775200392,-4.84466392595695e-05
2.407,0.00273183400778222,-3.30967100706792e-05
2.408,0.00278728322657062,-1.47932525068062e-05
2.409,0.00276395692593401,-1.20843118496805e-05
2.41,0.00274201489951191,-1.30451113176111e-05
2.411,0.00272073934865503,-1.46711480985551e-05
2.412,0.00269563449797248,-1.7989118506978e-05
2.413,0.00266741287123313,-1.9325290667116e-05
2.414,0.00262800860978751,-1.96160753587193e-05
2.415,0.00255128114107464,-3.20639680942425e-05
2.416,0.00250048577041921,-4.50325309706567e-05
2.417,0.00244980356307151,-5.76874909343217e-05
2.418,0.0024706946532201,-7.2081035281113e-05
2.419,0.00250865111387217,-8.33240354679021e-05
2.42,0.0025439812422565,-9.16588164250332e-05
2.421,0.00258658007808093,-9.6662819557003e-05
2.422,0.00262496432292536,-9.50569070634621e-05
2.423,0.00266801689339502,-9.18931183028771e-05
2.424,0.00271166764840881,-8.29520634550995e-05
2.425,0.00275789497105777,-6.6401447297415e-05
2.426,0.0028043548985627,-3.89496640678666e-05
2.427,0.0028555900290207,-1.28714369912464e-06
2.428,0.002907612917775,4.42960860109753e-05
2.429,0.00288208346383941,8.0238541225186e-05
2.43,0.00285578529105601,0.000117411278691915
2.431,0.0028257224873789,0.000154805420184922
2.432,0.00279254041561771,0.000194869464911873
2.433,0.00275320057552403,0.000236242046109836
2.434,0.00276937343191784,0.000268966520207026
2.435,0.00278787722042396,0.000301236355932655
2.436,0.00280770893663315,0.000335374222083462
2.437,0.0028504511784435,0.000375881137251788
2.438,0.00290529983423827,0.000420860546539503
2.439,0.00296491796598549,0.000471389994724569
2.44,0.00298020416679114,0.000512225439988578
2.441,0.00302169529578823,0.000553258333943041
2.442,0.00298928344235311,0.000579158789410117
2.443,0.00294999783204882,0.000600247004676147
2.444,0.00290979105773157,0.000621608047461364
2.445,0.00285620177084205,0.00063994325864658
2.446,0.00283031142392069,0.000662988426404998
2.447,0.00280728612895391,0.000690132190526771
2.448,0.00285168993744346,0.00071461552947405
2.449,0.0029216321596845,0.000742198218141921
2.45,0.00299614328882484,0.000772559387248739
2.451,0.00307543700956603,0.000806414034702885
2.452,0.00315945928534543,0.000844146041324323
2.453,0.00319881257746309,0.000865700936996894
2.454,0.00325894244466557,0.000883999136512603
2.455,0.00330280165020978,0.000897750872062286
2.456,0.00335946953433573,0.000911331589656506
2.457,0.00340720272987376,0.000923648384156373
2.458,0.00338086047255594,0.00091959981993861
2.459,0.00333171262833845,0.000913556052911269
2.46,0.00326150314839857,0.000901348552405201
2.461,0.00321915144788751,0.000892050458369043
2.462,0.00316318197445637,0.000884365116368968
2.463,0.00311693699132688,0.000880911241743887
2.464,0.00315331131700596,0.000879640127600778
2.465,0.00319694653364751,0.000879337696639171
2.466,0.00325167114608766,0.000883954657208752
2.467,0.0033070887206178,0.000894132480676324
2.468,0.003372639658775,0.000910129717492714
2.469,0.00344235754222092,0.000931956859310135
2.47,0.00350120571091209,0.000942220369302804
2.471,0.00354158249064375,0.000949420296822934
2.472,0.00350426558431312,0.000936889972039334
2.473,0.00345952182510591,0.00092090490074398
2.474,0.00340794543554971,0.000901322951705086
2.475,0.0033573272243306,0.000882082335772749
2.476,0.00330353569389235,0.000862664162953108
2.477,0.00326250799873974,0.000842045910577516
2.478,0.00322858161903822,0.000823592101807491
2.479,0.00319202518363345,0.000808861019533702
2.48,0.00316451998104887,0.000798510825596455
2.481,0.0031339126278704,0.000791968036144008
2.482,0.00317202425303239,0.000786217351709861
2.483,0.00321701566067576,0.000783252321846561
2.484,0.00326188784868785,0.000782631229114594
2.485,0.00331334750186931,0.000786418881909057
2.486,0.00334558727109747,0.000776576505250315
2.487,0.00336700434573436,0.000762360905573578
2.488,0.0034003854665652,0.000747123723627396
2.489,0.00341454642536999,0.000729821875379899
2.49,0.00344300460078432,0.000714246411937514
2.491,0.00339796106155716,0.000684255908395826
2.492,0.00334803943588811,0.000651844870564633
2.493,0.00329924795186926,0.000619183321987238
2.494,0.00325064700848484,0.000587171827334199
2.495,0.00320390099182924,0.000557176809758753
2.496,0.00315964091893584,0.000525827061905071
2.497,0.00313600577030367,0.000498000904043505
2.498,0.0030994936242802,0.000473055449291604
2.499,0.00306847846711522,0.000452639339160898
2.5,0.00310667897535668,0.000433420347160984
2.501,0.00314914003828683,0.000415309060808278
2.502,0.00319023395031407,0.000401109231175201
2.503,0.0032364361797787,0.000390034338924095
2.504,0.00324619539613921,0.000365583795739088
2.505,0.00326695235511882,0.000338486174200736
2.506,0.0032801459239518,0.00030901754786089
2.507,0.00330379266991806,0.000279302952344462
2.508,0.00331352283104197,0.000249754468066077
2.509,0.00326226666812252,0.000208197901097829
2.51,0.0032150652161136,0.000164646121642964
2.511,0.00316311841731832,0.000120405946217261
2.512,0.00310793520456952,7.66472176222388e-05
2.513,0.00305803900683183,3.47528912256201e-05
2.514,0.00300531061315502,-5.38029423602371e-06
2.515,0.00295052968252585,-4.26131242963756e-05
2.516,0.00288996145948702,-8.02750365249127e-05
2.517,0.00284985725748625,-0.000113855395903861
2.518,0.00287284162079906,-0.000146809230697598
2.519,0.0029020662731224,-0.000177857761989364
2.52,0.00293489445966285,-0.000205240603120715
2.521,0.00296426298558401,-0.00022915449184685
2.522,0.00300850646070163,-0.00024708214102559
2.523,0.00305746329144143,-0.000259255363224242
2.524,0.00309689194279092,-0.000279964919004061
2.525,0.00312928632488951,-0.000302680213411066
2.526,0.00317153952278493,-0.000325331202607138
2.527,0.00320482978264186,-0.000346696059776719
2.528,0.00318070415415125,-0.000381763804767565
2.529,0.00315451432734829,-0.000418768544316384
2.53,0.0031289814888862,-0.000458229943638866
2.531,0.00309378326224479,-0.000497254698581473
2.532,0.00306072303204534,-0.000535064694182075
2.533,0.00302036006451596,-0.00057095283761921
2.534,0.0029867583092393,-0.00060310459103774
2.535,0.00294431732447825,-0.000635781264709367
2.536,0.00292150071341272,-0.000665234513742063
2.537,0.00288359812495889,-0.000692305774937008
2.538,0.00290708964321177,-0.00071978265926903
2.539,0.00293484464025615,-0.000745046889625789
2.54,0.00295890438794742,-0.000768499792112132
2.541,0.00299471276555236,-0.000788074404314387
2.542,0.003026582838255,-0.000802666661461282
2.543,0.00306901193953944,-0.000811977048338131
2.544,0.00309879415353459,-0.000829574212587725
2.545,0.00311906759542571,-0.000850216551062544
2.546,0.00314773734879813,-0.000869559680344911
2.547,0.00317523344390715,-0.000888783452068831
2.548,0.0031498766560116,-0.000920194014009612
2.549,0.00312615412504179,-0.000954165626674386
2.55,0.00310572600856433,-0.000989382955567664
2.551,0.00308335943363085,-0.00102465912887356
2.552,0.00306264878674978,-0.00105844500365182
2.553,0.0030426253070818,-0.00109095503497442
2.554,0.00301780857760682,-0.0011247841718357
2.555,0.00301062298732188,-0.00115601613281358
2.556,0.00299989166942691,-0.00118612214133301
2.557,0.00303980239267757,-0.00121876142515498
2.558,0.00308767007971373,-0.00124960328582191
2.559,0.00313230456634983,-0.00127864348782653
2.56,0.00317809871766826,-0.00130622843969663
2.561,0.00322679670052708,-0.00132877102215484
2.562,0.00327475247428308,-0.001346061966779
2.563,0.00331980828131499,-0.00135505119680729
2.564,0.00334303860239394,-0.00137012082984211
2.565,0.00337826006691211,-0.00138331826471499
2.566,0.00340912417145117,-0.00139230435035476
2.567,0.00343123671916728,-0.00139703938750374
2.568,0.00341051585017477,-0.00141241227691441
2.569,0.00337861975968037,-0.00142768321547154
2.57,0.00333878560502063,-0.00144110260576169
2.571,0.0032990953084095,-0.00145015621739142
2.572,0.00325062787117163,-0.00145700199394561
2.573,0.00323545883010442,-0.00145991293677267
2.574,0.00320448364315702,-0.00146051339505315
2.575,0.00317334760425237,-0.00145776192538388
2.576,0.00314138966143038,-0.00145085554210839
2.577,0.00311668788947483,-0.00143917796374388
2.578,0.00308270885119972,-0.00142284787660107
2.579,0.00304788842091622,-0.00140039795871366
2.58,0.00302041716902139,-0.00137094015241718
2.581,0.00300534036250957,-0.00135250886095906
2.582,0.00299770366472061,-0.00133873525110267
2.583,0.00297776450738139,-0.00132536716096587
2.584,0.00296484828385629,-0.00130939906387023
2.585,0.00293815270152212,-0.00129757492830951
2.586,0.00289070294194049,-0.00128861040980327
2.587,0.0028456129155239,-0.00127723930154583
2.588,0.0028358307747634,-0.00126332572564508
2.589,0.0028057908703108,-0.00124883114349195
2.59,0.00278222266961474,-0.0012312936066885
2.591,0.00275325351393567,-0.00120933031283932
2.592,0.00277006603132001,-0.00118489648783493
2.593,0.00280202575269532,-0.00115472304014524
2.594,0.00282954706943001,-0.00112012451252869
2.595,0.00285348087200892,-0.00108005370687525
2.596,0.00286139323146178,-0.0010504149501992
2.597,0.00287203341931842,-0.00102047692889085
2.598,0.002833336505394,-0.00100315349489888
2.599,0.00278345368864129,-0.000989478954503409
2.6,0.00273941753146859,-0.000975601830407347
2.601,0.00268765996168916,-0.000960922797700881
2.602,0.002635437767475,-0.00094359411164785
2.603,0.0026086972806319,-0.000922340819092538
2.604,0.00257915573795127,-0.000897924547619111
2.605,0.00253719848424798,-0.000869745425639779
2.606,0.00255283293099043,-0.000842209794447712
2.607,0.00258805390168389,-0.000809661190967759
2.608,0.00261558482124783,-0.000773640013653265
2.609,0.00265832733714057,-0.000732274326521898
2.61,0.00266107805311468,-0.000704043913096142
2.611,0.00267327784148248,-0.000675577170826669
2.612,0.00268386157627981,-0.000646777078723848
2.613,0.0026943784528287,-0.000615492111815441
2.614,0.00263946733373841,-0.000598703780291254
2.615,0.00258233311240436,-0.00058369283595322
2.616,0.00251914569862587,-0.000568706515327366
2.617,0.00246018222535338,-0.000550680838217965
2.618,0.00243638426561862,-0.000530322946262873
2.619,0.002401766606294,-0.000508722046487387
2.62,0.00236652248215977,-0.000483499368094054
2.621,0.00234200030192252,-0.000453467239114047
2.622,0.00231599385056194,-0.000416523540484881
2.623,0.00237083406879165,-0.000377369194112742
2.624,0.00241856332844387,-0.000336776949173001
2.625,0.00246891479195134,-0.000293262442072506
2.626,0.00253114223836089,-0.000244295898721381
2.627,0.00253267496492821,-0.0002132136390402
2.628,0.00255459505704191,-0.000184215821216194
2.629,0.00256965435641928,-0.000157245078932333
2.63,0.00258511614904727,-0.000130492418672523
2.631,0.00261087639110883,-0.000101903632845846
2.632,0.0026195456223276,-7.18643312252465e-05
2.633,0.00255274494884475,-5.77114147825575e-05
2.634,0.00248967202919255,-4.53689137557278e-05
2.635,0.00242502074918816,-3.37627773596694e-05
2.636,0.00236538978411742,-2.06270820186094e-05
2.637,0.00232408583682222,-8.60041972911008e-06
2.638,0.00229581917673301,4.22196742594361e-06
2.639,0.0022642012821093,1.91134761398648e-05
2.64,0.00222326412050974,3.71786139375385e-05
2.641,0.00221458048942385,6.1687888824935e-05
2.642,0.00220044799629447,9.32000915523923e-05
2.643,0.00224626334956222,0.00012417987822283
2.644,0.00231351598651032,0.00015721641224381
2.645,0.00237307928105635,0.000191884149401744
2.646,0.00245148343419049,0.000230766470024346
2.647,0.002519302346647,0.000274493444356205
2.648,0.00256246981543713,0.000302572717174321
2.649,0.00257966394659056,0.000323149260727851
2.65,0.00260589761074914,0.000341980463565539
2.651,0.00263455966461935,0.000359825268074099
2.652,0.00266055301075011,0.00037836614643455
2.653,0.00268893745166471,0.000399220085755325
2.654,0.00263570071241655,0.000402445720388167
2.655,0.00258386145919913,0.000403429384415122
2.656,0.00252191583177108,0.00040278983097275
2.657,0.00246630892853677,0.000403988313085357
2.658,0.0023985336733194,0.000406405637830953
2.659,0.00234834040752836,0.000406084904069626
2.66,0.00232356686851326,0.000408502971213087
2.661,0.00228803697202073,0.000413053192526935
2.662,0.00227301513421383,0.000423652956880405
2.663,0.00225470408559955,0.000438866982837127
2.664,0.0022960328899476,0.000451318827420444
2.665,0.00236247045597655,0.000466734888950215
2.666,0.00242188682859189,0.00048394889394543
2.667,0.00249586122956276,0.000505925161303433
2.668,0.00256654668247166,0.000531973264894681
2.669,0.00260857867354365,0.000544092864743995
2.67,0.00262829363308425,0.000550883864678553
2.671,0.00265645211,0.000556940293623631
2.672,0.00268309418517081,0.000563119198914996
2.673,0.00269230295087681,0.000569900377609178
2.674,0.0027210385163498,0.000580991046248314
2.675,0.00266861558801618,0.000575413108272582
2.676,0.00261999023461003,0.000568306203088786
2.677,0.00255399381663737,0.000558759361309058
2.678,0.00249011782984745,0.000551390725642753
2.679,0.00243779033515616,0.000541816339893975
2.68,0.00241100094517868,0.000534871896012368
2.681,0.00237619283253078,0.000529826062729888
2.682,0.00235197292214375,0.000529682658486519
2.683,0.00231838641043757,0.000533355750178821
2.684,0.00235703893170602,0.000535682326413101
2.685,0.00240994045969081,0.000541335944427901
2.686,0.00245490345507166,0.000549018197213924
2.687,0.00252103932679517,0.00056188079561692
2.688,0.00258454169995291,0.000578929253887639
2.689,0.00266298378809633,0.000603095297008027
2.69,0.00268775172868985,0.000610270931165779
2.691,0.00271973780680588,0.000614554947570733
2.692,0.00273018993466091,0.000615032649436242
2.693,0.00275579597283858,0.000617684324423884
2.694,0.00271510540157874,0.000604225116481227
2.695,0.00267041376944651,0.000587628659315109
2.696,0.00261823178504041,0.000569901390244987
2.697,0.00257061535422439,0.000553352354309811
2.698,0.00250718331884581,0.000537337622665945
2.699,0.00244909491845986,0.000525011650770679
2.7,0.00239945331526206,0.000512391337062046
2.701,0.00237385828986337,0.000503292341739292
2.702,0.0023420329365231,0.000497096402860275
2.703,0.00236657160582171,0.000488990992382865
2.704,0.0024155264750585,0.000483243957898671
2.705,0.0024557587446245,0.000478919918338983
2.706,0.00250814459947266,0.000478629720867485
2.707,0.00255734211092217,0.000481845247453316
2.708,0.00262091529247296,0.000491854800413138
2.709,0.00262983210004601,0.000488518167555907
2.71,0.00265349764661894,0.000485335233153972
2.711,0.00267188453565316,0.000481650010166201
2.712,0.00270012665889326,0.000479648249749887
2.713,0.00264592974672348,0.000461432234905246
2.714,0.0025930285014099,0.000442378993852743
2.715,0.00254621887843388,0.000423681119622044
2.716,0.00250250179012461,0.00040514397189767
2.717,0.00246653899471749,0.000385683080085464
2.718,0.00245721862781892,0.000370375846094562
2.719,0.0024407712107055,0.000358064186987139
2.72,0.00243478280829629,0.000351492975815493
2.721,0.00241958668546152,0.000349664375798586
2.722,0.00245560720174821,0.000346351058080174
2.723,0.00250641865264624,0.000347392743675401
2.724,0.00255253000575908,0.000351170742411977
2.725,0.00261582393239872,0.000360736627043057
2.726,0.00262049737104848,0.000355010212575446
2.727,0.00263767516986196,0.000347438376091413
2.728,0.00264418861675741,0.000337406580194877
2.729,0.00265596769689839,0.000328720195605148
2.73,0.00266832116059167,0.000322380756279383
2.731,0.00261988488486138,0.000303493899833973
2.732,0.0025745302789437,0.000283973711078966
2.733,0.00253585102111776,0.000264542314189764
2.734,0.00248828664465746,0.000246277107132264
2.735,0.00245977398020114,0.000227185415937692
2.736,0.00244896972134726,0.000211556294147819
2.737,0.00242951284518068,0.000198173814644043
2.738,0.00243012216008379,0.000190569683032826
2.739,0.00248623326380352,0.000184228352676674
2.74,0.00253867753451263,0.000180428054227022
2.741,0.00259083724989173,0.000180221697333061
2.742,0.00263900336678331,0.00018332812299493
2.743,0.00269923694282293,0.000192616635020182
2.744,0.00271451993011776,0.000188829026613102
2.745,0.00274186382721663,0.000184320547731986
2.746,0.00276107015293045,0.000178671353558757
2.747,0.00270956067946171,0.000158277346426039
2.748,0.00266034545935544,0.000137694791551346
2.749,0.00261220641846882,0.000117246550535688
2.75,0.00255996623554559,9.80976461353311e-05
2.751,0.00251530660380462,8.18597780545827e-05
2.752,0.00248299506844845,6.68372955697771e-05
2.753,0.00246850356826488,5.4891485773978e-05
2.754,0.00244970579992587,4.70187869181515e-05
2.755,0.00249859698352288,4.09762118393497e-05
2.756,0.00254856150162811,3.51801270374041e-05
2.757,0.00260153079027579,3.34610377424327e-05
2.758,0.00264828073116506,3.53348628534533e-05
2.759,0.00270879992503246,4.36703942023331e-05
2.76,0.00272349033904504,3.96424102743764e-05
2.761,0.00275125711624117,3.53619533423055e-05
2.762,0.00276520688364232,2.97495416661242e-05
2.763,0.00279007632155215,2.65175961625674e-05
2.764,0.00274412613335514,9.03452862593968e-06
2.765,0.00269444882818861,-1.02383233113179e-05
2.766,0.00265245710444357,-2.90873952385473e-05
2.767,0.00259500334915842,-4.86164869260564e-05
2.768,0.00259323590982599,-6.6358582025694e-05
2.769,0.00257946819463911,-8.22232130133216e-05
2.77,0.00257512290993359,-9.42507437682316e-05
2.771,0.00256507436277775,-0.000102322585962655
2.772,0.00257067343996435,-0.000103701918593435
2.773,0.00256569719952308,-9.92921005608105e-05
2.774,0.00260414423163148,-9.62249123497294e-05
2.775,0.00265582050254389,-8.85932024169422e-05
2.776,0.00270680924582882,-7.81097551033061e-05
2.777,0.00273806042647838,-7.87288758764548e-05
2.778,0.0027503056771339,-8.42358383755237e-05
2.779,0.00276086605666933,-9.02641218407663e-05
2.78,0.00276964441885531,-9.61161942776845e-05
2.781,0.00277809687388999,-9.98509237335465e-05
2.782,0.00272701044291219,-0.000114462975727592
2.783,0.00268347266744049,-0.000129050142477161
2.784,0.00262255703645024,-0.000143970273552618
2.785,0.00256547255656496,-0.000155611244982368
2.786,0.00253005263968397,-0.000167396552036181
2.787,0.0025139387125053,-0.000175667114254874
2.788,0.00249130636274447,-0.000181462972778268
2.789,0.0025215458408744,-0.000187440860666743
2.79,0.00256960533487379,-0.000189907531465194
2.791,0.00260898228353743,-0.000189665706803621
2.792,0.00265949075754917,-0.000184119796008908
2.793,0.00271474142274414,-0.000174813493942549
2.794,0.00276867241561713,-0.000158108808328505
2.795,0.00283052630909559,-0.000134482712209338
2.796,0.00285418448254877,-0.000122141823794775
2.797,0.00281228773699057,-0.000127085950568984
2.798,0.00277411211979722,-0.000134798061061592
2.799,0.00273874028463439,-0.000144410129073347
2.8,0.00269406058763403,-0.000154256224837612
2.801,0.00265588516602698,-0.000162036468171145
2.802,0.00259840688665304,-0.000168396213933664
2.803,0.00254737082390895,-0.000170237316542643
2.804,0.00253157553949787,-0.000168319571908548
2.805,0.00259073121029927,-0.00016632446795245
2.806,0.00264207708625477,-0.000164145420592898
2.807,0.00269377799653053,-0.000159365940384071
2.808,0.00274318575024775,-0.000151810251431628
2.809,0.0028001687873582,-0.000139321758821587
2.81,0.00285051417597901,-0.000122051296426673
2.811,0.00288395318254905,-0.000111524698190313
2.812,0.00289710872393326,-0.000103679616131447
2.813,0.00292140223560727,-9.41525495900541e-05
2.814,0.00287031631814341,-0.00010091022461306
2.815,0.00281932244913763,-0.000109991145286814
2.816,0.00277644470203602,-0.000119532467300121
2.817,0.00272085340016477,-0.000130349530219731
2.818,0.00271134837541179,-0.000140677728666994
2.819,0.0026973687787723,-0.000148141577587857
2.82,0.00268734794326781,-0.00015267179855577
2.821,0.00269263923023887,-0.000150752748514615
2.822,0.00269199021071471,-0.000144004957171873
2.823,0.00270466075797182,-0.000129756043158902
2.824,0.00277861040346264,-0.000112800382282563
2.825,0.00284841830737265,-9.44355326191193e-05
2.826,0.00285756346364677,-9.15757052840083e-05
2.827,0.00287649233067351,-9.12062747296938e-05
2.828,0.00288792607821919,-9.37461082005653e-05
2.829,0.00290299331807231,-9.55298860045861e-05
2.83,0.00292021363241388,-9.60191211646366e-05
2.831,0.00294547178315192,-9.33872618367748e-05
2.832,0.00291286725089102,-0.000102655598983481
2.833,0.00287985571191212,-0.000111342947401727
2.834,0.00284517896757856,-0.000125186958391754
2.835,0.00283723328635412,-0.000134018405070491
2.836,0.00282969631188242,-0.000139221897780761
2.837,0.00281998151095841,-0.000141017009300415
2.838,0.00281579883237929,-0.000138695226750085
2.839,0.00286579243749888,-0.000133220520565303
2.84,0.00291591688103387,-0.00012537311649119
2.841,0.00296162849222641,-0.000114158560122479
2.842,0.00301577563682908,-9.73989585420498e-05
2.843,0.00302317915812512,-9.37491767018517e-05
2.844,0.00303791664011197,-9.16073784615334e-05
2.845,0.00305050644438798,-9.08463179990493e-05
2.846,0.00306970987053928,-8.84170341419743e-05
2.847,0.00303827685880811,-9.85439720054826e-05
2.848,0.00299794875905138,-0.00011114956953906
2.849,0.00296516760420845,-0.000123630496605742
2.85,0.00291432107952854,-0.00013539523465006
2.851,0.00287210149166335,-0.000143533199869983
2.852,0.0028495253440134,-0.00015257094088672
2.853,0.00285042592713681,-0.000157066074490009
2.854,0.00285076487625696,-0.000157273330454011
2.855,0.00288487606662637,-0.000159505869141263
2.856,0.0029320810997973,-0.000158741690222897
2.857,0.002973051194737,-0.000155635754674421
2.858,0.00302374612511151,-0.000148297547596987
2.859,0.0030719556379518,-0.000137148560698797
2.86,0.00313399255703405,-0.000119065260077433
2.861,0.00319112790387072,-9.47085651429869e-05
2.862,0.00322015737678048,-7.95627291050871e-05
2.863,0.0032399222316777,-6.66195795276936e-05
2.864,0.00318446412185658,-7.2277242293306e-05
2.865,0.00313736334314669,-7.99085406785749e-05
2.866,0.00308589274522371,-8.98639286312508e-05
2.867,0.00304069611506041,-9.98750217205413e-05
2.868,0.00298180163948117,-0.000108742767615189
2.869,0.00292840810251435,-0.000115035027465793
2.87,0.00289709194747389,-0.000121208144640617
2.871,0.00288009187184614,-0.000123227827283856
2.872,0.00285608176134302,-0.000122624379785663
2.873,0.00284880552229676,-0.000115950675204313
2.874,0.00291477207437462,-0.000108275525067369
2.875,0.00297289476088957,-0.000100527676158535
2.876,0.00303254601909236,-9.01093777370687e-05
2.877,0.00308834146076604,-7.67542771775709e-05
2.878,0.00315830339384358,-5.73472207042736e-05
2.879,0.00317639805099323,-5.22320494053541e-05
2.88,0.00320352702097109,-4.99469187780766e-05
2.881,0.003214442879322,-5.0177734114587e-05
2.882,0.00323690553678992,-4.94416739752479e-05
2.883,0.00324103123909215,-4.82687776995894e-05
2.884,0.00318253724873959,-6.11244438374903e-05
2.885,0.00312649043431228,-7.55891939202002e-05
2.886,0.00306194590060052,-9.15868773503359e-05
2.887,0.00299778561884047,-0.000105991007960382
2.888,0.00298257573375078,-0.000120525581909892
2.889,0.0029739316935734,-0.000131909581435774
2.89,0.00295881705670068,-0.000140528811101714
2.891,0.00295515309853194,-0.000144026984241763
2.892,0.00294657795211429,-0.00014244144096992
2.893,0.00298697974430129,-0.000140485064447804
2.894,0.00303991192403335,-0.000134804894286189
2.895,0.00308400329678697,-0.000126706275378252
2.896,0.00314527646150313,-0.000112450347611759
2.897,0.00320722483054889,-9.38219433502807e-05
2.898,0.00320994911358842,-8.84527486234576e-05
2.899,0.00322266363162348,-8.35754769859531e-05
2.9,0.00323633953671307,-7.92238357839592e-05
2.901,0.00324952332322908,-7.32703364923482e-05
2.902,0.00321116388847844,-8.25051282699052e-05
2.903,0.00317571205338323,-9.43709475005883e-05
2.904,0.00313313802605618,-0.000108272094988315
2.905,0.00308840008885623,-0.00012182912644193
2.906,0.00302459426144349,-0.000133769599212685
2.907,0.00296758624671892,-0.000142123261907434
2.908,0.00293734264907909,-0.000150616710381968
2.909,0.00292864221136476,-0.000154679135412616
2.91,0.00291796011625759,-0.000156039396159879
2.911,0.00292191095751343,-0.000151866162208081
2.912,0.00299439441449477,-0.000146297438378074
2.913,0.00305815032318266,-0.000140360723355715
2.914,0.00312286981501647,-0.000131162482226665
2.915,0.00318453355331561,-0.000118317853432692
2.916,0.00325361097707074,-0.000101320430402729
2.917,0.00331354959825224,-7.85735799140319e-05
2.918,0.00334031848522296,-6.70488511871348e-05
2.919,0.00334572329175235,-5.98373829682752e-05
2.92,0.00336003156865563,-5.25722834074926e-05
2.921,0.00337508612505343,-4.49822759877594e-05
2.922,0.00332512519519022,-5.40610198545011e-05
2.923,0.00328260657798179,-6.40498899139308e-05
2.924,0.00323298025185599,-7.64389314132363e-05
2.925,0.00317978987212463,-8.76607673456209e-05
2.926,0.00312100937909392,-9.80414123697426e-05
2.927,0.0030992994948002,-0.000108690023368108
2.928,0.00309819626366498,-0.000114647736115747
2.929,0.00309085081349285,-0.000117821912039295
2.93,0.00310247109649905,-0.000113944897220442
2.931,0.00317844997734628,-0.000103884833723866
2.932,0.00324484850992934,-8.81112998654121e-05
2.933,0.00331629896026899,-6.52589400749748e-05
2.934,0.00339400278711329,-3.33238788229884e-05
2.935,0.00347264885933943,5.74483140969306e-06
2.936,0.00355685708791369,5.2076140768853e-05
2.937,0.00357221191735309,8.58879619254349e-05
2.938,0.00359820657855297,0.000119877573445448
2.939,0.00360703244617709,0.000152003881213836
2.94,0.00362374430651069,0.000185958033737998
2.941,0.00363562646644568,0.000221223822464478
2.942,0.00365378981091221,0.000259631807253746
2.943,0.00367700281893851,0.000288372104494394
2.944,0.00369080970122442,0.000315307012952237
2.945,0.00373478865047891,0.000346717977054434
2.946,0.00377063542296766,0.000380589914162621
2.947,0.00382039400435456,0.000419308048348277
2.948,0.00386588925287913,0.000462323185076663
2.949,0.00384953322281433,0.000493959261848087
2.95,0.00384378769654051,0.000525016505850684
2.951,0.0038057310983058,0.000540569391598078
2.952,0.00374292084339512,0.000549529766604828
2.953,0.00368767734215786,0.000557251286650129
2.954,0.0036894863746172,0.000562901487210332
2.955,0.00370301256559232,0.000571012402397875
2.956,0.0037181752391213,0.000580575145088413
2.957,0.00373274473964897,0.000594777322621753
2.958,0.00380750242666867,0.000609621062466092
2.959,0.00387390785780106,0.000625070362169744
2.96,0.0039540910635551,0.00064340636935839
2.961,0.0040280472202919,0.000666040365638332
2.962,0.0040395399543741,0.000671658253872998
2.963,0.00404124034971054,0.000671853766663011
2.964,0.00404821450169047,0.000669166384138609
2.965,0.00404883905393133,0.000663466037511939
2.966,0.00398634395296503,0.000641363556503349
2.967,0.00393070262409373,0.000616156497266596
2.968,0.00385705070896346,0.000589020901344828
2.969,0.0037873740426202,0.000562861747108234
2.97,0.0037148766021153,0.000537359716533459
2.971,0.00368743412451755,0.00051086116624105
2.972,0.00368516453422551,0.000488448075221748
2.973,0.0036808872163988,0.000469311694292818
2.974,0.00372330695363478,0.000450689454694786
2.975,0.00377485884656535,0.000433725493270476
2.976,0.00381826311318138,0.000418561279127205
2.977,0.00387273877776833,0.000408459581299869
2.978,0.00393530734731332,0.000402923733878624
2.979,0.00393705676039779,0.000384315195337603
2.98,0.00394530929709328,0.000363055508513566
2.981,0.0039459020235988,0.000339631705785159
2.982,0.00394558116472337,0.000316790360086749
2.983,0.00394836200202281,0.000295258330934411
2.984,0.00389485583356289,0.00026091727269556
2.985,0.00384641897245238,0.000225196691821694
2.986,0.00379449263199816,0.000188586498408361
2.987,0.00374427416822671,0.000153518171989275
2.988,0.00368529583032056,0.000119002657176182
2.989,0.00367358642207445,8.66564516368573e-05
2.99,0.00365347659787444,5.63707978438743e-05
2.991,0.00365752888073256,3.2242711459185e-05
2.992,0.00365722976226698,1.38754951719555e-05
2.993,0.00369367610258758,-3.80322988985382e-06
2.994,0.00374247187735317,-1.61379545956519e-05
2.995,0.00379046926188091,-2.56130147878175e-05
2.996,0.0038329800617245,-2.81671652452298e-05
2.997,0.00383304929941622,-4.1473732775299e-05
2.998,0.00382494952350584,-5.69662189188191e-05
2.999,0.00381363732300991,-7.13983423650255e-05
3,0.00380798453382927,-8.37736101563791e-05
3.001,0.00379540839818197,-9.44100656449232e-05
3.002,0.00378897338797384,-0.000101075680706775
3.003,0.003748121003743,-0.000116046662061831
3.004,0.00368915460992662,-0.000133021846214387
3.005,0.0036381391445802,-0.000148690017600039
3.006,0.00362061596140822,-0.000164455989783485
3.007,0.00362031405787602,-0.000176023185093799
3.008,0.00361303229233518,-0.000184868812002359
3.009,0.00363677688119736,-0.000193593363630784
3.01,0.00368908494621025,-0.000196863288942806
3.011,0.00373531871561267,-0.000195652848392569
3.012,0.00378937491868734,-0.000186879098260928
3.013,0.00384126825441649,-0.000172818767623761
3.014,0.0038533893858854,-0.000169625432982545
3.015,0.00385428747146193,-0.000168931843752274
3.016,0.00385365124918732,-0.000168463573328337
3.017,0.00380479124520262,-0.000182816842361766
3.018,0.00375234317411343,-0.000199584571315081
3.019,0.00370091662141498,-0.000218024859376276
3.02,0.00364664467097767,-0.000236593325223244
3.021,0.00359567926027405,-0.000253846622814857
3.022,0.00353369239777912,-0.000270424643166067
3.023,0.00351694657310659,-0.000287324641330744
3.024,0.00352370857124467,-0.000299426318724982
3.025,0.00352235015094436,-0.000307982515216465
3.026,0.003523321107856,-0.000312059266306508
3.027,0.00358768135661999,-0.000315598928232019
3.028,0.00364118328631266,-0.000317572353476736
3.029,0.00369760367469523,-0.000315528745436444
3.03,0.00375008370781848,-0.000311187497631094
3.031,0.00381917324613106,-0.000300417859742386
3.032,0.00382987041155556,-0.000302455078926178
3.033,0.00384893985752107,-0.000307000477232866
3.034,0.00385112030238031,-0.000315251358366631
3.035,0.00385247145745324,-0.000321003670870679
3.036,0.00384597594204196,-0.000327159722950554
3.037,0.00378456929809393,-0.000347867691600778
3.038,0.00372691289929101,-0.000370662586112958
3.039,0.00366743344065135,-0.000395203359178586
3.04,0.00361182517034266,-0.000420001105235768
3.041,0.00360627321041966,-0.000445867300920499
3.042,0.00360497389218248,-0.000469988090200657
3.043,0.00359874939950725,-0.000493403720324637
3.044,0.00360891760715976,-0.000512522823534756
3.045,0.00361331139722129,-0.000527863676764551
3.046,0.00362495299838095,-0.00053871272984396
3.047,0.00368779344788025,-0.000548258379699573
3.048,0.00374237516888153,-0.000555166111718852
3.049,0.00380307343555984,-0.000558632009474258
3.05,0.0038593565995963,-0.000558395121388722
3.051,0.00388147088097278,-0.000568447875462674
3.052,0.00388195326559366,-0.000584578961388194
3.053,0.00388601278781275,-0.000600760754390695
3.054,0.00388527689790124,-0.000617013987144976
3.055,0.00388736191903251,-0.000631451273280736
3.056,0.00384736127475659,-0.000659033946561416
3.057,0.00381116221804842,-0.000687939788678205
3.058,0.00377196057649141,-0.000717324065253155
3.059,0.00373718024116768,-0.000745217230576634
3.06,0.00369601758185941,-0.000772126924802718
3.061,0.0036872801163666,-0.000797949399933662
3.062,0.00369860586096267,-0.000819082294020557
3.063,0.00370087298557432,-0.000837281883312557
3.064,0.00371708307716997,-0.000850466184722509
3.065,0.00372764780138477,-0.000859763381063805
3.066,0.0037404403211702,-0.000863995160123254
3.067,0.00379465859647331,-0.000866527646301463
3.068,0.00384920674959501,-0.000866115200913453
3.069,0.00386155140247647,-0.000878324460104107
3.07,0.00385729944046419,-0.000895683671904068
3.071,0.00385844012887895,-0.000913443761042909
3.072,0.00385051166429057,-0.000930557192564629
3.073,0.0038481874745518,-0.000943825188820413
3.074,0.00381268522604667,-0.000967956503772127
3.075,0.00378057779410503,-0.000990965262643972
3.076,0.00374375855596609,-0.00101369278317359
3.077,0.00371022105617248,-0.00103445050807427
3.078,0.00372019448523661,-0.00105133163978011
3.079,0.0037268996254297,-0.00106706798963196
3.08,0.00374836904226821,-0.00107628606833232
3.081,0.00375906038840486,-0.00108005722815152
3.082,0.0037713278688889,-0.00107880160679552
3.083,0.0037857052990518,-0.00106885380045202
3.084,0.00383689250934793,-0.00105464095614666
3.085,0.0038895604029879,-0.00103539666387509
3.086,0.00393352421549676,-0.00101186473988252
3.087,0.00392700460190559,-0.000999609009110614
3.088,0.00392555077240279,-0.00098753578784333
3.089,0.00392957889212022,-0.000975127620972793
3.09,0.00392774390488387,-0.000961943435054569
3.091,0.0038785949201404,-0.00096281409614396
3.092,0.00384187163457574,-0.000961438745371856
3.093,0.00378950524532999,-0.000959800598148097
3.094,0.00374997751304869,-0.000954522142406045
3.095,0.003696629360026,-0.000946673867695813
3.096,0.00364244698478938,-0.000933210407213281
3.097,0.00364891056144335,-0.000914911973933452
3.098,0.00364799849040874,-0.000894528238886805
3.099,0.00364347167334529,-0.000870154809233414
3.1,0.00365851587071481,-0.000840897901271953
3.101,0.00371707933945859,-0.000809079585179839
3.102,0.00376968920862182,-0.000776100238580102
3.103,0.00382004459469838,-0.000740354847129698
3.104,0.00388536235056698,-0.000699556133221868
3.105,0.00394807728518314,-0.000654666066298271
3.106,0.00393346095000974,-0.00062633934891615
3.107,0.00392767991690476,-0.000597531899948933
3.108,0.00391988003155173,-0.000569101564287799
3.109,0.00390815707410033,-0.000539770020507424
3.11,0.00390744984504568,-0.000508159496884542
3.111,0.00385023067075263,-0.000494017473201991
3.112,0.00379475094512345,-0.000479607927495185
3.113,0.00375221325029072,-0.000465663638193337
3.114,0.00367608245445448,-0.000453433199470332
3.115,0.00361522506090178,-0.000436531962952957
3.116,0.00360118583446926,-0.000419877813889469
3.117,0.00361260744494323,-0.000399463662123956
3.118,0.00362021233761209,-0.000375870022728986
3.119,0.00363198792005193,-0.000348102306409637
3.12,0.00364593765243988,-0.00031565646663273
3.121,0.00369756173022074,-0.000284007197001279
3.122,0.00375204308709898,-0.000252479331485533
3.123,0.00380683739148239,-0.000220185479902768
3.124,0.00386380093222453,-0.00018476296365999
3.125,0.00392244604733739,-0.00014648328902056
3.126,0.00399221959129617,-0.000102637881401968
3.127,0.00397929914831734,-7.672115923818e-05
3.128,0.0039727391713284,-5.22577186830575e-05
3.129,0.00396054900009361,-2.94074904222952e-05
3.13,0.00395769840320265,-5.4611240689062e-06
3.131,0.00393452326238635,1.83588441923788e-05
3.132,0.00391781730631621,4.7672429899559e-05
3.133,0.00386555578875603,6.02978734208226e-05
3.134,0.00380720022559651,7.03045050314266e-05
3.135,0.00375382582890987,8.21963466602904e-05
3.136,0.00375095824488401,9.23231531342328e-05
3.137,0.00377377401424159,0.000104639173928445
3.138,0.00379196362110842,0.000119207275923294
3.139,0.00381516350796117,0.000137997162085735
3.14,0.00383676030769375,0.0001613057272285
3.141,0.00388005783038421,0.000193126838682556
3.142,0.00392439475299671,0.000230721405193091
3.143,0.00397252907601052,0.000266059738191382
3.144,0.0040504863589138,0.000304818862666534
3.145,0.00412801030750563,0.000345443643742838
3.146,0.00412890074395442,0.000366565744407743
3.147,0.00412075727331085,0.00038214576596729
3.148,0.00412149586212354,0.000396094209451581
3.149,0.00411837427094804,0.000408517307910028
3.15,0.00412034879911968,0.000422541225340245
3.151,0.00410034206345856,0.00043731403643843
3.152,0.00408552481087349,0.000456729799742595
3.153,0.00401564560397566,0.000461134535355734
3.154,0.00395467262944303,0.00046476394052819
3.155,0.00386424565859828,0.000467097027058216
3.156,0.00387027129482194,0.000468785389983295
3.157,0.00387021178277021,0.000471040773971199
3.158,0.00387315054458308,0.000475556425078905
3.159,0.00387306627983779,0.000481968521611309
3.16,0.00389579997632043,0.000493454893010725
3.161,0.00392144351238705,0.000509498929871954
3.162,0.00396972957698988,0.000523830866059227
3.163,0.00404227439439203,0.000540427736829274
3.164,0.00410594685676258,0.000558050864509829
3.165,0.00418205447366153,0.000579161876221979
3.166,0.00424512657825746,0.000603509895483967
3.167,0.0043291975667072,0.000633844146506635
3.168,0.00433463906388525,0.000645401762859654
3.169,0.00434964042228909,0.000653445254520102
3.17,0.00435300006471732,0.000657563384834303
3.171,0.00435758826439622,0.00066225891995142
3.172,0.00433935284310217,0.000667869152729206
3.173,0.00426307697083777,0.000655826069859422
3.174,0.00420356851578645,0.000643985648741963
3.175,0.00412234393813814,0.000629593184459598
3.176,0.004058069777302,0.000617708607942746
3.177,0.00404315787391698,0.000605622392184813
3.178,0.00403855099491212,0.000595443569006759
3.179,0.00402788708778,0.000587271997900762
3.18,0.0040137704355186,0.000582861741185936
3.181,0.00403778558344792,0.000585207444434632
3.182,0.00406040909513655,0.000594670852588908
3.183,0.00413291765124598,0.000604652799815419
3.184,0.0041933672776124,0.000614589595683335
3.185,0.00427157024911725,0.000626695749139483
3.186,0.00433914176148685,0.000641476303661792
3.187,0.00442047793656409,0.000660663701258501
3.188,0.0044323394991809,0.000662287403031148
3.189,0.00442387679821751,0.000657312654379683
3.19,0.00442095589757945,0.000651308379861104
3.191,0.0044114007768191,0.000643907804579347
3.192,0.00439837776331642,0.000638182892083505
3.193,0.00439221461204109,0.0006368242750599
3.194,0.0043811451762395,0.000638529982238734
3.195,0.0043173324326654,0.000623403299821024
3.196,0.00426698011585843,0.000608548016302113
3.197,0.00419247233063094,0.000591175130273791
3.198,0.00413030320219095,0.00057615651172549
3.199,0.00412399113981413,0.000559950254639341
3.2,0.00414301898090632,0.000545636242349268
3.201,0.00415708658573031,0.000533767357383808
3.202,0.00417335868214404,0.000524848782034237
3.203,0.00419364299886543,0.000521872545509228
3.204,0.00421622092652538,0.000523827606761729
3.205,0.00426914721088749,0.000525998746053469
3.206,0.00434027575616165,0.000530076292038717
3.207,0.00440089759092577,0.00053538621494803
3.208,0.00447169924671173,0.000543903698249748
3.209,0.00454184399405376,0.000557087211259244
3.21,0.00461407586461508,0.000574246931099864
3.211,0.00460964716358398,0.000574931796905598
3.212,0.00460832246049296,0.00057385031713747
3.213,0.00461314530137739,0.000572012683057843
3.214,0.00461667577499809,0.000569721036196014
3.215,0.00456542144368206,0.000550351696383844
3.216,0.00452687150535725,0.000530562970390835
3.217,0.00446479809947352,0.000508121629008984
3.218,0.00442169806108143,0.00048670239970261
3.219,0.00436002969813102,0.000466555677164249
3.22,0.00430889238255062,0.00045045672279026
3.221,0.00430055622688007,0.000435606492937557
3.222,0.00431901000047674,0.000424060062118425
3.223,0.0043387572420332,0.000415963759351157
3.224,0.00436733294935382,0.000413702324607579
3.225,0.0044359223626321,0.000411763661541054
3.226,0.00448997355184741,0.000409304886254847
3.227,0.00455618543783336,0.000409085270294263
3.228,0.00461418235569565,0.000411131068231096
3.229,0.0046869869445992,0.000418099067282462
3.23,0.00475129946931635,0.000428891808026743
3.231,0.00476167240903838,0.000426070917096844
3.232,0.00476111778147376,0.000418559575022848
3.233,0.00476119954442944,0.000410610963272939
3.234,0.00476690144052826,0.00040468732905885
3.235,0.00477375936601835,0.000400785044542662
3.236,0.0047364617643652,0.000379997409324317
3.237,0.00471137509810174,0.000357111147724742
3.238,0.0046533763620075,0.000332601735644811
3.239,0.00460088376057308,0.000309589162167667
3.24,0.00453776673003807,0.000288321019921378
3.241,0.00455680030024159,0.000267786224326549
3.242,0.00457120286980481,0.000249267583119606
3.243,0.00458205131699671,0.000233848845257179
3.244,0.00459306911599879,0.000221247036708672
3.245,0.00461714596343534,0.000215667815648968
3.246,0.00464176491514193,0.00021488901767508
3.247,0.00468255042107673,0.000212590985478434
3.248,0.00474187505230387,0.000212800010697178
3.249,0.00479008797468388,0.000214331667982459
3.25,0.0048546672076453,0.000220208226510699
3.251,0.00491731345786118,0.000229393946095946
3.252,0.00490990596280496,0.000222576981816436
3.253,0.00490172775181729,0.000212903082263405
3.254,0.00489508881303175,0.000202665991768602
3.255,0.00489509804299272,0.000194265768477475
3.256,0.00489437284909436,0.000187472810852907
3.257,0.00485170880071447,0.000166583898167316
3.258,0.00482109435279453,0.000146228505687906
3.259,0.00476094652153251,0.000122798424934845
3.26,0.00471170813944477,0.000101699839766489
3.261,0.00464495261781866,8.36668088747272e-05
3.262,0.00466361657115862,6.73464332016649e-05
3.263,0.00467784518082706,5.31247331773121e-05
3.264,0.00469122940360066,4.22778477305319e-05
3.265,0.00469931777266662,3.5322577158714e-05
3.266,0.00473393456234373,3.44721619963684e-05
3.267,0.00478696849939634,3.39994890645179e-05
3.268,0.00485285664106961,3.55116799470867e-05
3.269,0.00491309706978751,3.88558135712702e-05
3.27,0.00498392810858405,4.63432502134098e-05
3.271,0.00505233509010657,5.73305199777496e-05
3.272,0.00512545988122638,7.34354255061409e-05
3.273,0.00512570697847617,7.32672384994304e-05
3.274,0.00513601506530547,7.18286471224627e-05
3.275,0.00513438556028138,6.79457943104644e-05
3.276,0.00513469905282456,6.56504788129064e-05
3.277,0.00514270823116103,6.5494790835452e-05
3.278,0.00509899178681828,4.85167932651742e-05
3.279,0.00505449401936514,3.05466029515977e-05
3.28,0.00502074240425487,1.20843139476134e-05
3.281,0.00495636573305432,-8.06923593776876e-06
3.282,0.00490328346060166,-2.50765001284514e-05
3.283,0.00484155307238001,-3.69404870642076e-05
3.284,0.00485960130280351,-4.74951816846758e-05
3.285,0.00487902107041028,-5.71491298886895e-05
3.286,0.00490511630479664,-6.29068269181188e-05
3.287,0.00492524837046358,-6.4435786706174e-05
3.288,0.0049440552413717,-6.09371271165227e-05
3.289,0.00499863528880532,-5.75134826300006e-05
3.29,0.00506705310820236,-5.24985876781958e-05
3.291,0.00512724837696425,-4.632503039953e-05
3.292,0.00518459252039703,-3.74639908995444e-05
3.293,0.0052442653773786,-2.51890111235276e-05
3.294,0.00530830167472205,-7.99175116711348e-06
3.295,0.00529895973383173,-6.18481694114603e-06
3.296,0.00529602536277995,-5.36372980086686e-06
3.297,0.00528936213045479,-5.97590491818734e-06
3.298,0.00528232043882043,-5.39493694640125e-06
3.299,0.00526509373655594,-3.45524701217403e-06
3.3,0.00520117407737601,-1.80277552822572e-05
3.301,0.00515222976383677,-3.25289200528434e-05
3.302,0.00508501942351318,-4.83693210722169e-05
3.303,0.00503152164368264,-6.21068568721905e-05
3.304,0.00503137373100644,-7.49929394843751e-05
3.305,0.00504119852224487,-8.56083024716736e-05
3.306,0.00504962807838934,-9.31966319805411e-05
3.307,0.00507667528310953,-9.54561170552481e-05
3.308,0.00510025285233909,-9.20523998853562e-05
3.309,0.00512839338389523,-8.33784083745792e-05
3.31,0.00519719147922823,-7.24376581585084e-05
3.311,0.00525342984379254,-6.06788697586902e-05
3.312,0.00531545353662941,-4.65745408853024e-05
3.313,0.00537571900348933,-2.8403394209342e-05
3.314,0.00538181201634842,-2.39841362930648e-05
3.315,0.00537937262222833,-2.42954694073538e-05
3.316,0.0053833648708198,-2.48405162894816e-05
3.317,0.00537686745109245,-2.70637512870819e-05
3.318,0.00537688436360312,-2.67809838954691e-05
3.319,0.00536352173183798,-2.61209625329606e-05
3.32,0.00529546732996002,-3.96653033794547e-05
3.321,0.00524387734445896,-5.26770324383308e-05
3.322,0.00517500662756304,-6.77569588825033e-05
3.323,0.00511524269099389,-7.98161817991971e-05
3.324,0.00510900986864733,-9.30520336779872e-05
3.325,0.00512776640296958,-0.000103493457845494
3.326,0.00514538204785588,-0.000110936989501875
3.327,0.00516981797753145,-0.000113306091280796
3.328,0.00518922001684238,-0.000110802107614827
3.329,0.0052283618341239,-0.000101888347987855
3.33,0.00529373382756935,-9.13797758752555e-05
3.331,0.00536605059970009,-7.93824885532146e-05
3.332,0.00543082587472339,-6.56460732046948e-05
3.333,0.0055078991431297,-4.73320431509938e-05
3.334,0.00557874260906369,-2.56085651526017e-05
3.335,0.00558684125970477,-1.98200215982269e-05
3.336,0.00558631861030868,-1.92602994524838e-05
3.337,0.00558939534350682,-1.94585117119783e-05
3.338,0.00558325621154816,-2.01465953185709e-05
3.339,0.00558369993589122,-1.79572027735886e-05
3.34,0.0055346716060009,-3.23075772099002e-05
3.341,0.00549946708995508,-4.56026864742443e-05
3.342,0.00543775800738971,-6.2640297652572e-05
3.343,0.00538615178991577,-7.69920710121941e-05
3.344,0.00531293767295681,-8.96854675227488e-05
3.345,0.00532819703283575,-0.000100159291936963
3.346,0.00533770209793884,-0.00010862452322008
3.347,0.00534676590895197,-0.000113064066079416
3.348,0.00535201437512123,-0.000114768128646303
3.349,0.00538519825227442,-0.000109426974936155
3.35,0.00544008452428939,-0.000102822067164721
3.351,0.00550489437837104,-9.4486086736234e-05
3.352,0.00556128018758804,-8.46885640040651e-05
3.353,0.0056283687472638,-7.02802257023238e-05
3.354,0.00569310070532052,-5.27347041114901e-05
3.355,0.00568302309632039,-5.05032195947108e-05
3.356,0.00567987596072817,-4.90223544634127e-05
3.357,0.00568004282261196,-4.83868443054702e-05
3.358,0.00567733024341298,-4.6975086651857e-05
3.359,0.00566334084844827,-4.46801430479815e-05
3.36,0.00560285612064286,-5.84858294647717e-05
3.361,0.00555858568543093,-7.24310547497442e-05
3.362,0.00548761944521966,-8.89009647794259e-05
3.363,0.00542948563185773,-0.000103206434708236
3.364,0.00543015476635032,-0.000116787167522003
3.365,0.00544988209790091,-0.000127519418304745
3.366,0.00546256753705711,-0.000135049591066638
3.367,0.00548228215911768,-0.000138766616600339
3.368,0.00549949030496064,-0.000136776673949124
3.369,0.00552746710706961,-0.00012880151762229
3.37,0.00560035401726961,-0.000118070459222741
3.371,0.00566057544312659,-0.000107332657680315
3.372,0.00572985228695557,-9.30092520982639e-05
3.373,0.00579484072534931,-7.54855725045855e-05
3.374,0.00579079652323978,-7.31847252327111e-05
3.375,0.00577934433109564,-7.45776875495374e-05
3.376,0.00577387303129099,-7.63988246593184e-05
3.377,0.0057644874837557,-7.84411644163541e-05
3.378,0.00576025488270821,-7.82356316327282e-05
3.379,0.00575208908154442,-7.61010238525262e-05
3.38,0.00570354158221729,-8.6923661990812e-05
3.381,0.00566437947615182,-9.84659092381213e-05
3.382,0.00559994148871712,-0.000110805984835094
3.383,0.0055471743543944,-0.00012152442610569
3.384,0.00555166850349567,-0.00013132228683721
3.385,0.00557577590492069,-0.000138455603062693
3.386,0.00559595450680001,-0.000142770453188168
3.387,0.00562031240633611,-0.000143329042789686
3.388,0.00564117293601204,-0.000138799981647786
3.389,0.00567575526595241,-0.000135251197213082
3.39,0.00573433004272297,-0.000128606371756324
3.391,0.00578035490037863,-0.000120455713829348
3.392,0.00584189084555521,-0.000107355505348516
3.393,0.00590055050845816,-9.09722390570189e-05
3.394,0.00595663917124924,-6.87681271970275e-05
3.395,0.00595328749241277,-6.0018157365227e-05
3.396,0.00595014072533437,-5.38636836955875e-05
3.397,0.00594893740519676,-4.82144855069588e-05
3.398,0.0058939717439687,-6.0329382023494e-05
3.399,0.0058577044837987,-7.12845028895126e-05
3.4,0.0058120978342858,-8.35810367958434e-05
3.401,0.00577182859158579,-9.56829878165921e-05
3.402,0.00572302321671227,-0.000104320047126127
3.403,0.00574239676711776,-0.000110010599139065
3.404,0.00575699340903625,-0.000112354635857681
3.405,0.00578338939274484,-0.000110523234245208
3.406,0.00580931553895603,-0.000103972758366544
3.407,0.0058332695861726,-9.86775689222896e-05
3.408,0.00588718610911773,-8.95609471037173e-05
3.409,0.00593530783583414,-7.83585245687779e-05
3.41,0.00598858194050731,-6.27879000761888e-05
3.411,0.00597717385437337,-6.23702434163209e-05
3.412,0.00597246299398033,-6.4171955884651e-05
3.413,0.00594980502808384,-6.84327182865485e-05
3.414,0.0059310546809568,-7.01911708839709e-05
3.415,0.00591024967050484,-6.97979910448399e-05
3.416,0.00586468204687523,-8.1484869434878e-05
3.417,0.00582243261225282,-9.38182850273583e-05
3.418,0.00576853407931133,-0.000108362844085164
3.419,0.0057942968659829,-0.000118364264789894
3.42,0.00581499643445485,-0.000126319607683556
3.421,0.00583252422759116,-0.000127303013600144
3.422,0.00585265078623989,-0.000119114741651771
3.423,0.00586867356912629,-9.73842783485446e-05
3.424,0.00589641209485502,-6.11565006857218e-05
3.425,0.00593870012959485,-2.33272711955279e-05
3.426,0.0059665479510296,1.67258649032553e-05
3.427,0.00602447388118293,6.44409674198654e-05
3.428,0.0060739122508825,0.000115374037917781
3.429,0.00613413784973338,0.000172126524743632
3.43,0.00619627582691559,0.000233866200405441
3.431,0.00617758954683425,0.000277271083482356
3.432,0.0061575201735036,0.00031788817373507
3.433,0.00613316984221306,0.000356192567647851
3.434,0.00611036559320874,0.000394314873874813
3.435,0.00608689603629411,0.000432654356351148
3.436,0.00606466071681413,0.000472273536636647
3.437,0.00598919862258998,0.000491427703145031
3.438,0.00592864716434508,0.000507471003254711
3.439,0.00593737820109018,0.000520078839425397
3.44,0.00596920840455522,0.000534970072704921
3.441,0.00600044716566557,0.000551669718684478
3.442,0.00603579243557277,0.000571577844880489
3.443,0.0060727447199365,0.000595254258348721
3.444,0.00611100133962817,0.000623402581892307
3.445,0.00615338986581665,0.00065604230798777
3.446,0.00623136464536702,0.000691503298443974
3.447,0.00630166532826921,0.000728351698235818
3.448,0.00637337408598614,0.000768047631974411
3.449,0.00638365263208699,0.000793588450863247
3.45,0.00637168708976021,0.000813188822821442
3.451,0.00636041663375664,0.000833766354062793
3.452,0.00630510365784106,0.000834164382303104
3.453,0.00626108510170505,0.000830989622857548
3.454,0.0061978553796411,0.000822965483275762
3.455,0.00614726236616832,0.000815305757269014
3.456,0.00615602771869364,0.000803055447513024
3.457,0.00619436633710874,0.000793740933189069
3.458,0.0062432673272789,0.00078738064465167
3.459,0.00629868095815098,0.000784478238343489
3.46,0.00635985459350885,0.00078567585438799
3.461,0.00642628935886422,0.000791305184740188
3.462,0.00649780726393036,0.00080153690662127
3.463,0.00656483187834694,0.00080850160538265
3.464,0.0066539120367586,0.000817613860461586
3.465,0.00672955969737113,0.00082732440129224
3.466,0.00680502547068201,0.000838671273652003
3.467,0.00682072128854166,0.000834522531449722
3.468,0.00680736825778876,0.000821238388261258
3.469,0.00679081614557315,0.000806203795769844
3.47,0.00673799141956332,0.000771929925821369
3.471,0.00669733304760257,0.000733895786782734
3.472,0.00663848314824524,0.000691435494415249
3.473,0.00659218673879523,0.000648899925863033
3.474,0.00653504425163274,0.000605396590580676
3.475,0.00648646745055587,0.000563892578783254
3.476,0.00648290522452569,0.000523351350144308
3.477,0.00650660809907521,0.000486539758817905
3.478,0.00653088834652283,0.000453664219441152
3.479,0.00656361765412785,0.000426500870411628
3.48,0.00662911812198997,0.000401185129516535
3.481,0.0066797958342223,0.000376291045760646
3.482,0.00673742712660663,0.000354242056893994
3.483,0.00679368505273689,0.00033506988024784
3.484,0.0067910828264309,0.000302243483347009
3.485,0.00678535744548946,0.000265345939716333
3.486,0.00677849740417361,0.000227791280944356
3.487,0.00676168616119903,0.000188808176873556
3.488,0.00674243054064935,0.000152272249025087
3.489,0.00671937960618431,0.000117569842587928
3.49,0.00665488607845994,6.86446384072226e-05
3.491,0.00660265467144069,2.09961491532407e-05
3.492,0.0065436282636649,-2.69139933803952e-05
3.493,0.00649159719178335,-7.3234532720845e-05
3.494,0.00648973741683875,-0.000119003985039501
3.495,0.00650535093006176,-0.000159362130999374
3.496,0.00651869230026982,-0.00019535235908269
3.497,0.00654059441101813,-0.000224045096490877
3.498,0.00656651918645619,-0.000245700324651044
3.499,0.00660019515749071,-0.000257854522664913
3.5,0.00666023696610788,-0.000265288543936371
3.501,0.00671235688388764,-0.000269825911841715
3.502,0.00676035445754383,-0.00026782202285397
3.503,0.0068212657050876,-0.00025900253720984
3.504,0.00680060727481181,-0.000264284772736045
3.505,0.00678206489240277,-0.000268622822169606
3.506,0.00676145743499904,-0.000271809156919656
3.507,0.00673916763398018,-0.00027259933538798
3.508,0.00671474875922186,-0.000270049569387143
3.509,0.00668800632269787,-0.000263532032098113
3.51,0.00665842830327608,-0.000252538759120069
3.511,0.00662545902122032,-0.000236889934316475
3.512,0.00658744626337802,-0.000216493754538583
3.513,0.00652197595864111,-0.000203686519754165
3.514,0.00652367568735826,-0.000190080217801647
3.515,0.00654533999596096,-0.000171505756339896
3.516,0.00656684255560537,-0.000149226486063303
3.517,0.00659254070931069,-0.000127183760037952
3.518,0.00663739082544315,-0.000101465147238022
3.519,0.0066749000531453,-7.30155797204479e-05
3.52,0.00671922076519585,-4.05571370183377e-05
3.521,0.00676100746115501,-4.41450385985087e-06
3.522,0.00680452332593707,3.6096077530412e-05
3.523,0.00684729867987922,8.10353866104729e-05
3.524,0.00681629960503303,0.000109799650575282
3.525,0.00678638086875815,0.000137615870569097
3.526,0.00675564065640609,0.000149938705761576
3.527,0.00670350566822423,0.00015626077146963
3.528,0.0066587359160385,0.000160418088640757
3.529,0.00660457052788273,0.000161643207480466
3.53,0.00655853548396117,0.000163036340014078
3.531,0.00649845619927076,0.000163372248796478
3.532,0.00650530288702989,0.000166701798334945
3.533,0.00650871934634763,0.000170629537482037
3.534,0.0065398088470954,0.00017895385251282
3.535,0.00661583468139633,0.00018815706468972
3.536,0.0066742339392081,0.000194121585642193
3.537,0.00673777849395225,0.000200630748271202
3.538,0.00679317500890536,0.000207463228043936
3.539,0.00678281071640522,0.000197788374518726
3.54,0.00677115754865798,0.000183586221895904
3.541,0.00676241178715399,0.000166450968550447
3.542,0.00674678914876506,0.000147221015806831
3.543,0.00672814935693049,0.000128568299109066
3.544,0.00668770696499429,9.50104833206677e-05
3.545,0.00665367905529466,6.01024831576868e-05
3.546,0.00659721322383399,2.11667137123839e-05
3.547,0.00655948726461271,-1.72818264864705e-05
3.548,0.00650744435832513,-5.66106517566056e-05
3.549,0.00645544612017198,-9.4160502784324e-05
3.55,0.00646010355950598,-0.000132146657865873
3.551,0.00648143674951199,-0.000168107698744757
3.552,0.00649883554154593,-0.000202967357117612
3.553,0.00651756176600746,-0.000235754451364201
3.554,0.00656030596440181,-0.000269093707357559
3.555,0.00660628122651661,-0.000302687246236166
3.556,0.00664712148364578,-0.000336349315000206
3.557,0.00669819204231628,-0.000367567447655204
3.558,0.00673524940605941,-0.000397037829924174
3.559,0.00678900895558476,-0.00042148042356871
3.56,0.00678905059280079,-0.000459677709435613
3.561,0.00678489641748382,-0.000501779281369352
3.562,0.00678608921052795,-0.000543346936189348
3.563,0.00677323586436562,-0.000586955652112697
3.564,0.00676218387024002,-0.000627264645330028
3.565,0.0067275215575679,-0.000677351961840378
3.566,0.00669735751790703,-0.000728218383444224
3.567,0.00667602107191982,-0.000778166457932217
3.568,0.00664130144634433,-0.000827184725752994
3.569,0.00660673007491927,-0.000872449285513333
3.57,0.00660710407162031,-0.000916407225271643
3.571,0.00662736960141854,-0.00095532649122132
3.572,0.00664306540812004,-0.000990121518245957
3.573,0.00666719763570111,-0.00101931077764589
3.574,0.00672888486903548,-0.001045375986019
3.575,0.00677864226756451,-0.00107050826917326
3.576,0.00683445378691618,-0.00109173891546549
3.577,0.00688026123664669,-0.00110934725084721
3.578,0.00693285313426854,-0.00112063620372665
3.579,0.00698031438803657,-0.00112610898415172
3.58,0.00697223336486127,-0.00114237309292131
3.581,0.00696853283591176,-0.00115708974063616
3.582,0.00695994655861279,-0.00117159924361221
3.583,0.00695569087659657,-0.00118316216957015
3.584,0.00693895887133794,-0.0011925959062063
3.585,0.00692085817259661,-0.00119687205367069
3.586,0.00687351121049413,-0.00121328451033104
3.587,0.00683799582166687,-0.00122894097241094
3.588,0.00678826934196819,-0.00124531128887473
3.589,0.00674707737124792,-0.00125920309983779
3.59,0.00668420133673297,-0.00127114618468793
3.591,0.00669296055766163,-0.00128011236259395
3.592,0.00670590086031256,-0.00128764717024049
3.593,0.00673140731271515,-0.00128978019232739
3.594,0.0067553069396119,-0.00128719032106295
3.595,0.00678696942693482,-0.00127768466609129
3.596,0.00681810809353718,-0.00126182116043849
3.597,0.00686360844455412,-0.00124566204885274
3.598,0.00691106393126861,-0.00122684332379841
3.599,0.00694152016379823,-0.00120625214234038
3.6,0.00699571048068067,-0.00117792262664385
3.601,0.00704996972805081,-0.0011443881963939
3.602,0.00709642248867059,-0.00110362065553882
3.603,0.00708968205727078,-0.00107475447768535
3.604,0.00707007847626686,-0.0010509586394209
3.605,0.00705135077867093,-0.00102585005541195
3.606,0.00703130751808089,-0.000999947136620938
3.607,0.00700409395052199,-0.000972304476616115
3.608,0.00693190272416587,-0.000961250583960072
3.609,0.00687963152876628,-0.000952396380027754
3.61,0.00681849713298839,-0.000945681508440877
3.611,0.00676582550753136,-0.00093819880400553
3.612,0.00670533808207246,-0.000930073579216206
3.613,0.00664502904592845,-0.000918861346921873
3.614,0.00666317031315646,-0.00090469312316932
3.615,0.00667910829539408,-0.000889425139837807
3.616,0.00669734740562408,-0.000869216188408573
3.617,0.00672269715453212,-0.000845412575746718
3.618,0.00674571070762728,-0.000816303693278675
3.619,0.00676791425261467,-0.00078195098880518
3.62,0.00682643075528786,-0.00074656726079203
3.621,0.00687408214339327,-0.000710361210229271
3.622,0.00692396809030502,-0.0006714075317234
3.623,0.00698439751035864,-0.000628298064484889
3.624,0.00702243523067404,-0.000580627697596869
3.625,0.00701741324736391,-0.000544139802211963
3.626,0.00699471989707129,-0.00051478436082486
3.627,0.00697580081536798,-0.000486365920571386
3.628,0.00695321050879948,-0.000458088657574185
3.629,0.0069305114576895,-0.000427791471950212
3.63,0.00688451289305291,-0.000414715134069599
3.631,0.00684856497670771,-0.000404319387796781
3.632,0.00679555107879187,-0.000396554013280759
3.633,0.00675208973278482,-0.000388765103277566
3.634,0.00669358349450444,-0.000380176237440855
3.635,0.00664921470583058,-0.000367821696271309
3.636,0.00665878032995931,-0.000355585363571664
3.637,0.00669673233347257,-0.000339467015554984
3.638,0.00672662341762364,-0.000319783560683073
3.639,0.00676693200785161,-0.000296306307121408
3.64,0.00680537678866729,-0.000267399021329717
3.641,0.00686290939343775,-0.000237568848295067
3.642,0.00691724912130639,-0.000207032151802067
3.643,0.00698274401492315,-0.000173126507857668
3.644,0.00703038247766717,-0.000136610536563275
3.645,0.00710602066293161,-9.29282201538317e-05
3.646,0.00717330265803717,-4.26086957160399e-05
3.647,0.00716293088519716,-9.85212537446545e-06
3.648,0.00715653868998505,1.95602490091762e-05
3.649,0.00714639575865911,4.71534862921397e-05
3.65,0.00713228606451095,7.55621858063993e-05
3.651,0.00705999119327735,8.34584067541111e-05
3.652,0.0070098087836322,8.85537262105829e-05
3.653,0.00695659028236487,9.11843225655518e-05
3.654,0.00690538270156672,9.33481178296836e-05
3.655,0.0068343007594888,9.47443570822881e-05
3.656,0.00678122340597638,0.000100305647215804
3.657,0.00681655763589518,0.000108752112492061
3.658,0.00684678695736291,0.000118401492629483
3.659,0.00688804046750756,0.00013090267671062
3.66,0.00692602255154961,0.000148490614870711
3.661,0.0069696695606151,0.000171608798258505
3.662,0.00703848173492029,0.00019550049829653
3.663,0.00708904737901205,0.000218954892112933
3.664,0.00715781542156559,0.000246434697388553
3.665,0.00723067330057721,0.000277429075275726
3.666,0.00729830116185279,0.00031418402342126
3.667,0.00728730897686193,0.000334088256275678
3.668,0.00728018986515382,0.000352527915399081
3.669,0.00726606382252531,0.000368216210299643
3.67,0.00724697240757871,0.000384123904489719
3.671,0.00720986248612304,0.000384615337171657
3.672,0.00717081444571276,0.000380970928756497
3.673,0.00711440102391017,0.000373905845968858
3.674,0.00708080750631348,0.000368111200833965
3.675,0.00702175421347553,0.000362210593648327
3.676,0.00698676555225537,0.000360875400803762
3.677,0.00702982714033802,0.000363381659690465
3.678,0.00707269289212181,0.000366884991567173
3.679,0.00711362311438178,0.00037394020259357
3.68,0.00715954306837996,0.000384209942049796
3.681,0.00721993272231011,0.000392865641951401
3.682,0.00727179848526678,0.000401659997932624
3.683,0.0073346090051432,0.000413685055278168
3.684,0.00739841548644685,0.000428309287488104
3.685,0.00746100731593564,0.000448436536996999
3.686,0.00751023864871202,0.000472778245807048
3.687,0.0075827394293868,0.000505995627558153
3.688,0.00758184678450945,0.000522603185842241
3.689,0.00756600651694807,0.000533971046403292
3.69,0.00754551710841749,0.000545767840207712
3.691,0.00750591974355655,0.000538454092822049
3.692,0.00747756637441452,0.000526877486288546
3.693,0.00742448386506931,0.000510531438061457
3.694,0.00738881179892774,0.000494154585405859
3.695,0.00733727289565195,0.000477639138499908
3.696,0.00729629427262558,0.000463280335784633
3.697,0.00723224524491548,0.000450327857186017
3.698,0.00725383663519647,0.000440268804101973
3.699,0.00727655945609701,0.000430657605338225
3.7,0.00731223126954332,0.000425710899576548
3.701,0.00735067516514742,0.00042476314803036
3.702,0.00737870081937474,0.00041946885444416
3.703,0.00743189776680469,0.000417820351637566
3.704,0.00747392808258624,0.000417965927176078
3.705,0.00752681506847286,0.000422028625984616
3.706,0.00757072450608717,0.000429649301143198
3.707,0.00762758002839313,0.000444801222647562
3.708,0.0076726546564733,0.00046505107578948
3.709,0.00765424261560946,0.000472359209121809
3.71,0.00762557703519589,0.000476289230097793
3.711,0.00759800061743284,0.000481487251269563
3.712,0.00755363209155832,0.000469632173405898
3.713,0.00751309917263504,0.000454282905792802
3.714,0.00746574036196174,0.000435720548565999
3.715,0.00743011265505576,0.000417600018538467
3.716,0.00736651164115681,0.000397734499512581
3.717,0.00731995837079118,0.000382317629324336
3.718,0.00735184036728342,0.000369987422981832
3.719,0.00737878707498827,0.000360090399679491
3.72,0.00741497592787276,0.000353638410289681
3.721,0.00744844146817418,0.000352046527912098
3.722,0.00748978681212913,0.000348983138048653
3.723,0.00754826173160556,0.000349154770928395
3.724,0.00759351608961027,0.000351546886500853
3.725,0.00765147899560851,0.000358540674922303
3.726,0.00770691023396367,0.000369466936016305
3.727,0.00776512588556781,0.000386843222848599
3.728,0.00774588763610691,0.000389211461890637
3.729,0.00772484155755167,0.000390946239567314
3.73,0.00770084402324172,0.000391640134324633
3.731,0.00768038521712981,0.000393808661039052
3.732,0.00764019705671258,0.00037956049832194
3.733,0.00761090054456081,0.00036314626872247
3.734,0.0075662956574837,0.000344394675891257
3.735,0.00753003249023695,0.000325842659489095
3.736,0.00748895630578604,0.000308851353983397
3.737,0.00751521490469234,0.000292103300798541
3.738,0.00755254224404928,0.00028021246905513
3.739,0.00758595816647338,0.000272086653614168
3.74,0.00762324563971508,0.000268174184876513
3.741,0.00766933163856344,0.000268395486237138
3.742,0.00771700593154629,0.000268699715938125
3.743,0.00776724587951048,0.000270548686170713
3.744,0.007816765745335,0.000274113171521151
3.745,0.00786862903173221,0.000281972059613611
3.746,0.00792670456143256,0.000293992795952269
3.747,0.00791141925142702,0.000290502708190088
3.748,0.00789980962580948,0.000284137187288758
3.749,0.00788490573671717,0.00027738591092652
3.75,0.00785904938447261,0.00026965177246363
3.751,0.00782797798774199,0.000265006963668268
3.752,0.00778012681204712,0.000246712701668927
3.753,0.00774101771799292,0.000227271706317311
3.754,0.00769063662526489,0.000206483491630882
3.755,0.00764695691555998,0.00018659942073701
3.756,0.00759109435523004,0.000168188972634986
3.757,0.00762339552829019,0.000151942106614178
3.758,0.00765691626443985,0.000137413305193845
3.759,0.00768856623288351,0.000125600431627293
3.76,0.00772399429177274,0.00011843375595233
3.761,0.0077599426955238,0.000115572084429305
3.762,0.00778522158147979,0.000109208984083065
3.763,0.00783353004961213,0.000106878008506062
3.764,0.00787317289729662,0.000106774189145675
3.765,0.00792492894835039,0.000110969882475886
3.766,0.00796786777730271,0.000119007597588372
3.767,0.0080208716383472,0.000134561936102395
3.768,0.00800088319006888,0.000134841660492102
3.769,0.00798193011071247,0.00013443652141143
3.77,0.00796375254380394,0.00013264050132028
3.771,0.00794170624376881,0.000130880058864857
3.772,0.00788451685270955,0.000113887761876985
3.773,0.00784577414303841,9.57988824559219e-05
3.774,0.00780347834367313,7.76383860229268e-05
3.775,0.00776073358703604,6.00672752255615e-05
3.776,0.00779003628180738,4.67568225919757e-05
3.777,0.00782241209899289,3.50374845408119e-05
3.778,0.00786008367365517,2.81199952452127e-05
3.779,0.00789843582771376,2.55227756674747e-05
3.78,0.00794362522167059,2.93381109550128e-05
3.781,0.00801034233406628,3.60183767974531e-05
3.782,0.00806294591092201,4.370710615198e-05
3.783,0.00812478076275157,5.53013320783724e-05
3.784,0.00811021412323609,5.03841241308312e-05
3.785,0.00809725021606449,4.3139546011095e-05
3.786,0.008082976047252,3.46642842444789e-05
3.787,0.00806394664525777,2.70762202732033e-05
3.788,0.00804768562402645,2.24282985221147e-05
3.789,0.00800628640434623,4.95644064196776e-06
3.79,0.00797962106428648,-1.23993619750018e-05
3.791,0.00793060192351384,-3.16878309455926e-05
3.792,0.0079562264348716,-4.69545037127816e-05
3.793,0.00798723151366475,-6.05177188481298e-05
3.794,0.00802050630655607,-6.92347948914596e-05
3.795,0.00805303587272838,-7.41324604469629e-05
3.796,0.00809007728214133,-7.27209620902114e-05
3.797,0.00816606554406718,-6.77290444602296e-05
3.798,0.00822083765292407,-6.12039635643491e-05
3.799,0.00827222967355404,-5.19697482753712e-05
3.8,0.00832089761809484,-3.79477628393299e-05
3.801,0.00830595699971958,-3.67680452388885e-05
3.802,0.00828613814874291,-3.96697741837371e-05
3.803,0.00826174405566903,-4.3417940565782e-05
3.804,0.00823835797677603,-4.4782756468742e-05
3.805,0.00819795124441973,-5.93583142871057e-05
3.806,0.00816613997516943,-7.46055858362737e-05
3.807,0.00811928972708949,-9.17509752841328e-05
3.808,0.00808356777793179,-0.000107275823918729
3.809,0.00803193776570382,-0.000122026455328883
3.81,0.0080473000637783,-0.000133839188579565
3.811,0.00808033248546369,-0.000141416664742655
3.812,0.00810951827138114,-0.000145301893477501
3.813,0.00814916265823071,-0.000143554452910422
3.814,0.00822775935778508,-0.000139992802210276
3.815,0.00829140307511851,-0.000134440657687196
3.816,0.00835132033252881,-0.000125698315363687
3.817,0.00840501741639982,-0.000113297661523737
3.818,0.00847275745150142,-9.55911030733891e-05
3.819,0.0084597475747553,-9.35040222812544e-05
3.82,0.00844568438551948,-9.44062023287007e-05
3.821,0.00843043263648709,-9.49407808862324e-05
3.822,0.00840917162682345,-9.62908777331628e-05
3.823,0.0083847357271289,-9.45183614742273e-05
3.824,0.00833686306691683,-0.000106697579069281
3.825,0.00830345305679628,-0.000119956286552092
3.826,0.00825048160401525,-0.000136169158245936
3.827,0.00820909748142336,-0.000150133386224938
3.828,0.00823638530231144,-0.000163689518784205
3.829,0.00827214270536808,-0.000172757676303759
3.83,0.00830566445209087,-0.000178368252528815
3.831,0.00834183867456643,-0.000180670019015006
3.832,0.00837739410178664,-0.00017762803616661
3.833,0.00842799168362978,-0.000173937346039987
3.834,0.00848112419463275,-0.000166624769686763
3.835,0.00852911905686062,-0.000156775048306856
3.836,0.00858710599570178,-0.000142359062338726
3.837,0.00863506849008389,-0.000123321364400408
3.838,0.00862148511290402,-0.000116593537283327
3.839,0.00859848751093129,-0.000113243454484768
3.84,0.00857940051835348,-0.000109684484311867
3.841,0.00854713770324084,-0.00010682203920015
3.842,0.00847616849072762,-0.000118601683647912
3.843,0.00842965445151456,-0.000131449174306353
3.844,0.00837696542841118,-0.000145577692380772
3.845,0.00833097152134912,-0.000157842358792959
3.846,0.00834918032099649,-0.000169982833988613
3.847,0.0083783546480856,-0.000176961428161981
3.848,0.00840257815494097,-0.000180260043344427
3.849,0.00843453140752978,-0.00017877059577287
3.85,0.00847444199727961,-0.00017284068646245
3.851,0.00852268252118036,-0.000164673464417509
3.852,0.00856274353350172,-0.000156274802860679
3.853,0.00862166772674854,-0.000142262713773211
3.854,0.00866777083181707,-0.000124162421739349
3.855,0.00865053932301181,-0.000120156483537581
3.856,0.00863136807616117,-0.000119810405278309
3.857,0.00861161145863679,-0.000120309222935211
3.858,0.00859633982313551,-0.000119558954668419
3.859,0.00855087775210367,-0.000133247926784597
3.86,0.00851877803455899,-0.000147306688399129
3.861,0.00846528007094286,-0.000163833125107593
3.862,0.0084252651124177,-0.000177774400375641
3.863,0.00838252324909275,-0.00018949215502484
3.864,0.00840139052640548,-0.000198075754336169
3.865,0.00843711291470556,-0.000203230096574358
3.866,0.00847014190889469,-0.000204898311498836
3.867,0.00851388204211354,-0.000201219308360145
3.868,0.00858230540568177,-0.000196560076246799
3.869,0.00863985066892916,-0.000189684562655223
3.87,0.00869750270102757,-0.000179584992127391
3.871,0.00876083893088509,-0.000166133554470649
3.872,0.00881680184693914,-0.000147004064578238
3.873,0.00880630795881544,-0.000142388953297379
3.874,0.00879242750295659,-0.000140253831262649
3.875,0.00878191672575279,-0.000137107022132044
3.876,0.00876308560686004,-0.000135356852568602
3.877,0.00873410851155126,-0.000131994480689568
3.878,0.0086814317833336,-0.000143066344895082
3.879,0.00864433352718818,-0.000154807602484541
3.88,0.00858979809347964,-0.000169229387866232
3.881,0.00861243096730929,-0.000179865021540715
3.882,0.00863419316312294,-0.000189378131912998
3.883,0.00866622797990564,-0.000194733766587019
3.884,0.00869891957447865,-0.000196139424848085
3.885,0.00874240779087588,-0.000191174150203977
3.886,0.00878956688495895,-0.000180744619140472
3.887,0.0088420277956817,-0.000168927474164582
3.888,0.00889544146138522,-0.000153558814812771
3.889,0.00893565217468395,-0.000136434913551975
3.89,0.00892591923375721,-0.000131331229149656
3.891,0.00889724053305255,-0.000132836115652402
3.892,0.00887021430318019,-0.000134635098369029
3.893,0.00884516902238449,-0.000135978718627194
3.894,0.00882431460827252,-0.000135526148608289
3.895,0.00877484673922722,-0.000149077172996004
3.896,0.00873570787602368,-0.00016323011349495
3.897,0.00868728435363497,-0.000177265615518007
3.898,0.00864593064904316,-0.000189843719869021
3.899,0.0086557251740535,-0.0002019475022349
3.9,0.00868866291287602,-0.000209659611628943
3.901,0.00872154283020027,-0.000213993404991675
3.902,0.00875863432109726,-0.000212682281950982
3.903,0.00879824077581175,-0.000206533343943438
3.904,0.00882023842460038,-0.000203736943797661
3.905,0.00886928978306872,-0.000195334571709449
3.906,0.00891098324062248,-0.000183423243669323
3.907,0.00895947226462058,-0.000167400269008966
3.908,0.009008302432859,-0.000146749184106509
3.909,0.00898709298156915,-0.000141204549747476
3.91,0.00896704114363748,-0.000137994436755384
3.911,0.00894857891898243,-0.000135664423100368
3.912,0.00892988767903668,-0.000132801188273801
3.913,0.00890825967427861,-0.000128816903834317
3.914,0.00884153642554385,-0.000140177308486367
3.915,0.00879656146392961,-0.000152500451497617
3.916,0.00874421745616316,-0.000164779759268041
3.917,0.00869004022948721,-0.000176629306808396
3.918,0.00870701284674815,-0.000186845824929949
3.919,0.00874233874627148,-0.000193958763328561
3.92,0.00877449497049477,-0.000198264185157393
3.921,0.00881326920335543,-0.00019809713479646
3.922,0.00885133248936438,-0.000193209476138601
3.923,0.00890455892105585,-0.000181500538755708
3.924,0.00896384449908556,-0.000170392783923556
3.925,0.00902762617823676,-0.000156232529667288
3.926,0.00909521999345681,-0.000139345180989625
3.927,0.00915911604243129,-0.000116607452561979
3.928,0.00922909683162903,-8.93179345258233e-05
3.929,0.0092172617396436,-7.87359352620864e-05
3.93,0.0091973102185653,-7.28985979294716e-05
3.931,0.00917564259731437,-6.43521802143332e-05
3.932,0.00915592531630113,-4.97916222259587e-05
3.933,0.00913090619146804,-2.81143075505641e-05
3.934,0.00905618030451922,-1.95831140396563e-05
3.935,0.00900791572891305,-8.72958802922152e-06
3.936,0.00894930788457241,2.47234578437672e-06
3.937,0.00889682649165619,1.61911087375732e-05
3.938,0.00892869709829302,3.1570446313911e-05
3.939,0.00897838317377006,4.71720223590433e-05
3.94,0.00903060683294007,6.63400183645857e-05
3.941,0.00908808901065129,8.98554339534563e-05
3.942,0.00915004019082383,0.000119425419498442
3.943,0.00921565002281457,0.000154009196639382
3.944,0.00928765934626902,0.000194573409971699
3.945,0.00936670753575823,0.000241925594127501
3.946,0.00945017407662196,0.000296746760022115
3.947,0.00952512195984398,0.000348581417283056
3.948,0.00961550253696395,0.00040341112171588
3.949,0.00969329233145181,0.000458799827009082
3.95,0.00968931902400014,0.000492145759099727
3.951,0.0096706859137041,0.000513962639153653
3.952,0.00964599955787925,0.000530527370900369
3.953,0.00961600200595205,0.000541719075778602
3.954,0.0095868736575754,0.000551074249017736
3.955,0.00953410411971058,0.000541431604786702
3.956,0.00948668031506602,0.00052839943593741
3.957,0.00942765351705907,0.000511712026561362
3.958,0.00938690429179867,0.000495346755587323
3.959,0.00932689677839417,0.000477065065486837
3.96,0.00934202633582416,0.00046138052457223
3.961,0.00935759704870573,0.000446278535037148
3.962,0.00938669989085169,0.000435684765105915
3.963,0.00942321287807646,0.000429345571151762
3.964,0.00946788789019164,0.000421693245267252
3.965,0.00951475188699411,0.000416288491295214
3.966,0.00955926335349653,0.000412600231241012
3.967,0.00962170378269697,0.000414981088184496
3.968,0.00966961833497256,0.000422328890474666
3.969,0.0096478527991768,0.000415717164832352
3.97,0.00961866826943294,0.000405410391324301
3.971,0.0095876532054986,0.000395339540071982
3.972,0.00955052334948822,0.00038541991044716
3.973,0.00950893081615631,0.000378253626635072
3.974,0.00949261584827756,0.000361351080650218
3.975,0.00944262293217191,0.000339749226011488
3.976,0.00939209612475015,0.000317625713489034
3.977,0.00934016756510606,0.000296805900582564
3.978,0.00929737674444937,0.000277416885985815
3.979,0.00924039837642789,0.000260732844929557
3.98,0.00919156519205372,0.000247172366982962
3.981,0.00920439172344235,0.000237978962332352
3.982,0.00923742445660149,0.000235251093567923
3.983,0.00927293717419299,0.000237229877261824
3.984,0.00932420767570127,0.000238541995421504
3.985,0.00939157071411348,0.000240721107780173
3.986,0.00943761126029199,0.000243507195131998
3.987,0.0095016841288464,0.000251064721472793
3.988,0.00955206558944794,0.000261653159121022
3.989,0.00953136318906139,0.000255867745749705
3.99,0.00950441382283506,0.000244402112978714
3.991,0.00947808751655046,0.000231612206142651
3.992,0.00944811722693352,0.000218154912648871
3.993,0.00941807036977343,0.000205744450478551
3.994,0.00938070156300821,0.000194039002321011
3.995,0.00931606193519775,0.000166085326528509
3.996,0.0092676849844697,0.000139232486422114
3.997,0.00920579864343125,0.000110882118526556
3.998,0.00915500627412466,8.45373101407421e-05
3.999,0.00909296802897568,6.03530697038113e-05
4,0.00910481553903204,3.77403651428687e-05
4.001,0.00912785784187845,2.05055119860686e-05
4.002,0.00915421615079156,6.27606918712775e-06
4.003,0.0091921165227143,-2.85164535024363e-06
4.004,0.00923329477197641,-5.88918739502509e-06
4.005,0.00928147406385529,-9.94962396594357e-06
4.006,0.00933464109993577,-1.21063253596954e-05
4.007,0.00938037591807534,-1.42725019275369e-05
4.008,0.00943358887869493,-1.20888059534918e-05
4.009,0.00948910997811061,-6.91717142004e-06
4.01,0.00947255984559336,-1.7541037664548e-05
4.011,0.00945422272279671,-3.21416337937253e-05
4.012,0.00943659951673598,-4.73107748305557e-05
4.013,0.00941108325594421,-6.33826852085573e-05
4.014,0.00938256495096788,-7.78229907480998e-05
4.015,0.00934442436528965,-9.12070297224288e-05
4.016,0.00928176234972335,-0.000118607892973799
4.017,0.00923602312264422,-0.000143950990718789
4.018,0.00917405590753608,-0.000170103352868156
4.019,0.00919491752509033,-0.000193178574769304
4.02,0.00921281864835646,-0.000214386183449544
4.021,0.00923309131612012,-0.000232076091693401
4.022,0.00925987606688867,-0.00024678494038255
4.023,0.00929488483481121,-0.000255194883962473
4.024,0.00933773831331136,-0.000258675284702636
4.025,0.0093694567919934,-0.000262788672931724
4.026,0.00942209718246465,-0.000263553179387643
4.027,0.00946758008169785,-0.000263037474031003
4.028,0.00952103088929807,-0.000258250954958295
4.029,0.00956488543405515,-0.000250499860870557
4.03,0.00954098121220902,-0.000258147455117042
4.031,0.00952124131297559,-0.000268131859262999
4.032,0.00949806988199696,-0.000279744535018778
4.033,0.00947372887277528,-0.00029085252147748
4.034,0.00944369300457668,-0.00030191375327937
4.035,0.00938764234606799,-0.000327487413427974
4.036,0.00934860398213131,-0.000353278544633739
4.037,0.0092955320059142,-0.000380874158757649
4.038,0.00924542468214506,-0.000407246654890836
4.039,0.00926489801195254,-0.000432140660348579
4.04,0.00929117380070059,-0.000453015040184856
4.041,0.00931548497144826,-0.000472063370496045
4.042,0.00934906379270851,-0.000487575332205226
4.043,0.0093823047155824,-0.00049881353257647
4.044,0.00942428575565751,-0.000505146456279248
4.045,0.00948150261058574,-0.000509977936108408
4.046,0.00952655316175138,-0.000516052094041597
4.047,0.00958583374599567,-0.000519369846862128
4.048,0.00963798029174189,-0.000521032644991037
4.049,0.00969660306493006,-0.000519277521449313
4.05,0.00969187682409009,-0.000533795510984647
4.051,0.00968458963999264,-0.000553543922658883
4.052,0.00967037110222066,-0.000575034228960714
4.053,0.009648416572702,-0.000598640497040059
4.054,0.00962529218711748,-0.000620835244136253
4.055,0.00958671292887361,-0.000657233656943979
4.056,0.00955095898841701,-0.000695426838136726
4.057,0.00951165879124205,-0.00073492638107453
4.058,0.00948656720634137,-0.000773037449048664
4.059,0.0094377441994941,-0.000811227003816528
4.06,0.00940105019395543,-0.000844771188183768
4.061,0.00942467413886783,-0.000875407237668047
4.062,0.00946146275926703,-0.000901207953732996
4.063,0.00949554431780707,-0.000922664580951027
4.064,0.0095368273798078,-0.000938754937745478
4.065,0.00957940759922885,-0.00094882603981139
4.066,0.00961656958783729,-0.000959812895947598
4.067,0.00966823617113521,-0.000965245716825602
4.068,0.00971213497768786,-0.000968737216056781
4.069,0.00976270571760935,-0.000966247453174141
4.07,0.00980620903601051,-0.000960713958401027
4.071,0.00985271982797041,-0.000948465552115585
4.072,0.00983744235037591,-0.00094788476997032
4.073,0.00981596959210912,-0.000950307973245246
4.074,0.00979372440026563,-0.000951618843638313
4.075,0.00977346276392049,-0.000952269833076391
4.076,0.00971783183918045,-0.000967391151423913
4.077,0.00968604384923539,-0.000982935568453969
4.078,0.00964647706957302,-0.00100001442651659
4.079,0.00961224372904069,-0.00101659110090574
4.08,0.00963340011484707,-0.0010307331260041
4.081,0.00966787671457307,-0.00104040959842738
4.082,0.0097055166715389,-0.00104625934621555
4.083,0.00974384588198991,-0.00104528600306447
4.084,0.00978520959962453,-0.00103914614261053
4.085,0.00983963184003719,-0.00102515095792033
4.086,0.00988784881253291,-0.00100271849234279
4.087,0.00995327077361269,-0.000977920756740636
4.088,0.010022125030392,-0.000949276141885502
4.089,0.010009208138384,-0.000939104811661706
4.09,0.00999848910835253,-0.000932031792638011
4.091,0.00998381454864335,-0.000925742928645223
4.092,0.00996152236614314,-0.000921949923358978
4.093,0.00992902876990234,-0.000916531622953742
4.094,0.00988398694641136,-0.000909085588044201
4.095,0.00981994604173177,-0.00091142370423225
4.096,0.00976855773140816,-0.000912999493257016
4.097,0.00972669659062951,-0.000913550117529471
4.098,0.00974914875649596,-0.000909801317030334
4.099,0.00977363535576591,-0.000902682700470891
4.1,0.00979885456111304,-0.000892347885187994
4.101,0.00983814087413653,-0.000876227040136179
4.102,0.00987813794106661,-0.000852484495481809
4.103,0.00993540882349441,-0.000824945347438766
4.104,0.00998092011113358,-0.000795097945656409
4.105,0.0100327050396668,-0.000760736519311633
4.106,0.0100719761645219,-0.00072213382031644
4.107,0.0100535399676283,-0.000695678587493864
4.108,0.0100259122259394,-0.000674038357673934
4.109,0.0100033697696003,-0.000652293371596058
4.11,0.00997568696351619,-0.000630535395334753
4.111,0.00993053219737091,-0.000623011492452474
4.112,0.00988999389330604,-0.000613772940881441
4.113,0.00984328279518252,-0.000603968165431124
4.114,0.00981188473584298,-0.000592309045714834
4.115,0.00983079989413897,-0.000579801522994472
4.116,0.00987281820466929,-0.000561280440585288
4.117,0.00990858073665379,-0.000538032274391531
4.118,0.0099490132862794,-0.000510699708739848
4.119,0.0100018984512913,-0.000474605124112293
4.12,0.0100559233839721,-0.000437778525092081
4.121,0.0101095718149811,-0.000398637936789625
4.122,0.0101669499989573,-0.000356731667056076
4.123,0.0102339746748937,-0.000309535464965427
4.124,0.0102098467698719,-0.000282476251012687
4.125,0.0101838405705124,-0.000256946114943313
4.126,0.0101604893886327,-0.000233590525407557
4.127,0.0101287169954378,-0.000209914105663678
4.128,0.0100892909210668,-0.000186284423204564
4.129,0.0100249383450052,-0.000176694577567693
4.13,0.00996322682783399,-0.000165992688019201
4.131,0.00998592086726726,-0.000152807750924078
4.132,0.0100187401975108,-0.000135550195854928
4.133,0.0100563594878462,-0.00011527085698676
4.134,0.0101020288423139,-8.84354945477339e-05
4.135,0.0101544504460892,-5.64699253977063e-05
4.136,0.0101850370469936,-2.66502276919933e-05
4.137,0.010241263697328,8.9303114987338e-06
4.138,0.0102833952258774,4.71967611562207e-05
4.139,0.0102559054497389,7.031514360889e-05
4.14,0.0102163199040552,8.76735584033339e-05
4.141,0.010182174002567,0.000104332991826661
4.142,0.0101456704267388,0.000121459344678665
4.143,0.0100877370916215,0.000123936419885118
4.144,0.0100503958252633,0.000127823422638007
4.145,0.00998624433857199,0.00012969530770035
4.146,0.010020360481558,0.000136142213475687
4.147,0.010051674577431,0.000146341269833483
4.148,0.0100768894318853,0.000160509161866274
4.149,0.0101085272188459,0.000178254375660492
4.15,0.0101295985172963,0.00019433557888282
4.151,0.010173154214364,0.000215287928373442
4.152,0.0102022383402295,0.000238867839822798
4.153,0.0102481113116854,0.000268282734403047
4.154,0.0102937863294511,0.000301591978261018
4.155,0.0102658262780061,0.000317307491766616
4.156,0.0102328951347083,0.000331494642204888
4.157,0.0102026758492192,0.000344852302475995
4.158,0.0101412421797594,0.000341835777209087
4.159,0.0101065032796501,0.0003386937233123
4.16,0.0100486114237534,0.000333808569820071
4.161,0.0100152212839018,0.00033172081712729
4.162,0.0100456502937643,0.000333414754903283
4.163,0.0100858476334445,0.000338496583110692
4.164,0.0101206726448209,0.000348309915752798
4.165,0.0101610298993149,0.000362050509642997
4.166,0.0101839128322167,0.000371735602504975
4.167,0.0102346985834272,0.000385752500545289
4.168,0.0102661147377774,0.000400771026022151
4.169,0.010321219926762,0.000421566639564053
4.17,0.0103606764654083,0.000446269124837417
4.171,0.0104184399312481,0.000477917658252835
4.172,0.0103946528974467,0.000490092418392207
4.173,0.0103690791660578,0.000500139344246642
4.174,0.0103405481094848,0.000507584397024197
4.175,0.0103125931201557,0.000515705864625737
4.176,0.0102536018705259,0.000505464697803215
4.177,0.0102211209261305,0.000495247932070786
4.178,0.0101714058781596,0.000483304018824404
4.179,0.0101323921157614,0.000473072277545006
4.18,0.0100734391326341,0.000462925515222312
4.181,0.0101112278370014,0.000456753676743249
4.182,0.010144940843955,0.000453370189135105
4.183,0.0101783041386225,0.000453308724605861
4.184,0.0102107061490618,0.000458231884163662
4.185,0.0102516038181024,0.000467452831837467
4.186,0.010272478785924,0.000471463470074818
4.187,0.0103180219768713,0.000479392284072289
4.188,0.0103523465150947,0.000488594046923363
4.189,0.0104010405078029,0.000502399794687913
4.19,0.0104402455037485,0.00051920082436191
4.191,0.0104863992175994,0.00054172347682907
4.192,0.0105375462697494,0.000569606764589392
4.193,0.0105095987984407,0.000577288985728064
4.194,0.0104843920517181,0.000581985444527588
4.195,0.0104604888421155,0.000583571450965936
4.196,0.0104307181064925,0.000585333524505294
4.197,0.0103684489552623,0.00057017911517504
4.198,0.0103294268044337,0.00055307132756105
4.199,0.0102759576553112,0.000532713181044864
4.2,0.0102319848916572,0.000514795855083239
4.201,0.0101810208325444,0.000497777430415069
4.202,0.0102026623630023,0.000483968915073463
4.203,0.0102376257550643,0.000474397853392816
4.204,0.0102757403147446,0.000468159102723797
4.205,0.0103166080499043,0.000468201297478654
4.206,0.0103605208021364,0.000473258413940802
4.207,0.0103842890851844,0.00047273059346653
4.208,0.0104299575486511,0.000476384889684045
4.209,0.010461570574928,0.00048074166352341
4.21,0.0105126813813484,0.000490549728473288
4.211,0.0105482043115561,0.00050339276317507
4.212,0.0105218614846522,0.00050141071382509
4.213,0.0104907871485406,0.000494133299318023
4.214,0.0104591668119163,0.000486259028230129
4.215,0.0104254900914411,0.000478041696238718
4.216,0.0103938799378562,0.000472319149799838
4.217,0.0103382890441636,0.000453073202962229
4.218,0.0102943192366985,0.000432448224631676
4.219,0.0102335446018554,0.000408995970703097
4.22,0.0102495622709982,0.000389110749027477
4.221,0.0102671260820526,0.000371793075862326
4.222,0.0102943042480478,0.000357176227264389
4.223,0.0103372781305584,0.000349306638605551
4.224,0.0103833605388569,0.000346907016153752
4.225,0.0104346300315259,0.000352806174527653
4.226,0.0104910327599418,0.000359930717347023
4.227,0.0105518623417754,0.000368368635782101
4.228,0.01061262126343,0.000381624465189523
4.229,0.0105986582514537,0.00037539015585053
4.23,0.0105824606147133,0.000365689974570982
4.231,0.0105569074225511,0.000351891037664587
4.232,0.0105326387760073,0.00033888140804994
4.233,0.0105028372055215,0.000326034048631962
4.234,0.0104723048314346,0.000316457697303374
4.235,0.0104209305293981,0.000293778393318289
4.236,0.0103851042948935,0.000271283765194752
4.237,0.0103182141701887,0.000246044970887427
4.238,0.0103492520919118,0.000224184483673451
4.239,0.0103780466868642,0.000204562799547003
4.24,0.0104045589377119,0.000188433357571294
4.241,0.0104306860261606,0.000175698882650011
4.242,0.0104621484423044,0.000169198671239823
4.243,0.0104992723714977,0.00016811099882974
4.244,0.0105242720787272,0.00016344343879332
4.245,0.0105643680174018,0.000163663847740969
4.246,0.0105927763624168,0.000165335704883529
4.247,0.0106424304936583,0.00017254524442667
4.248,0.0106909645445817,0.000185632053009199
4.249,0.0107395474520433,0.000202826187866822
4.25,0.0107082189190433,0.000202880586704479
4.251,0.0106799816299556,0.000200444306565906
4.252,0.010655994156979,0.000196874118402857
4.253,0.010632929873418,0.00019312087441975
4.254,0.0105759923960545,0.000172251291286563
4.255,0.0105431634980527,0.000151383526351689
4.256,0.0105042829277074,0.000129811683830861
4.257,0.0104669254063352,0.000109016898071412
4.258,0.0104292094240292,8.95139788701926e-05
4.259,0.0103875038807967,7.26436435359301e-05
4.26,0.0104288266716834,5.91292289853773e-05
4.261,0.0104712160108068,5.02775658346444e-05
4.262,0.0105079224755507,4.56402873301731e-05
4.263,0.0105435884934444,4.47888945868669e-05
4.264,0.0105637286464513,3.92779336337856e-05
4.265,0.0106048246062443,3.81467176951977e-05
4.266,0.010635667917355,3.90005185743614e-05
4.267,0.0106807377362314,4.4710385437019e-05
4.268,0.010716850864663,5.38126682355644e-05
4.269,0.0107592798540837,6.89458093687256e-05
4.27,0.0107997267572313,8.8837081775095e-05
4.271,0.0107751968375737,9.24458052268262e-05
4.272,0.0107530441173376,9.33949742333851e-05
4.273,0.0107305681604959,9.29287354332065e-05
4.274,0.0106841402766954,7.48877913251955e-05
4.275,0.0106508447615755,5.55752301715229e-05
4.276,0.0106064918752999,3.41353142333523e-05
4.277,0.010566894257064,1.38397485508479e-05
4.278,0.0105345469677819,-4.69823429455341e-06
4.279,0.010485096160312,-2.09423263078934e-05
4.28,0.0105136679101648,-3.36011051584317e-05
4.281,0.0105408203299414,-4.23305728175505e-05
4.282,0.0105707359506693,-4.65906341723388e-05
4.283,0.010598092002791,-4.58893802319782e-05
4.284,0.0106141614265833,-4.7517792149343e-05
4.285,0.0106537680314582,-4.53962178627587e-05
4.286,0.0106847248268279,-4.09475577257679e-05
4.287,0.0107180533496092,-3.41036864964783e-05
4.288,0.0107506791806996,-2.20155398014676e-05
4.289,0.0107967538311731,-4.07710758376645e-06
4.29,0.0107774903696831,-2.36570507106126e-06
4.291,0.0107546174586177,-2.66344429006304e-06
4.292,0.0107293645360364,-4.87787451025623e-06
4.293,0.0106983544656511,-5.78094924896799e-06
4.294,0.010675394606767,-1.97635032892496e-05
4.295,0.0106432976220009,-3.65890457080797e-05
4.296,0.0106025826844704,-5.4355045599197e-05
4.297,0.0105829660683521,-7.07613759309833e-05
4.298,0.0105974514065905,-8.61810255426976e-05
4.299,0.0106298898599426,-9.684612020322e-05
4.3,0.0106665076354206,-0.000103682055816234
4.301,0.0106997391370441,-0.000104827704823673
4.302,0.0107397641778425,-0.000101065860821148
4.303,0.0107801633353275,-9.01404747775669e-05
4.304,0.010821595964737,-7.9297172081938e-05
4.305,0.0108734585326216,-6.46428538329524e-05
4.306,0.0109151715923495,-4.74505176500939e-05
4.307,0.0108847579725851,-4.66839706540489e-05
4.308,0.0108541294182335,-4.9956038481902e-05
4.309,0.0108274502787518,-5.43273766543395e-05
4.31,0.0108008570715129,-5.87374366344262e-05
4.311,0.0107771206284641,-6.20497086077365e-05
4.312,0.0107508161590116,-6.30134750759237e-05
4.313,0.0107116401302355,-7.62515974276901e-05
4.314,0.0106843533702982,-8.93246973452944e-05
4.315,0.0106958881217033,-0.000103599960743272
4.316,0.0107320751758532,-0.000112995733475507
4.317,0.0107622325140299,-0.000118339612062979
4.318,0.0107922921015623,-0.000120282608418565
4.319,0.0108369364163769,-0.000115442201727267
4.32,0.0108843350526364,-0.000103946088674201
4.321,0.0109171638178034,-9.25951597182673e-05
4.322,0.0109724868578513,-7.58975346149549e-05
4.323,0.0110208009790832,-5.58340770738797e-05
4.324,0.0110000521460251,-5.37326228055579e-05
4.325,0.0109809497466353,-5.49167892091584e-05
4.326,0.0109595219158546,-5.81321512766464e-05
4.327,0.0109412144308254,-6.0870278888403e-05
4.328,0.0109188562149835,-6.31245056388896e-05
4.329,0.0108703699176669,-7.85161056444106e-05
4.33,0.0108401892255636,-9.33460054872159e-05
4.331,0.0107867592927871,-0.000109290066654111
4.332,0.0108159853318115,-0.000120350227878707
4.333,0.0108490852900015,-0.000128717478045326
4.334,0.0108814473277314,-0.00013224615811902
4.335,0.0109147850202419,-0.000131859016116176
4.336,0.0109673940649373,-0.000124856430763265
4.337,0.011003977980533,-0.000117778033505378
4.338,0.0110616935250916,-0.000105883968769149
4.339,0.0111144298810434,-9.06665070336543e-05
4.34,0.0111732605554935,-6.97964821979591e-05
4.341,0.0111575336711449,-6.64356912024044e-05
4.342,0.0111415646610363,-6.55210567093722e-05
4.343,0.0111226672096973,-6.75822904547263e-05
4.344,0.0110961092485466,-6.89196522510316e-05
4.345,0.0110658143433916,-8.25614946822761e-05
4.346,0.0110355762937496,-9.76258560918541e-05
4.347,0.0109813640041015,-0.000115773239043937
4.348,0.0109474049663223,-0.000131356593325027
4.349,0.0109012507662699,-0.000144583576237534
4.35,0.010934062686262,-0.000152865703576033
4.351,0.0109644163682321,-0.000157777985845153
4.352,0.0109944691074456,-0.000159638614335322
4.353,0.0110330391000265,-0.000155274204374167
4.354,0.0111051290567364,-0.000148296044719276
4.355,0.0111610325640956,-0.000141891667426064
4.356,0.0112123823005808,-0.000132336039279424
4.357,0.0112600905540036,-0.000119178092977623
4.358,0.0113113468739415,-0.000100699606934929
4.359,0.0113622724017174,-7.82223250165859e-05
4.36,0.0113326938917473,-7.22018950901626e-05
4.361,0.0113065779443446,-6.73866690115155e-05
4.362,0.0112844488064376,-6.38891445756129e-05
4.363,0.0112601027397662,-5.97400006956961e-05
4.364,0.0112202402800462,-7.24532428450497e-05
4.365,0.0111825855933269,-8.72970870041123e-05
4.366,0.011146058436563,-0.000104113339147338
4.367,0.011113890802184,-0.000121533554575337
4.368,0.0110726518829828,-0.000138337878265116
4.369,0.011108117196324,-0.000150051981224142
4.37,0.0111411239312717,-0.000158730646606764
4.371,0.0111728446129857,-0.000164300627625125
4.372,0.0112090965640547,-0.00016404830372424
4.373,0.0112456484694569,-0.000158745116116188
4.374,0.011278894041544,-0.00015594638017663
4.375,0.0113311009144322,-0.000149023651293434
4.376,0.0113696140145965,-0.000141360642455735
4.377,0.0114238296163236,-0.000127858880733245
4.378,0.0114739359017335,-0.000110246643039436
4.379,0.0115314809819268,-8.57584242926479e-05
4.38,0.011512247076657,-7.87530688590721e-05
4.381,0.0114954015415266,-7.40199097834515e-05
4.382,0.0114757670864115,-7.22223438972547e-05
4.383,0.0114482391387162,-6.98575812552171e-05
4.384,0.0114133002878584,-6.77105111189236e-05
4.385,0.0113597532625274,-8.25749094715e-05
4.386,0.0113222808538974,-9.8006727490163e-05
4.387,0.0112639189508649,-0.000115483094710711
4.388,0.0112206154420982,-0.000131264586392954
4.389,0.0111603865118568,-0.000147132359287538
4.39,0.0111852466263632,-0.000158674168439288
4.391,0.0112131791487019,-0.000169261333345549
4.392,0.0112465021860551,-0.000174800830482047
4.393,0.0112808255607056,-0.000176979310330172
4.394,0.0113296736238399,-0.000172678213896438
4.395,0.0113757953732769,-0.000162210064141466
4.396,0.0114086407981253,-0.000154414897737432
4.397,0.0114663554316214,-0.000142411314341895
4.398,0.0115124390083623,-0.000128877684388629
4.399,0.0115731436190433,-0.000109793500227384
4.4,0.0116283884060277,-8.74218861138254e-05
4.401,0.0116885414100795,-5.91357521702029e-05
4.402,0.0116748091433797,-4.89134871408115e-05
4.403,0.0116614298130579,-4.35302277213001e-05
4.404,0.0116508384342321,-3.96245069362311e-05
4.405,0.0116219077721653,-3.84376657603935e-05
4.406,0.0115538462836402,-5.40464560343512e-05
4.407,0.0115139940682072,-7.13401281419723e-05
4.408,0.0114526136162182,-9.2258902533171e-05
4.409,0.0114062277631549,-0.000110588390091815
4.41,0.0113474396347353,-0.00012747860532164
4.411,0.0113635118060874,-0.000141201919264589
4.412,0.0113929010687241,-0.000149917378494624
4.413,0.0114265099494091,-0.000155299599570669
4.414,0.0114683915919691,-0.000153349654520962
4.415,0.0115119557684298,-0.000145927357021958
4.416,0.0115532437271598,-0.000139662615048886
4.417,0.0116133292277527,-0.000130069336809757
4.418,0.0116541661823504,-0.000119078775424497
4.419,0.011711236276288,-0.000101836643931041
4.42,0.0117620153841441,-7.88207615359804e-05
4.421,0.0118132572636306,-4.32957929695776e-05
4.422,0.0117892936850716,-1.65884259411553e-05
4.423,0.01176374138026,1.44893671663038e-05
4.424,0.0117372074629212,4.96446510230286e-05
4.425,0.0117097689709558,8.84869352619777e-05
4.426,0.0116818475530389,0.000131181313691775
4.427,0.0117016440642893,0.000167859650923807
4.428,0.0117236028681298,0.000204896428344981
4.429,0.0117492861493532,0.000246285241262412
4.43,0.0117814640209855,0.000292413636465982
4.431,0.0118300677393581,0.000347034272197233
4.432,0.0118594222986177,0.000399777294117332
4.433,0.0119164577932821,0.000459790532593485
4.434,0.0119582809318881,0.000522624081869982
4.435,0.0119226208583349,0.000567346465642327
4.436,0.0118870261331674,0.000610193820178795
4.437,0.0118357845205061,0.0006337441118624
4.438,0.0117893089188024,0.000653340404524749
4.439,0.0117329365674026,0.000669129713657735
4.44,0.0116908550951943,0.000684489970202706
4.441,0.0117154833847199,0.00069978216128902
4.442,0.0117658923578962,0.000720617868593287
4.443,0.011821050635113,0.000745303624428706
4.444,0.0118802712464996,0.000775239602768041
4.445,0.0119410872158745,0.000810056497636935
4.446,0.0119945219904251,0.000842352080176023
4.447,0.0120693803103004,0.000879777911934831
4.448,0.0121348560459313,0.000918638560363505
4.449,0.0122121118428606,0.000964668018616333
4.45,0.0122854900099429,0.0010139931998745
4.451,0.0122869521582366,0.00104656356071803
4.452,0.0122490006277937,0.00105197383822736
4.453,0.0122366926241484,0.00105070484928049
4.454,0.0121954706693651,0.00103937549157096
4.455,0.0121628411653061,0.00102554267189792
4.456,0.0121328777470104,0.00100961907980718
4.457,0.0120955324062569,0.000991942790062539
4.458,0.0121314561744027,0.000977165501237609
4.459,0.0121790995060706,0.00096424599669831
4.46,0.0122315045190353,0.000955960411377577
4.461,0.0122875930860551,0.000953807457504952
4.462,0.0123311106215101,0.000948226639447214
4.463,0.0123953242449449,0.000947829494219898
4.464,0.0124494348571497,0.000949342839445866
4.465,0.0125050628842136,0.000956006260518893
4.466,0.0124842977430069,0.000948196746472119
4.467,0.0124626809965171,0.00093945101746451
4.468,0.0124412244421864,0.000932869314922813
4.469,0.012410862065001,0.000926904382681393
4.47,0.012372202074702,0.000923638914234914
4.471,0.0123234440977741,0.000922787304372119
4.472,0.0122572988885695,0.000912664797468876
4.473,0.0122081450484218,0.000905119807257049
4.474,0.0121355493718117,0.000898244435749262
4.475,0.01213670430857,0.000896656626839243
4.476,0.0121739090888828,0.000904031563243979
4.477,0.0122533407203882,0.000913581346281445
4.478,0.0123075971130176,0.000921547905258502
4.479,0.0123719845728228,0.000933225237822966
4.48,0.0124271361322011,0.000947271410541239
4.481,0.0124865662628248,0.000965713897515652
4.482,0.0124626498956683,0.000964312684159641
4.483,0.0124372879040478,0.000959231087629353
4.484,0.0124072834741281,0.000950584800078591
4.485,0.0123749589539226,0.000940516182592943
4.486,0.0123387768299659,0.000929145583523028
4.487,0.0123000953572763,0.000917830328205582
4.488,0.0122372765164501,0.000890900908936731
4.489,0.012187823425311,0.000862189229509092
4.49,0.0121980168268892,0.000832851963138537
4.491,0.0122241300160651,0.000805876038140918
4.492,0.0122522357966829,0.000779966990495373
4.493,0.0122845727791501,0.00075745526100246
4.494,0.0123169955730373,0.000737619870127215
4.495,0.0123689745617932,0.000719147816260646
4.496,0.0124103449900941,0.000700966725772911
4.497,0.0124676282536876,0.000688576981600075
4.498,0.0125187893482428,0.00068052588266504
4.499,0.0124991934432775,0.000655091138264396
4.5,0.0124740703532583,0.000624421002244191
4.501,0.0124480871758279,0.000591100368011299
4.502,0.0124189454127347,0.000556368873418811
4.503,0.0123786689899276,0.000508499320960809
4.504,0.0123413380005673,0.000458217237807534
4.505,0.0122973193013251,0.000406056388485065
4.506,0.0122534936797951,0.000353189670669662
4.507,0.0122156887509871,0.000301922308572344
4.508,0.0121682503667689,0.000250819439088279
4.509,0.0121321639403545,0.000202477176484805
4.51,0.0120831467572416,0.000156004360674367
4.511,0.012094733280398,0.000113175845695646
4.512,0.0121033712785782,7.29202266922524e-05
4.513,0.0121407431852684,3.30942049456273e-05
4.514,0.012162417784606,-6.793922717796e-06
4.515,0.0121967650800039,-4.23416202287585e-05
4.516,0.012222938695894,-7.551824337243e-05
4.517,0.0122599202346061,-0.00010299426021565
4.518,0.0122945474466042,-0.000126272479763101
4.519,0.0123264581201577,-0.000144260104201432
4.52,0.0123107447506233,-0.000171476202764143
4.521,0.0122927086334842,-0.000201681658970498
4.522,0.0122726761660434,-0.000232285591241888
4.523,0.0122353297355769,-0.000276687457468228
4.524,0.0122112397400063,-0.000322305908317777
4.525,0.0121773262706906,-0.000370284798303089
4.526,0.0121513394310313,-0.000417080606054943
4.527,0.0121171083351831,-0.000463451145048199
4.528,0.012083340574042,-0.000508014935109991
4.529,0.0121120128186153,-0.000548460402457762
4.53,0.0121383973500355,-0.000586186849140802
4.531,0.0121700019470531,-0.000620413072498494
4.532,0.0121988871114812,-0.000651551176071186
4.533,0.0122290717744504,-0.000681617345382246
4.534,0.0122688202269912,-0.000708723232015929
4.535,0.0122990785736795,-0.000733761125266463
4.536,0.0123424280319796,-0.000752990666534614
4.537,0.0123780111448176,-0.000769085885654164
4.538,0.0124157463990516,-0.000778591996359546
4.539,0.012400431662407,-0.000800334993099339
4.54,0.0123879850381477,-0.00082296127772441
4.541,0.0123725878432524,-0.00084683200714325
4.542,0.0123315899484502,-0.000883851949875614
4.543,0.0123084420885572,-0.000921795749815768
4.544,0.0122721798662458,-0.000961039124586616
4.545,0.0122466713804365,-0.000998989505513692
4.546,0.0122172114426241,-0.00103600087272315
4.547,0.0121865871924204,-0.00107113130730879
4.548,0.0122076881600045,-0.00110219741690964
4.549,0.0122291354388408,-0.00113135735759451
4.55,0.0122570884832374,-0.00115542697326421
4.551,0.0123118137760888,-0.00117781529985578
4.552,0.0123475088379089,-0.00120013071243591
4.553,0.0123863188224129,-0.00122026146132254
4.554,0.0124169790118996,-0.00123752351800116
4.555,0.0124556511406958,-0.00125061641688728
4.556,0.0124893561891548,-0.00125962417733994
4.557,0.0124727046948256,-0.00128028978536909
4.558,0.0124589443474056,-0.00130265868157059
4.559,0.0124424790507763,-0.00132581903875978
4.56,0.0124290598613304,-0.00134817625708794
4.561,0.0123930217258675,-0.00138016808023689
4.562,0.0123690285321023,-0.00141138982222744
4.563,0.0123274487994083,-0.00144316674123984
4.564,0.0122955557429541,-0.00147127295120675
4.565,0.0123094917388107,-0.00149633889123207
4.566,0.0123313703231751,-0.00151696550577046
4.567,0.0123567302472502,-0.00153460137122396
4.568,0.0123876184634131,-0.00155249834295285
4.569,0.0124219868571413,-0.00156948771251697
4.57,0.0124464429396854,-0.00158427536893885
4.571,0.0124832266423283,-0.00159502584123616
4.572,0.0125149304066732,-0.00160309791219077
4.573,0.0125475282809377,-0.00160711707764011
4.574,0.0125370567180238,-0.00162383193610621
4.575,0.0125253461273074,-0.00164164838979042
4.576,0.0125028220488651,-0.00166194582674944
4.577,0.0124788672491433,-0.00167964378179125
4.578,0.0124541174646981,-0.00169392775767674
4.579,0.0124266766301513,-0.00170374440720544
4.58,0.0123991993172425,-0.00170718023492911
4.581,0.0123566694172318,-0.00171853335040673
4.582,0.0123274882092481,-0.00172520733233128
4.583,0.0123400573108762,-0.00172949150635221
4.584,0.0123601168315964,-0.0017258121452825
4.585,0.0123788774152131,-0.00171778566160907
4.586,0.0123952131253477,-0.00170416366297049
4.587,0.0124232900621806,-0.00168307421779379
4.588,0.0124568321478344,-0.00165516428079404
4.589,0.0125019468062919,-0.00162245554617685
4.59,0.0125433856682384,-0.00158702596988053
4.591,0.0125749472860207,-0.00154689612676157
4.592,0.0125648501979539,-0.00151734218635752
4.593,0.0125475453664415,-0.0014927880777047
4.594,0.0125243291351279,-0.00146744729949438
4.595,0.0124963983940318,-0.00144157570706088
4.596,0.0124385516789711,-0.00142885320279618
4.597,0.0123966944153596,-0.00141443350194165
4.598,0.0123390783946,-0.00140040473084146
4.599,0.0123007978674325,-0.00138337877320888
4.6,0.0123326921344639,-0.00136144838354052
4.601,0.0123643909653454,-0.00133467890097727
4.602,0.0123995108693263,-0.00130400899792005
4.603,0.0124334402631631,-0.00126864036959484
4.604,0.0124803091201129,-0.00122636997255599
4.605,0.0125438126860965,-0.00118188408643466
4.606,0.0126060408500571,-0.00113181998746698
4.607,0.0126667104638137,-0.00107676794381678
4.608,0.0127329027478951,-0.00101634038454418
4.609,0.0127937144038256,-0.00094966444304706
4.61,0.0127826166964519,-0.00089813467040889
4.611,0.0127760172714333,-0.000847876968203209
4.612,0.0127269575574238,-0.000802111727117527
4.613,0.0126933711930696,-0.000770141292348148
4.614,0.0126341234899061,-0.000743624726185832
4.615,0.0125874069841926,-0.000717208327611518
4.616,0.0125324503222894,-0.000691050508531521
4.617,0.0124914266326659,-0.000662539433520293
4.618,0.0125358903384295,-0.000627788595052969
4.619,0.0125862776188881,-0.000588276529062459
4.62,0.0126367187299782,-0.000543035541078374
4.621,0.0126900405554393,-0.000493998934336271
4.622,0.0127539585801074,-0.000438064526569693
4.623,0.012817293104242,-0.000374812153052628
4.624,0.0128779357373496,-0.000311229998048057
4.625,0.0129645978637738,-0.00024298452621746
4.626,0.0130337981687784,-0.000173102037783646
4.627,0.0130316779655172,-0.000122872805135954
4.628,0.0130224366329894,-8.1314642840391e-05
4.629,0.0129863801124424,-4.30253912204748e-05
4.63,0.0129445650426836,-5.4503470690026e-06
4.631,0.0128762942151078,1.18196833669426e-05
4.632,0.0128255339487663,2.91132690793949e-05
4.633,0.0127672195839742,4.28508551575946e-05
4.634,0.0127150165820891,5.7039746453047e-05
4.635,0.0127355500086245,7.20585504401794e-05
4.636,0.012780874258864,9.2060347063383e-05
4.637,0.0128266523173599,0.000114279134237116
4.638,0.0128709395207004,0.000142073354831684
4.639,0.012925531266193,0.000175114189599812
4.64,0.0129853224389983,0.000213096701670468
4.641,0.0130503449777375,0.000258285600436559
4.642,0.0131450259006645,0.00030619675386695
4.643,0.0132204645591689,0.000352873617506022
4.644,0.0133078865501,0.000402767840512852
4.645,0.0133868716281318,0.000455003877809501
4.646,0.0133817576235925,0.000484805043466763
4.647,0.0133594567188639,0.000504380810185279
4.648,0.0133317018805746,0.000521989682961799
4.649,0.0132918945459537,0.00053691291752167
4.65,0.0132499116457525,0.000554392954494165
4.651,0.0131960068061544,0.000552830866070608
4.652,0.0131626387594917,0.000549562753610289
4.653,0.0131009215611069,0.000542019407103689
4.654,0.0130469819609661,0.000533926488213765
4.655,0.0129858949613859,0.000528647996848985
4.656,0.0130256274795456,0.00052735566519857
4.657,0.0130606659010176,0.000528388523933832
4.658,0.0131004142056675,0.000531165043686166
4.659,0.0131360698469195,0.000537928203215854
4.66,0.0131838483965247,0.000550061956096692
4.661,0.0132380345056611,0.000566192543599298
4.662,0.0132904895326564,0.00058007552022743
4.663,0.0133574642468848,0.00059667101958244
4.664,0.0134063635152979,0.00061333471756525
4.665,0.0134745478338543,0.00063442691232618
4.666,0.0135317626484112,0.000659285998207026
4.667,0.0135980893616806,0.000690827249387183
4.668,0.0136489264137722,0.000727090480937831
4.669,0.0136330987022752,0.000746124743160548
4.67,0.0136083767751573,0.000757814890634201
4.671,0.0135842739320492,0.000767752246961739
4.672,0.0135430955341267,0.000756206915139501
4.673,0.0135245003805148,0.00074231039862821
4.674,0.0134790682238749,0.000722006831701649
4.675,0.0134442222734631,0.00070254417019644
4.676,0.0133831922320177,0.000681958980314035
4.677,0.0133471012478697,0.000665162741522007
4.678,0.013306753582545,0.000653055701753669
4.679,0.0133381370397355,0.000643382408906823
4.68,0.0133860126057717,0.000639537825327052
4.681,0.0134340634729574,0.000638874074084084
4.682,0.0134894957397807,0.000642718772135231
4.683,0.0135665784405213,0.000647422957868182
4.684,0.0136235484750759,0.000649573369340017
4.685,0.0136831487286884,0.000652996175424025
4.686,0.0137399462781736,0.000657908482649572
4.687,0.0137953814867561,0.000666380063827243
4.688,0.0138626915341949,0.000679519611222867
4.689,0.0139179043946089,0.000697162811523877
4.69,0.0139072449591726,0.000699034153754441
4.691,0.0138840891634419,0.000694192361881896
4.692,0.0138540347788341,0.000688395996200575
4.693,0.0138246472980321,0.000682867594942349
4.694,0.0137633248667326,0.000658285370536749
4.695,0.0137247830072697,0.000631454875479498
4.696,0.0136632114096964,0.000600685100868248
4.697,0.0136173587842026,0.000572232330901812
4.698,0.0135586482776552,0.00054523427407821
4.699,0.0135861917134427,0.000521698642637736
4.7,0.013614767362404,0.000503030722044495
4.701,0.0136457298683961,0.000486913224224172
4.702,0.0136768845552087,0.000475446262681645
4.703,0.013720020259528,0.000470053958458394
4.704,0.0137683607663903,0.000469783111086308
4.705,0.0138113407740559,0.000468420488555221
4.706,0.0138700208389458,0.000469590412228771
4.707,0.0139129490182876,0.000470548314733421
4.708,0.0139757483846841,0.000476132312598632
4.709,0.0140226325879565,0.000485378451279161
4.71,0.0140813058492483,0.000501098654175358
4.711,0.0140559047690398,0.000497125394938014
4.712,0.0140304217623457,0.00049088111274731
4.713,0.014002624574041,0.000481811079922512
4.714,0.0139776232820483,0.000473031966768622
4.715,0.0139392103325787,0.00046338829617637
4.716,0.0138674637040916,0.000435104258935559
4.717,0.013821536420442,0.0004073116440515
4.718,0.013763079417234,0.000376748900946411
4.719,0.0137150167269384,0.000348901369283561
4.72,0.0137274857769354,0.000322692812381231
4.721,0.0137623532904625,0.000302137941150304
4.722,0.0137917826112378,0.000285194978030867
4.723,0.0138289174816887,0.000273791973020632
4.724,0.0138768564209994,0.000266975294417937
4.725,0.0139342594586919,0.000267857237602309
4.726,0.0139902066808332,0.000274772380686628
4.727,0.0140546965326357,0.000282376835218034
4.728,0.0141209775284863,0.000292157541992299
4.729,0.0141873854100883,0.000303895893778661
4.73,0.0142571608644503,0.000318643743031422
4.731,0.0142475543478756,0.000313251101042189
4.732,0.014234912649148,0.00030158190233387
4.733,0.0142154960882671,0.000287763162831634
4.734,0.0141745048836573,0.00027051761759328
4.735,0.0141309708819618,0.000256282395318885
4.736,0.014091215050079,0.000244820680932234
4.737,0.0140369802996056,0.000218840654961028
4.738,0.0139947729758049,0.000193761635041256
4.739,0.0139272116251072,0.000165060060384414
4.74,0.0138828794695901,0.00014011974170236
4.741,0.0139188504936577,0.000120864318288616
4.742,0.0139583797278536,0.000103678896604176
4.743,0.0139941532776163,9.09851297921649e-05
4.744,0.0140339110618512,8.13216788057569e-05
4.745,0.014076508751364,7.55410519577282e-05
4.746,0.0141214063805593,7.04834785677511e-05
4.747,0.0141720440014442,6.85422524788759e-05
4.748,0.0142013290084597,6.72121732578357e-05
4.749,0.0142525247790886,7.16829397433005e-05
4.75,0.0142959473284528,8.0514554081923e-05
4.751,0.0143506473505711,9.50086074768541e-05
4.752,0.0143956388091805,0.000115373966711629
4.753,0.0143800028383125,0.000120447351693753
4.754,0.01436005738654,0.000119890511025011
4.755,0.0143096847582038,0.00010045872064457
4.756,0.0142831467277503,8.00715189038792e-05
4.757,0.0142395461742168,5.55963070106302e-05
4.758,0.0142080272571232,3.32502105839239e-05
4.759,0.0141632285932798,1.10156458987265e-05
4.76,0.014132004282702,-8.09839201892926e-06
4.761,0.0141650564505007,-2.05750590209774e-05
4.762,0.0141988696817734,-2.93931119510482e-05
4.763,0.014232779622356,-3.31136224740458e-05
4.764,0.0142668222600378,-3.35572663318073e-05
4.765,0.0142970297125449,-3.45080394842379e-05
4.766,0.0143476432381439,-3.22170013957734e-05
4.767,0.014382413884967,-2.88049538269552e-05
4.768,0.0144313571362373,-2.04276716164187e-05
4.769,0.0144717155776003,-8.29574296912217e-06
4.77,0.0144438965180621,-1.09357001704113e-05
4.771,0.0144120688290019,-1.78188567254156e-05
4.772,0.0143761664775771,-2.52976196660759e-05
4.773,0.0143400890375838,-3.07221549541992e-05
4.774,0.0142974820789241,-5.01178794469759e-05
4.775,0.0142674300345572,-6.90761706875209e-05
4.776,0.0142221835037579,-9.10103113729299e-05
4.777,0.0141895180674774,-0.000109836480325531
4.778,0.0142134688593959,-0.000126429307193421
4.779,0.0142551288984966,-0.000136734300374253
4.78,0.0142920630294611,-0.000142456216367493
4.781,0.0143311935419652,-0.000142743322904371
4.782,0.0143834268445848,-0.000139605627355932
4.783,0.0144333409286998,-0.000135181036647058
4.784,0.0144712625599419,-0.000130442157722621
4.785,0.0145327880074601,-0.000120334896894059
4.786,0.0145792831934043,-0.000106005912181684
4.787,0.0146255521636921,-8.79060005337662e-05
4.788,0.0145977061499644,-8.72503413738568e-05
4.789,0.0145748834940254,-8.93612889599216e-05
4.79,0.0145437330775501,-9.32772260512915e-05
4.791,0.0145076573759127,-9.57845241505995e-05
4.792,0.0144644524740746,-0.000113077645979398
4.793,0.0144384102211908,-0.000130231006908899
4.794,0.0143854839086039,-0.000151942567795604
4.795,0.0143516415657685,-0.00017078629697026
4.796,0.0143171544170947,-0.000186826636778659
4.797,0.0143541228626722,-0.000196090133092741
4.798,0.0143945054344209,-0.000202124988091135
4.799,0.0144399507807773,-0.000203322167016518
4.8,0.0144850943626645,-0.000200640335144053
4.801,0.0145199688166707,-0.000198690262684043
4.802,0.0145672891646379,-0.000194259895237969
4.803,0.0146082271841486,-0.000189055736510846
4.804,0.0146567819507825,-0.000177631709834924
4.805,0.0146861467906422,-0.000163470504429164
4.806,0.014734713995703,-0.000142494239189106
4.807,0.0147157850871904,-0.000137911821181391
4.808,0.0147003096905231,-0.000136242609751258
4.809,0.014680085504169,-0.000136092407700628
4.81,0.0146276521351748,-0.000152519516454674
4.811,0.0145995461408752,-0.000168582435944142
4.812,0.0145609232723935,-0.000187178569189705
4.813,0.0145309167072711,-0.000203325350328576
4.814,0.0144852183374704,-0.000220034887672804
4.815,0.0145170608079033,-0.000230074025535099
4.816,0.0145473929987626,-0.000236828174661863
4.817,0.0145800287783886,-0.000238075699544649
4.818,0.0146140594083532,-0.000235848178615716
4.819,0.0146550575539244,-0.000226675733203452
4.82,0.0147104687671822,-0.000214754090813951
4.821,0.0147485002644739,-0.000203490895129166
4.822,0.0148005704573548,-0.000188444773715823
4.823,0.0148470833798527,-0.000169693092538115
4.824,0.0148954939831241,-0.00014524355403106
4.825,0.014875587719092,-0.000138882382683336
4.826,0.0148544405984309,-0.000135211044576089
4.827,0.0148331117283867,-0.00013452812403586
4.828,0.0147994579821725,-0.000133450972498672
4.829,0.0147554412597061,-0.000148832109339359
4.83,0.0147299764416674,-0.000163361108742599
4.831,0.014691423729592,-0.000180555227615897
4.832,0.014664897229404,-0.000194276605752552
4.833,0.0147026644303402,-0.000204629461877714
4.834,0.0147451489740875,-0.000209161408976699
4.835,0.0147903478541117,-0.000209492729819516
4.836,0.0148353143102114,-0.000205163295887545
4.837,0.0148824299592949,-0.000195016302832918
4.838,0.014958519172192,-0.000181861709347864
4.839,0.0150141627940427,-0.000167809165256994
4.84,0.0150688780000124,-0.000151511322708131
4.841,0.0151248485395219,-0.000130554089420032
4.842,0.0151103971312511,-0.000127119465411885
4.843,0.01509564615466,-0.000128774177878044
4.844,0.0150679908588383,-0.000131582656418772
4.845,0.0150417479133883,-0.000134083736165969
4.846,0.0149927133497001,-0.000151075430929182
4.847,0.0149647856807746,-0.000166564263210711
4.848,0.0149202987144587,-0.000184697029241565
4.849,0.0148854483427144,-0.000199473785006898
4.85,0.0149186714203178,-0.000210954980969402
4.851,0.0149620647397794,-0.00021603223098865
4.852,0.0150006806001274,-0.000216849002150743
4.853,0.0150389720043241,-0.000213388347431454
4.854,0.0151123614327042,-0.00020624296856897
4.855,0.0151652660776087,-0.000199638573593564
4.856,0.0152176133313885,-0.000189034954853451
4.857,0.0152589224487507,-0.000176057248560457
4.858,0.0153092034641924,-0.000157451131579056
4.859,0.0153614929838098,-0.000132531847445383
4.86,0.015345162752627,-0.000123896357417996
4.861,0.0153215815631935,-0.000120262843964714
4.862,0.0152675606115855,-0.000134443334518897
4.863,0.0152343390967111,-0.000147136216675225
4.864,0.0151945282292719,-0.000161749779511999
4.865,0.015159334749457,-0.00017494935840856
4.866,0.015118781889005,-0.000187829701541575
4.867,0.0151431744828281,-0.000193897390276754
4.868,0.015176583639004,-0.00019629687409034
4.869,0.0152133705555518,-0.000192960919617347
4.87,0.0152570585854389,-0.000183791561922164
4.871,0.01532387618405,-0.000170333109312526
4.872,0.0153700506657047,-0.000157459719779984
4.873,0.0154242897687738,-0.000141410357503924
4.874,0.0154715039862685,-0.000121014803000863
4.875,0.0154476733443749,-0.000117912987183666
4.876,0.015428086169492,-0.000118148040166521
4.877,0.0154025046366468,-0.000120161890519721
4.878,0.0153688075524707,-0.000121526638519109
4.879,0.0153322172323253,-0.000136829607893574
4.88,0.015312991839268,-0.000150994003845162
4.881,0.015268422173071,-0.000168286099009263
4.882,0.0152383706355788,-0.000183062905533049
4.883,0.0152770778045085,-0.00019143127482607
4.884,0.0153115893840287,-0.000197730619324321
4.885,0.0153465226245213,-0.000200049089516652
4.886,0.0153911322312141,-0.000199126410965256
4.887,0.0154337402550238,-0.000190863751761083
4.888,0.0154892216686751,-0.000180301283570605
4.889,0.0155373573269504,-0.000169000343837378
4.89,0.015573997252274,-0.000156638224308059
4.891,0.015630385160508,-0.000139192356356344
4.892,0.0156794709741335,-0.00011700489255978
4.893,0.0156595498853359,-0.00011228947835934
4.894,0.0156347551715261,-0.000111652019456454
4.895,0.0156066870005044,-0.000111602437360858
4.896,0.0155679184803889,-0.000113030102744327
4.897,0.0155097783609114,-0.00013115356947524
4.898,0.0154720814593373,-0.00014775332699396
4.899,0.0154214494782142,-0.000166095472602601
4.9,0.0153772050290852,-0.000181087425920878
4.901,0.015405130326953,-0.000194038089951165
4.902,0.0154389334717356,-0.000201025191780446
4.903,0.0154672210339028,-0.000204018669458572
4.904,0.015504473675201,-0.000202306778927241
4.905,0.0155504670173223,-0.000196182348808305
4.906,0.0155950936249748,-0.000190076073385892
4.907,0.0156543861681082,-0.00017965349778154
4.908,0.0156943416009891,-0.000168422255312772
4.909,0.015749696701759,-0.000152247856173515
4.91,0.0157969472513604,-0.000131376671931971
4.911,0.0158525211820846,-0.000104012875247195
4.912,0.0158359146108999,-9.53836684413623e-05
4.913,0.0158200481860773,-9.15736243092269e-05
4.914,0.015795735981389,-8.88759401002637e-05
4.915,0.0157650085225342,-0.000104043397232911
4.916,0.0157489695498855,-0.000118389148218656
4.917,0.0157151766192117,-0.000135301119998266
4.918,0.0156892829905676,-0.000152130057528843
4.919,0.0156461110488194,-0.000168013949292334
4.92,0.0156271473467663,-0.000179354428860579
4.921,0.0156580297296141,-0.000184475436140696
4.922,0.0157016419653809,-0.000186781607434239
4.923,0.0157488054928278,-0.000185519547534263
4.924,0.0157956403782711,-0.000180029384067082
4.925,0.0158269368770876,-0.000175499636139109
4.926,0.015871872573022,-0.000165943303056804
4.927,0.0159050931659634,-0.0001506563172049
4.928,0.0159537193407717,-0.000123490306146723
4.929,0.0159852621096693,-8.7297035905709e-05
4.93,0.0160166380274276,-4.14433191107122e-05
4.931,0.0160418282107201,1.23768176621963e-05
4.932,0.0160839065224984,6.48734692324515e-05
4.933,0.0160806923571106,0.000101115801460827
4.934,0.0161057959599374,0.000134843488061198
4.935,0.0161079981698415,0.000162144311765644
4.936,0.0161239506837306,0.000189594641397783
4.937,0.0161296549093276,0.00021553360036769
4.938,0.0161666861492493,0.000244885407478412
4.939,0.0162096896917759,0.000276660206675494
4.94,0.0162621497121877,0.00031454012952814
4.941,0.0163175598781321,0.000358670894738844
4.942,0.0163382548691256,0.000396017142277327
4.943,0.0163856107887946,0.00043843794216103
4.944,0.016422919722712,0.00048148233892642
4.945,0.0163853836715196,0.000502376434818208
4.946,0.01634429101078,0.000518436090900187
4.947,0.0163036215715103,0.000530479291615038
4.948,0.0162636475579346,0.000540343478882543
4.949,0.0162160055685395,0.00053556631546442
4.95,0.0161820303137273,0.000530790147702076
4.951,0.0162136184788828,0.000527934768541349
4.952,0.0162552583770235,0.00052943412931783
4.953,0.0162957172814807,0.000532461376018478
4.954,0.0163474347157483,0.000538396993514989
4.955,0.0163841372154978,0.000545893895873006
4.956,0.0164350715945524,0.000560637252402463
4.957,0.0164720651855362,0.000581349451923063
4.958,0.0165235443365875,0.000611935241546013
4.959,0.0164891922118416,0.000622622777902704
4.96,0.0164498426870562,0.000630862623942574
4.961,0.0164536344167089,0.000630011065125946
4.962,0.0164222715267207,0.000621932139469317
4.963,0.0163956990381221,0.000612778480726051
4.964,0.0163611697324069,0.000603336872746274
4.965,0.016334577481665,0.000594047341994586
4.966,0.0162995459418988,0.000586270927733223
4.967,0.0162727092023822,0.000580820249726555
4.968,0.0162383583888727,0.000577774519989138
4.969,0.016182946252707,0.000567373819339523
4.97,0.0161226495947587,0.000553343306078924
4.971,0.0161004595456449,0.000539407348562337
4.972,0.0160518856751199,0.000521390083179418
4.973,0.0160187723371083,0.000506216998136466
4.974,0.0159829294994539,0.000492419638814523
4.975,0.0159467362025277,0.000481487949064552
4.976,0.0159666873280724,0.000476527841361318
4.977,0.0159848301315113,0.000473655580720322
4.978,0.0160062129175391,0.00047351023760922
4.979,0.0160600058143852,0.000464572125514096
4.98,0.0160897375492482,0.000450326847169058
4.981,0.0161376784891152,0.000436839880672446
4.982,0.0161702423089055,0.000421638221938803
4.983,0.0161384237612188,0.000387576447695825
4.984,0.0160974963790657,0.000349428037628385
4.985,0.0160597808003996,0.000308966914201514
4.986,0.0160219605168879,0.000268046076748296
4.987,0.0159836744565711,0.000227539559951084
4.988,0.0159415302201485,0.000185658580451664
4.989,0.0158995336084357,0.000144758360043129
4.99,0.0158659132835274,0.000106333315478047
4.991,0.0158171576845502,6.95378569298133e-05
4.992,0.015783071499824,3.84279645213037e-05
4.993,0.0158036124266834,1.39631476778757e-05
4.994,0.0158253129925422,-9.50186243792173e-06
4.995,0.0158479626618287,-2.93508135860709e-05
4.996,0.0158778560111399,-4.55913822019482e-05
4.997,0.0159141450396371,-5.43221723853238e-05
4.998,0.0159573987532363,-5.78429818442472e-05
4.999,0.0160130241291127,-6.8154989281477e-05
5,0.0160526095062528,-8.10500731882602e-05
5.001,0.016110431982352,-9.00649653143848e-05
5.002,0.0161616471090437,-9.62124179060275e-05
5.003,0.0162165407177102,-9.82233916639319e-05
5.004,0.0162041298631203,-0.000118042426279497
5.005,0.0161921838508726,-0.00014085576558942
5.006,0.0161699813140294,-0.000167964106367768
5.007,0.0161243465933595,-0.000195426093049456
5.008,0.0160760427446309,-0.000220547919537961
5.009,0.0160345684451131,-0.000245253013938018
5.01,0.0159918349964603,-0.000267107814342304
5.011,0.0159390875928997,-0.00028778213705688
5.012,0.0159025569516965,-0.000301069937252763
5.013,0.0158522236200945,-0.000310973840086437
5.014,0.0158597136639657,-0.000315610002463829
5.015,0.0158822890473667,-0.00031605019359382
5.016,0.0159164579805329,-0.000312975594347176
5.017,0.0159563798023729,-0.000304011775914048
5.018,0.0159969085440672,-0.000290427590094622
5.019,0.0160558104014689,-0.000286976070327516
5.02,0.0161019027541828,-0.000285209135799047
5.021,0.016150193411299,-0.00028416068059367
5.022,0.0162005401059427,-0.000280803993755352
5.023,0.0162354686850076,-0.000278805126894321
5.024,0.0162879879827133,-0.000272736279825658
5.025,0.0162731353628397,-0.000285471351750222
5.026,0.0162457813423188,-0.000302878741243573
5.027,0.0162112759786178,-0.000324895088129551
5.028,0.0161662681425886,-0.00034726039848304
5.029,0.0160991829904148,-0.00037643542083482
5.03,0.0160481473026878,-0.0004028437150424
5.031,0.0159918093095058,-0.0004299232159099
5.032,0.015942914332574,-0.000453910632435994
5.033,0.0158892836981294,-0.000476150751123783
5.034,0.0158970104952079,-0.000493476796385561
5.035,0.0159049295703087,-0.000511940296410551
5.036,0.0159277417024053,-0.000525977978620473
5.037,0.015963317611231,-0.00053705733916537
5.038,0.0160040541743063,-0.000542689915535854
5.039,0.0160496370941899,-0.000544823948062323
5.04,0.0161017667126645,-0.000540889395573563
5.041,0.0161561164848043,-0.000532326600229727
5.042,0.0162146300232821,-0.000517416814951654
5.043,0.0162625231503883,-0.000516683033114029
5.044,0.0163290546041648,-0.0005146871072918
5.045,0.0163814251523894,-0.000516091414526576
5.046,0.0164449632232804,-0.000515847069707531
5.047,0.01643920662072,-0.000537185550679442
5.048,0.016425251470016,-0.000564206618019036
5.049,0.0163948068255855,-0.000598351527589303
5.05,0.0163596603762078,-0.000633599730794798
5.051,0.0163227173239955,-0.000669592169705857
5.052,0.0162818548614955,-0.000704367231363578
5.053,0.0162252337627041,-0.000744309174120217
5.054,0.0161884373304108,-0.000781474900484913
5.055,0.0161372386261003,-0.000818680730658161
5.056,0.0160958533167755,-0.000852072065873677
5.057,0.0161164222234477,-0.000881547394665894
5.058,0.0161366963137904,-0.000913047028838931
5.059,0.0161590044773424,-0.000944567470968605
5.06,0.0161855052290673,-0.00097409107404034
5.061,0.0162177479848453,-0.00100144302271693
5.062,0.0162594161933707,-0.00102382819890312
5.063,0.0163019835894072,-0.00104290929034567
5.064,0.0163524878151447,-0.00105747845911863
5.065,0.0163864887538979,-0.00108369099770467
5.066,0.016430519928533,-0.00111122994357116
5.067,0.016475179563803,-0.00114038491909524
5.068,0.016520533241056,-0.0011696707816769
5.069,0.0165629551782625,-0.00119900200535966
5.07,0.0166146020440023,-0.00122636049970104
5.071,0.0166531856471449,-0.00125230724652881
5.072,0.0166996501130505,-0.00127424755090888
5.073,0.0167407534104155,-0.00129474800465046
5.074,0.016787019338113,-0.0013118011563093
5.075,0.0168278689652865,-0.00132660974967191
5.076,0.0168262795383122,-0.00135235569077169
5.077,0.0168074413323653,-0.00138277852439289
5.078,0.0167855780379461,-0.00141100913664571
5.079,0.0167594490170036,-0.00143674373138825
5.08,0.0167801706638838,-0.00145831614728154
5.081,0.0168112765639717,-0.00147721182406818
5.082,0.0168416481888662,-0.00149395247396944
5.083,0.0168795020082892,-0.00150689225039091
5.084,0.0169152750260143,-0.00151590340404006
5.085,0.0169579628961112,-0.00152013853769606
5.086,0.0169744581544231,-0.00153591349544246
5.087,0.0170103260697665,-0.0015502161511185
5.088,0.0170381715504222,-0.00156283753428188
5.089,0.0170778958909244,-0.00156836023450846
5.09,0.0171061783158982,-0.00156654115439037
5.091,0.017149501979191,-0.00155350255890763
5.092,0.0171258517844248,-0.00155252783275767
5.093,0.0171046413230761,-0.00154902966136289
5.094,0.0170858027620594,-0.00154361877023984
5.095,0.0170562354698492,-0.00153596205202916
5.096,0.0170018381317887,-0.00153034020892423
5.097,0.0169677896510978,-0.00151600208526198
5.098,0.0169328065179312,-0.00149673028409769
5.099,0.0168882170301249,-0.00147303764441126
5.1,0.0168509240429381,-0.00144123924312217
5.101,0.0168052879866514,-0.00140459452522779
5.102,0.0167648886984024,-0.00135895094751409
5.103,0.0167886937989071,-0.0013044921785757
5.104,0.0168104657840983,-0.00124350917799398
5.105,0.0168343953624656,-0.00119345879541632
5.106,0.0168630806533813,-0.0011419595839553
5.107,0.0168713282669114,-0.00109101674941076
5.108,0.0168987831661434,-0.00103459179800236
5.109,0.0168507464336486,-0.000995923265960152
5.11,0.0168016819938934,-0.000959613787209435
5.111,0.0167555465868933,-0.000923413430839626
5.112,0.0167500002965161,-0.000883071020715331
5.113,0.016712407404088,-0.000842615201461505
5.114,0.0166852749154672,-0.000797558304993728
5.115,0.0166434142464468,-0.000751611473751301
5.116,0.0166132611586546,-0.000699598349684361
5.117,0.0165723691488644,-0.000641919363520593
5.118,0.0165417357873031,-0.000577649945302017
5.119,0.016560294470207,-0.000507295947506703
5.12,0.0166044565695098,-0.00042992908323819
5.121,0.0166565358201776,-0.000348395397165469
5.122,0.016720260559739,-0.000281083474493404
5.123,0.0167624690439962,-0.000220374341420304
5.124,0.0168354245819515,-0.000158803323139278
5.125,0.0168099080454244,-0.00012413629149377
5.126,0.016788789880579,-9.32953264479175e-05
5.127,0.0167637643800846,-6.86475593372204e-05
5.128,0.0167124597145506,-4.65562493073834e-05
5.129,0.0166547231969655,-2.57525200730302e-05
5.13,0.016616653001025,-4.00073481776619e-06
5.131,0.016566976567917,1.78506767596898e-05
5.132,0.0165264214366978,4.28152835459938e-05
5.133,0.0164718790647892,6.92126715531316e-05
5.134,0.0164800181555547,9.84016352394423e-05
5.135,0.0165067900706425,0.000131300230467368
5.136,0.0165478880289006,0.000166277710758389
5.137,0.0165902428826081,0.000205808359370563
5.138,0.0166388548343466,0.000249479586933887
5.139,0.0167017541414461,0.000300303674551472
5.14,0.016768738017366,0.000356511109795177
5.141,0.0168297480771387,0.000400030326073109
5.142,0.0169047906075226,0.000443038928244655
5.143,0.0169593377608023,0.000482588818457585
5.144,0.0169347287491645,0.00049384883673026
5.145,0.0168930842232635,0.00049891904980004
5.146,0.0168460434848675,0.000498398303933612
5.147,0.0168045897654905,0.00049705048662263
5.148,0.0167451803508531,0.000491376500776686
5.149,0.0167061614653575,0.000490609344536541
5.15,0.0166626781500301,0.000491170494012427
5.151,0.0166237253521418,0.000496014246089194
5.152,0.0165705936480928,0.000503727041512192
5.153,0.0165366524371784,0.000517484208736374
5.154,0.0165547568413729,0.000535590374575123
5.155,0.0165964448117257,0.000558507374395334
5.156,0.0166424443427281,0.000583225577826585
5.157,0.0166949267832702,0.000612276829273228
5.158,0.0167429941554492,0.000646187760241446
5.159,0.0168046905880473,0.000667664372964227
5.16,0.0168378177247344,0.000681036036766502
5.161,0.0169034200874296,0.000694707230953495
5.162,0.0169424691052622,0.000705677549961092
5.163,0.01699413611179,0.000720478746842501
5.164,0.0169665824794825,0.000713751668266704
5.165,0.0169430966668306,0.000702985713039339
5.166,0.0169093564280895,0.000689034102212549
5.167,0.016835771013762,0.000666582445460473
5.168,0.0167931818291757,0.00064904068741628
5.169,0.0167381438203986,0.000631194223779996
5.17,0.0167002878270107,0.000619447632400627
5.171,0.0166529632142628,0.000611265737555378
5.172,0.0166638685868899,0.000608981188233604
5.173,0.0166983000867371,0.000611430503470012
5.174,0.0167395585699149,0.000616579950389773
5.175,0.016796665025502,0.000627135332385509
5.176,0.0168550374725158,0.000642525895075297
5.177,0.0169093114930339,0.000663658585899174
5.178,0.0169754724792357,0.000691005308292525
5.179,0.0170401492259352,0.000705074599106181
5.18,0.0170729449996174,0.000712039813906884
5.181,0.017129409671686,0.000721608772789983
5.182,0.0171097899394063,0.000706402766723735
5.183,0.0170843960107054,0.000686216575936038
5.184,0.0170413406580051,0.000659458808200009
5.185,0.0170001336120904,0.000633257219039285
5.186,0.016945460279258,0.000605814164362783
5.187,0.0168962791227681,0.000578736958003367
5.188,0.016861832699801,0.000555036405818998
5.189,0.0168032814669912,0.0005311794195067
5.19,0.0167670755777185,0.000514951793224694
5.191,0.0167915237318496,0.000502897450068429
5.192,0.0168257584749205,0.000495003197313493
5.193,0.0168613998104735,0.000489203328382204
5.194,0.0169128797556691,0.000488789236141984
5.195,0.0169651696781977,0.000493438670740864
5.196,0.0170219368416337,0.000504145165120873
5.197,0.0170888170273723,0.000519610954618166
5.198,0.0171478542522104,0.000523755664644909
5.199,0.0171978162040649,0.000524176937451271
5.2,0.017265907393332,0.000526003187145019
5.201,0.0173075131077458,0.000524590765605515
5.202,0.0172865161124426,0.000501674303953092
5.203,0.0172481794492694,0.000474711420322627
5.204,0.0171996794074268,0.00044385981525541
5.205,0.0171559429185139,0.000414115722282116
5.206,0.017097310143405,0.000379372684879475
5.207,0.0170605897688299,0.000351085055875
5.208,0.017008182616273,0.00032414013116755
5.209,0.0169711807598666,0.000302914992923009
5.21,0.0169201058760066,0.000283588332482876
5.211,0.0169368405440357,0.000270651511210696
5.212,0.0169663562752356,0.000261800250151267
5.213,0.0170005315536424,0.00025500554503427
5.214,0.0170444151900276,0.000253477034926564
5.215,0.017090815825167,0.00025641880089422
5.216,0.0171464165058954,0.00026499525568513
5.217,0.0172043736535443,0.000280016920905179
5.218,0.0172630548677097,0.000284562730466953
5.219,0.0173113923390671,0.000284261062007019
5.22,0.0173609499639644,0.000285250663460801
5.221,0.0174149286363753,0.000286796978280379
5.222,0.0173906092391274,0.000265640247227306
5.223,0.0173658699172781,0.000242413159965871
5.224,0.0173269919184771,0.000213555700582069
5.225,0.0172767468253088,0.000185284028882682
5.226,0.0172200948276408,0.000157550771268999
5.227,0.0171707143896613,0.000128788593031448
5.228,0.0171376844237068,0.000104702229110243
5.229,0.0170836965794335,8.1532945485685e-05
5.23,0.0170484756032162,6.49680535824149e-05
5.231,0.0170907920822537,5.61321339963006e-05
5.232,0.017130263121983,4.83670029299832e-05
5.233,0.017163885541281,4.2931727355755e-05
5.234,0.0171948075733119,4.01596332006982e-05
5.235,0.017245661698492,4.33528163082397e-05
5.236,0.0172977391967205,5.19127656500862e-05
5.237,0.0173551757485494,6.71688925870662e-05
5.238,0.0173944839152063,7.07524749394839e-05
5.239,0.0174593561102056,7.46795987048854e-05
5.24,0.0175039123387952,7.5231472636661e-05
5.241,0.0175520850354101,7.70589216315676e-05
5.242,0.0175805035956316,7.86294794435927e-05
5.243,0.0175496934313799,5.96780975178346e-05
5.244,0.0175050979833642,3.70731421142079e-05
5.245,0.0174537441187177,1.15109856124729e-05
5.246,0.0174171214604914,-1.51413071241557e-05
5.247,0.0173937356141063,-3.85760311796268e-05
5.248,0.0173489201060009,-6.07267737946504e-05
5.249,0.0173260823646935,-7.71609838467469e-05
5.25,0.0172931428884998,-9.07745116990322e-05
5.251,0.0172633709158652,-9.63087887501657e-05
5.252,0.0172317464790396,-9.74404800206385e-05
5.253,0.0172544084100202,-9.08481550132012e-05
5.254,0.0172755786055367,-8.35012820523118e-05
5.255,0.0173146139746246,-7.09442791309023e-05
5.256,0.0173636376917619,-5.38635938663323e-05
5.257,0.0174194644597002,-4.88204609520038e-05
5.258,0.0174501188712493,-5.07122162399232e-05
5.259,0.0174911023925396,-5.29585250204079e-05
5.26,0.0175084446215468,-5.78484067249585e-05
5.261,0.0175458498299763,-5.90673388600749e-05
5.262,0.0175669766696638,-5.97586084750135e-05
5.263,0.0175930657893374,-5.48728431101209e-05
5.264,0.0175573258699186,-6.83934265856001e-05
5.265,0.0175162886337143,-8.42335543148609e-05
5.266,0.0174653523498501,-0.000106625184023434
5.267,0.017439791243296,-0.000124136280448495
5.268,0.0174022121777394,-0.000140205741306243
5.269,0.0173707653338046,-0.000153546779042391
5.27,0.0173368166113649,-0.000161313345669711
5.271,0.0173047602109796,-0.000166008155921993
5.272,0.0172756098429651,-0.000162779586270645
5.273,0.0173122113036827,-0.000151738024459391
5.274,0.0173436138002403,-0.00013888063029599
5.275,0.0173740784589551,-0.000123295789751288
5.276,0.017411227545923,-0.00010399158902985
5.277,0.0174454597030069,-9.81443028653661e-05
5.278,0.0174806377894465,-9.52656488565906e-05
5.279,0.0174924437499901,-9.59780908962871e-05
5.28,0.0175290458467145,-9.48760494696166e-05
5.281,0.0175535556016286,-9.41784750589925e-05
5.282,0.017570219383484,-9.15580337784716e-05
5.283,0.0175288653982198,-0.000107071754148425
5.284,0.0174758866599938,-0.000124609069605541
5.285,0.0174242799923507,-0.000142739269909931
5.286,0.0173966695926238,-0.000161130257579023
5.287,0.0173726789185207,-0.000178651579929301
5.288,0.0173308917876536,-0.000194941120120085
5.289,0.0173060721722377,-0.000204347946940076
5.29,0.0172655788233493,-0.000211426307534235
5.291,0.017242282650322,-0.000209647110642974
5.292,0.0172729221212227,-0.000201842408877995
5.293,0.017308857260598,-0.000190975207453203
5.294,0.017340843953228,-0.000177721962704824
5.295,0.0173901318600548,-0.000158647700674974
5.296,0.0174428669084412,-0.000134243212053242
5.297,0.0175022802151511,-0.00012184215239619
5.298,0.0175366380763961,-0.000115154537483009
5.299,0.0175909504739938,-0.000107925491696192
5.3,0.0176213153320158,-0.000102185632495422
5.301,0.017668563491326,-9.32660640912686e-05
5.302,0.01770350810285,-8.26247749890485e-05
5.303,0.0176663442276407,-9.27087864052156e-05
5.304,0.0176314363395674,-0.000105919065351678
5.305,0.017589860333438,-0.00012339550091911
5.306,0.0175595432427095,-0.000141348747001946
5.307,0.0175286336237589,-0.000160550762085543
5.308,0.0175177659931671,-0.000172979724982758
5.309,0.0174848222171429,-0.00018356471974823
5.31,0.0174696459566854,-0.000186900683645352
5.311,0.0174516187353344,-0.000185926817949211
5.312,0.0174282665657679,-0.000178644398897254
5.313,0.0174490435050873,-0.000166827977390704
5.314,0.0174833074310983,-0.000150868535198245
5.315,0.0175220567904884,-0.00013176509518642
5.316,0.0175713499685029,-0.000106798213003023
5.317,0.0176017614756121,-9.84656464063649e-05
5.318,0.0176403365249947,-9.25946484650053e-05
5.319,0.0176594179622707,-9.11696156256081e-05
5.32,0.0176961327774839,-8.8266709493745e-05
5.321,0.017709303842254,-8.61322032940648e-05
5.322,0.0177397460830609,-8.07898206889313e-05
5.323,0.0177022690569093,-9.43854544737111e-05
5.324,0.0176599688084073,-0.000109177886899292
5.325,0.0176137504365143,-0.000126464271248128
5.326,0.0175945120846177,-0.000141834214201275
5.327,0.017565709950131,-0.000158726222047822
5.328,0.0175482589506186,-0.000170048833651015
5.329,0.0175179396381608,-0.00017827881347654
5.33,0.0174992457983883,-0.000179936192357621
5.331,0.0175329123161069,-0.000174812397871815
5.332,0.0175750102275765,-0.000167125728847639
5.333,0.0176169389507534,-0.00015666223862465
5.334,0.0176587240187961,-0.000141861849981106
5.335,0.0177110153903832,-0.000119464320626039
5.336,0.0177382374215845,-0.000111837352510025
5.337,0.0177860834551177,-0.000104190907436685
5.338,0.0178152032912674,-0.00010024164620015
5.339,0.0178539654120495,-9.46688083753866e-05
5.34,0.017870301254457,-9.04769946600825e-05
5.341,0.0178305032381304,-0.000105192138202537
5.342,0.0177805292458091,-0.000122014249281155
5.343,0.0177315747414117,-0.000140193991428395
5.344,0.0176958054880464,-0.000158822104648293
5.345,0.017671047802401,-0.000172738535503036
5.346,0.0176366058659258,-0.00018447082322165
5.347,0.0176082440939584,-0.000193389225194518
5.348,0.0175722018409451,-0.000196663424161969
5.349,0.0175950564414327,-0.000192801118103769
5.35,0.0176247530958525,-0.00018549011859903
5.351,0.0176496378120444,-0.00017486681372969
5.352,0.0176769034978939,-0.000160561870967579
5.353,0.0177346135499825,-0.000138283401070971
5.354,0.0177672679464778,-0.000129131851519804
5.355,0.0178171568498651,-0.000119901325964955
5.356,0.0178381694175173,-0.000113806244837533
5.357,0.0178009229459868,-0.000126486870298259
5.358,0.0177606826841094,-0.000141857833762526
5.359,0.0177181401777726,-0.000160305651823955
5.36,0.0176754084455594,-0.000177843248353016
5.361,0.0176266695463142,-0.000196820195264735
5.362,0.0175912604441284,-0.000213432555614734
5.363,0.0175569343870961,-0.00022900269372178
5.364,0.0175255712800633,-0.000239432822882579
5.365,0.0175629883328137,-0.000242198332965404
5.366,0.0175921155097778,-0.000242084997876035
5.367,0.0176230042351376,-0.000240772306418002
5.368,0.0176724434669113,-0.000233505815955326
5.369,0.0177201501536061,-0.000220993670525471
5.37,0.0177710043575839,-0.000201310234299923
5.371,0.0178209004985046,-0.000176476878758824
5.372,0.0178733523445791,-0.000162725446425205
5.373,0.0179140684577534,-0.00015081057208266
5.374,0.0179587685270867,-0.000138907053588488
5.375,0.0179228704175416,-0.000148881752899843
5.376,0.0178909846674575,-0.000162168970211096
5.377,0.017863382015373,-0.000177408721470762
5.378,0.0178409150206588,-0.000193322993396472
5.379,0.0177865149222632,-0.000213675614343933
5.38,0.01775969046484,-0.000232918466445908
5.381,0.017737731816105,-0.000248326165553814
5.382,0.0177014324018319,-0.000261725475827868
5.383,0.0176817122624868,-0.000268016259755754
5.384,0.01765456637013,-0.000269429190391302
5.385,0.0176897260678336,-0.000267602032912428
5.386,0.0177299408611129,-0.000261020009497015
5.387,0.0177698852646353,-0.000252144660057907
5.388,0.0178161688784567,-0.000237107636324729
5.389,0.0178646544121893,-0.000217951296151431
5.39,0.0179287936807323,-0.000192149396050612
5.391,0.017962948678867,-0.000181277873203101
5.392,0.0180121072395315,-0.00017091574671535
5.393,0.0180447511827362,-0.000163797517754249
5.394,0.0180721349880329,-0.000155687427124185
5.395,0.0181168442002554,-0.000144554249741524
5.396,0.0180916819195259,-0.000155191382743558
5.397,0.018060464859617,-0.000168700640661379
5.398,0.0180173534680644,-0.000187657074332714
5.399,0.0179711347339285,-0.000205957166399096
5.4,0.0179267796401211,-0.000227426574444634
5.401,0.0179038950865474,-0.000243188086412105
5.402,0.0178727457739601,-0.000255846131410387
5.403,0.0178483802463273,-0.000264574871464029
5.404,0.0178220010376831,-0.000267737770515974
5.405,0.01785295860688,-0.000264763207212415
5.406,0.0178830067708072,-0.000258408367726226
5.407,0.0179168092883177,-0.000250502660003815
5.408,0.0179690355915159,-0.000236100171865983
5.409,0.0180228841383563,-0.000216457544846893
5.41,0.0180850860223427,-0.000189467697705281
5.411,0.0181157368976276,-0.000177396700742016
5.412,0.0181668102201477,-0.00016608254026379
5.413,0.0181993241217426,-0.000158738561616467
5.414,0.0182336276454229,-0.000149407351334063
5.415,0.0182696982451085,-0.000139151579638397
5.416,0.0182300966717784,-0.000149940949398908
5.417,0.0181944360603349,-0.000162880639022089
5.418,0.0181533057955294,-0.000179878125258437
5.419,0.0181054039805696,-0.000196537380675099
5.42,0.018052185236942,-0.000218426979484432
5.421,0.0180224787118945,-0.000232374990218165
5.422,0.0179892974153001,-0.000239882706258798
5.423,0.017963200185284,-0.000238967768529108
5.424,0.0179370595935473,-0.000228313450950868
5.425,0.0179150317328982,-0.000209078931667328
5.426,0.017927359545471,-0.000186393611338598
5.427,0.0179634641173602,-0.000158581390193702
5.428,0.0180066973932054,-0.000128197453111878
5.429,0.0180550094679123,-9.29859146120426e-05
5.43,0.0181027759234573,-5.40554526401449e-05
5.431,0.0181549214105248,-9.77999325052492e-06
5.432,0.0182088917324014,3.91112906170665e-05
5.433,0.0182719677719243,9.50124497252625e-05
5.434,0.0183349032035503,0.000156962719921272
5.435,0.0183789539454183,0.000214803874891034
5.436,0.0184181247382772,0.000275157038040541
5.437,0.018404857826965,0.000311867492627182
5.438,0.0183868794795238,0.000340406847131103
5.439,0.0183563149252288,0.000359632828666134
5.44,0.0183267062550079,0.000375767905348878
5.441,0.0182999211060597,0.000378321218738931
5.442,0.0182554044374345,0.000374033668738505
5.443,0.0182174388837847,0.000368398137015669
5.444,0.0181762836971695,0.000361462150090364
5.445,0.0181389166695236,0.000355364263471936
5.446,0.0181747666563108,0.000357070934725368
5.447,0.0182073227823537,0.000361073440279802
5.448,0.0182385598689799,0.000366884688710045
5.449,0.018291403177893,0.000379650279591637
5.45,0.0183344919212683,0.000395638726070902
5.451,0.0183934005854742,0.000422184812186421
5.452,0.0184450434917317,0.000454498659982316
5.453,0.018508548617966,0.000488057750841209
5.454,0.0185744429354314,0.000525286852855134
5.455,0.0185865449925365,0.000545530236690628
5.456,0.0186158781336012,0.00056266062268967
5.457,0.0186195021986183,0.000572302873421526
5.458,0.0186374882252213,0.000582433623813716
5.459,0.0186361888413571,0.000589947884356956
5.46,0.0186445215502869,0.000600394429161821
5.461,0.0186400908702569,0.000601395259248572
5.462,0.0186667420049968,0.000612780972132021
5.463,0.0186790169271015,0.00062638871697035
5.464,0.0187045538604856,0.000641559762671107
5.465,0.0187477179480949,0.000661260249377682
5.466,0.01879217917831,0.000683843503000159
5.467,0.0188467133946391,0.000711818436889
5.468,0.0189008770837327,0.000744578377946004
5.469,0.0189672346240023,0.000782675454120196
5.47,0.0189872522116339,0.000806177919133455
5.471,0.0190297364166501,0.000829659364244895
5.472,0.0189988841991329,0.000830454369489309
5.473,0.0189713916871083,0.000830144858060877
5.474,0.0189330698963479,0.000826662249754029
5.475,0.0189412913841536,0.000834026790113296
5.476,0.018929972273919,0.000846175715260244
5.477,0.0189392206910292,0.000867521112732084
5.478,0.0189387422834839,0.000895623432378478
5.479,0.0189341436266016,0.000932659431322092
5.48,0.0189017533512046,0.000960513723115564
5.481,0.0188776098973833,0.000977167259521239
5.482,0.0188296652968776,0.000989741191306348
5.483,0.0187874736075227,0.00100483888231229
5.484,0.0188147193117475,0.00102849548410849
5.485,0.0188565585442899,0.00105129840915519
5.486,0.0189141971845949,0.00107737280120412
5.487,0.0189632340502982,0.00110482067372131
5.488,0.0190166106256264,0.00113618342707489
5.489,0.0189922492148866,0.00114482555420387
5.49,0.018967682679312,0.00114904446296127
5.491,0.0189353704707635,0.00114820358144979
5.492,0.0188733986454054,0.00112936113271533
5.493,0.0188196355271046,0.00110787310846988
5.494,0.0187584260774959,0.00108311435050112
5.495,0.0187625355321455,0.00106105369867832
5.496,0.0187863075349166,0.00104359408365834
5.497,0.0188109981856782,0.00102659186074205
5.498,0.0188625716128905,0.00101116634887644
5.499,0.0189106450248303,0.000995491327991871
5.5,0.0189658168293823,0.000982905411382462
5.501,0.019018021884301,0.000973028763512407
5.502,0.0190103095511214,0.00094463099803177
5.503,0.018992392972938,0.00090907333396939
5.504,0.0189751198650933,0.000870864012436134
5.505,0.0189372320303806,0.000817134984458734
5.506,0.0189007257002046,0.000760313359096432
5.507,0.0188596899561093,0.000700892606771031
5.508,0.0188253968551899,0.000641779352211325
5.509,0.0187784209470122,0.000581111238316445
5.51,0.0187414175122757,0.000523466792694827
5.511,0.018693405725354,0.000465987948677693
5.512,0.01869788709799,0.00041391671465224
5.513,0.0187009211376289,0.000363726410022247
5.514,0.0187430216763109,0.00031650583735443
5.515,0.018769650443727,0.000268043233410176
5.516,0.0188033289463774,0.000223198467869279
5.517,0.018832143615448,0.00018052657231743
5.518,0.0188678226297132,0.000143146844855557
5.519,0.018897208997817,0.000109491944340789
5.52,0.0188837550430504,6.43860550760822e-05
5.521,0.0188660150542353,1.63187598189451e-05
5.522,0.0188490797629843,-3.17461937068275e-05
5.523,0.0188170614197342,-9.25677889305754e-05
5.524,0.0187904663651581,-0.000154905447095566
5.525,0.0187540891591806,-0.000218952116925353
5.526,0.0187287310240022,-0.000280245106592636
5.527,0.0186956667218667,-0.000341403733366497
5.528,0.0187013192503321,-0.000395418815343274
5.529,0.0187093842791088,-0.000447510173486432
5.53,0.0187176593587063,-0.00049372623288596
5.531,0.0187384356750957,-0.000536664321229618
5.532,0.0187681807373019,-0.000576940313501972
5.533,0.0187957107657139,-0.000616033873863719
5.534,0.0188290833817589,-0.000650526061876933
5.535,0.0188550606373151,-0.00068233002733864
5.536,0.0188922914963369,-0.000706965168514206
5.537,0.018881160633851,-0.000744951797639615
5.538,0.0188725393593497,-0.000783548229401521
5.539,0.0188585984238368,-0.000823866458261879
5.54,0.018847006148654,-0.000863075629959298
5.541,0.0188210002063415,-0.000911717420482017
5.542,0.0187858753457987,-0.000962179887742887
5.543,0.0187579276119502,-0.00101120064396421
5.544,0.0187290347696456,-0.00105889626230338
5.545,0.0186985142457974,-0.00110376178403526
5.546,0.0187125827995149,-0.00114399957571532
5.547,0.0187307288665327,-0.00117903898795724
5.548,0.0187491298996417,-0.00121234366053813
5.549,0.0187654449910931,-0.00124544199214993
5.55,0.0187988225658971,-0.00127421242474834
5.551,0.0188205552396159,-0.00130052563282756
5.552,0.0188539235980485,-0.0013227873330513
5.553,0.0188821073159754,-0.00134088147355788
5.554,0.0189141060485227,-0.0013550851632631
5.555,0.0189406248660133,-0.0013645947894938
5.556,0.0189265603451496,-0.00138531675716402
5.557,0.0189140610413255,-0.00140739677655177
5.558,0.0188980131212823,-0.00143105245051389
5.559,0.0188652073604223,-0.00146539487189323
5.56,0.0188394157860152,-0.00149923207061453
5.561,0.0187972438381057,-0.00153415600625423
5.562,0.0187631975270022,-0.00156516541484764
5.563,0.0187231308569089,-0.00159296160354078
5.564,0.0187231824604116,-0.00161606064496028
5.565,0.0187525797392958,-0.0016372799459044
5.566,0.0187710443842355,-0.00165927773530861
5.567,0.0188010938618444,-0.0016777304533051
5.568,0.0188215450889286,-0.00169380734534441
5.569,0.018849607367877,-0.00170585069333579
5.57,0.0188719587708755,-0.00171278491397669
5.571,0.0189036205940224,-0.0017138159264512
5.572,0.0189360866712424,-0.00170911676655394
5.573,0.018934717925746,-0.00171382292602523
5.574,0.0189356159578579,-0.00171806381308309
5.575,0.0189123258455354,-0.00173289275243066
5.576,0.0188951964395276,-0.0017450482549165
5.577,0.0188585352586887,-0.0017591472022262
5.578,0.0188331993640027,-0.00176748824284789
5.579,0.0188011110843322,-0.001772929706434
5.58,0.0187737477592185,-0.00177195058951635
5.581,0.0187836733448443,-0.00176586691599234
5.582,0.0188092663996188,-0.00175234274397412
5.583,0.0188575314684798,-0.0017344010268201
5.584,0.0188942967209058,-0.00171417277887553
5.585,0.0189358101271183,-0.00168884178663148
5.586,0.0189802060058596,-0.00165826740127684
5.587,0.0190264849760993,-0.00162155180307971
5.588,0.0190733375166102,-0.00157787389430764
5.589,0.019061772369431,-0.00154710533013813
5.59,0.0190534643929277,-0.00151688430316094
5.591,0.0190410977324995,-0.0014880460093975
5.592,0.0189785104085334,-0.00147545796420995
5.593,0.0189363253196864,-0.00146337150200215
5.594,0.0188899872768511,-0.00145336737762175
5.595,0.0188522221984906,-0.0014410404512511
5.596,0.0188620102338999,-0.00142574847880944
5.597,0.0188866400236096,-0.00140369866042361
5.598,0.0189130581959515,-0.00137747540410815
5.599,0.0189371146700304,-0.00134596758273936
5.6,0.0189596607830728,-0.00131014110695971
5.601,0.0189976982430413,-0.00126760341033338
5.602,0.0190752669218064,-0.00121841987972604
5.603,0.0191375372207172,-0.00116845631407031
5.604,0.0191991016500179,-0.00111489068312887
5.605,0.0192638506695628,-0.00105631223320796
5.606,0.0192581092361051,-0.00101757708937988
5.607,0.0192531477993611,-0.000983323856920848
5.608,0.0192521354274324,-0.000949661541571556
5.609,0.0192207161448542,-0.000921043861304982
5.61,0.0191905576475644,-0.0008883684494157
5.611,0.0191318302059313,-0.000871806574705813
5.612,0.0190637444589085,-0.000858820484210598
5.613,0.0190102295006971,-0.000845070364037914
5.614,0.0190377836394823,-0.000826183411622661
5.615,0.0190701795332354,-0.000802792959203713
5.616,0.0191044790991235,-0.000776301608277574
5.617,0.0191295083269937,-0.000745682800520731
5.618,0.0191624008990776,-0.000710907345263689
5.619,0.0191990901123631,-0.000669586782451825
5.62,0.0192285262934971,-0.000624685599545149
5.621,0.0192726121478967,-0.000578458940957038
5.622,0.0193337866097479,-0.000526920969379063
5.623,0.0193866894955585,-0.000472880904029194
5.624,0.0194500630559621,-0.000412932313991476
5.625,0.0194992870253328,-0.00034842861171458
5.626,0.0194978761563358,-0.000300079104752993
5.627,0.0194792018533351,-0.000260547499730923
5.628,0.0194639699281876,-0.00022242098305264
5.629,0.0194114161757327,-0.000207960288259923
5.63,0.0193716718061758,-0.000195813727245364
5.631,0.0193192932981589,-0.000188091019367287
5.632,0.0192810201693139,-0.00018038841510376
5.633,0.0192252165131041,-0.000175155217576162
5.634,0.0191850122004228,-0.000165965879874108
5.635,0.0192027634581811,-0.000153319905103311
5.636,0.0192333223995197,-0.000134764302316404
5.637,0.0192636013115526,-0.00011260781232203
5.638,0.019297156336553,-8.55196507805744e-05
5.639,0.0193283285138945,-5.64465564858452e-05
5.64,0.0193756926500779,-2.70261300998609e-05
5.641,0.0194376564854711,4.95205271516808e-06
5.642,0.0194891895564284,3.7931992404372e-05
5.643,0.0195614874180914,7.75069492134906e-05
5.644,0.0196221431168411,0.000121903435759463
5.645,0.0196927948418413,0.000174205216846524
5.646,0.0197542285030863,0.000232713924238515
5.647,0.0197535173646796,0.000271958398539884
5.648,0.0197300906611794,0.000304279878683589
5.649,0.0197054364583478,0.000337316648265695
5.65,0.0196541882992523,0.000345200676388713
5.651,0.0196164658326308,0.000348228834828435
5.652,0.0195542778100258,0.000343720842351181
5.653,0.0195101698574932,0.000338412483157691
5.654,0.0194487362550878,0.000330540034927274
5.655,0.0193880900268342,0.000324372699284647
5.656,0.0194091451127707,0.00032319667016234
5.657,0.0194355694406218,0.000325866561470822
5.658,0.0194631043627654,0.000330579227037109
5.659,0.0194879350829124,0.000339703113162337
5.66,0.0195143840536779,0.000352293892753319
5.661,0.0195504770623978,0.000372830733035734
5.662,0.0195884703688176,0.000395661956551552
5.663,0.0196366965329948,0.000414965455764804
5.664,0.0197009954879597,0.000439412811277684
5.665,0.0197542746209903,0.000465299837325295
5.666,0.01981803730793,0.000496045499835562
5.667,0.0198796997441304,0.000529961308079752
5.668,0.0199305834819518,0.000568504359153232
5.669,0.0200056473434818,0.000616830715296612
5.67,0.0199938508370836,0.000641235471519841
5.671,0.0199860263111143,0.000662518762421072
5.672,0.0199682478629143,0.000678469270213478
5.673,0.0199563227167824,0.000694103005176916
5.674,0.0199216808669075,0.000687897513383551
5.675,0.0198724689375587,0.000674288696210723
5.676,0.019831730003368,0.000658283633244439
5.677,0.0197797900783895,0.00063770269844321
5.678,0.0197448050705325,0.000619342939514267
5.679,0.0196947010683568,0.000599563312165929
5.68,0.0197190195086346,0.000588211844347819
5.681,0.0197436821486528,0.000576730835593731
5.682,0.0197762432429515,0.000569497671002339
5.683,0.0198055732248482,0.000565161571295381
5.684,0.0198420115204046,0.000567501305699214
5.685,0.0198772472585402,0.000571458973965877
5.686,0.0199309832301548,0.000574660092568902
5.687,0.0199895302169256,0.000580499021941239
5.688,0.0200372163178225,0.000587504259676075
5.689,0.0201015622774716,0.000599849204120484
5.69,0.0201513480207466,0.000616285803799244
5.691,0.0202205492563995,0.000640805994728932
5.692,0.02027865644234,0.000671701466802843
5.693,0.0203508769762205,0.000710527642373227
5.694,0.020342708749192,0.000728016945967025
5.695,0.020338026353784,0.000742085785166713
5.696,0.0203306456326263,0.000752781300752792
5.697,0.0202731201636192,0.000737620841579023
5.698,0.0202398122579706,0.000718244686290115
5.699,0.0201891911181938,0.000693186171892068
5.7,0.0201474238541181,0.000666967835740051
5.701,0.0200969410909238,0.000639271023946231
5.702,0.0200558922162043,0.000613711564135977
5.703,0.0200758673571797,0.000593076699923312
5.704,0.0200992065300686,0.000576458021639803
5.705,0.0201296042568127,0.000562624139737511
5.706,0.0201527715899628,0.000553197552900397
5.707,0.0201858293309204,0.000548575435247833
5.708,0.0202199085827232,0.000548249896075548
5.709,0.0202993868630737,0.000552490372636827
5.71,0.0203562366449038,0.000555120410571985
5.711,0.0204211611594014,0.000561153242784829
5.712,0.0204773716161912,0.000570710991016632
5.713,0.0205472307837458,0.000585940056422818
5.714,0.0206069227707119,0.000606485286557934
5.715,0.0206083263447021,0.000609048801881895
5.716,0.0206002560645796,0.000603681342001339
5.717,0.0205827827112152,0.000597305405269533
5.718,0.0205647791652519,0.000591706336072917
5.719,0.0205063038570312,0.00056515946441893
5.72,0.0204685537214939,0.000536972231880317
5.721,0.0204115534678601,0.000503514399068872
5.722,0.0203623440701133,0.000471741171422568
5.723,0.0202994367524545,0.00043811521755871
5.724,0.0203052189050443,0.000410642824357599
5.725,0.020326723526945,0.000387570653669123
5.726,0.0203433859508463,0.000366436184109975
5.727,0.020375404851862,0.000351718160147507
5.728,0.0204152821763668,0.000341249493596041
5.729,0.0204491968963758,0.00033558443417403
5.73,0.0204948896797624,0.000329680435287305
5.731,0.0205507947114371,0.000327072512799453
5.732,0.0206055705227619,0.000327182654485725
5.733,0.0206673819780098,0.000330956083488598
5.734,0.0207168093259924,0.000339180091321667
5.735,0.020779801709354,0.000355704242581079
5.736,0.0208330571727569,0.000377495983636122
5.737,0.020832821157481,0.000383733721733059
5.738,0.020823037964813,0.000382474322976278
5.739,0.0208069248129778,0.000380089510022386
5.74,0.0207520002855087,0.000356325298846882
5.741,0.020721473131641,0.000330722295746766
5.742,0.0206702872581399,0.000299418505314231
5.743,0.0206328354887916,0.000269546211208893
5.744,0.0205801048482725,0.000237171573954142
5.745,0.0205363405372172,0.000209455036232875
5.746,0.0205469479908179,0.000185603142764001
5.747,0.0205739808573974,0.000168001860314515
5.748,0.0205946477627733,0.000153924323216148
5.749,0.0206248803251325,0.000144220221333646
5.75,0.0207026840697667,0.000139148060427863
5.751,0.0207610587228822,0.000132746370744563
5.752,0.0208230573037267,0.000129726557257293
5.753,0.0208686989180376,0.000128693823953141
5.754,0.0209333181634354,0.000136075834518079
5.755,0.0209967965340385,0.000149194706088762
5.756,0.0210506680169858,0.000168311856484804
5.757,0.0210517558041051,0.000172301124808871
5.758,0.0210434175618455,0.00016969764194541
5.759,0.0210268698596698,0.000166775220615256
5.76,0.0209745961072718,0.000143291652513644
5.761,0.0209467828363592,0.000118178512844902
5.762,0.0208964548078518,8.7036552935571e-05
5.763,0.0208562573147031,5.78345255193846e-05
5.764,0.0208018138742433,2.63511380042547e-05
5.765,0.0208143655322155,2.13758687850341e-06
5.766,0.0208371102542915,-1.68566536135617e-05
5.767,0.0208556297727022,-3.27454683373696e-05
5.768,0.0208836268852947,-4.2090737225442e-05
5.769,0.0209198723301614,-4.72699507478858e-05
5.77,0.0209533198284472,-4.67343137594001e-05
5.771,0.0210196793605789,-4.27457294664424e-05
5.772,0.0210753342451166,-3.72930401080218e-05
5.773,0.021132217171534,-2.85323659268699e-05
5.774,0.0211974934359022,-1.56807199834241e-05
5.775,0.0212581670066673,2.48943505865018e-06
5.776,0.0212536765825059,6.85023169355592e-07
5.777,0.0212349063458281,-6.42629502950465e-06
5.778,0.0212155236371156,-1.32760136679622e-05
5.779,0.021195499448369,-2.16233073049854e-05
5.78,0.0211721931331453,-2.85812056012857e-05
5.781,0.0211162692087003,-5.30593353563202e-05
5.782,0.0210792677260296,-7.77801614872953e-05
5.783,0.0210253411826728,-0.000104797450999394
5.784,0.0210484203047373,-0.000124480919509118
5.785,0.0210641503986639,-0.000143081744193752
5.786,0.0210878236051753,-0.000157408028558403
5.787,0.0211132970271271,-0.000168036950704331
5.788,0.0211365920598672,-0.000172686275067946
5.789,0.0211658017695163,-0.000173342781319308
5.79,0.0212296555611741,-0.000167428335542286
5.791,0.0212773625768694,-0.000160869519780116
5.792,0.0213369818219414,-0.0001499142662158
5.793,0.0213902884711215,-0.000134237631812639
5.794,0.0214532045140045,-0.000112610258147239
5.795,0.0214435732630236,-0.000109913483604451
5.796,0.0214365110747228,-0.000109224600905622
5.797,0.0214182905730805,-0.000113082469006542
5.798,0.0213916525039681,-0.000115416079124186
5.799,0.021341428108658,-0.000135282152473548
5.8,0.0213077726768658,-0.000155682641067578
5.801,0.0212620917164686,-0.000179746389839641
5.802,0.0212252314796618,-0.000201294473142599
5.803,0.0212346977092591,-0.00022119356903022
5.804,0.0212569903530442,-0.000234785614934119
5.805,0.021282450606476,-0.000243863751725193
5.806,0.0213040501757022,-0.000249410254657523
5.807,0.0213323656293302,-0.000247789540400611
5.808,0.0213719787870159,-0.000243706808980226
5.809,0.0214271584527729,-0.000236637096329928
5.81,0.0214709460357696,-0.000229685335547569
5.811,0.0215358698772192,-0.000217429131841584
5.812,0.0215861657889116,-0.000201393744584055
5.813,0.0216394278953635,-0.000181951481609377
5.814,0.0216866507339552,-0.000155315643293741
5.815,0.0216759362190701,-0.000145364840928142
5.816,0.0216515409411262,-0.000142510399621987
5.817,0.0216289729948664,-0.000140268427142376
5.818,0.0216046664338818,-0.000139004113257235
5.819,0.0215426344836592,-0.000157118782602939
5.82,0.0214966696245521,-0.000175351933279777
5.821,0.0214420147810286,-0.000196035213320733
5.822,0.0213954554007228,-0.000216365783393124
5.823,0.021341398070107,-0.000236786137154055
5.824,0.0213566210343716,-0.000251363221256684
5.825,0.0213738860290656,-0.000261517793494814
5.826,0.0213907990322682,-0.000269425355459652
5.827,0.0214043252305324,-0.00027395015043391
5.828,0.0214315657671468,-0.000271907499490465
5.829,0.0215071486611082,-0.000265219387716342
5.83,0.0215594987301877,-0.000258671465363736
5.831,0.0216089673269516,-0.000250755046914408
5.832,0.0216529758080562,-0.000238076246655672
5.833,0.0217115284614708,-0.000218065772382925
5.834,0.0217585850488859,-0.000192666428249055
5.835,0.0218227541800199,-0.000159364724494959
5.836,0.0218170421547688,-0.000145120017574163
5.837,0.0218134271665443,-0.00013420761509253
5.838,0.0217744143120765,-0.000144374923134627
5.839,0.0217554311247759,-0.000155843325504557
5.84,0.0217231575024657,-0.000170713703045389
5.841,0.0216949015711856,-0.000185482616247956
5.842,0.0216584287395312,-0.000201915107313599
5.843,0.021634263739072,-0.000214105250853414
5.844,0.0216439751478898,-0.00022497385343534
5.845,0.0216668161973094,-0.000228639374651729
5.846,0.0216982663662171,-0.000228937854061362
5.847,0.0217670076784885,-0.000223889047812398
5.848,0.021816264148692,-0.00021985417592818
5.849,0.0218670399013496,-0.000213089702070124
5.85,0.021919623118012,-0.000201901211480171
5.851,0.0219712888296317,-0.000184594075221978
5.852,0.0220214892302804,-0.000162791002555673
5.853,0.0220036392729782,-0.000157105155736692
5.854,0.0219887092505926,-0.000152015466356958
5.855,0.0219526420643667,-0.000164648713457838
5.856,0.0219318705467616,-0.000178126752192531
5.857,0.0218924009106003,-0.000196777870088372
5.858,0.0218632964498222,-0.000212754281538219
5.859,0.0218779781411966,-0.000225831345901484
5.86,0.0219099337732142,-0.000231496452214042
5.861,0.0219379383219184,-0.000232830706598575
5.862,0.0219707717673033,-0.000228671397605129
5.863,0.0220485185683412,-0.000218374932025089
5.864,0.0221093242482641,-0.00020760543725501
5.865,0.0221657307143729,-0.000193734131462342
5.866,0.0222133110767082,-0.00017669532632214
5.867,0.0222699095037059,-0.000154174729571244
5.868,0.0222645693810023,-0.000148349122328917
5.869,0.0222589277787079,-0.000147326692505556
5.87,0.0222522606094434,-0.000147035431996123
5.871,0.0222209771828021,-0.000150849496025007
5.872,0.0221581104708916,-0.000173216815860355
5.873,0.0221128733012929,-0.000195923919984076
5.874,0.0220567981379074,-0.00022134949784347
5.875,0.0220072099817012,-0.000246148203751628
5.876,0.0220248192547556,-0.000263617850418729
5.877,0.0220397282794895,-0.000279225621494794
5.878,0.0220491412437363,-0.000292219332211685
5.879,0.0220705187729302,-0.000298905021726248
5.88,0.0221025639753066,-0.000301511265024756
5.881,0.0221402123373914,-0.000295704733980662
5.882,0.0221734324901705,-0.00028594737094223
5.883,0.0222177952804011,-0.000274660298250406
5.884,0.0222804370062137,-0.000260198213337837
5.885,0.0223327970170322,-0.00024318818579272
5.886,0.0223949849075169,-0.000220642058600728
5.887,0.022449727830891,-0.000193090765245818
5.888,0.0224422945536437,-0.000185000159982018
5.889,0.0224279842060776,-0.000183302446270295
5.89,0.0224098186501366,-0.000182837953282833
5.891,0.0223958201861119,-0.000181661344922313
5.892,0.0223757491343288,-0.000182478800423991
5.893,0.0223096123430681,-0.000201387600002489
5.894,0.022263523117182,-0.00022078477668197
5.895,0.0222047688031226,-0.000243857793539082
5.896,0.0222209502139695,-0.000258935256331916
5.897,0.0222316135173919,-0.000272839068547415
5.898,0.0222443138595835,-0.000284058911748042
5.899,0.0222566630139399,-0.000292087233542904
5.9,0.0222858171078465,-0.000291833252374696
5.901,0.0223205464009057,-0.000286937288226208
5.902,0.0223546429348689,-0.000275486860456309
5.903,0.0224264338888118,-0.000257906280876852
5.904,0.0224847186018398,-0.000239512050302593
5.905,0.0225467986336491,-0.000216638193276497
5.906,0.0225970384867256,-0.000190828869837512
5.907,0.0226642573584785,-0.000157824178549981
5.908,0.0226615996022894,-0.000146621866524477
5.909,0.0226622858609302,-0.000139879144779587
5.91,0.0226523577542369,-0.000136983502920351
5.911,0.0226314275665402,-0.000135377841787021
5.912,0.0225913108195482,-0.000150817314649443
5.913,0.0225509959474147,-0.000169945593484822
5.914,0.0224981865877325,-0.000193790042008868
5.915,0.0224620470725588,-0.000215151875247288
5.916,0.0224109276117834,-0.000238176780635646
5.917,0.0224249291824902,-0.000253434765453864
5.918,0.0224475047645516,-0.000265235174802314
5.919,0.0224712349886581,-0.000274838336068062
5.92,0.0225004407644013,-0.000278660615831317
5.921,0.022528680344679,-0.000277898802733101
5.922,0.022552624246073,-0.00027905876239509
5.923,0.0226002116458574,-0.000274873638799189
5.924,0.0226386140272288,-0.000269118460921258
5.925,0.0226910936553562,-0.000258319126833606
5.926,0.0227346946629345,-0.000242871242335796
5.927,0.0227878866727855,-0.000222300806871967
5.928,0.0228279307675198,-0.000196070826309569
5.929,0.0228856703994416,-0.000161048784046991
5.93,0.0228730307933224,-0.00014501223380492
5.931,0.0228616933063176,-0.000131942453032663
5.932,0.022815918059317,-0.000140802358070125
5.933,0.0227891125861341,-0.00015057087504583
5.934,0.0227525246228724,-0.000161430942073215
5.935,0.0227196920904142,-0.000169665795465068
5.936,0.0226908025615701,-0.000172366166137361
5.937,0.0226486687175478,-0.000171567911154413
5.938,0.0226673905484564,-0.000161256948512045
5.939,0.0226953123118742,-0.000148186470505907
5.94,0.0227295828426692,-0.000129241143844272
5.941,0.0227662839998676,-0.000105466951374311
5.942,0.0228072483165896,-7.5961948880432e-05
5.943,0.0228521756048069,-4.07566322305208e-05
5.944,0.0228993632564223,-1.45503162252147e-06
5.945,0.0229443384910374,4.11254677479267e-05
5.946,0.022989930433524,8.43054193293558e-05
5.947,0.0230501214780466,0.000132189608289535
5.948,0.0231049341886788,0.000182093909955883
5.949,0.0231629490734615,0.000235462931365893
5.95,0.0232138537983457,0.000292279931786377
5.951,0.0232799286746763,0.000355604327334558
5.952,0.0232641387660436,0.000392158045654178
5.953,0.0232492722013726,0.000421282879974394
5.954,0.0232045034780513,0.000423838022902412
5.955,0.0231772787845778,0.000422234780195152
5.956,0.0231375810938983,0.000414464844633367
5.957,0.0231078097506152,0.000405585289349031
5.958,0.0230677688533828,0.000393788686786078
5.959,0.023042840304883,0.000383773852494051
5.96,0.0230044448578932,0.000372425931091935
5.961,0.0230285240149846,0.000369574386901994
5.962,0.023054258734585,0.000368443562880238
5.963,0.0230884513729395,0.000371853629043295
5.964,0.0231684782509847,0.000378724398523045
5.965,0.023225803574723,0.000381988518440568
5.966,0.0232875807946098,0.000386556473394362
5.967,0.0233400350330041,0.000393854983649244
5.968,0.0234073737910605,0.000406383725856663
5.969,0.0234643784284577,0.000422887116556137
5.97,0.02345584577685,0.000418406434879004
5.971,0.0234391448501824,0.000405696811655976
5.972,0.0234224649782881,0.000390204528807891
5.973,0.0234042633565046,0.000372102306207767
5.974,0.0233880337104101,0.000354055355074379
5.975,0.0233401528351406,0.000318909012917201
5.976,0.0233109101618656,0.000283163375470852
5.977,0.0232542993186574,0.00024234548966523
5.978,0.0232104848626707,0.000204801024826284
5.979,0.023149792461754,0.000169510223422265
5.98,0.0231591676207551,0.000144928989303739
5.981,0.0231691150411297,0.00012667172102665
5.982,0.0231741456970198,0.000114494546150645
5.983,0.0231979615166679,0.000112023468781863
5.984,0.0232375193289344,0.000117679393081938
5.985,0.02327708516629,0.000124853809021386
5.986,0.0233424186713399,0.000139181676210132
5.987,0.023388708391743,0.000155133161832022
5.988,0.023453482302125,0.000178761397563953
5.989,0.0235061926915968,0.000206698168971675
5.99,0.0234890903718357,0.000212600823458697
5.991,0.0234653659339209,0.000210089039661354
5.992,0.0234417728102921,0.000204391090185441
5.993,0.0234203007376108,0.00019658599254252
5.994,0.0233927547810654,0.000187035606778352
5.995,0.0233329453459332,0.000156968884275965
5.996,0.0232902721530428,0.00012863218822895
5.997,0.0232406197233701,9.85345156991335e-05
5.998,0.0231894166637877,6.90134851040192e-05
5.999,0.0231359288867559,4.04948134118399e-05
6,0.0230935321373818,1.64751277016428e-05
6.001,0.0230971736920312,-3.62684900440113e-06
6.002,0.0231182715292306,-1.73416256403214e-05
6.003,0.0231372169449064,-2.77568390528726e-05
6.004,0.0231710034485172,-3.27909032616369e-05
6.005,0.023244024916416,-3.29015070618666e-05
6.006,0.0232973826205445,-3.59037753436819e-05
6.007,0.0233588601348161,-3.68111741262944e-05
6.008,0.0234140587397046,-3.43421353788953e-05
6.009,0.0234786481319059,-2.79189686848702e-05
6.01,0.0235378653403973,-1.75653235195417e-05
6.011,0.0236015401669659,-2.18153786696318e-06
6.012,0.0235954105926113,-6.78239961154903e-06
6.013,0.0235907275410918,-1.56190904808673e-05
6.014,0.0235839931236693,-2.57017654109459e-05
6.015,0.0235635624590229,-4.00001676229556e-05
6.016,0.0235055720370449,-7.10321468647135e-05
6.017,0.023470276719369,-0.000102198791085029
6.018,0.0234044741255192,-0.000138846584844754
6.019,0.0233589062924344,-0.000172018314760103
6.02,0.023297493742554,-0.000203271810463701
6.021,0.0233121577093053,-0.000227891977127692
6.022,0.0233264351669362,-0.000247992221721616
6.023,0.0233398923691281,-0.000266061255854044
6.024,0.0233529959663771,-0.000279822638216076
6.025,0.0233764663735864,-0.000289791118985194
6.026,0.0234173394354126,-0.000294361592355186
6.027,0.0234779481849294,-0.000296953491704333
6.028,0.0235311334550639,-0.000299886501490154
6.029,0.0235948424248054,-0.000299576704716031
6.03,0.0236509452722587,-0.000297759190798219
6.031,0.0237164768258488,-0.000291761457916262
6.032,0.0237798907101734,-0.000281722263250739
6.033,0.0238455561555615,-0.000267369344071899
6.034,0.0239088821182316,-0.000247974080073654
6.035,0.0239147514354962,-0.000246855115925648
6.036,0.0238992289419681,-0.00025424832438159
6.037,0.0238766731456552,-0.000263266006680141
6.038,0.0238257703303551,-0.000289976247421608
6.039,0.0237859318282911,-0.000319759876832304
6.04,0.0237193122239313,-0.000354805376062695
6.041,0.0236780177924782,-0.000388215886845178
6.042,0.0236818675261487,-0.000415864914341202
6.043,0.0237023045656653,-0.000439112656757445
6.044,0.0237197273938061,-0.000459976604598733
6.045,0.023745435767767,-0.000476412622610667
6.046,0.0237679468623609,-0.000488643683639267
6.047,0.0238018407987176,-0.000496313571305751
6.048,0.0238744072299001,-0.000499056740889847
6.049,0.0239300757439002,-0.00050348010919532
6.05,0.0239903821861891,-0.000506001386934463
6.051,0.0240475756773654,-0.000506773982326292
6.052,0.0241074912454561,-0.000504356720053944
6.053,0.0241671375802285,-0.000498348162312146
6.054,0.0241705546685931,-0.00050978779630817
6.055,0.0241635806124197,-0.000528621389112194
6.056,0.0241444580067432,-0.000549315844340259
6.057,0.0241067691486545,-0.000584844578553068
6.058,0.0240802025664548,-0.000621455283383365
6.059,0.0240303871994268,-0.000664501429090469
6.06,0.0239929971988784,-0.000704585597376961
6.061,0.0239525814390261,-0.000744128902167074
6.062,0.0239613409763916,-0.000776577996713657
6.063,0.0239763353041756,-0.000807075234360688
6.064,0.0239892941303343,-0.000833249694141669
6.065,0.0240177841025383,-0.000854097868257464
6.066,0.024077693041058,-0.000869052593956587
6.067,0.0241256894983743,-0.000884468893642021
6.068,0.0241701515781366,-0.000895451749749532
6.069,0.0242090400885246,-0.000903928534777942
6.07,0.0242553543920875,-0.000904558155113533
6.071,0.0242939040321628,-0.000902367866160436
6.072,0.024342171127998,-0.000892167681100009
6.073,0.0243333520623649,-0.000895513415416826
6.074,0.0243143017638194,-0.000903644061154285
6.075,0.024260903546946,-0.000929866319382577
6.076,0.0242267799328844,-0.000956630031343608
6.077,0.0241831916442416,-0.000986598132399319
6.078,0.0241439661618585,-0.00101657335460037
6.079,0.0241122516403425,-0.00104381413890925
6.08,0.0241217678699935,-0.00106374944591969
6.081,0.024146819382744,-0.00107774407487421
6.082,0.0241694716707312,-0.00108697430229349
6.083,0.02420175398172,-0.00108953449380322
6.084,0.0242314031413712,-0.00108596782524917
6.085,0.0242718155908659,-0.00107546536165254
6.086,0.024335289767159,-0.00105891975211897
6.087,0.0243809412640918,-0.00104115828944706
6.088,0.024440489188171,-0.00101616099845492
6.089,0.0244376708848692,-0.00101203935304517
6.09,0.0244368315895547,-0.0010129261204494
6.091,0.0244259249436296,-0.00101681863102832
6.092,0.0244037521862765,-0.00102420639706147
6.093,0.0243778179049603,-0.00102945012302769
6.094,0.02434786840106,-0.00104596895638343
6.095,0.0243139853808481,-0.00106287592656223
6.096,0.0242630817462284,-0.00108106982061279
6.097,0.0242343398507906,-0.00109613263988617
6.098,0.0241846633986415,-0.00110965708477101
6.099,0.0241992695790265,-0.00111320303282658
6.1,0.0242151689363123,-0.0011150883072365
6.101,0.0242388187433267,-0.00111037389481106
6.102,0.0242611733040403,-0.00110160403767579
6.103,0.0242974762214594,-0.00108665536227326
6.104,0.024336204842076,-0.00106691274349913
6.105,0.0243707636353721,-0.00104611958822259
6.106,0.0244223745832304,-0.00101946397802571
6.107,0.0244708454564124,-0.000990653722851842
6.108,0.0245231864823645,-0.00095549541752582
6.109,0.0245675424364871,-0.000916799189033313
6.11,0.0246225287350669,-0.000869653815512073
6.111,0.0246803593454951,-0.000815945298183296
6.112,0.0246623602874747,-0.000783980497603198
6.113,0.0246487899909216,-0.000754308736856779
6.114,0.0246103512155734,-0.000745153493649675
6.115,0.0245852296433511,-0.000736900841866339
6.116,0.0245370817561781,-0.000734092489299176
6.117,0.024517286479587,-0.000729450090838191
6.118,0.024473492396618,-0.00072475614780626
6.119,0.0244445707610487,-0.000714808298468539
6.12,0.0244561409270128,-0.000699126107921721
6.121,0.0244876845584878,-0.000675427890530267
6.122,0.0245207593901758,-0.000647495478869387
6.123,0.0245698236672225,-0.000618114312843643
6.124,0.0246239539626105,-0.000585069640781977
6.125,0.0246732042107546,-0.000548909978418666
6.126,0.0247167819897096,-0.000510847193866903
6.127,0.0247750144589782,-0.000466708540589278
6.128,0.0248368192271568,-0.000415422692870926
6.129,0.02482426604245,-0.000384863222969212
6.13,0.0248165824857267,-0.000355891773635375
6.131,0.0247780411495327,-0.000347670523608457
6.132,0.0247546086378253,-0.000339917318385619
6.133,0.0246970766748294,-0.000339217163245531
6.134,0.0246697985875471,-0.000336217515681192
6.135,0.0246777412114683,-0.000328291722905882
6.136,0.0247060227302484,-0.000312849852604269
6.137,0.0247363136968375,-0.000293094233956903
6.138,0.0247699484445952,-0.000269264523079682
6.139,0.0248445219937113,-0.000239408318770173
6.14,0.0249006341950009,-0.000212073627690434
6.141,0.0249661957791098,-0.000179477948395346
6.142,0.0250212430823352,-0.000143588855088528
6.143,0.0250690732852904,-0.000105322952890563
6.144,0.0251279924624441,-6.02664074214609e-05
6.145,0.0251947016586635,-7.010747610392e-06
6.146,0.0251919910203164,2.43238505750476e-05
6.147,0.0251552822805206,3.18644976604054e-05
6.148,0.0251407682281529,3.95130582297454e-05
6.149,0.0250970089984205,4.10025901963484e-05
6.15,0.0250745504763969,4.48312253741867e-05
6.151,0.0250282957775056,4.78069999615971e-05
6.152,0.0250647421339822,6.14065961876964e-05
6.153,0.0251015077051164,7.87801722356707e-05
6.154,0.0251354546625747,9.96476773799659e-05
6.155,0.0252109570497905,0.000124920278051222
6.156,0.025268901518798,0.000146324499176287
6.157,0.0253288066477566,0.000171125944304629
6.158,0.0253771081348234,0.000198754830203818
6.159,0.0254207284840389,0.000228535027969101
6.16,0.0254724981188615,0.000265124530903549
6.161,0.0254574977950914,0.000283671652805795
6.162,0.0254364876690565,0.000297463427962275
6.163,0.0253813078499895,0.000290414284339624
6.164,0.0253471373744536,0.000283767601044427
6.165,0.025284056053795,0.000271317018962158
6.166,0.0253039187658207,0.000268196794164399
6.167,0.025325504152174,0.000270366054730631
6.168,0.0253428110826167,0.000276054070600773
6.169,0.02537882671206,0.000287501304877869
6.17,0.0254236521923862,0.000304148336490062
6.171,0.0254476907966277,0.000318938477146313
6.172,0.0254993004431705,0.000340262870815677
6.173,0.0255497820391396,0.000362341656071019
6.174,0.0256055695976913,0.000390126730437312
6.175,0.0256497145801751,0.000420823568840323
6.176,0.0256332808564535,0.000432521955915921
6.177,0.0256076707095581,0.000437464930863718
6.178,0.0255864822104162,0.000441284560228405
6.179,0.02553031474293,0.000426514282850066
6.18,0.0255031232168856,0.00041239354203465
6.181,0.0254505627749918,0.000393344606976154
6.182,0.0254812240693647,0.000384752520861287
6.183,0.0255103663728585,0.000378833103674148
6.184,0.0255352105175079,0.000377493569811482
6.185,0.0255605210458413,0.000379115147755904
6.186,0.025604579819838,0.000388475697025437
6.187,0.0256430644664787,0.00040176061294861
6.188,0.0256854383029002,0.000415226188710094
6.189,0.0257420252499363,0.000433825174231461
6.19,0.0257969757081912,0.000454156898752944
6.191,0.0258572126712178,0.000479927794282742
6.192,0.0259228370266703,0.000510101126919571
6.193,0.0259076881877418,0.000515649049304345
6.194,0.0258965973811475,0.000517813363283548
6.195,0.0258811249831632,0.000515439762119319
6.196,0.0258295669501166,0.000493384561350674
6.197,0.0257898752163999,0.000471543654139595
6.198,0.0257184317538375,0.000443268583613932
6.199,0.025675080543846,0.000417713015790522
6.2,0.0256820633831298,0.000399174676009306
6.201,0.0257043399764352,0.000386529672093239
6.202,0.0257229099637743,0.000377492114722322
6.203,0.0257555822486169,0.000372912237343148
6.204,0.0258278149806329,0.000374292818941746
6.205,0.0258783323516921,0.000373247351052042
6.206,0.0259439569598893,0.000378132147042298
6.207,0.0260036529940524,0.000386060200642524
6.208,0.0260530378673058,0.00039608355793308
6.209,0.0261177876925433,0.000413487230751186
6.21,0.0261741508881248,0.000435770892168064
6.211,0.026242860303232,0.000466004311911905
6.212,0.0262459807129872,0.000475248748528834
6.213,0.0262126725457606,0.000459836076839693
6.214,0.0262000284133529,0.000443002659040737
6.215,0.0261607299455886,0.000417827530977632
6.216,0.0261297988626972,0.000395058207410481
6.217,0.0260890103920871,0.000369843574790196
6.218,0.026057766464183,0.000350910721251041
6.219,0.0260888096992613,0.000337632044391745
6.22,0.026124860457299,0.000331026613163865
6.221,0.0261614768254647,0.000327058426876414
6.222,0.026189219110012,0.000320546633867824
6.223,0.0262375654448644,0.000319169200827807
6.224,0.0262874121066206,0.000320241780969621
6.225,0.0263255784554346,0.000322807226941446
6.226,0.0263815763861514,0.000331857973860539
6.227,0.0264368495233883,0.000345208288328347
6.228,0.0264975754588413,0.000365807238659921
6.229,0.0265585055418712,0.000391323594991611
6.23,0.0265660056040134,0.000391670734827709
6.231,0.0265792618812476,0.0003876164100447
6.232,0.0265598700866148,0.000373445087096691
6.233,0.0265672843384883,0.000361037759323279
6.234,0.0265548762304492,0.000347881115895954
6.235,0.0265599684179742,0.000338329914332969
6.236,0.0265480988619362,0.000330490046298482
6.237,0.0265302736212736,0.000316325767803327
6.238,0.0265353975982373,0.000306213896110685
6.239,0.0265332042022858,0.000296902835878909
6.24,0.026525706249846,0.000288229235472393
6.241,0.0265315557621716,0.00028523063882363
6.242,0.0265501074795155,0.000285980763033655
6.243,0.0265818991922747,0.000291499420270958
6.244,0.0266181954610236,0.000300491812890658
6.245,0.0266652086159929,0.00031355690381063
6.246,0.0266864758488564,0.000313176338556653
6.247,0.0267295462833756,0.000312879452638914
6.248,0.0267567946330336,0.000310994026119116
6.249,0.0267874598965398,0.000310125052716992
6.25,0.0267450129909221,0.000287526251545156
6.251,0.0267066874287447,0.000262571603650952
6.252,0.0266738550523648,0.000235507930222978
6.253,0.0266487882473391,0.000210405732838925
6.254,0.0266189306281258,0.000184225198093746
6.255,0.0265979199814725,0.00016260384816752
6.256,0.0265700371308968,0.000143404234401456
6.257,0.02655109374719,0.000131350974683031
6.258,0.0265526524275516,0.000120974575515798
6.259,0.0265809859999884,0.000117416097452916
6.26,0.0266200324207578,0.000116167035929426
6.261,0.0266670506185796,0.000120010638130219
6.262,0.0267120673026328,0.000128558248574995
6.263,0.0267692332111943,0.000128701630781936
6.264,0.0268046825849529,0.000123711503877466
6.265,0.026844351114016,0.00011813303501429
6.266,0.0268655569136444,0.000111964276339083
6.267,0.0269037766202118,0.000111087906526419
6.268,0.0269267206726286,0.000110455015839506
6.269,0.0268929254077684,8.89199770079951e-05
6.27,0.0268460028057195,6.35164375883956e-05
6.271,0.0267857932368055,3.10230318926186e-05
6.272,0.02675225175443,3.72899503492397e-06
6.273,0.0267087667483192,-2.33916917893873e-05
6.274,0.0266680589915693,-4.77183752755073e-05
6.275,0.0266345399138422,-6.60656159966466e-05
6.276,0.0265940859157041,-8.12881611245708e-05
6.277,0.0265967647328263,-8.7241025299778e-05
6.278,0.0266317219861031,-8.66713570193411e-05
6.279,0.0266747458290628,-8.23985021392026e-05
6.28,0.0267186635319666,-7.45363783583031e-05
6.281,0.0267579595653127,-6.17634505202802e-05
6.282,0.0268115975476919,-4.26934046947047e-05
6.283,0.0268563681820654,-3.57799732563779e-05
6.284,0.0269067839967707,-3.03764966391173e-05
6.285,0.0269395395187778,-2.92474869276749e-05
6.286,0.0269934299682802,-2.40362462198829e-05
6.287,0.0270255474672917,-1.84500855695546e-05
6.288,0.0269956514072599,-3.55312436941535e-05
6.289,0.0269616048303348,-5.7232803630014e-05
6.29,0.0269220155500708,-8.49334099998766e-05
6.291,0.0268723142038483,-0.000113474930174495
6.292,0.0268150666921098,-0.000146141101788233
6.293,0.0267757846031854,-0.000174231117057666
6.294,0.026725177703227,-0.000202575831509122
6.295,0.0266853202172253,-0.000224354233988866
6.296,0.0266406744948857,-0.000243089472532487
6.297,0.026642860186921,-0.000254108638640338
6.298,0.0266409078409547,-0.00026176921906701
6.299,0.0266618480391848,-0.00026617115513583
6.3,0.0267082129166647,-0.000263899828435166
6.301,0.0267535403670356,-0.000257957480026383
6.302,0.0268026069276267,-0.000245743687649125
6.303,0.0268514836302417,-0.000228504325187728
6.304,0.0269139975503271,-0.000203424245739103
6.305,0.0269672165074876,-0.00019077302889986
6.306,0.0270076146683667,-0.000182049022469211
6.307,0.027065744624608,-0.000170909091227855
6.308,0.0271108868796886,-0.000159750830527661
6.309,0.0271644431292001,-0.000145326399231593
6.31,0.0271974191002246,-0.00013077828111252
6.311,0.0271701365209395,-0.000141449132514238
6.312,0.0271283063150763,-0.000158484347929699
6.313,0.0270775302016933,-0.000181656977731703
6.314,0.0270311678873826,-0.000205534771477722
6.315,0.0269716173977965,-0.000234521296425705
6.316,0.0269335871087879,-0.000259597044593662
6.317,0.0268855033649655,-0.00028466765977625
6.318,0.0268377456506953,-0.000307064147549441
6.319,0.0268017591600902,-0.000323265081871305
6.32,0.0267642925285769,-0.000336658772774223
6.321,0.0267364264021016,-0.000342237370283494
6.322,0.0267418568458193,-0.000339091196228936
6.323,0.0267688207652733,-0.000334824462674965
6.324,0.0268133936515398,-0.000326093270209993
6.325,0.0268622965805375,-0.000313860894138929
6.326,0.0269150153748972,-0.000294914382784783
6.327,0.0269631289585005,-0.000271448102365179
6.328,0.0270278841895449,-0.00024173013832296
6.329,0.0270895787954683,-0.000225454228376609
6.33,0.0271281840158686,-0.000215383473872732
6.331,0.0271929649297235,-0.000203761211176767
6.332,0.0272304567002745,-0.000193838834999849
6.333,0.0272841984823322,-0.000179986000814536
6.334,0.0273339624663616,-0.000164352570383941
6.335,0.0273057627737609,-0.000174898445664262
6.336,0.0272804337608484,-0.00019008986667246
6.337,0.0272388855521857,-0.000214338478853382
6.338,0.027181176316127,-0.00023976124499292
6.339,0.0271165514742959,-0.000271420812032019
6.34,0.0270780385474837,-0.000297542411273777
6.341,0.0270257180380732,-0.000323942179194237
6.342,0.0269889899583593,-0.000343342957639825
6.343,0.0269477243324102,-0.000360796311784373
6.344,0.0269053555038731,-0.000371367817952606
6.345,0.0269116117144821,-0.000375348629539529
6.346,0.0269367086980946,-0.000375565748791273
6.347,0.0269616881791053,-0.000372981872354905
6.348,0.0269953875917781,-0.000365690544518238
6.349,0.0270287594539051,-0.000354478797298052
6.35,0.0270880798140499,-0.000335290348888462
6.351,0.027147104265898,-0.00031019075661004
6.352,0.0272062465656081,-0.000278786174253032
6.353,0.0272688699794283,-0.000257652812195974
6.354,0.0273113810713885,-0.000241714644754698
6.355,0.0273732540961261,-0.000223777404929293
6.356,0.0274100862415731,-0.000208836545789737
6.357,0.0274633775790973,-0.000189318787960691
6.358,0.0274356048904469,-0.00019700176035331
6.359,0.0274118850896822,-0.000210254010866495
6.36,0.027383854737159,-0.000230627737300815
6.361,0.0273302980150088,-0.000254349890907501
6.362,0.0272681276842985,-0.000284491412661791
6.363,0.0272336488391314,-0.000308870648469406
6.364,0.0271820167014132,-0.000333513930173279
6.365,0.0271491990231174,-0.000350837224730616
6.366,0.027112628126481,-0.000365650396089712
6.367,0.0270760284164428,-0.000372486431588381
6.368,0.0270874539871128,-0.00037286900233241
6.369,0.0271150639615821,-0.000367916597453721
6.37,0.0271536396465906,-0.000361067783521685
6.371,0.0272044857680254,-0.00034905206718211
6.372,0.0272555671481362,-0.000332600994080556
6.373,0.0273126192389167,-0.000308253075803677
6.374,0.0273463895912592,-0.000297792719756163
6.375,0.0273999761802279,-0.000287665399860249
6.376,0.0274323156400754,-0.000282406449549466
6.377,0.027475612366874,-0.000273638946079235
6.378,0.0274980811080756,-0.000266955685706727
6.379,0.0275371617198061,-0.000254085114053504
6.38,0.0275634488379575,-0.000237613513847101
6.381,0.0275290819988285,-0.000244380822877477
6.382,0.0275063135095061,-0.000255086059526233
6.383,0.0275047573159568,-0.00026214309856426
6.384,0.0274848344697667,-0.00026978776184805
6.385,0.0274747744489334,-0.000274822867439406
6.386,0.0274624317048164,-0.00027506025435714
6.387,0.0274537774913628,-0.000271904063421924
6.388,0.0274522154416868,-0.000260985328417618
6.389,0.0274463860102953,-0.0002467214375656
6.39,0.0274387071575316,-0.000224623202980612
6.391,0.0274258935458407,-0.000223183701727692
6.392,0.0273999513467216,-0.000228126530804951
6.393,0.0273834967235455,-0.000234042527390899
6.394,0.0273578774948777,-0.000242510919235606
6.395,0.0273932633796978,-0.000241549535180297
6.396,0.0274272541480987,-0.000236365765610591
6.397,0.0274648712297943,-0.000226274180100572
6.398,0.0274999504612884,-0.00021039799576994
6.399,0.0275268702510278,-0.000191765107952213
6.4,0.0275484122525868,-0.000175295645684137
6.401,0.0275914147548671,-0.000151366592971491
6.402,0.0276360332595526,-0.000123501888342703
6.403,0.0276170349979982,-0.000117759580257282
6.404,0.0275991344633262,-0.000116013209008003
6.405,0.0275795808171621,-0.000118290475983884
6.406,0.0275617224950695,-0.000121261355170543
6.407,0.0275186851639961,-0.0001408853233687
6.408,0.0274803396788263,-0.000160759601135985
6.409,0.0274300643838014,-0.000184328946161882
6.41,0.0274377559878689,-0.000200149795265614
6.411,0.027457105266716,-0.000210315774167857
6.412,0.0274740685134526,-0.000218166830979638
6.413,0.0275107417565967,-0.000219167934193798
6.414,0.0275379124382038,-0.000216670407512887
6.415,0.0275828204849804,-0.000209121616880914
6.416,0.0276273945069069,-0.000200592445253833
6.417,0.0276764539935732,-0.000186874132220072
6.418,0.0277219099967043,-0.000168907163680121
6.419,0.02777126311177,-0.000145687232798508
6.42,0.0278240694532905,-0.00011748040131182
6.421,0.0278051746669058,-0.000109871064936984
6.422,0.0277492803226343,-0.000123344772876677
6.423,0.0277155688946477,-0.000136503566021129
6.424,0.0276619057433476,-0.0001540850112558
6.425,0.0276276763487027,-0.000170381159125765
6.426,0.0276317799073199,-0.000179417017939387
6.427,0.0276608400169824,-0.000181225873913671
6.428,0.0276813663959524,-0.000177391653408798
6.429,0.0277285449617534,-0.000168286780425186
6.43,0.0277664993112227,-0.00016028378730254
6.431,0.0278184891349581,-0.00014590489756644
6.432,0.0278618376508022,-0.000128552639115098
6.433,0.0279106762612966,-0.00010481256906536
6.434,0.0279022057544184,-0.000100503538174146
6.435,0.0278955339984759,-9.77678289661998e-05
6.436,0.027853301904417,-0.000109208333940847
6.437,0.0278316791119908,-0.000114060668273297
6.438,0.0277856153634441,-0.000117671608073633
6.439,0.027815859335629,-0.000107060310478857
6.44,0.0278433520552401,-9.14122849086096e-05
6.441,0.0278669887518788,-7.27284375535708e-05
6.442,0.027933830398502,-4.65728854832093e-05
6.443,0.0279824507129081,-2.13119948681006e-05
6.444,0.0280311719493153,7.45343584107605e-06
6.445,0.028072685719077,3.78454322064181e-05
6.446,0.0281236756261633,7.40444313844235e-05
6.447,0.0281772919303001,0.000115293757553869
6.448,0.0282352607294003,0.000162581474259793
6.449,0.0282954691029317,0.000215623411275567
6.45,0.0283635046123026,0.000267919101219649
6.451,0.0283763324035416,0.000296316993572077
6.452,0.028413679590145,0.000321580985296999
6.453,0.0284220916456167,0.000337021456892572
6.454,0.0284421307309098,0.00035184805889471
6.455,0.0284491737425342,0.00036267968957715
6.456,0.028389434293257,0.000351314789334867
6.457,0.0283319727919424,0.000336495003441961
6.458,0.0282969046236696,0.000321253820139644
6.459,0.0282677352530312,0.000308528287775944
6.46,0.0282371756998385,0.00029633687142705
6.461,0.0282430289432697,0.000291776834273005
6.462,0.0282581331284048,0.00029039877635284
6.463,0.0282906294001814,0.000292197322402099
6.464,0.0283424728247592,0.000301792204304818
6.465,0.0283881372226383,0.000314709635563681
6.466,0.0284476925739031,0.000333278900416401
6.467,0.0284904598989718,0.00033870110461004
6.468,0.0285395078248189,0.000341245033531612
6.469,0.0285665601474673,0.000337625409341236
6.47,0.0286116691367809,0.000336376771196412
6.471,0.0285801466526035,0.0003091808532526
6.472,0.0285514555435843,0.000277328677159294
6.473,0.028518566990642,0.000239936664827134
6.474,0.0284758930594651,0.000199404736478115
6.475,0.0284304180755687,0.000155777963159465
6.476,0.0284057083322092,0.000120004083145997
6.477,0.0283724651427269,8.6885403772663e-05
6.478,0.0283427770302636,5.81858435865779e-05
6.479,0.0283148310875512,3.61867025719387e-05
6.48,0.0283562736747852,2.27577536135448e-05
6.481,0.0283960680140129,1.11832616594976e-05
6.482,0.0284383775895489,3.99283868218747e-06
6.483,0.0284798783888167,-4.50974240728819e-08
6.484,0.0285282387840842,2.36495410516069e-06
6.485,0.0285729065487241,1.00788238210914e-05
6.486,0.0286331810165589,1.02482203517829e-05
6.487,0.0286719931107675,4.6797249696473e-06
6.488,0.0287066287480706,-1.55799748402519e-06
6.489,0.0287403371420863,-7.08173997870931e-06
6.49,0.0287790369080053,-8.93937034929237e-06
6.491,0.0287503830756556,-3.30283106692031e-05
6.492,0.0287217685155102,-6.03363741196183e-05
6.493,0.0286783644784047,-9.37922822691339e-05
6.494,0.0286274020398356,-0.000126195901914872
6.495,0.0285749184937446,-0.000157985343696321
6.496,0.0285289572957056,-0.000187774951055431
6.497,0.0284797449958787,-0.000214881857253935
6.498,0.0284362370780067,-0.000236414054070599
6.499,0.0284303104405169,-0.000249880906433575
6.5,0.0284628093560503,-0.000254926056905469
6.501,0.0285030502849326,-0.000257383223321472
6.502,0.0285440513443828,-0.000255175365069804
6.503,0.028580490341455,-0.000248457578887251
6.504,0.0286298254938037,-0.000233623422603635
6.505,0.0286792966629836,-0.000213716024960509
6.506,0.0287384008430494,-0.000187236198238627
6.507,0.0287734852549565,-0.000173988973441119
6.508,0.0288217536467379,-0.000160303210591184
6.509,0.0288560669271206,-0.000150193437973456
6.51,0.0288921524112362,-0.00013902163036178
6.511,0.0289336203596142,-0.000125623350093806
6.512,0.0289639846993395,-0.000112798294494731
6.513,0.0289274514257764,-0.000126502296546871
6.514,0.0288832329534352,-0.000146681946980587
6.515,0.0288336743081875,-0.000173616352878658
6.516,0.0287820741595494,-0.000201967952018212
6.517,0.028729048330953,-0.000236098464461709
6.518,0.0286989823412994,-0.00026391273998877
6.519,0.0286582888584354,-0.000291368832805061
6.52,0.0286271346192693,-0.000316422219370782
6.521,0.0285889821675882,-0.000336137620711607
6.522,0.028563169462082,-0.000351746674725095
6.523,0.0285736290203733,-0.000358632284908622
6.524,0.0286051197412151,-0.000363454820072717
6.525,0.0286452223941217,-0.000366241095538566
6.526,0.0286915746690348,-0.000362060948351062
6.527,0.0287366243980386,-0.000355846999551157
6.528,0.0287799533532813,-0.000345508622657864
6.529,0.028829706937823,-0.000329003345492962
6.53,0.0288832510930687,-0.00030819951643013
6.531,0.0289429457321547,-0.000297275802987496
6.532,0.0289879950955925,-0.000289476121134391
6.533,0.0290439393572361,-0.000282012798203723
6.534,0.0290795469764453,-0.000277322073421071
6.535,0.029133894512226,-0.000270502107413528
6.536,0.029182038346671,-0.000262968094043525
6.537,0.0291617191910996,-0.000281943833349174
6.538,0.0291146456285304,-0.000310773796213915
6.539,0.0290551075118134,-0.000346561387453148
6.54,0.0290038651762593,-0.000386074733543018
6.541,0.0289706707160854,-0.000422740419096734
6.542,0.0289211498016574,-0.000461478210271038
6.543,0.0288893889917872,-0.000495539854312055
6.544,0.028848808826958,-0.000528410356084696
6.545,0.0288186386135165,-0.000556536628231519
6.546,0.0288236001760626,-0.000578993179771281
6.547,0.0288300783323429,-0.00059951221319976
6.548,0.0288573233571443,-0.000618828535807692
6.549,0.0289020392183973,-0.00063136631956745
6.55,0.028947022342229,-0.000642542066198959
6.551,0.028996733727781,-0.000648756529350036
6.552,0.0290461512879936,-0.000651086964681413
6.553,0.0290974716043037,-0.000648566288457331
6.554,0.0291492034394084,-0.000641173241114401
6.555,0.0292022561011411,-0.000628139383350823
6.556,0.0292561331424405,-0.000623766604020248
6.557,0.0292828956671219,-0.0006263193191553
6.558,0.0293264818564558,-0.000625208407466382
6.559,0.0293699044619216,-0.000621692538296748
6.56,0.0294162213599522,-0.000614846141335501
6.561,0.0293962158779247,-0.000634076603298728
6.562,0.0293689764462521,-0.000659561281418475
6.563,0.0293218284253654,-0.000693905379477777
6.564,0.029277693594947,-0.000729363917117087
6.565,0.0292404629833341,-0.000766941023697509
6.566,0.0292195166090574,-0.000798339983786311
6.567,0.0291923528468366,-0.000829027686532535
6.568,0.0291712138400674,-0.000853471708162301
6.569,0.0291461948527476,-0.000874004033985076
6.57,0.0291325691277356,-0.000887250307419263
6.571,0.0291098220646102,-0.000893993264739879
6.572,0.0291214228870604,-0.000893199539941547
6.573,0.0291543608112539,-0.000884779135935376
6.574,0.0291968571893193,-0.000874087518706601
6.575,0.0292398416332467,-0.000856893850407714
6.576,0.0292848970706687,-0.00083634523186904
6.577,0.0293362280423333,-0.000822308814497519
6.578,0.0293637425305332,-0.000816439081382847
6.579,0.0294042939018546,-0.000807996293525348
6.58,0.0294418471564469,-0.000799830005368929
6.581,0.0294859747383064,-0.000787785773489369
6.582,0.0294645642315824,-0.000800583595867987
6.583,0.0294484268062063,-0.000818785138937073
6.584,0.0294022311885881,-0.000846501666429522
6.585,0.0293526646690797,-0.00087619073049644
6.586,0.0293361174087798,-0.000901747183698454
6.587,0.029307729283626,-0.00092741344977415
6.588,0.0292873685640803,-0.000948417020149417
6.589,0.0292671665099935,-0.000965095236068969
6.59,0.0292523757657711,-0.000977328385459997
6.591,0.0292324783567151,-0.00098452182519404
6.592,0.0292168172058514,-0.000984696851788369
6.593,0.0291970148955753,-0.00097906379474183
6.594,0.0292091417929679,-0.00096573096721192
6.595,0.0292598274690473,-0.000942304555194284
6.596,0.0293094337438937,-0.000914826739935315
6.597,0.0293582027298372,-0.000898463913643621
6.598,0.0293864301373849,-0.000888895890164942
6.599,0.0294317716219922,-0.000878172739800065
6.6,0.0294531770595241,-0.000871384497452221
6.601,0.0294866856241795,-0.000859717486238032
6.602,0.0294590620813654,-0.000870410585893211
6.603,0.0294320863554493,-0.000884138184064576
6.604,0.0293840227674149,-0.000904399361836505
6.605,0.0293355700141442,-0.000922657470468435
6.606,0.0292769199641412,-0.000939793958509794
6.607,0.0292665776970724,-0.000950450724372998
6.608,0.0292412318656496,-0.000960001345813533
6.609,0.0292227402517701,-0.000965390943318822
6.61,0.0291947030274426,-0.000966448508919637
6.611,0.0291786583958935,-0.000958961842652539
6.612,0.0291512229638418,-0.000946189417764143
6.613,0.0291606550344304,-0.000926337511384101
6.614,0.0291913935376227,-0.000899951018147327
6.615,0.0292354196420514,-0.000870573363544236
6.616,0.0292891924753451,-0.000834504239523026
6.617,0.029339601154735,-0.000794340228429835
6.618,0.0293957693443444,-0.000749736016441516
6.619,0.029456954366247,-0.000696390159292737
6.62,0.0295056072804683,-0.00065689546900044
6.621,0.0295573882587642,-0.000617931902389179
6.622,0.0295846527354026,-0.000586058369347831
6.623,0.0296239824000903,-0.000549604609927423
6.624,0.0296481824767782,-0.00051478192783011
6.625,0.0295979187799417,-0.000508256165008769
6.626,0.029550006019658,-0.000504356653469984
6.627,0.0294994738119706,-0.000505896576817211
6.628,0.0294745788234363,-0.000500110479045246
6.629,0.0294310613299129,-0.000494462231043435
6.63,0.0294122002913237,-0.000482602731126769
6.631,0.0293828908928334,-0.000465286951579158
6.632,0.0293638283974423,-0.000443282760778041
6.633,0.029338739360379,-0.000412743196642307
6.634,0.0293846452463315,-0.000374625410850649
6.635,0.0294341590444986,-0.000332192291024824
6.636,0.0294835992745247,-0.000288045705187867
6.637,0.0295429781496539,-0.000236016170707731
6.638,0.0296066793231448,-0.00018091907985518
6.639,0.0296457677046146,-0.000142240477153222
6.64,0.0296921783432088,-0.000105134939434814
6.641,0.0297345439407846,-7.12325284102922e-05
6.642,0.0297851291282351,-3.79363890082862e-05
6.643,0.0298346554779435,-2.95442466963225e-06
6.644,0.0298112708350316,2.86696479795401e-06
6.645,0.0297703576261255,1.47031060537817e-06
6.646,0.0297095757309911,-9.08245968006538e-06
6.647,0.029656154834092,-1.99852962179392e-05
6.648,0.0296288021005821,-2.45551858327198e-05
6.649,0.029583818804798,-2.82638453215633e-05
6.65,0.0295668722959167,-2.40382629261293e-05
6.651,0.0295379402865926,-1.41803253533856e-05
6.652,0.0295012871316298,-5.64739527531e-06
6.653,0.029534234562863,1.08218062172538e-05
6.654,0.0295740903386312,3.32622502561275e-05
6.655,0.0296181294286843,5.71725345347995e-05
6.656,0.029680087391965,9.03193023557569e-05
6.657,0.0297404766031713,0.000127539121531739
6.658,0.0298070137893344,0.000169315114052437
6.659,0.0298575387811372,0.000197605548673596
6.66,0.0298940006667982,0.00021885104140168
6.661,0.0299416246286148,0.000239954891508798
6.662,0.0299831957912828,0.000261211605291467
6.663,0.0299996242945121,0.00027914117969513
6.664,0.0299574114127478,0.000271664087735934
6.665,0.0299110234627986,0.000259483148836115
6.666,0.0298466874814336,0.000238788068178453
6.667,0.0297982276229998,0.000217474916631211
6.668,0.0297738917287824,0.000202183008680579
6.669,0.0297295424862327,0.000186995033392867
6.67,0.0297080084236679,0.000181282537504102
6.671,0.0296816271558269,0.000178287450863179
6.672,0.0296886769291703,0.000185010307608258
6.673,0.0297274465128503,0.000198237658115274
6.674,0.0297739098681684,0.000212842522444523
6.675,0.0298291615365468,0.000231811160430806
6.676,0.0298889371310786,0.000254112240733462
6.677,0.0299460073944106,0.000283809004114399
6.678,0.030008194255507,0.000316829152722298
6.679,0.0300608864971318,0.000337320730251389
6.68,0.0301133464771082,0.000354923596326162
6.681,0.0301638906399189,0.000369353657000249
6.682,0.0302186936195834,0.000385058495430635
6.683,0.0302610634818886,0.000397447265708062
6.684,0.0302220543667444,0.000380972547190717
6.685,0.0301878525314368,0.000360865092307372
6.686,0.0301191275105988,0.000329679061433386
6.687,0.030083420003527,0.000300598191116441
6.688,0.030032797982327,0.000272481625958387
6.689,0.0300214963718474,0.00025432270299236
6.69,0.029998456439396,0.000239429283898029
6.691,0.0299894763638921,0.000234476146643459
6.692,0.0299778349912558,0.00023087829643692
6.693,0.0300402465720703,0.000238700535530767
6.694,0.0300975648776324,0.000249114050703159
6.695,0.0301497826909903,0.000263096392117801
6.696,0.0301987619928083,0.00027999439669818
6.697,0.0302561417810218,0.000304221222176049
6.698,0.0302781097619607,0.000309769349159883
6.699,0.0303168929051228,0.000315048039252919
6.7,0.0303432114554515,0.000315893167563308
6.701,0.0303841996300191,0.000318164079961436
6.702,0.0304032923070755,0.000318945401015847
6.703,0.0303639010377279,0.000295211270357254
6.704,0.030319801624692,0.000267821855233275
6.705,0.0302628978069164,0.000233561976497876
6.706,0.0302150406366138,0.00020044287285953
6.707,0.030201530284393,0.000174059989947517
6.708,0.0301732982297662,0.000150386775263189
6.709,0.0301601177977477,0.000132900389589574
6.71,0.0301375604346852,0.000120828042559418
6.711,0.0301503835768744,0.00011477366089202
6.712,0.0301867738614615,0.000115596737113755
6.713,0.0302231191060005,0.000117709692783685
6.714,0.030276747851835,0.00012565809022369
6.715,0.0303338687838187,0.000135720106703929
6.716,0.0303959385372575,0.000153330471817648
6.717,0.0304599964500475,0.000175294759560851
6.718,0.0305036740767376,0.00018487972079162
6.719,0.0305330948907323,0.000187758695152473
6.72,0.0305729353952296,0.000191385083743278
6.721,0.0306094820046155,0.000193325822771484
6.722,0.0306538777426787,0.00019792620849457
6.723,0.0306281539678349,0.000176545696071839
6.724,0.0305876685299221,0.000147403502132049
6.725,0.0305291322873938,0.000112034501889791
6.726,0.0304992309720012,7.79285745984293e-05
6.727,0.0304751772678481,4.99181576188445e-05
6.728,0.0304418370723233,2.30390275529069e-05
6.729,0.0304267907286741,2.18507713034555e-06
6.73,0.0303993188538568,-1.30781929532087e-05
6.731,0.0304133069919554,-2.22807599907782e-05
6.732,0.0304570697343262,-2.27932493774285e-05
6.733,0.0305001594588184,-2.15941240279682e-05
6.734,0.0305499750255425,-1.59526250313458e-05
6.735,0.0305985061581114,-7.16651477739028e-06
6.736,0.0306568350785238,9.38620896223652e-06
6.737,0.0307197061727035,2.97158369865214e-05
6.738,0.0307593816639194,3.85426428523017e-05
6.739,0.0308014291897789,4.44985077805993e-05
6.74,0.0308488075000169,4.88921171323264e-05
6.741,0.0308953680965568,5.49900153639649e-05
6.742,0.0309240719085978,5.7591388064604e-05
6.743,0.030891960150121,3.44382144764066e-05
6.744,0.030856342658096,6.69900587624284e-06
6.745,0.030796235301708,-2.94870630981325e-05
6.746,0.030759622422201,-6.64205205086477e-05
6.747,0.0307346132037078,-9.61242526033024e-05
6.748,0.0306931668064563,-0.00012501076658028
6.749,0.030679177484098,-0.000146707581725691
6.75,0.0306566458409972,-0.000162341446455827
6.751,0.0306480063095047,-0.00017152601550452
6.752,0.0306408630993784,-0.000176230979168746
6.753,0.0307012931127611,-0.000169764833734987
6.754,0.0307536938315713,-0.000160524559612241
6.755,0.0308059461745213,-0.000148784132687763
6.756,0.0308536177137269,-0.00013171861369965
6.757,0.0309043813181553,-0.000112298182315396
6.758,0.0309483308020695,-0.000103267361046044
6.759,0.0309879485259187,-9.819077445683e-05
6.76,0.0310334688013458,-9.47502013700086e-05
6.761,0.031078297969318,-8.99472799211765e-05
6.762,0.0311091741764703,-8.79932182152876e-05
6.763,0.0310812782133831,-0.000110851067308015
6.764,0.031045183558802,-0.000138139795720416
6.765,0.0309866020179643,-0.000173917892403952
6.766,0.0309503257159685,-0.000208731500691894
6.767,0.0309172029343187,-0.000238086865079368
6.768,0.0308734533973931,-0.000265881856200134
6.769,0.0308598570205176,-0.000286016987976978
6.77,0.0308369512927414,-0.000300542396402648
6.771,0.0308440465549231,-0.000308201683571929
6.772,0.0308854152598551,-0.00030710453609134
6.773,0.0309321635239123,-0.000304691708248317
6.774,0.0309877912310185,-0.000295497970986491
6.775,0.0310362679104808,-0.000282001311168067
6.776,0.0310885878809496,-0.00026562569120564
6.777,0.0311376778251818,-0.000241797586658488
6.778,0.031193248926875,-0.000227004387039542
6.779,0.0312262769964087,-0.000219427019651552
6.78,0.0312724106163086,-0.000209752103792871
6.781,0.0313133170109656,-0.00020210426796935
6.782,0.031283309269849,-0.000219891874424116
6.783,0.0312500357763344,-0.000242794808093749
6.784,0.0311966387543004,-0.000273347377115485
6.785,0.0311482541413795,-0.000305211568026653
6.786,0.0311003635459406,-0.000336685457538621
6.787,0.0310811095636835,-0.000361057495893879
6.788,0.0310481470316006,-0.000383585733459313
6.789,0.0310332268445515,-0.000398147122951498
6.79,0.0310119628867205,-0.00040721225430862
6.791,0.0310157713126934,-0.000409389117635051
6.792,0.0310582095184802,-0.000404026710113858
6.793,0.0311056456236935,-0.000397369011781223
6.794,0.0311570815663915,-0.000385680493928731
6.795,0.0312026468683454,-0.000370200441521806
6.796,0.0312532311374457,-0.000351404998539639
6.797,0.0313056041179185,-0.000324422697525528
6.798,0.0313635573592206,-0.000293371863564096
6.799,0.0314132647846039,-0.000271869980174477
6.8,0.031461372215718,-0.000254127414211158
6.801,0.0315116003306297,-0.000236480038250497
6.802,0.031560936449324,-0.00021977000796447
6.803,0.031538029551146,-0.000231149672408726
6.804,0.0315075871896944,-0.000250441726414197
6.805,0.0314579095239838,-0.00027833490047996
6.806,0.0314133090172513,-0.000307496141932317
6.807,0.0313678088598762,-0.000337260368791337
6.808,0.0313501595997319,-0.000358293714488866
6.809,0.0313178198069385,-0.000377384287543858
6.81,0.03130990429405,-0.00038918071466304
6.811,0.0312934764880292,-0.000394260412603209
6.812,0.0312981798227671,-0.000395886981435001
6.813,0.031341628532554,-0.000387003483359849
6.814,0.0313846794852949,-0.000376334084227159
6.815,0.0314300560464371,-0.000363303444094298
6.816,0.0314825464617754,-0.000343136884869422
6.817,0.0315349948976791,-0.000319017095133545
6.818,0.0315834567165191,-0.000303628083618168
6.819,0.0316102906148676,-0.00029607804515086
6.82,0.0316513295051285,-0.000287850546526247
6.821,0.0316821896707253,-0.000279253205514252
6.822,0.0317109466825948,-0.000270941797366253
6.823,0.0316757549181273,-0.000287365466210721
6.824,0.031642709247882,-0.000307748531537033
6.825,0.0316003878430786,-0.000332392377596857
6.826,0.0315842125479949,-0.00034968799894558
6.827,0.0315526684006103,-0.000366307349023154
6.828,0.0315427645742443,-0.000375147379077789
6.829,0.0315252638713456,-0.000377797653812573
6.83,0.0315214516953372,-0.000374004111164283
6.831,0.0315302578341987,-0.000363580326661783
6.832,0.0315842739107895,-0.000341883819408806
6.833,0.031642699626672,-0.000319335159360501
6.834,0.031696856445773,-0.000291645788398742
6.835,0.0317252420883922,-0.000281472573941288
6.836,0.0317658498358676,-0.000273885631470294
6.837,0.0317911758761693,-0.000269041185240293
6.838,0.0318322413497833,-0.000263240241865359
6.839,0.0318552172442719,-0.000261776458630569
6.84,0.0318853786292825,-0.000256130871400029
6.841,0.0318548149793876,-0.000275712695509411
6.842,0.0318107188944045,-0.000299246191341362
6.843,0.0317621411016501,-0.000330039453245945
6.844,0.0317356810011712,-0.000351543942020749
6.845,0.0316984618536383,-0.000372137312825094
6.846,0.0316848996785898,-0.000385778540894555
6.847,0.0316651365164266,-0.000393890081078652
6.848,0.031650990159415,-0.000394247374043089
6.849,0.0316312868289667,-0.000392446252848233
6.85,0.0316798297426846,-0.000381566912767695
6.851,0.0317235324028676,-0.00036605268190637
6.852,0.0317674504178896,-0.000349343623402609
6.853,0.0318225150560103,-0.000324833166414518
6.854,0.0318762262399133,-0.000295013578784642
6.855,0.0319353725141256,-0.000260305442013775
6.856,0.0319769623387235,-0.000239155703062932
6.857,0.0320138545063004,-0.000222049495390397
6.858,0.0320577334633268,-0.00020598171313968
6.859,0.0320853517613059,-0.00019317497093424
6.86,0.0320483490957771,-0.000207071688236249
6.861,0.0320129648436928,-0.00022599757950692
6.862,0.0319565286520142,-0.000253546064163723
6.863,0.0319044550606167,-0.000283209712256871
6.864,0.0318555006754485,-0.000312417307542889
6.865,0.0318341624932714,-0.000334126430525328
6.866,0.0317993663730685,-0.000354506546901279
6.867,0.0317840348127702,-0.000367015156750139
6.868,0.03176386321171,-0.000373028927766528
6.869,0.0317692366218355,-0.00037236340931518
6.87,0.0318181089911607,-0.000362063174222604
6.871,0.0318725092540337,-0.000351315350522186
6.872,0.0319257808518656,-0.000336425432923337
6.873,0.0319738080145888,-0.000317961608971185
6.874,0.0320294063086834,-0.000295318861657956
6.875,0.032082485723107,-0.000266232087106244
6.876,0.0321257364540013,-0.000250318116164494
6.877,0.0321496158869563,-0.000240683401545871
6.878,0.0321875531345073,-0.000229025869426247
6.879,0.032215675912109,-0.000220152864051304
6.88,0.0322547873865364,-0.000208087985942074
6.881,0.0322189225797864,-0.000223304569195837
6.882,0.0321887269277293,-0.000243107518271723
6.883,0.0321283111896263,-0.00027375446576533
6.884,0.0321127334388512,-0.000301883256625057
6.885,0.0320878542721324,-0.000326582644566309
6.886,0.0320759667506213,-0.000345731178568565
6.887,0.0320661834749309,-0.000361895560809677
6.888,0.0320512262804309,-0.000371058094231158
6.889,0.0320414025219328,-0.000376711908416483
6.89,0.0320226422750678,-0.000375197518898529
6.891,0.0320407179160468,-0.000366864355289709
6.892,0.0320706011440998,-0.000354084537386223
6.893,0.0321060853466267,-0.000340077241499648
6.894,0.0321587892038221,-0.000318886666564211
6.895,0.03220402928064,-0.000294028831179183
6.896,0.0322516208686113,-0.000266808053013545
6.897,0.032302563121162,-0.000231804491059417
6.898,0.0323386805616398,-0.000211990461132461
6.899,0.0323722038578166,-0.000195151846406616
6.9,0.0324047775739979,-0.000182046786018519
6.901,0.0324364588298156,-0.000168500346810596
6.902,0.0324590074743228,-0.000157037594491705
6.903,0.0324182763039603,-0.00017316838010939
6.904,0.0323802126989978,-0.000193671392216321
6.905,0.0323224348387386,-0.000222134095914817
6.906,0.0322691148650036,-0.000251593135345729
6.907,0.0322184730886111,-0.000282024067293773
6.908,0.0321972811394311,-0.000304729738367315
6.909,0.032164121813885,-0.00032556783298715
6.91,0.0321449539234669,-0.000338822986994169
6.911,0.0321297860827229,-0.00034644203444828
6.912,0.0321320123097572,-0.00034799568121624
6.913,0.0321821557351809,-0.000338965913873279
6.914,0.0322349068304128,-0.000330025976607584
6.915,0.0322874219623775,-0.000316436302953416
6.916,0.0323402297750039,-0.0003002937221116
6.917,0.0323972762721235,-0.000276525290776819
6.918,0.0324557197585568,-0.000248914894012242
6.919,0.0325171621594621,-0.000213082347774507
6.92,0.0325656423186552,-0.000191192337363089
6.921,0.0326014504358229,-0.000174721996162697
6.922,0.0326497955648766,-0.000156187858930512
6.923,0.03268234748167,-0.000142608946607781
6.924,0.0326381398748861,-0.000158626516934268
6.925,0.032598269608719,-0.000178331639006435
6.926,0.0325402014465402,-0.000207320963639124
6.927,0.0324863232714626,-0.000237521679470498
6.928,0.0324332376613381,-0.000269637783525234
6.929,0.0324120785791062,-0.000293506402406607
6.93,0.0323784781693535,-0.000314405370345883
6.931,0.0323641674924567,-0.000325315619183975
6.932,0.0323396101153082,-0.000324840081726174
6.933,0.0323407557696754,-0.000314830485023565
6.934,0.0323836996676709,-0.000293434053955322
6.935,0.0324245402761658,-0.000270262227331119
6.936,0.0324751625608918,-0.000237752283862025
6.937,0.0325215887721966,-0.000204148852044617
6.938,0.0325814145768337,-0.000163386406181909
6.939,0.0326409321351336,-0.000117905069801305
6.94,0.0327051105377736,-6.63815777144361e-05
6.941,0.0327709198176244,-9.39029263652413e-06
6.942,0.0328397294621738,5.33980003650236e-05
6.943,0.0328806701233927,9.67296446657273e-05
6.944,0.0329163576494306,0.000134443766235004
6.945,0.0329522138374408,0.000168948459374818
6.946,0.0329862484873781,0.00020097517431239
6.947,0.0330218198415586,0.000232238018633757
6.948,0.0330547560322481,0.000262905552916803
6.949,0.0330937462230471,0.000295569408751084
6.95,0.0330514356476106,0.000293581784693964
6.951,0.0330075018861699,0.00028307588703208
6.952,0.0329403128778481,0.000260616397416202
6.953,0.0329239129694473,0.000241560956234177
6.954,0.0329062795270568,0.00022274276102624
6.955,0.0328898122739149,0.000206820324267887
6.956,0.03287338691518,0.000194733916490608
6.957,0.0328570147094929,0.000187623377662982
6.958,0.0328515081679764,0.000184269542920168
6.959,0.0328384800282812,0.000186952662796225
6.96,0.0328350626909644,0.000199286757484041
6.961,0.0328428866420951,0.000217871174326534
6.962,0.0328567008313113,0.000241426060791028
6.963,0.0329046777558201,0.00027161850039259
6.964,0.0329709970113959,0.000309879417837833
6.965,0.0330366825470507,0.000351406031686707
6.966,0.0331057877991818,0.000397775243742959
6.967,0.0331803789380703,0.000452834294803917
6.968,0.0332585688683064,0.000511122491869354
6.969,0.0333398250311307,0.000577957469805157
6.97,0.0333471171944692,0.000607044561941994
6.971,0.0333159136029556,0.000613353814337303
6.972,0.0332860390538087,0.000611208625369619
6.973,0.0332431803960478,0.000597950619963594
6.974,0.0332079929346341,0.000580905721034253
6.975,0.0332056260880485,0.000568278455202076
6.976,0.0331904492677984,0.000554313846204635
6.977,0.0331907816573179,0.000547025428636549
6.978,0.033196048824904,0.000540721545740086
6.979,0.0332147791190095,0.000536227732367667
6.98,0.0332644064793515,0.000539671957144217
6.981,0.033313540389687,0.000546299902311365
6.982,0.0333661756497466,0.000559435325600044
6.983,0.0334173213025167,0.000575514022891244
6.984,0.0334781554941154,0.000598985843295097
6.985,0.0335087520035527,0.000607613553160302
6.986,0.0335445866588194,0.00061492001434682
6.987,0.0335747910922128,0.0006200260497225
6.988,0.0335376012806833,0.000598598394894512
6.989,0.0335000701423977,0.000572830918993017
6.99,0.0334431730360635,0.000540487660709632
6.991,0.0334242039822035,0.000514089273592977
6.992,0.033415241735835,0.000494048521468726
6.993,0.033397580974128,0.000477825263958065
6.994,0.0334004870585374,0.000467204250964082
6.995,0.0334493913286908,0.000467015036836271
6.996,0.0334987711941009,0.000468477676500656
6.997,0.0335491389753755,0.00047464141909398
6.998,0.0335959818567149,0.00048570563282635
6.999,0.0336453739660954,0.000501733574579222
7,0.0337001466910399,0.000524988579305163
7.001,0.0337235933010682,0.000531916888298012
7.002,0.033756816478392,0.000538912348556242
7.003,0.0337796520876341,0.000541420500738188
7.004,0.0338099569196165,0.000543675239379871
7.005,0.0338204701572816,0.000542215736103746
7.006,0.0337673466776215,0.000512222463014578
7.007,0.0337124543957061,0.000475129390155371
7.008,0.033650769989418,0.000430395355886681
7.009,0.0336226195135959,0.000386038650411535
7.01,0.0336121579836175,0.000348362041974859
7.011,0.0335890512757443,0.000311561088234602
7.012,0.0335694632912068,0.000279741294750946
7.013,0.0335487806991586,0.000250190717526799
7.014,0.0335422149522167,0.000230767266275467
7.015,0.0335335361595572,0.000215952299110311
7.016,0.0335326499570368,0.000209656647408407
7.017,0.0335887090969349,0.000213697421909409
7.018,0.0336399533035949,0.00021961892351352
7.019,0.0336970393916449,0.000230093728781799
7.02,0.0337142435161715,0.000219442206414677
7.021,0.0337431337292555,0.000204709206871878
7.022,0.0337615313079823,0.000185856012702046
7.023,0.0337878079492918,0.000164726227137868
7.024,0.033803437083387,0.000141048378972053
7.025,0.0338335048637921,0.00011767746198954
7.026,0.0337963772937903,7.00363266019632e-05
7.027,0.0337606420571384,1.72470433204563e-05
7.028,0.033726912309868,-4.04073663128335e-05
7.029,0.0336865982022039,-0.000100057095623274
7.03,0.0336422883570497,-0.000164641848958702
7.031,0.033616779388579,-0.000221466227348532
7.032,0.033596833517424,-0.000277124177663068
7.033,0.0335756934985432,-0.000326965690274572
7.034,0.0335669641758735,-0.000369730656455625
7.035,0.03354974946419,-0.000407979714887374
7.036,0.0335561772785234,-0.00043867332527231
7.037,0.0336067211178772,-0.000458718441381845
7.038,0.033651808932764,-0.00047738381046375
7.039,0.0336995314911243,-0.00049178078319484
7.04,0.033746239877999,-0.000503235362816712
7.041,0.0337735103623265,-0.000527231088246316
7.042,0.033803037865128,-0.000552808990438303
7.043,0.0338293523998075,-0.000581740739128256
7.044,0.0338605475674963,-0.000609910488907517
7.045,0.0338799042117022,-0.000640754677389332
7.046,0.0339074031216285,-0.000669120629856856
7.047,0.0338828415447639,-0.000718816058136673
7.048,0.0338572613098993,-0.000772442863352762
7.049,0.033812503268641,-0.000833437561331085
7.05,0.0337945850151338,-0.000891482987518233
7.051,0.0337854064194919,-0.000946673088160765
7.052,0.0337733875134839,-0.00100066232484658
7.053,0.0337692127786484,-0.00104966496152992
7.054,0.0337604173106199,-0.00109562459347656
7.055,0.0337591725680468,-0.00113324726616165
7.056,0.0337565641863819,-0.00116661317901717
7.057,0.0337720295245543,-0.00119365377000019
7.058,0.0338074706550292,-0.00121281353270902
7.059,0.0338471424127762,-0.00123011274314394
7.06,0.0338816576430289,-0.001243952122015
7.061,0.033915636438498,-0.00125502161747354
7.062,0.0339468797499715,-0.00127517708784092
7.063,0.0339559456897943,-0.00130093020694177
7.064,0.0339725900996886,-0.00132488361609523
7.065,0.0339834193561666,-0.00134974912689106
7.066,0.0339961306380719,-0.00137314198312805
7.067,0.0340038156837531,-0.00139607433000621
7.068,0.0340036731791621,-0.00142739702794781
7.069,0.034015056756075,-0.00145783579053221
7.07,0.0340211098602708,-0.00148841142997902
7.071,0.0340352852881117,-0.00151443734291484
7.072,0.0340480628656993,-0.00153658550011809
7.073,0.034066697791332,-0.00155218882279379
7.074,0.0340889040352763,-0.00156655154292845
7.075,0.0341245601853234,-0.00157138979764937
7.076,0.0341565115871783,-0.00157228953788463
7.077,0.0342026257757285,-0.00156426923374864
7.078,0.0342424638584,-0.00154690549030689
7.079,0.0342483918328439,-0.00154291545108493
7.08,0.0342746308249345,-0.0015364864126069
7.081,0.0342857454239294,-0.00153084643109475
7.082,0.0343089776288815,-0.0015209687809567
7.083,0.0343189278514868,-0.00150965011383192
7.084,0.0343357162457434,-0.0014941417708545
7.085,0.0342953510710162,-0.00149517201206517
7.086,0.0342527053212654,-0.00149816245695605
7.087,0.0342335779973116,-0.00149696102511998
7.088,0.0342245189274802,-0.00148729188739077
7.089,0.0342134353178609,-0.00147533500218749
7.09,0.034213526873436,-0.00145231797247952
7.091,0.0342464470272656,-0.00142618291767038
7.092,0.0342931166517416,-0.00139019092044473
7.093,0.034339955417954,-0.00134964680496441
7.094,0.0343921906850961,-0.00130288328462758
7.095,0.034390631227185,-0.00127475919193015
7.096,0.0344071928508384,-0.00124499774144909
7.097,0.0344208574195257,-0.00121727721474912
7.098,0.0344367588834741,-0.00118932020902435
7.099,0.0344334905439263,-0.00116282698632075
7.1,0.0344455108246667,-0.00113128292839704
7.101,0.0343988620371387,-0.00112202750884599
7.102,0.0344037550326683,-0.00110398713027526
7.103,0.0343958944339452,-0.00108653555409866
7.104,0.0343862106336731,-0.00106530827853679
7.105,0.0343631829919743,-0.0010422981272788
7.106,0.0343636703423895,-0.00100980910069232
7.107,0.0343649363843305,-0.000971164715400208
7.108,0.0343997585779275,-0.000927471770985344
7.109,0.0344574516473917,-0.000873567169160427
7.11,0.0345098164226008,-0.000816234024438089
7.111,0.0345231436157852,-0.000781423760071343
7.112,0.0345429917633516,-0.00074815629973235
7.113,0.0345500938976744,-0.000721704072587648
7.114,0.0345687965793509,-0.000690705967393568
7.115,0.0345811423672526,-0.000662007877603288
7.116,0.0345208163140132,-0.000658086074381614
7.117,0.0344634642408975,-0.000657188102092365
7.118,0.0344350132348807,-0.000653988386704996
7.119,0.0344247589406575,-0.000643823227350238
7.12,0.0344054146411354,-0.000631231860364789
7.121,0.0344015648626015,-0.000611328070511841
7.122,0.0343976224241408,-0.000586793692547383
7.123,0.0344431060584013,-0.00055124390523803
7.124,0.0344810298624286,-0.000515120087099474
7.125,0.0345433583951636,-0.000469690974351955
7.126,0.0345971085601226,-0.000419415237541798
7.127,0.0346502520162153,-0.00038072836594466
7.128,0.034683353068605,-0.000346590382947376
7.129,0.0347122957160637,-0.000313498326628026
7.13,0.034672981314816,-0.000308261873829541
7.131,0.0346339049460574,-0.000307876205402513
7.132,0.0345705894153935,-0.000317260992442892
7.133,0.0345523910965424,-0.000320296310182544
7.134,0.0345378394495523,-0.000318339814165236
7.135,0.0345191350688,-0.000314685890631827
7.136,0.0345057511075631,-0.000303875460993974
7.137,0.0344814469221727,-0.000289988159799637
7.138,0.0345091199954515,-0.000271251770055658
7.139,0.0345525734278164,-0.000243029548045115
7.14,0.03459182997794,-0.000212654660622702
7.141,0.0346468714513815,-0.000176174050947442
7.142,0.0346982549483482,-0.000133756011004182
7.143,0.0347414696124428,-9.94909142535416e-05
7.144,0.0347635876429659,-7.33223355117718e-05
7.145,0.0347795767136605,-4.76385065472651e-05
7.146,0.0347979361272611,-2.20546185081272e-05
7.147,0.0347418989659331,-2.53142733026568e-05
7.148,0.0346887249988517,-3.34563699205814e-05
7.149,0.0346661556060816,-3.94638399621727e-05
7.15,0.0346627271176438,-3.8371143877447e-05
7.151,0.0346522889195879,-3.46252281454573e-05
7.152,0.0346516112527436,-2.47790405186743e-05
7.153,0.0346475839407554,-1.11696916706427e-05
7.154,0.0346480176332769,9.58237324588662e-06
7.155,0.0346440693873544,3.59264291505679e-05
7.156,0.0346894514347154,6.71420923681332e-05
7.157,0.0347370799086712,0.000104871913468307
7.158,0.0347414092365714,0.000121027284126773
7.159,0.0347579685517875,0.000134215744177157
7.16,0.03476268058512,0.000143046538823466
7.161,0.0347850046126896,0.000153919402038627
7.162,0.0347748200618283,0.000160370085396655
7.163,0.0347786000171365,0.000172349384392478
7.164,0.0347845818500514,0.00017824086364554
7.165,0.0348218753830383,0.000192087051847478
7.166,0.0348427896567266,0.000206464099342107
7.167,0.0348695211361917,0.000222963487922501
7.168,0.0348943231481112,0.000244589130449946
7.169,0.0349352515510567,0.00027455839068119
7.17,0.0349772143276181,0.000309266734014657
7.171,0.0349559850899983,0.000324098528728667
7.172,0.0348790833044399,0.000311948352236413
7.173,0.0348211612317931,0.000299522831982368
7.174,0.0347623074395141,0.000284552641877434
7.175,0.034709602000254,0.000269184914223675
7.176,0.0346952548740277,0.000260433969332674
7.177,0.034707170696837,0.000261717227726777
7.178,0.0347115798902463,0.000266625577427793
7.179,0.034744843325936,0.000278267070372651
7.18,0.0348095362942809,0.000298391440572088
7.181,0.0348614953470124,0.000318135494515981
7.182,0.0349305815373807,0.000344974777400642
7.183,0.0349918437488387,0.000374540786665434
7.184,0.0350638759555546,0.000411877173203845
7.185,0.0350665110912778,0.000422879147954525
7.186,0.0350753769472181,0.000429828924314701
7.187,0.0350715896549081,0.000429502177279606
7.188,0.0350745149225188,0.000428529363541763
7.189,0.0350238926414548,0.000402272394380288
7.19,0.0349938338647916,0.000374286728624496
7.191,0.0349302671372225,0.000338587575555993
7.192,0.0348745636890402,0.000303489072867869
7.193,0.0348528835137776,0.000274614793952521
7.194,0.034859521488578,0.000253258400396306
7.195,0.0348613946681575,0.000234813563546876
7.196,0.034873533904864,0.000225399422554784
7.197,0.0348724177775294,0.000214773584050809
7.198,0.03493400390707,0.00021477153784133
7.199,0.034980928539387,0.000216763965075306
7.2,0.0350365580380438,0.000222980290148167
7.201,0.0350929281248522,0.000234070620919569
7.202,0.0351591865304072,0.000253008060065729
7.203,0.0352274499728245,0.000276278906823024
7.204,0.0352887831735835,0.000306828486269839
7.205,0.0353626940033456,0.000344869787191115
7.206,0.03543894418052,0.000388373908757067
7.207,0.0354519701211689,0.000399523005679636
7.208,0.0354827182873432,0.000406230612033487
7.209,0.0354741883456034,0.000398316215844907
7.21,0.0354753674536828,0.000390359920514449
7.211,0.035468812792431,0.000382153657651485
7.212,0.0354108698596268,0.000353649786236254
7.213,0.0353521148166982,0.00032329906165246
7.214,0.0352971497742413,0.000291761314844097
7.215,0.0353004723261308,0.000270953815316943
7.216,0.0352930300790959,0.000248631997994575
7.217,0.0352762406821689,0.0002294701046896
7.218,0.0352829637596118,0.000214367427556927
7.219,0.0353399377605164,0.000210759240582836
7.22,0.0353946790618029,0.000210991888654533
7.221,0.0354554596813173,0.000213862667997389
7.222,0.0355073531594384,0.000222436920603308
7.223,0.0355653367229854,0.000235628453434555
7.224,0.035618255996436,0.000254269371686544
7.225,0.0356831831417124,0.000281728925979663
7.226,0.035743748994569,0.000313757253947999
7.227,0.0358000234004855,0.000337069683594926
7.228,0.0358261610148542,0.000353153105022708
7.229,0.0357816572092895,0.000336633046322532
7.23,0.0357357539793912,0.000312740272429335
7.231,0.0356729922251884,0.000278468485592431
7.232,0.035618723019683,0.000242094807054727
7.233,0.0355761748788929,0.000206790968708903
7.234,0.0355565846314769,0.000177554549346426
7.235,0.03552741788767,0.000150206180854318
7.236,0.0354995491119215,0.00012698997501448
7.237,0.0354810470405974,0.000110944318734985
7.238,0.0354525602781353,9.96059617325851e-05
7.239,0.0354588113376112,9.64895821270462e-05
7.24,0.0355238632473134,0.000106248809657705
7.241,0.0355808235764368,0.000116774896616489
7.242,0.0356484640350821,0.000132255626292377
7.243,0.0357168189172676,0.000151278408742406
7.244,0.035780133830836,0.000176572270704278
7.245,0.0358214009749307,0.000182732016446419
7.246,0.0358445910357628,0.000184197391052632
7.247,0.0358854640058986,0.000185576093957696
7.248,0.0358979557842015,0.000182753816507453
7.249,0.0359246131593641,0.000182060902594816
7.25,0.0359498739087947,0.000182828233671273
7.251,0.0359019826797401,0.000156376241956524
7.252,0.0358600214166981,0.000125404447408994
7.253,0.0357967387754468,8.44294385465294e-05
7.254,0.0357780789399388,4.97638744982876e-05
7.255,0.0357533490112317,1.32347529875898e-05
7.256,0.0357472514379907,-1.50802947880835e-05
7.257,0.0357291237480093,-4.14881872450312e-05
7.258,0.0357273899669067,-5.91759814009274e-05
7.259,0.0357256112151568,-7.36285192660113e-05
7.26,0.035719995334728,-8.03645108585216e-05
7.261,0.0357503693594618,-8.57681243282005e-05
7.262,0.0357919599235125,-8.31908998940589e-05
7.263,0.0358225884845537,-7.97308973013999e-05
7.264,0.0358802521381433,-6.84960796419332e-05
7.265,0.0359389006743938,-5.25577321360271e-05
7.266,0.0359927631909645,-3.02867869826362e-05
7.267,0.0360519152260052,-4.45105881080599e-06
7.268,0.0360719313294497,6.55259806986441e-06
7.269,0.0361030121937631,1.71140169302197e-05
7.27,0.0361297231540007,2.43670038351795e-05
7.271,0.0361503042978251,3.07724623168082e-05
7.272,0.0361888772454552,4.09924446417298e-05
7.273,0.0361534400574409,2.20393340905622e-05
7.274,0.0361202528414195,-3.62666221026542e-06
7.275,0.0360674535047656,-4.03606786948951e-05
7.276,0.0360663235075799,-6.81266885287357e-05
7.277,0.0360567754483562,-9.84065098949549e-05
7.278,0.0360584542843069,-0.000120943775488491
7.279,0.0360594806151432,-0.000141982556122799
7.28,0.036059836987354,-0.000154815470915337
7.281,0.036075259902739,-0.000161953459544895
7.282,0.0360920753384201,-0.000161719536295124
7.283,0.0360991749971258,-0.000155552515013813
7.284,0.0361209310404751,-0.000150848670183557
7.285,0.0361672199069299,-0.000139347209144491
7.286,0.0362078916129285,-0.000125440247770892
7.287,0.0362561713767558,-0.000104278761518917
7.288,0.0362535280259065,-0.00010588295708297
7.289,0.036267007791948,-0.000105896551609252
7.29,0.0362705803287161,-0.000110587192459766
7.291,0.036283959991035,-0.000114679120999217
7.292,0.0362713147780794,-0.000124036307786457
7.293,0.0362752702165234,-0.000128767447019229
7.294,0.0362655849949998,-0.000132351557472099
7.295,0.0362620346758028,-0.000142240255529225
7.296,0.0362877809892724,-0.000143652397181393
7.297,0.0363055609547499,-0.000144005093502264
7.298,0.0363196738800291,-0.000141280324244264
7.299,0.0363319941765567,-0.00013634946082941
7.3,0.0363532828638938,-0.000122825514631497
7.301,0.03637501774292,-0.000105795747617432
7.302,0.0363934421462626,-8.0649621366613e-05
7.303,0.0363601274213276,-8.50931541940825e-05
7.304,0.036340830778726,-9.01384455161414e-05
7.305,0.0363125527459709,-0.000101894561326865
7.306,0.0362878588766023,-0.000114514782202257
7.307,0.0363098346645567,-0.000118278717042508
7.308,0.0363268810317048,-0.000117666271546413
7.309,0.0363560990066993,-0.000111803649324338
7.31,0.0363771975205758,-9.91087846390903e-05
7.311,0.0364032891973653,-8.79556494490785e-05
7.312,0.0364544119446989,-6.67535179942336e-05
7.313,0.0365030612213598,-4.36432925493002e-05
7.314,0.0364851552379987,-4.33885954076452e-05
7.315,0.0364732280125127,-4.64712395677469e-05
7.316,0.0364622358467333,-5.28915067070646e-05
7.317,0.0364573095818335,-6.03482048763815e-05
7.318,0.0364102455899756,-8.79967169747364e-05
7.319,0.0363753744177331,-0.000114572190549278
7.32,0.0363570080707564,-0.000140074951440472
7.321,0.0363597878979572,-0.000157294710546596
7.322,0.0363539619923962,-0.000172158531653088
7.323,0.0363701598798577,-0.000179301068582938
7.324,0.0364308281328474,-0.000174312404544519
7.325,0.0364869852777982,-0.000168996389338483
7.326,0.0365452588268262,-0.000156647766766771
7.327,0.0366012262535882,-0.000140727776898497
7.328,0.0366615439348601,-0.0001172277764529
7.329,0.0367276839722925,-8.70199648608794e-05
7.33,0.0367941770499075,-4.90282590904778e-05
7.331,0.0368028548526039,-3.97561697860205e-05
7.332,0.0368209497648992,-3.49311479168612e-05
7.333,0.0368035779414994,-4.51609752492588e-05
7.334,0.0368019257723694,-5.3282901078533e-05
7.335,0.0367716439182497,-6.64561711795075e-05
7.336,0.0367549993558479,-7.50560785084398e-05
7.337,0.0367087751116199,-9.71524308259752e-05
7.338,0.0366845379052516,-0.000118687106091475
7.339,0.0366807575090247,-0.000131432920070174
7.34,0.0366743076726136,-0.00013961075801594
7.341,0.0366694404404411,-0.000145289147017169
7.342,0.0366722793738497,-0.000144321159916583
7.343,0.0367120647460168,-0.000139224202405641
7.344,0.0367646568118748,-0.000124249490095152
7.345,0.0368120871208122,-0.000106496857014804
7.346,0.0368675639653606,-8.44588411480496e-05
7.347,0.0369182287633406,-5.69875882606707e-05
7.348,0.0369650932148369,-3.81066192319257e-05
7.349,0.0369833166641962,-2.75771285173088e-05
7.35,0.0370141539929217,-1.45845856098226e-05
7.351,0.0369787126494678,-3.04462039660836e-05
7.352,0.0369465830138258,-5.17457802891585e-05
7.353,0.0368906207872191,-8.41027384629323e-05
7.354,0.036877764789326,-0.000108208331441428
7.355,0.0368542557793671,-0.000131461924422482
7.356,0.0368381691902199,-0.000151556922943052
7.357,0.036819665639924,-0.000164845946552972
7.358,0.0368021641498856,-0.000174804604896384
7.359,0.0368002360688849,-0.00017481612365583
7.36,0.0368591396827932,-0.000162539748011337
7.361,0.036912441035834,-0.000149148518758246
7.362,0.0369718399687179,-0.000132507932723958
7.363,0.0370209892434739,-0.00011047009952464
7.364,0.0370311058313738,-0.000108817500990288
7.365,0.0370457134043206,-0.000107411055735473
7.366,0.0370638918218853,-0.000108495652660745
7.367,0.0370835411886113,-0.000109372184274148
7.368,0.0370969200607125,-0.000111885215618612
7.369,0.037106873698745,-0.000113629846927532
7.37,0.0370644110877937,-0.000138764493987975
7.371,0.037067087684837,-0.000156494410649965
7.372,0.0370642168908609,-0.000174345798705566
7.373,0.0370560738308694,-0.00018932524159343
7.374,0.0370445833793162,-0.000202820054740704
7.375,0.0370463976041322,-0.000207670729387488
7.376,0.0370507429934022,-0.000207304341221903
7.377,0.037064364216606,-0.000199560731594717
7.378,0.0371177726107522,-0.000182485377926644
7.379,0.0371685456786113,-0.000163438426426243
7.38,0.0372219234831001,-0.000140472683112347
7.381,0.0372766647002628,-0.000112836813315753
7.382,0.0373004827521718,-0.000101427539934917
7.383,0.037326474672949,-9.26745445772315e-05
7.384,0.0373497198825961,-8.67476687861912e-05
7.385,0.0373759079408812,-8.0837942200207e-05
7.386,0.0373706517377356,-8.0846150305125e-05
7.387,0.0373116484252976,-0.00010509809766257
7.388,0.037256285167597,-0.00013402789402478
7.389,0.0371902112124447,-0.000169957172000412
7.39,0.0371660266234913,-0.000200400955860602
7.391,0.0371419150947778,-0.000229281173462659
7.392,0.0371042005271269,-0.000257591304740734
7.393,0.0370912159462146,-0.000275754093700342
7.394,0.0370756202049808,-0.000291511175449899
7.395,0.0370618006594659,-0.000298747650542108
7.396,0.0370727893213099,-0.000299592599192045
7.397,0.0371417192673283,-0.000287086752529364
7.398,0.0372053335529051,-0.000273696767111364
7.399,0.0372722304422127,-0.000256288355397816
7.4,0.0373344568203375,-0.000234877283539603
7.401,0.037403844890426,-0.000205529095212986
7.402,0.0374677297805769,-0.000172874620601726
7.403,0.0375163405760452,-0.000152487129062517
7.404,0.0375454648852749,-0.000141076809599849
7.405,0.037586217862033,-0.000129346504967764
7.406,0.037600358421322,-0.000122939146041889
7.407,0.0376289580212861,-0.000113423354543063
7.408,0.0376606449711186,-0.000101508311386223
7.409,0.0376247596525792,-0.000119782961690018
7.41,0.03758268037807,-0.000145099083263878
7.411,0.0375208139209575,-0.000180941524186906
7.412,0.0374977716786483,-0.000210535847691817
7.413,0.0374743476696539,-0.000241068725126581
7.414,0.0374484667441111,-0.000267084125293249
7.415,0.0374366509666672,-0.0002876979005072
7.416,0.0374205483197595,-0.000304920683313226
7.417,0.0374125425827865,-0.000312911365951185
7.418,0.0374011819381128,-0.00031647927222328
7.419,0.0374080628730882,-0.000312466422643765
7.42,0.0374782629340364,-0.000296393724006361
7.421,0.0375418720477558,-0.000279004496930468
7.422,0.0376034918864998,-0.000257738216072556
7.423,0.0376613771377048,-0.000233633606934791
7.424,0.0377198722273453,-0.000204651987221693
7.425,0.0377849150309713,-0.00016873943020157
7.426,0.0378110782460614,-0.0001509448622381
7.427,0.0378459046465911,-0.000134843390680428
7.428,0.0378703531672788,-0.000123385251875607
7.429,0.037909233298209,-0.000110167480304513
7.43,0.0379205913249703,-0.000102164743778166
7.431,0.0379453963921807,-9.03120673412805e-05
7.432,0.0379029759685032,-0.000108649963510232
7.433,0.0378618333968487,-0.000132711453453727
7.434,0.0377991710408752,-0.000166011793682808
7.435,0.037792858409324,-0.000186786069128919
7.436,0.037779038653152,-0.000205023078121591
7.437,0.0377756748875694,-0.000211980894554764
7.438,0.0377650084191666,-0.000215119376817507
7.439,0.0377632318089369,-0.00021037172817312
7.44,0.037765180488907,-0.000198758689578027
7.441,0.0377710784215164,-0.000180018975301954
7.442,0.0377805302923301,-0.000154106232279183
7.443,0.0377992942701303,-0.000122271660844164
7.444,0.0378380465978381,-8.80540471245861e-05
7.445,0.0379022460722588,-4.44648913125456e-05
7.446,0.0379589779404153,1.10947398068717e-06
7.447,0.0380192756384072,5.19575669550298e-05
7.448,0.0380737076291984,0.000105768969955289
7.449,0.0381393141141796,0.000166991425362917
7.45,0.0382036769510903,0.000231969084692196
7.451,0.0382804434976462,0.000305872300788157
7.452,0.0383210314997648,0.000359586272538626
7.453,0.0382720564561588,0.000370447450441236
7.454,0.0382276257000845,0.000371190834729473
7.455,0.0381737364931996,0.000360488185815799
7.456,0.0381240253165406,0.000344489520531233
7.457,0.0380688236127255,0.00032215616304021
7.458,0.0380471408988716,0.000305276726845771
7.459,0.038042736195993,0.000295730036761921
7.46,0.0380349222096708,0.000289957763162763
7.461,0.0380357876598983,0.000293741259969171
7.462,0.0381010582962971,0.000308857927336259
7.463,0.0381592191291594,0.000325048595987698
7.464,0.0381767688037357,0.00031987866937544
7.465,0.0381940186171566,0.000309430553606271
7.466,0.0382085569021021,0.000294532799648528
7.467,0.0382258010444505,0.000277418522579786
7.468,0.038238108904055,0.000258551507687388
7.469,0.0382640249479626,0.0002410758889555
7.47,0.0382310138551156,0.000200998890132753
7.471,0.0381662150869304,0.000149840300478155
7.472,0.038160596931028,0.000108388952994254
7.473,0.0381449624857312,6.82434967323453e-05
7.474,0.038147508865048,3.60940631674023e-05
7.475,0.0381449194846657,7.74600067710018e-06
7.476,0.0381574482859176,-1.21468633697552e-05
7.477,0.0381649458241363,-3.35888396146844e-05
7.478,0.0382080454113107,-4.353611052621e-05
7.479,0.0382410320281961,-5.04473083914325e-05
7.48,0.0382940015122864,-4.97697467927161e-05
7.481,0.03834510345144,-4.49280067404412e-05
7.482,0.0383904805984394,-3.4738206161955e-05
7.483,0.0384489150415346,-1.64689697549347e-05
7.484,0.038468846912889,-1.46161235763387e-05
7.485,0.0384984457997613,-1.25341867150408e-05
7.486,0.0385156226147836,-1.61771319742154e-05
7.487,0.0384692694009965,-4.75042947835069e-05
7.488,0.038427291716229,-8.21250820060015e-05
7.489,0.0383762705852219,-0.000123317881267349
7.49,0.0383319922661514,-0.000165321024349796
7.491,0.038303093906829,-0.000206077409220295
7.492,0.0382952007042308,-0.000236083573076418
7.493,0.0382803637113621,-0.000263232430035953
7.494,0.0382739810817826,-0.000282818066758839
7.495,0.0382641651289464,-0.000297984220650138
7.496,0.038292109765855,-0.000307409763734001
7.497,0.0383372842869134,-0.000309233294066902
7.498,0.0383768943308627,-0.000309179255841618
7.499,0.0384289048933744,-0.000302156820165711
7.5,0.0384774660637804,-0.00029159100953291
7.501,0.0385318099684173,-0.000274423143140246
7.502,0.0385431064345145,-0.000273733602526582
7.503,0.0385683323451665,-0.000274288820191815
7.504,0.0385877336282944,-0.000277886339849265
7.505,0.0386113082497105,-0.000280549572465483
7.506,0.038620514320937,-0.00028490793524405
7.507,0.0386413271178702,-0.000284704517362233
7.508,0.0386012128347335,-0.000307740805302159
7.509,0.0385657522645002,-0.000334253365463555
7.51,0.0385316695448142,-0.000362835031226749
7.511,0.0385221606218805,-0.000381352715785821
7.512,0.0385058187617023,-0.000397840264875604
7.513,0.038499164483788,-0.000405453389215882
7.514,0.038492725202165,-0.000409430789824028
7.515,0.0384920194861262,-0.000404983201545306
7.516,0.038545835299569,-0.000392338364221589
7.517,0.0385965204765364,-0.000374517971846511
7.518,0.0386471026039129,-0.000356518702548214
7.519,0.0387040393497519,-0.000332025666580749
7.52,0.0387572300692526,-0.000302881389906529
7.521,0.0387890147411065,-0.000287896175505731
7.522,0.03880511369018,-0.000281676458756985
7.523,0.0388277445064605,-0.000276433204240367
7.524,0.0388334758354714,-0.00027674262595917
7.525,0.0388520186548622,-0.000273930713534654
7.526,0.0388537944732786,-0.000274828592380316
7.527,0.0387967526583391,-0.00030190877354519
7.528,0.038786723518641,-0.000322693087588144
7.529,0.0387763478216397,-0.000343104476367095
7.53,0.0387595015564235,-0.000362882602308878
7.531,0.038755437170368,-0.00037700280427666
7.532,0.0387453802463298,-0.000387973349171455
7.533,0.0387560911745853,-0.000390690802189009
7.534,0.0387586479554323,-0.000387656508863354
7.535,0.0387893253158709,-0.000381985506285765
7.536,0.0388400418252001,-0.000369685931108699
7.537,0.0388837073541273,-0.000355569416519375
7.538,0.0389415463777195,-0.00033556524699252
7.539,0.0389521089532414,-0.000336516391676811
7.54,0.0389763106077814,-0.00033868966559969
7.541,0.0389859604666066,-0.000347799898819112
7.542,0.0389949554875056,-0.000357228023557754
7.543,0.0390100319640972,-0.000367565345255894
7.544,0.0389679894047593,-0.000401958064467245
7.545,0.0389296995308655,-0.000440702332746845
7.546,0.0388983170802106,-0.000482519985007424
7.547,0.0388923621493027,-0.000516497423335427
7.548,0.0388819287819466,-0.00054947195746391
7.549,0.0388762323615778,-0.000578163110535268
7.55,0.0388695121591611,-0.000603949287894423
7.551,0.0388727680434958,-0.00062449640002249
7.552,0.0389214268177561,-0.00063822478028891
7.553,0.0389720749321909,-0.000650291644044954
7.554,0.039021633247291,-0.000660323180965261
7.555,0.0390728705717196,-0.000667310367627238
7.556,0.0391246151099308,-0.000671364451500289
7.557,0.0391771661755691,-0.000672401998712491
7.558,0.0392295682849657,-0.000670812478174132
7.559,0.0392644591121184,-0.000682440522058958
7.56,0.0392806409309466,-0.000702966551643147
7.561,0.0393071662028519,-0.000724446890623676
7.562,0.0393232561378593,-0.000750609707517003
7.563,0.039289315303064,-0.000802482890424838
7.564,0.0392537016291098,-0.000861053688563651
7.565,0.0392205127630703,-0.000925408651506809
7.566,0.0392119067662613,-0.000985478457630418
7.567,0.0392013159898642,-0.00104586778803173
7.568,0.0391937971005428,-0.00110419069681472
7.569,0.0391877174694632,-0.00116014572437023
7.57,0.0391837426363572,-0.00121309126780605
7.571,0.0391841078025632,-0.00126375554478259
7.572,0.0392309344525438,-0.00130759714060524
7.573,0.0392813658356862,-0.00135043442918997
7.574,0.0393345411847409,-0.00139100328591879
7.575,0.0393909659858618,-0.00142812126321412
7.576,0.0394519883603584,-0.00146077638429198
7.577,0.0395203080610325,-0.00148793487243454
7.578,0.0395835698316714,-0.00150813928415511
7.579,0.0396474352808239,-0.00152443860739226
7.58,0.0397139920299304,-0.00153544957216573
7.581,0.0397852646751082,-0.00154042298117446
7.582,0.0398569788759135,-0.00153867692226212
7.583,0.0399025404030819,-0.00154679829929566
7.584,0.039929547985818,-0.00155846533191217
7.585,0.0399677528262782,-0.00156533616886573
7.586,0.0399596279625191,-0.00159129812476139
7.587,0.0399191753578238,-0.00162599077063091
7.588,0.0398985076446974,-0.00165474013554451
7.589,0.0398959977792278,-0.00167018504308303
7.59,0.0398846011575641,-0.0016765142274161
7.591,0.0398829256702844,-0.00166754810255254
7.592,0.0398727477103583,-0.00164826090811521
7.593,0.0398709885310197,-0.00161382498787999
7.594,0.0398844226175447,-0.00156416991681491
7.595,0.0399396933358926,-0.00149842573975917
7.596,0.0399863241077829,-0.00142543984433996
7.597,0.0400320393685274,-0.0013439486744462
7.598,0.0400719570288135,-0.00127242935814237
7.599,0.0400833885413587,-0.0012115582317816
7.6,0.0401034878639667,-0.00114886261716951
7.601,0.0400634104681276,-0.00111228923074297
7.602,0.0400078366276271,-0.00108727037879075
7.603,0.0399579437679268,-0.00106617055145602
7.604,0.0398987594785194,-0.00104958333727589
7.605,0.0398496384974558,-0.00103195402025058
7.606,0.0397850319777797,-0.00101723047880281
7.607,0.0397238602443197,-0.00100033421621076
7.608,0.039702701003233,-0.000973217366318058
7.609,0.0396918915261582,-0.000938625973169349
7.61,0.0396734274250142,-0.000900218351113147
7.611,0.0396764926037718,-0.00085257218669238
7.612,0.0397345194564698,-0.00079396292539885
7.613,0.0397834177439809,-0.000734339060823097
7.614,0.0398281783203573,-0.000673519088450258
7.615,0.0398982503092535,-0.000602137024307281
7.616,0.0399588401195217,-0.000527405941763481
7.617,0.0400346434073052,-0.000443496767009499
7.618,0.0400733690067877,-0.000382670459443457
7.619,0.0401045122209072,-0.000328876447420634
7.62,0.0401445106121383,-0.000275646037748878
7.621,0.0401642366598575,-0.000229116485579217
7.622,0.0400963741519462,-0.000218977058916214
7.623,0.0400361939870563,-0.000213756223926664
7.624,0.0399700233743165,-0.000216040042112176
7.625,0.0399068582616761,-0.000220749671330456
7.626,0.0398692236095984,-0.000222553913250878
7.627,0.0398593490636974,-0.000214994611000219
7.628,0.0398398695264506,-0.000204934933839052
7.629,0.0398385640932351,-0.000187050511983478
7.63,0.0398315798760943,-0.00016387352450109
7.631,0.0398344553675282,-0.000130396343365979
7.632,0.0398311395862779,-9.28578036150096e-05
7.633,0.0398757007035868,-4.95859265962073e-05
7.634,0.0399418153960028,1.0794984076079e-06
7.635,0.0400030474430626,5.21828393997281e-05
7.636,0.0400811980217658,0.000111855104631631
7.637,0.0401583654960607,0.000174308828282121
7.638,0.0402359700360703,0.000243057114927558
7.639,0.0402553407371603,0.00028485829198488
7.64,0.0402906825003688,0.000324462084415
7.641,0.0403108716872428,0.000356639494699829
7.642,0.0403444044914061,0.000389517023130059
7.643,0.0403652600632178,0.000418155336901038
7.644,0.0403127239066569,0.000411200229040953
7.645,0.0402626929971788,0.00039822697031866
7.646,0.0401890325816484,0.000373238539731591
7.647,0.0401173980772547,0.000348567405028366
7.648,0.0400729570799092,0.000324635369991055
7.649,0.0400572501419589,0.000311205703939388
7.65,0.0400373563704793,0.000301041258141677
7.651,0.0400276235802333,0.000296974806864747
7.652,0.0400111221118059,0.000297201834713268
7.653,0.0400169123899285,0.000307756958122019
7.654,0.0400939265827297,0.000332497446363766
7.655,0.0401609374547966,0.000355634562272666
7.656,0.0402307238702271,0.000381834415035698
7.657,0.0402967653918157,0.000409836589039092
7.658,0.0403670638963352,0.000443907012044442
7.659,0.0404331434806758,0.000481478437826366
7.66,0.0405145273056521,0.000526434989359059
7.661,0.0405975909101362,0.000578698474230199
7.662,0.0406411687851735,0.000607938496672678
7.663,0.0406741613772577,0.000630281686408773
7.664,0.0407252707677116,0.000652522606538475
7.665,0.0407514966658398,0.000669492978654207
7.666,0.0407074911063219,0.000651714110782631
7.667,0.0406655586060034,0.00062822691030584
7.668,0.0405957377936335,0.000592964201459156
7.669,0.0405338070539688,0.000557458447089709
7.67,0.0404944352707522,0.000523613802064726
7.671,0.0404803794489382,0.000499008439175108
7.672,0.0404555009136405,0.000475500426693143
7.673,0.0404559281192679,0.000462138505378462
7.674,0.0404495201874625,0.000454813176640811
7.675,0.0404586844568773,0.000456194379226837
7.676,0.0404962523018988,0.000461299219373934
7.677,0.0405509451853764,0.000471553022269311
7.678,0.040596915484183,0.000481576621183422
7.679,0.0406618055887371,0.000499518370508656
7.68,0.040715461906592,0.000519523471351813
7.681,0.0407920754496551,0.000548021791668907
7.682,0.0408684233825446,0.000581087074441655
7.683,0.0409486980921777,0.000621430394408207
7.684,0.0409903127243976,0.000639593091309787
7.685,0.0410212746386783,0.000651136874319502
7.686,0.0410673868640625,0.000662579358186366
7.687,0.0410991602635953,0.000669180575891215
7.688,0.0410506503547442,0.000640872777422086
7.689,0.0410052726108438,0.000607795522731602
7.69,0.0409366535712255,0.000564727125079545
7.691,0.0409203889705172,0.00053025332849238
7.692,0.0409102743126466,0.000501020592695856
7.693,0.0408967387609914,0.000473939491236641
7.694,0.0408891890522501,0.000453005027977571
7.695,0.0408789798230733,0.000436549358686256
7.696,0.0408877187260438,0.000430772391340817
7.697,0.0408856217526785,0.000431258083822494
7.698,0.0409136818496418,0.000433328033838665
7.699,0.0409641321136259,0.000442636979776756
7.7,0.0410053472556432,0.000452722538753447
7.701,0.041068752593443,0.000470548470292376
7.702,0.0411210753447616,0.000491814464763651
7.703,0.0411601018104508,0.00049898886321631
7.704,0.0411796245630681,0.000496020432451172
7.705,0.0412045171000156,0.000491537284809718
7.706,0.0412257646134833,0.000484108323924759
7.707,0.0412537344923702,0.000479460981952728
7.708,0.0412217475816606,0.000448122258053352
7.709,0.0411820936588746,0.000409800867041121
7.71,0.0411395042086859,0.00036698858687656
7.711,0.0411261326103747,0.000334553650193359
7.712,0.0411060240444528,0.000304188055421872
7.713,0.0411034655043895,0.000280341467549794
7.714,0.041093685332318,0.000261403086233181
7.715,0.0411028288309363,0.00025184997243094
7.716,0.0411546622284708,0.000252687876865942
7.717,0.0412042248025833,0.000253651245098019
7.718,0.0412582824022726,0.000260051013153906
7.719,0.0413019177169954,0.000268281248851421
7.72,0.0413688680212064,0.000285226901019731
7.721,0.04144022382437,0.000306962269783995
7.722,0.0414757124111647,0.000311803574941705
7.723,0.0414924934648796,0.000308021176686712
7.724,0.0415222750361466,0.000305675295618646
7.725,0.0415408247220998,0.000300098861404863
7.726,0.0414990990507693,0.000265289257378065
7.727,0.0414591734183203,0.000226682526627553
7.728,0.0413951229367143,0.000178214696601509
7.729,0.0413728574289776,0.000136359394100227
7.73,0.0413610201900648,0.000101181229553826
7.731,0.0413378622404922,6.80933311533738e-05
7.732,0.0413437850484194,4.46716837504968e-05
7.733,0.0413424882567835,2.73619658572866e-05
7.734,0.0413421800410744,1.51314409373438e-05
7.735,0.041373966897711,8.64785853477157e-06
7.736,0.0414197612886833,7.85231386196683e-06
7.737,0.0414613406805471,7.91816367928799e-06
7.738,0.041516201460658,1.60079148142644e-05
7.739,0.0415693144859792,2.66996835984745e-05
7.74,0.0416281223850439,4.36278083515984e-05
7.741,0.0416850202307097,6.63753718289639e-05
7.742,0.041708360378275,7.06904017736543e-05
7.743,0.0417331952045185,7.18927290375149e-05
7.744,0.0417673093160649,7.28308815127754e-05
7.745,0.0417313706403714,4.39496614747514e-05
7.746,0.041700097950726,1.25342404382889e-05
7.747,0.0416492230393395,-2.6835250669599e-05
7.748,0.0416060249455677,-6.54217730416407e-05
7.749,0.0415818373133128,-0.000101578759347964
7.75,0.0415801511006822,-0.000128541937434112
7.751,0.0415777493825794,-0.00015100241980831
7.752,0.0415850486962719,-0.000165630884074786
7.753,0.0416081769989152,-0.000176915103695385
7.754,0.0416554475724443,-0.000182563622257437
7.755,0.0416935139445647,-0.00018493714280382
7.756,0.0417298222034125,-0.000186061915277869
7.757,0.0417736242008275,-0.00017960972917086
7.758,0.0418294751320228,-0.000167533467352488
7.759,0.0418876370857721,-0.000148409712279085
7.76,0.0419464685107279,-0.000125191114040246
7.761,0.0420046750665315,-9.41416548002061e-05
7.762,0.0420324015643094,-7.91758717170188e-05
7.763,0.0419898739797678,-9.77646988476466e-05
7.764,0.041956172326127,-0.00012060374982753
7.765,0.0419093092236039,-0.000151567298833089
7.766,0.041871587289156,-0.000182854752740325
7.767,0.041846872012889,-0.000211114575494054
7.768,0.0418459557117674,-0.00022974039372925
7.769,0.0418437350404849,-0.000243431185644516
7.77,0.0418377173941107,-0.000250766731853258
7.771,0.0418441753863637,-0.000250895069618839
7.772,0.0419066778955762,-0.000237675742213506
7.773,0.0419672079106654,-0.000224862154934113
7.774,0.0420281281520439,-0.000207178948266162
7.775,0.0420808807800547,-0.000186627473786449
7.776,0.0420882778888106,-0.000188014544972304
7.777,0.0421107188523972,-0.000190697512470084
7.778,0.0421223396034316,-0.00019860163913521
7.779,0.0421411511798754,-0.000204234923181779
7.78,0.0421451555333201,-0.000214514499632501
7.781,0.0421514584027457,-0.000220822787994235
7.782,0.0421061541395151,-0.000250970225022407
7.783,0.0420905944177902,-0.000277473063023559
7.784,0.0420980890094092,-0.000295282411559961
7.785,0.0420951202746292,-0.000311628702149791
7.786,0.0421147664818703,-0.000319143941505784
7.787,0.0421280085582311,-0.000320811869815585
7.788,0.0421542932126844,-0.000314889386502426
7.789,0.042174288847252,-0.000301684971721727
7.79,0.0422063218533839,-0.000288269009943831
7.791,0.0422580438862542,-0.000266636456588643
7.792,0.0423053839838688,-0.000243521270626157
7.793,0.0423592431731965,-0.000212723190226194
7.794,0.0423673579174444,-0.000205126362574026
7.795,0.0423879135535147,-0.000199280175597505
7.796,0.0423908235309403,-0.000200920464979104
7.797,0.0424085003639151,-0.000201139914717263
7.798,0.0423656848502403,-0.000226608894520919
7.799,0.0423198224301735,-0.000257218097895362
7.8,0.0422834415545277,-0.000288374984241224
7.801,0.0422506649086948,-0.000319102427351448
7.802,0.0422544351409735,-0.000339982464957644
7.803,0.0422528920640022,-0.00035545120426389
7.804,0.0422604997262737,-0.000364899352287451
7.805,0.0422648612259741,-0.000368459305114865
7.806,0.0422836832574414,-0.000369011587741774
7.807,0.0423299171616822,-0.000360691645163169
7.808,0.042373746803683,-0.00035126995760032
7.809,0.0424211630215215,-0.0003352571336111
7.81,0.042465023328203,-0.000316760412729322
7.811,0.0425238905348045,-0.000290477394787991
7.812,0.0425747355896192,-0.000258177812219207
7.813,0.0426074555864953,-0.000239910427721979
7.814,0.0426240095124316,-0.000226740985833918
7.815,0.0426422050569448,-0.000215033684727639
7.816,0.0425969961916398,-0.000234074067882062
7.817,0.042560097919558,-0.000257297385712563
7.818,0.0425041837560208,-0.000290155404967685
7.819,0.0425026063746783,-0.000312510705253288
7.82,0.0425006315059455,-0.000330845354438336
7.821,0.0425028619009925,-0.000342071934696486
7.822,0.0424969285745179,-0.000349114009747686
7.823,0.0425135596033218,-0.000347918560395066
7.824,0.0425240198136731,-0.000339324992049195
7.825,0.0425479161031136,-0.000321621433301278
7.826,0.0425771362344428,-0.000303185480440116
7.827,0.0426301756670567,-0.000276936468723621
7.828,0.0426739045826321,-0.000250026325792185
7.829,0.0427139250018483,-0.000236577343190159
7.83,0.0427300059535479,-0.000235354484267092
7.831,0.042747811235267,-0.000234904520352242
7.832,0.0427633551961411,-0.000237342759377923
7.833,0.0427814896517028,-0.00023938294952297
7.834,0.0428010873976916,-0.00023940594502736
7.835,0.0427675275339821,-0.000263973369191706
7.836,0.0427591394741229,-0.000286331279679974
7.837,0.0427717224138223,-0.000299211511101072
7.838,0.0427762590363127,-0.00030998695497586
7.839,0.0428005219870188,-0.000313176118292013
7.84,0.0428207388646523,-0.000310607033419397
7.841,0.0428470968291922,-0.000298830901481972
7.842,0.0428622469745866,-0.00028946769621635
7.843,0.0429104957861704,-0.000270559703061946
7.844,0.0429568681027113,-0.000250029249659944
7.845,0.0430130753454327,-0.000221160903669859
7.846,0.0430230889590001,-0.000214408685552836
7.847,0.0430471283397928,-0.000208845038140504
7.848,0.0430571641792539,-0.000207378957603199
7.849,0.0430133703080408,-0.000230717880199627
7.85,0.042979067867473,-0.000256081598899338
7.851,0.0429301799098747,-0.00028893290118448
7.852,0.0429399481083782,-0.000308773526345341
7.853,0.0429409661646635,-0.000324331246932041
7.854,0.0429388829572099,-0.000335851496951978
7.855,0.0429457810271803,-0.00034054662721128
7.856,0.0429955502738853,-0.000334685902146969
7.857,0.0430388578449215,-0.000327515476391427
7.858,0.0430768705120917,-0.000319119851101002
7.859,0.0431274900055518,-0.000304354846250687
7.86,0.0431713547125395,-0.000284065924688826
7.861,0.0432158053949877,-0.000261144907162447
7.862,0.0432585385659552,-0.00023086365473679
7.863,0.0432925673651491,-0.000211695504876319
7.864,0.0433118594390542,-0.000197357564165557
7.865,0.0432707164016163,-0.000213290026762125
7.866,0.0432393269430246,-0.00023364271113091
7.867,0.0431778971209739,-0.000265991731883519
7.868,0.0431248782845928,-0.000298936057303245
7.869,0.0431035707021717,-0.000325967563162721
7.87,0.0431006995751074,-0.000344620645973293
7.871,0.0430982318863357,-0.000355724473621699
7.872,0.0430930787279325,-0.000362849335448057
7.873,0.0430877221202068,-0.000362371252832117
7.874,0.0431252954857639,-0.000356006110339924
7.875,0.0431719716435917,-0.000344199828070157
7.876,0.0432114984705822,-0.000331884626564694
7.877,0.0432649977938462,-0.000311398721414058
7.878,0.0433167406717477,-0.000288918414737382
7.879,0.0433692269533382,-0.0002597400767817
7.88,0.0434306390684344,-0.000224356707958728
7.881,0.0434630200712651,-0.000204328146518551
7.882,0.0434793350556021,-0.000193038316944616
7.883,0.0435047900538908,-0.000180593883381486
7.884,0.0434716458757566,-0.000196840418255573
7.885,0.043446087913949,-0.000217891088437894
7.886,0.0433926432045159,-0.000251395886247174
7.887,0.0433470345814357,-0.000285374641356084
7.888,0.0433135620343845,-0.000315894713353526
7.889,0.0433097216251299,-0.000335825282584301
7.89,0.0433014216015504,-0.000351837367999819
7.891,0.0433104395722817,-0.000360063444636127
7.892,0.0433132943100508,-0.000361474684722751
7.893,0.0433430728240499,-0.000360380765746071
7.894,0.0433934737473726,-0.00035098756762536
7.895,0.0434361381251928,-0.000340563398457838
7.896,0.0434929344829571,-0.000322251511148564
7.897,0.0435472732093037,-0.000301362801081617
7.898,0.0436087138887533,-0.000272448236529665
7.899,0.0436700623322478,-0.000240032427270165
7.9,0.0436916407116709,-0.000225136646684443
7.901,0.0437222451279079,-0.000212652216156128
7.902,0.0437505535181898,-0.000200993120431203
7.903,0.0437175744991044,-0.000219188153330774
7.904,0.0436927834102722,-0.000241689288577762
7.905,0.0436409545372369,-0.000275942418118014
7.906,0.0435963878409276,-0.00031077106709676
7.907,0.0435660641646927,-0.000342919141885334
7.908,0.0435680371380045,-0.000364260172567521
7.909,0.0435635178133283,-0.000381927090094547
7.91,0.0435775297661951,-0.000390816852564257
7.911,0.0435890211061487,-0.000392802790054048
7.912,0.0436061692848024,-0.000394148370121417
7.913,0.0436511588286565,-0.000386694599964821
7.914,0.0436928403585381,-0.000379725012800036
7.915,0.0437474376298845,-0.000364398260980614
7.916,0.0437961364921901,-0.000346257266594097
7.917,0.0438495412418488,-0.000321100910059935
7.918,0.0439014225342711,-0.000293084714075409
7.919,0.0439580133610385,-0.00025742744877949
7.92,0.0439864302182874,-0.000236964861059064
7.921,0.0440117550281835,-0.000218009224875859
7.922,0.0439730908474664,-0.000226864660544945
7.923,0.0439403875741119,-0.000233322738285968
7.924,0.0438762989990194,-0.000243331510345668
7.925,0.0438452178576677,-0.00024184945055622
7.926,0.043836567809213,-0.000226870049852113
7.927,0.043821284145463,-0.000205355559665499
7.928,0.0438498337253385,-0.00017692466029251
7.929,0.0439012802355548,-0.000139737472139967
7.93,0.0439471158719433,-0.000100884009238689
7.931,0.0439967725222956,-5.68856616499636e-05
7.932,0.0440452133169941,-8.8545491204739e-06
7.933,0.0440958044866749,4.42708950152415e-05
7.934,0.0441464400657969,0.000102003989800592
7.935,0.0441989635701632,0.000164906389867381
7.936,0.0442518606499667,0.00023263077339819
7.937,0.0443068315678686,0.000305688228695367
7.938,0.0443241418625806,0.000358065498855309
7.939,0.0443339636972631,0.000403630059810089
7.94,0.0442673412344682,0.000408426828207298
7.941,0.0442057685169122,0.000403195210747553
7.942,0.04414030182169,0.000387859760165699
7.943,0.0440766325621125,0.000365864237993396
7.944,0.0440589347777081,0.0003508284549541
7.945,0.0440598850177257,0.00034290814657495
7.946,0.0440569170598729,0.000338452609859707
7.947,0.0440643840632118,0.000341707000470426
7.948,0.0440669317495692,0.000350109015066935
7.949,0.0440820888965204,0.000366689025584677
7.95,0.0441417177736763,0.000393603167499701
7.951,0.0441956774319506,0.000420630399758648
7.952,0.0442202885021777,0.000426575490207137
7.953,0.0442256777419612,0.000420828221058045
7.954,0.0442389195911514,0.000413148258759211
7.955,0.0442440456138269,0.000400602529136262
7.956,0.0441901557171355,0.000359980674060345
7.957,0.0441436988091072,0.000315559930568199
7.958,0.0440860997577447,0.000263931866087863
7.959,0.0440784156111298,0.000221906233375091
7.96,0.0440735007745403,0.000185756983527574
7.961,0.0440717224199137,0.000153804804393087
7.962,0.0440718124649489,0.000128673148434733
7.963,0.0440779586563089,0.000109211305597101
7.964,0.0441191108385416,9.89757797756341e-05
7.965,0.0441660441131195,9.44947778732108e-05
7.966,0.0442099255377202,9.25699379507039e-05
7.967,0.0442561424852231,9.4736193674283e-05
7.968,0.0442750398962297,8.36569735088166e-05
7.969,0.0442784375177076,6.46254403096624e-05
7.97,0.0442895884389007,4.60132777243549e-05
7.971,0.044294207339809,2.47663184247959e-05
7.972,0.044246558703304,-2.15596865766332e-05
7.973,0.0442051508924991,-7.0270038538045e-05
7.974,0.044183237112309,-0.000117001916310755
7.975,0.0441835600362788,-0.00015353591580608
7.976,0.0441861034217966,-0.000184739830465852
7.977,0.0441942978753856,-0.000210460734509699
7.978,0.0441956231469518,-0.000230528074468161
7.979,0.0442118944603538,-0.00024191299968418
7.98,0.0442246226187105,-0.000246594694692071
7.981,0.0442553984028218,-0.000248179491608269
7.982,0.0443067130223077,-0.000239749873425898
7.983,0.0443552450311514,-0.000228445157507196
7.984,0.0443799118126607,-0.000229394938988714
7.985,0.0443867569196198,-0.00023797191441477
7.986,0.0444007330180086,-0.00024431645791706
7.987,0.0443995811791199,-0.000254297034329498
7.988,0.0444069888749524,-0.000259846191221269
7.989,0.0443597632252635,-0.000291594925102279
7.99,0.044317684174368,-0.000325783683568948
7.991,0.0442999089902966,-0.000357139961563502
7.992,0.0443048146873631,-0.00037694960815382
7.993,0.0443063358081091,-0.000392124094431623
7.994,0.0443232243767365,-0.000399130973089856
7.995,0.0443368541044988,-0.000399448379371059
7.996,0.0443580389071792,-0.000392212804057046
7.997,0.0443762085726418,-0.000377273300378567
7.998,0.0444060849080784,-0.000354297922801339
7.999,0.0444493707302318,-0.000327391538055832
8,0.0445123743472044,-0.000292980394609343
8.001,0.044571753133399,-0.000257743061533922
8.002,0.044637771852846,-0.000215029135486822
8.003,0.0446609034171473,-0.000197653981380774
8.004,0.0446895327218288,-0.000184504561941523
8.005,0.0446922965585814,-0.00018336916497752
8.006,0.0447068440308162,-0.000182391785972069
8.007,0.0446617688883764,-0.000209529458949698
8.008,0.0446194170663857,-0.000242784550694153
8.009,0.0445688669507633,-0.000283270936091873
8.01,0.0445212511699246,-0.000326277378438988
8.011,0.0444842877899409,-0.000368750499951831
8.012,0.0444753394279676,-0.000400535484931908
8.013,0.0444580455830664,-0.000429910844596426
8.014,0.0444640343323951,-0.000450723459388347
8.015,0.044463519703733,-0.000463179198317176
8.016,0.0444656179361849,-0.000471757179629551
8.017,0.0445084608461473,-0.000471223463504145
8.018,0.0445442020074475,-0.00047221790642582
8.019,0.0445844886191078,-0.000470674522023096
8.02,0.0446206189735467,-0.000466316112286869
8.021,0.0446643745179906,-0.000458136556117816
8.022,0.0447032516175756,-0.000446670512648628
8.023,0.0447661772307022,-0.000425502348420648
8.024,0.0448261606701077,-0.000399829995741674
8.025,0.0448876242041433,-0.000369387836413215
8.026,0.0449259941826982,-0.000353365435274811
8.027,0.04494434579495,-0.000346863313196166
8.028,0.0449731583507205,-0.000339990520326905
8.029,0.0449419009743264,-0.00036553286441815
8.03,0.0449132198301039,-0.000397411659182667
8.031,0.0448593325569494,-0.000441459934399646
8.032,0.0448466384723755,-0.000478516047331456
8.033,0.0448444694457065,-0.000508248660011257
8.034,0.0448355266883769,-0.000536559935185532
8.035,0.0448422806954197,-0.000557416242282061
8.036,0.0448439608884012,-0.000572917858852273
8.037,0.0448591401804311,-0.00058094726592689
8.038,0.0448951197984762,-0.00058506433255906
8.039,0.0449470945129378,-0.000583132244334428
8.04,0.0449915502745026,-0.000581024389254781
8.041,0.0450461921797349,-0.000573381556040475
8.042,0.0450958442703718,-0.00056445810926542
8.043,0.0451555801890135,-0.000550229696858029
8.044,0.0452117982935398,-0.00053280492072405
8.045,0.045275154488997,-0.000510919968195966
8.046,0.0453083481409661,-0.000504222177792668
8.047,0.0452830795180993,-0.000528867656118703
8.048,0.0452625012719434,-0.000559468405161523
8.049,0.0452179128163301,-0.000601819331755959
8.05,0.0452075261199305,-0.000638125613907192
8.051,0.0452104677342073,-0.000667915703132793
8.052,0.0452114975603629,-0.000693786422040987
8.053,0.0452168240834858,-0.000715041781429726
8.054,0.0452207529469847,-0.00073225000208238
8.055,0.0452514787455666,-0.000745841072900655
8.056,0.0453001308791504,-0.000754444209758454
8.057,0.0453427396090508,-0.000764000050678726
8.058,0.0453839972308304,-0.00077254455496073
8.059,0.0454234264186962,-0.000781035955251808
8.06,0.0454722440105794,-0.000785483618870875
8.061,0.0455181911310539,-0.000789932046195874
8.062,0.0455687425421619,-0.000792249097473718
8.063,0.0456159356318991,-0.00080000617113235
8.064,0.0456222876463942,-0.000831185172646187
8.065,0.0456134487041411,-0.000874335422398342
8.066,0.0456122527846249,-0.000921286692343981
8.067,0.0455941919607794,-0.000977478536251908
8.068,0.0456063943340562,-0.00103025806807167
8.069,0.0456175493378087,-0.00108420757028049
8.07,0.0456333824028572,-0.00113529538395835
8.071,0.0456532486761134,-0.00118379885697639
8.072,0.0456767200573054,-0.00122908117183906
8.073,0.0457049357550017,-0.0012706040774017
8.074,0.0457308887730501,-0.00131618545057072
8.075,0.045755720875489,-0.00136279053853255
8.076,0.0457804978538425,-0.00140931879754957
8.077,0.0458048446987389,-0.00145530742559025
8.078,0.0458311454530585,-0.00149960042476377
8.079,0.0458562618394079,-0.00154243892439532
8.08,0.0458913690331974,-0.00158015488743962
8.081,0.0459257295153829,-0.00161520574091084
8.082,0.0459651860270401,-0.00164538078405801
8.083,0.0460029037096201,-0.0016766844435816
8.084,0.0460423289528508,-0.00170547076338046
8.085,0.046085166791758,-0.00172978643503835
8.086,0.0461316035974342,-0.00174862908157541
8.087,0.0461817714678281,-0.00176129025899691
8.088,0.0462357990587908,-0.00176723807325241
8.089,0.046293798729672,-0.00176606862409134
8.09,0.0463558625305159,-0.00175747426989842
8.091,0.0464222014656613,-0.00174081072589616
8.092,0.0464887096153536,-0.00172043972121205
8.093,0.0465137034229068,-0.00171703778592391
8.094,0.0465481854518163,-0.00171146221222535
8.095,0.0465411373317596,-0.00171241237384129
8.096,0.0465391784900663,-0.00170541112772166
8.097,0.046527657909734,-0.0016928302212128
8.098,0.046522039177541,-0.0016733993622326
8.099,0.0464729264321084,-0.00166639254940459
8.1,0.0464236564890183,-0.00165493098972624
8.101,0.0463770913036488,-0.00163863620604654
8.102,0.0462961760564135,-0.00162655711542276
8.103,0.0462161627224975,-0.00160769018379481
8.104,0.0461500540274502,-0.00158957385894126
8.105,0.0461331834690329,-0.00155597334370555
8.106,0.0461283473865451,-0.00151320549313116
8.107,0.0461090663309447,-0.00146828327859472
8.108,0.0461114533581525,-0.00141010901942784
8.109,0.0461024209599017,-0.00134862054846441
8.11,0.0461122653248579,-0.00127441447944138
8.111,0.0461642445262075,-0.00118631727165741
8.112,0.0462346791680455,-0.00108561141642555
8.113,0.0462948625730954,-0.000978668918668379
8.114,0.0463049379779651,-0.00090003962663715
8.115,0.0463142183690258,-0.000828262703762572
8.116,0.0463150252416474,-0.000763049522804204
8.117,0.0462406736688631,-0.000736164401724415
8.118,0.0461817418931719,-0.000713433196674218
8.119,0.0461138743289784,-0.000696223043464728
8.12,0.0460558861078085,-0.000681150314057855
8.121,0.0459825517553308,-0.000669232002158182
8.122,0.0459204669932977,-0.000655898296720192
8.123,0.0459121657982068,-0.000629613710783183
8.124,0.0458997585999134,-0.000601306511077537
8.125,0.0458946901811071,-0.000564775477080282
8.126,0.045956325035185,-0.000512006787205976
8.127,0.0460099994823457,-0.000459068184268885
8.128,0.0460799148313537,-0.00039630673074903
8.129,0.0461411922397514,-0.000329018366058254
8.13,0.0461969540333588,-0.000257192685091501
8.131,0.0462761288614577,-0.000174260004999927
8.132,0.046348158073045,-8.52460520546772e-05
8.133,0.0463396380890633,-3.96320419449592e-05
8.134,0.0463438002283962,-1.13113420280309e-06
8.135,0.0463125520589815,1.95254112367316e-05
8.136,0.0462959904773674,3.79667720177834e-05
8.137,0.046247767039411,4.79996886176837e-05
8.138,0.0462116714488702,6.09883382512444e-05
8.139,0.0461709479329159,6.27182099975365e-05
8.14,0.0461356687489356,6.28042296068609e-05
8.141,0.0461125204483148,6.82614985992314e-05
8.142,0.0461195412025931,8.56456593766319e-05
8.143,0.0461273780955798,0.000107648696641982
8.144,0.0461439967595811,0.000138231864926563
8.145,0.0462189477681624,0.000183408669340135
8.146,0.0462809695704103,0.000227263578677916
8.147,0.0463467746652641,0.000272604304067503
8.148,0.0464040793060259,0.000321482198285039
8.149,0.0464737474507951,0.000378354707475992
8.15,0.0464848714479445,0.000408900708978643
8.151,0.0465064068345849,0.000438951733702619
8.152,0.0465194997652446,0.000463797036806657
8.153,0.0464654808618162,0.000454475758183914
8.154,0.0464206916148462,0.000440663581650902
8.155,0.0463539068886257,0.000415314058394012
8.156,0.0463572331243357,0.000405121518647966
8.157,0.0463512486959654,0.000396590347812364
8.158,0.0463475448025014,0.00039284185303512
8.159,0.046340349274415,0.000393496919308511
8.16,0.046350838202545,0.000404456454204005
8.161,0.0464204716799083,0.000429865360656145
8.162,0.0464769265297839,0.000453608589545573
8.163,0.0465369326436076,0.000479492604082365
8.164,0.0465956245852754,0.000508744990623256
8.165,0.0466548291213462,0.00054083223324991
8.166,0.0467091119280205,0.00057810465319591
8.167,0.0467401226338508,0.000600892730389491
8.168,0.0467457739962242,0.000612838362029966
8.169,0.0467619024436116,0.000624847833320452
8.17,0.046755895521029,0.000632032234668456
8.171,0.0466821729977352,0.000605224518674286
8.172,0.046619660254952,0.000573798935811942
8.173,0.0465910698311789,0.000546723747358258
8.174,0.0465891834743346,0.000529176240948726
8.175,0.0465811688951781,0.000513341531425959
8.176,0.0465885846762066,0.000506528952368634
8.177,0.0465940592541836,0.000503394576296334
8.178,0.0466095360477189,0.000507426168107672
8.179,0.0466193630119809,0.000518811387403728
8.18,0.0466661060555665,0.000534500618175004
8.181,0.0467245483666283,0.000557052107966416
8.182,0.0467730943973322,0.00057983636662523
8.183,0.0468365341340734,0.00060819347083052
8.184,0.0468937032020722,0.00064152410426177
8.185,0.0469244349590898,0.00065579840375124
8.186,0.0469215863735625,0.000657568629050365
8.187,0.0469303840707193,0.000661496012842544
8.188,0.0468809302686468,0.000634433520423472
8.189,0.0468410514555509,0.000603701968672044
8.19,0.0467773155640751,0.000560922757701643
8.191,0.046777047013774,0.000533773539174998
8.192,0.0467698399066926,0.00050707950782225
8.193,0.0467770935428192,0.00048957854432724
8.194,0.0467737854249724,0.000475643861002073
8.195,0.0467930462784903,0.000471842141127721
8.196,0.0468272632968772,0.000469007185800285
8.197,0.0468801529120599,0.000474656833028664
8.198,0.0469196242377426,0.00048002811073633
8.199,0.0469835018925394,0.000495393151159818
8.2,0.0470490229551148,0.000514834486219307
8.201,0.0471081176114761,0.000539096669602279
8.202,0.0471719791974912,0.000567843023587866
8.203,0.0472022563326342,0.000579602565318138
8.204,0.0472190201828306,0.000582571507625751
8.205,0.0472494244924353,0.000586435987373624
8.206,0.0472138754313519,0.000557601742984359
8.207,0.0471774336855243,0.000520589738019051
8.208,0.0471363941341448,0.000476038707792892
8.209,0.0470793498826357,0.00042355665048055
8.21,0.0470855458453534,0.000387752563539567
8.211,0.0470826111542022,0.000352166868288151
8.212,0.0470863904007074,0.000321164796323992
8.213,0.0470877178735631,0.000293643856920989
8.214,0.0470912285973503,0.00027360168425089
8.215,0.0470889821571102,0.000258099233300224
8.216,0.0471210360979848,0.000245241031708365
8.217,0.0471670698144013,0.000239046363939344
8.218,0.0472034161030988,0.000232474068418698
8.219,0.0472602086557657,0.000232403558391714
8.22,0.0473081596647917,0.000235406870492505
8.221,0.0473713092823224,0.00024693661773495
8.222,0.0474236964141149,0.000263279145617246
8.223,0.047488491692389,0.000286499780785487
8.224,0.0475560922263368,0.000314609346880657
8.225,0.047580822300579,0.00032418478088686
8.226,0.0476158512044645,0.000334084390555434
8.227,0.0475900705273723,0.000308344455128562
8.228,0.047571373580282,0.000277054720581538
8.229,0.0475230779735341,0.000231692219799517
8.23,0.0474852347570034,0.00018550768547515
8.231,0.0474700520576528,0.000142340018269183
8.232,0.047480009097934,0.000109784780265909
8.233,0.0474924323095266,8.29080240824509e-05
8.234,0.047496277161284,5.94830946712421e-05
8.235,0.0475154498237517,4.41610535715786e-05
8.236,0.0475353565418233,3.36928393885882e-05
8.237,0.0475607364186567,2.18707067621837e-05
8.238,0.0476088474602792,1.85259659552517e-05
8.239,0.0476452580581868,1.5199111041142e-05
8.24,0.0476989005232033,1.76633890188738e-05
8.241,0.0477422213451432,2.32745213722962e-05
8.242,0.0478033088186732,3.75823384306528e-05
8.243,0.0478539059477426,5.68060476068832e-05
8.244,0.0479157748091181,8.25226828956582e-05
8.245,0.0479462710448505,9.01641386284457e-05
8.246,0.0479441004780985,8.75384583166605e-05
8.247,0.0479520964776521,8.7557113626846e-05
8.248,0.0479067502863358,5.56826429347623e-05
8.249,0.047867789960276,1.9412194782964e-05
8.25,0.0478062041188889,-2.82887209888116e-05
8.251,0.0478081512961184,-6.31609827883572e-05
8.252,0.0478098090001637,-9.47958466263055e-05
8.253,0.0477989114118304,-0.000124053306322147
8.254,0.0478081359377271,-0.000143323206303447
8.255,0.0478195285749867,-0.000159501079888658
8.256,0.0478274671541136,-0.000168454593990175
8.257,0.0478521223473132,-0.000168819745968884
8.258,0.0478799434636448,-0.000169455853728184
8.259,0.0479335657148798,-0.000160898117087915
8.26,0.0479783243045213,-0.000151798552234128
8.261,0.0480367883108524,-0.00013722778030606
8.262,0.0480849034684143,-0.000119521923888921
8.263,0.0481521265506364,-9.37932804706554e-05
8.264,0.0481798306634988,-8.91264672130965e-05
8.265,0.0482034009604875,-9.07185761243046e-05
8.266,0.0482347517179735,-9.31619701283748e-05
8.267,0.0482475525927945,-0.000101433964355579
8.268,0.0482042402901308,-0.000138177312438925
8.269,0.0481678493144641,-0.000177420051015509
8.27,0.0481063014662807,-0.000227485543722539
8.271,0.0481077537821163,-0.000263635202555068
8.272,0.0480953632895609,-0.00029860356074396
8.273,0.0480958696575938,-0.000326399479146589
8.274,0.0480937797003745,-0.00035215667677696
8.275,0.0481004860056259,-0.000368940833293196
8.276,0.0480994214680591,-0.00038073002872091
8.277,0.0481181488890956,-0.000382799590770755
8.278,0.0481511336376584,-0.00038441950558088
8.279,0.0482044000107972,-0.000377582465742043
8.28,0.0482472374707874,-0.000370634578450491
8.281,0.0483075105502842,-0.000357771591199874
8.282,0.048360137038163,-0.000341337378337858
8.283,0.0484213765526216,-0.000319709884523622
8.284,0.0484727760405123,-0.000293981719333203
8.285,0.048544601527998,-0.000258549390632301
8.286,0.0485757095445329,-0.000243326793425258
8.287,0.0485895561085679,-0.000237629095687808
8.288,0.0486042671779097,-0.000231728328994929
8.289,0.0486125952924258,-0.000228176694174076
8.29,0.0485515160002712,-0.000256057452794112
8.291,0.0484997803573692,-0.000288644291754792
8.292,0.0484212679041335,-0.000333653175981885
8.293,0.0484063677768749,-0.000366191366081958
8.294,0.0483936788818201,-0.000394684588801486
8.295,0.0483745186493983,-0.000421148414163408
8.296,0.0483808126001093,-0.000436014310509991
8.297,0.0483871254801461,-0.000447509462319473
8.298,0.0484005096611977,-0.000450426255978409
8.299,0.0484189182514995,-0.000443946186762467
8.3,0.0484669696735584,-0.000431970842200036
8.301,0.0485201040734753,-0.00041493303730028
8.302,0.0485671642218184,-0.000398063921148162
8.303,0.0486095159732038,-0.000377305050142662
8.304,0.0486705281507594,-0.000347531095724218
8.305,0.0487314619670125,-0.00031371233062677
8.306,0.0487819526036958,-0.000274702534551308
8.307,0.0488158653552163,-0.000249660210922598
8.308,0.0488315672988387,-0.000234372519770709
8.309,0.0488516943035405,-0.00022052127675104
8.31,0.0488156476918749,-0.000239790404840678
8.311,0.0487868313968264,-0.000263129387693462
8.312,0.0487334867378987,-0.000297898356871273
8.313,0.048693325629899,-0.000333170018870343
8.314,0.0486697725036968,-0.000362853927610207
8.315,0.0486735826948845,-0.000384758866091239
8.316,0.0486726395763432,-0.000401870681802308
8.317,0.0486723825247731,-0.000415506419259692
8.318,0.0486686407296352,-0.000421648813416164
8.319,0.0486810511146332,-0.000420306675611826
8.32,0.0487041908591489,-0.000418613416884261
8.321,0.0487517654723474,-0.000407669210955808
8.322,0.0487941377632658,-0.000395185913806939
8.323,0.0488476331605286,-0.000378160105450942
8.324,0.0488903444064008,-0.000358422917456191
8.325,0.0489537454429614,-0.00032989281757978
8.326,0.0490115934982453,-0.000296667869151668
8.327,0.0490380648587369,-0.000282284551335277
8.328,0.0490545077829557,-0.000274911841429581
8.329,0.0490788024028717,-0.000267115968336562
8.33,0.0490723561102619,-0.000266467768413547
8.331,0.0490085896154882,-0.000295571453539589
8.332,0.0489565153353812,-0.000328005019628375
8.333,0.0489299191686145,-0.000357905431380645
8.334,0.0489273413684296,-0.000377823114955544
8.335,0.0489150209256495,-0.000395640921868001
8.336,0.0489156763070857,-0.000405611435014108
8.337,0.0489103158082359,-0.000412092291009969
8.338,0.0489204521987774,-0.000409634834189654
8.339,0.048933416277456,-0.000399090318622453
8.34,0.0490022168287079,-0.000376740647940688
8.341,0.0490594101125245,-0.000352476446438654
8.342,0.0491131333684167,-0.00032768760833557
8.343,0.0491584627013079,-0.000299749893110435
8.344,0.0492261624982108,-0.000262467207282735
8.345,0.0492469732947721,-0.000248553576835564
8.346,0.049257082207436,-0.000244516957452645
8.347,0.049270196719502,-0.000240396584722136
8.348,0.0492722158066723,-0.000242337978869134
8.349,0.0492801850924344,-0.000240672384969498
8.35,0.0492327878723183,-0.000267434872944783
8.351,0.0492005941475051,-0.000298139917919438
8.352,0.0491699729798376,-0.000329705680636783
8.353,0.0491657626868181,-0.000351610838161431
8.354,0.0491558092369031,-0.000372595561676237
8.355,0.0491583885930088,-0.000384155380995177
8.356,0.0491553801018138,-0.000392655948506127
8.357,0.0491700545999337,-0.000392255504204464
8.358,0.0491855465004549,-0.000384834453210303
8.359,0.0492272172988927,-0.000373795845761415
8.36,0.0492823594047119,-0.000354636772863681
8.361,0.049328685205669,-0.000334591563724063
8.362,0.0493893439030262,-0.000309218300316438
8.363,0.0494411926412299,-0.000279467734195349
8.364,0.0494938020057136,-0.000246841864680047
8.365,0.0495019255772336,-0.000234932438240021
8.366,0.0495153048622944,-0.000225611398494918
8.367,0.0495255357606329,-0.000221346732857675
8.368,0.0495389347445926,-0.000215897616344052
8.369,0.0494991579965414,-0.000240626735378335
8.37,0.0494672634817539,-0.000268418696519501
8.371,0.049413730064064,-0.000308026712449672
8.372,0.049421358965433,-0.000330943060776412
8.373,0.0494243810114847,-0.000354356542252465
8.374,0.0494331934635403,-0.000372446192523079
8.375,0.0494318231649514,-0.000386114408177818
8.376,0.0494469045055222,-0.000390555145706128
8.377,0.0494639423180404,-0.000390871412522087
8.378,0.0494872363179301,-0.000388968886180507
8.379,0.0495307078984254,-0.00038162537752251
8.38,0.0495629425764932,-0.000373889145125872
8.381,0.0496182511578731,-0.000357395000748162
8.382,0.0496680831049643,-0.000338081207593044
8.383,0.0497234314318411,-0.000311123326199036
8.384,0.0497662021480236,-0.000280822340821718
8.385,0.0498278348842332,-0.000240720428934305
8.386,0.0498461071114812,-0.000222430999238521
8.387,0.0498640282578925,-0.000208725260399389
8.388,0.0498497469959681,-0.000205187152941433
8.389,0.0497810713271869,-0.000231446767412657
8.39,0.0497244990169206,-0.000261879101551787
8.391,0.0496560269002405,-0.000301402696280095
8.392,0.0496429832536737,-0.000329713018905498
8.393,0.0496323134227918,-0.000353517408595516
8.394,0.049611561400456,-0.00037495777446217
8.395,0.0496137955712635,-0.000384751966883701
8.396,0.0496149878122476,-0.000391243749952475
8.397,0.0496209458214355,-0.000390106409710322
8.398,0.0496374717185412,-0.000380706674423914
8.399,0.0496757149578414,-0.000367180669604394
8.4,0.0497340526087122,-0.000345614103035241
8.401,0.0497822043712275,-0.000323274700204323
8.402,0.0498447219465195,-0.000295150215804396
8.403,0.0499011239861288,-0.000263458591999
8.404,0.0499213885282378,-0.00025047595777461
8.405,0.0499231131507466,-0.000247783224231857
8.406,0.0499336125930482,-0.000246702976697377
8.407,0.0499232380810914,-0.00025190033534439
8.408,0.0499221966254192,-0.000255069348455261
8.409,0.0498697471858964,-0.000286294333214809
8.41,0.0498247854694616,-0.000319825399596685
8.411,0.0498007881729017,-0.000353625006175085
8.412,0.0498031410482138,-0.000376751035535527
8.413,0.0497977156331247,-0.000397064250463208
8.414,0.0497928686739052,-0.000411779634435561
8.415,0.0497938656557809,-0.000415331980319955
8.416,0.0497948905095826,-0.000406537071895252
8.417,0.0498035031243792,-0.000383801402341677
8.418,0.0498197619834053,-0.000356423895652214
8.419,0.0498614512839709,-0.000316770235120278
8.42,0.0498902761341618,-0.000275464489793598
8.421,0.0499275257803617,-0.000226131878005187
8.422,0.0499533295638231,-0.000180035614696095
8.423,0.0499943462649848,-0.000125136638997936
8.424,0.0500289157500992,-6.77034093248818e-05
8.425,0.0500709965985561,-3.02740252589029e-06
8.426,0.0501104998837913,6.60479377379564e-05
8.427,0.0501547884770017,0.00014184504748449
8.428,0.0501984472433966,0.000222864707994319
8.429,0.0502346908401353,0.000300315027163656
8.43,0.0502977951584391,0.000387191812850185
8.431,0.050351358322632,0.000474180235711774
8.432,0.0503330131205333,0.000523320156139484
8.433,0.0503224941342972,0.000563753432587855
8.434,0.050313282014121,0.000595804210571704
8.435,0.0502785307504712,0.000600716236778376
8.436,0.0502218180918468,0.000589411702019538
8.437,0.0501699402138422,0.000573041789736384
8.438,0.0501139034069198,0.000550615392403697
8.439,0.0500614822221053,0.000525755609909473
8.44,0.0500039018340668,0.000497031353912714
8.441,0.0499830688195288,0.000476976002670881
8.442,0.050017862732604,0.000467858569788704
8.443,0.0500481268960669,0.000458670748431866
8.444,0.0500722409987828,0.000451238636831497
8.445,0.0501176788603284,0.000452420110590601
8.446,0.0501537672886293,0.000455327126022476
8.447,0.0501733890044601,0.000445598339831932
8.448,0.0501736262271321,0.000425431902716655
8.449,0.0501709975575862,0.000401337760743525
8.45,0.0501229602126649,0.000352134248588098
8.451,0.0500810278267334,0.000300394962561457
8.452,0.050024158688956,0.000241725600421683
8.453,0.0500121172930526,0.000193967708105258
8.454,0.0500101809702066,0.000152441137304504
8.455,0.0500035643529323,0.000115041014012385
8.456,0.0500070839120374,8.65386817925362e-05
8.457,0.0500665456565826,7.12819999001413e-05
8.458,0.0501133369416128,5.62580525765299e-05
8.459,0.0501599600421925,4.3296732686271e-05
8.46,0.0501979570376501,3.37460969203063e-05
8.461,0.0502492045732537,3.09725207902067e-05
8.462,0.0502960385795014,3.16206912507888e-05
8.463,0.0503517482435242,3.9555591698881e-05
8.464,0.0503563684457526,2.6661370537806e-05
8.465,0.0503690444941512,1.21542105661065e-05
8.466,0.0503711476170873,-8.20999361000885e-06
8.467,0.0503226192499504,-5.64106986143398e-05
8.468,0.0502848312815531,-0.000106675881627993
8.469,0.0502323212135469,-0.000164452147724536
8.47,0.0501899020472118,-0.000221383955769316
8.471,0.050168706282793,-0.000274425572147852
8.472,0.0501659638001512,-0.000315905017888918
8.473,0.0501575587780045,-0.000354212294307266
8.474,0.0501542822946837,-0.000386946783184405
8.475,0.0501539636445186,-0.000411026897486622
8.476,0.0502039725447231,-0.000423815881787803
8.477,0.0502423252250046,-0.000436529649533501
8.478,0.0502898098672198,-0.000444403262591209
8.479,0.0503272700696122,-0.000448726049543158
8.48,0.0503792054452994,-0.000444876857627341
8.481,0.0504290844046728,-0.000436057481483232
8.482,0.0504750312438205,-0.000419679989368371
8.483,0.0505305202724204,-0.000393154126101469
8.484,0.0505826897700082,-0.000360292465661549
8.485,0.0505907873523887,-0.000346978618621208
8.486,0.0505979713121175,-0.000337290922118316
8.487,0.0506077255373308,-0.000329211147531705
8.488,0.0506146974470008,-0.000323538331809259
8.489,0.0505688690834816,-0.000346817108810515
8.49,0.0505288322814614,-0.000373175477337395
8.491,0.0504645178478928,-0.000410632758264584
8.492,0.0504054358642606,-0.000447447159387937
8.493,0.0503753434977143,-0.000480144816999872
8.494,0.0503657365863677,-0.000502570306735672
8.495,0.0503516413546907,-0.000523206897290018
8.496,0.0503489976072448,-0.000534781926366412
8.497,0.0504031055710502,-0.000534949144260777
8.498,0.0504499835033171,-0.000534716551180592
8.499,0.0504932785859939,-0.000532901477756698
8.5,0.0505405483445493,-0.000526269158910964
8.501,0.050576621041422,-0.000518528764768156
8.502,0.0506324663141246,-0.000501529721874616
8.503,0.0506782154742577,-0.000481556895879365
8.504,0.0507394558818225,-0.00045338797833222
8.505,0.0507954718375878,-0.000420756849997761
8.506,0.0508583135929989,-0.000382276734629428
8.507,0.0509144743377034,-0.000338339120422082
8.508,0.0509060140317267,-0.000332034401471448
8.509,0.0509091228102903,-0.000332895025785707
8.51,0.0508766942666846,-0.000352727694605759
8.511,0.0508556477699919,-0.000374431859370639
8.512,0.0508190609074792,-0.000404185082849451
8.513,0.0507926118049002,-0.000432997075193897
8.514,0.0507679397272548,-0.000463313793160725
8.515,0.0507783228092549,-0.000478291511490536
8.516,0.0507846673943742,-0.000499306069070227
8.517,0.0508232423412694,-0.000509522850653255
8.518,0.0508526658157671,-0.000519007016500372
8.519,0.0509040848562297,-0.000520620622143864
8.52,0.0509454647177779,-0.000519058275827711
8.521,0.0510006333788269,-0.000508807226909103
8.522,0.0510520625834785,-0.000495627753438754
8.523,0.0511033395497414,-0.000476698464696002
8.524,0.0511508168570729,-0.000458113307172325
8.525,0.0511919610473609,-0.000437831640814845
8.526,0.0512324018277514,-0.000415750246732738
8.527,0.0512741532422275,-0.000388465680036088
8.528,0.0512760753953524,-0.000382488749930798
8.529,0.051291395695399,-0.000379124569291678
8.53,0.0512907417574899,-0.000384810357550669
8.531,0.0512391268097518,-0.000417689689031275
8.532,0.0511970235209297,-0.000452404249275062
8.533,0.0511673507701175,-0.000487083741282646
8.534,0.0511607032409216,-0.000513387253388398
8.535,0.0511559952873146,-0.000535069376259079
8.536,0.0511516279808705,-0.000554164104792865
8.537,0.0511842961320219,-0.000563303424444994
8.538,0.0512224100538741,-0.000567227022795436
8.539,0.051255414157214,-0.000570654176916152
8.54,0.0512984140429511,-0.00056845593041327
8.541,0.0513362742360333,-0.000563448235692543
8.542,0.0513861016800218,-0.000552455440619548
8.543,0.0514317506751638,-0.000537555099501152
8.544,0.0514696440544341,-0.000527131517132184
8.545,0.0515026493179213,-0.000516725363527037
8.546,0.0515325424189028,-0.000505465905199676
8.547,0.0515241677750639,-0.000514471112014359
8.548,0.0515241586214408,-0.000526865472525562
8.549,0.0515081108764547,-0.000548667882351972
8.55,0.051494911971231,-0.000572313696342974
8.551,0.051493570313708,-0.000598849863120643
8.552,0.051518561780268,-0.00061760951185702
8.553,0.0515388501744209,-0.000637471685461466
8.554,0.051557666892308,-0.000656579861372242
8.555,0.0515764332849114,-0.000675552676760671
8.556,0.0515909953046269,-0.000699818676245911
8.557,0.0516235946257544,-0.000718730235974852
8.558,0.0516501045429863,-0.000739181127226263
8.559,0.0516796379880602,-0.000757984725846983
8.56,0.0517055131564459,-0.000776364181740652
8.561,0.0517349875046136,-0.000792887349502724
8.562,0.0517619851819324,-0.00080809373457319
8.563,0.051788904023539,-0.000826096461638615
8.564,0.0518205487437152,-0.000840864873536629
8.565,0.0518499306436263,-0.000854490112304152
8.566,0.051879934610314,-0.000865874936890387
8.567,0.0519111081049383,-0.000874729457323475
8.568,0.0519473202095558,-0.000878479332546422
8.569,0.0519344316918109,-0.00090857983932896
8.57,0.0519301226175065,-0.00094318687157241
8.571,0.0519059240287735,-0.000989268354493533
8.572,0.0519132794073969,-0.00103028106534309
8.573,0.051911862045405,-0.00107423272235702
8.574,0.051921082232657,-0.00111514065104645
8.575,0.0519260298807867,-0.00115643194807546
8.576,0.0519358688492469,-0.00119823718779627
8.577,0.0519565689704917,-0.00123636819743922
8.578,0.0519761110256202,-0.00127383981156121
8.579,0.0520010635211605,-0.00130797013450318
8.58,0.0520184739870413,-0.00134769509653188
8.581,0.0520427031154544,-0.00138596930873452
8.582,0.0520664345024418,-0.00142398240375208
8.583,0.0520904146909229,-0.00146060530863479
8.584,0.0521177533567412,-0.00149448625019299
8.585,0.0521465329673746,-0.00152562515204718
8.586,0.0521781748562386,-0.00155312370248339
8.587,0.0522126447790714,-0.00157658242404257
8.588,0.0522481332883963,-0.0015992480993231
8.589,0.0522841388314814,-0.00161875255511928
8.59,0.05232177559052,-0.00163392248661665
8.591,0.0523603375296025,-0.00164454123737234
8.592,0.0524004961257664,-0.00164999375390351
8.593,0.0524426505931904,-0.00164813427532023
8.594,0.0524822187554207,-0.00164017367487995
8.595,0.0525260331039033,-0.00161886948492601
8.596,0.0525660825284111,-0.00157974577273995
8.597,0.0525810473140952,-0.00155331557613969
8.598,0.0525761037663866,-0.00152865443819106
8.599,0.0525730346720781,-0.00150479811052168
8.6,0.0525629139701615,-0.00148066061128849
8.601,0.0525384111256984,-0.0014645136072779
8.602,0.0525109736062698,-0.00144717723550108
8.603,0.0524810132744903,-0.00142832000262
8.604,0.0524549596217402,-0.00140932761934359
8.605,0.0524195806326636,-0.00139305505594095
8.606,0.0523973374668336,-0.00137507551373667
8.607,0.0523667263522697,-0.001357939723448
8.608,0.0523309765514409,-0.0013393597416273
8.609,0.0522997997962327,-0.00131903283113888
8.61,0.0522538884089591,-0.00130632987690399
8.611,0.0521831713116669,-0.0012999054519402
8.612,0.0521144762068294,-0.00129055091650848
8.613,0.0520824503500886,-0.00126975482478081
8.614,0.0521157431148455,-0.00122925544111196
8.615,0.0521375593873002,-0.00118885783026662
8.616,0.0521763637720885,-0.00113654800393415
8.617,0.0522054496506736,-0.0010813507399392
8.618,0.0522530623370589,-0.00101373448535691
8.619,0.0522938510663342,-0.000941168480888988
8.62,0.0523485972255608,-0.000856799302605127
8.621,0.0523894744477036,-0.00077347243932091
8.622,0.0523593380891135,-0.000724893602155052
8.623,0.0523412736056531,-0.000682265313353358
8.624,0.0523254723312538,-0.000644775317488799
8.625,0.052319867588159,-0.000609766074494478
8.626,0.0522672469794397,-0.000598827362796983
8.627,0.0522142768448547,-0.000593036583208695
8.628,0.0521547803651488,-0.000590734182540964
8.629,0.0521716616190941,-0.000569728555424698
8.63,0.0521761200811339,-0.000545844858741984
8.631,0.0521795068265982,-0.000515737029884722
8.632,0.0521793590157234,-0.000481946801232147
8.633,0.0522047207696614,-0.000442872905874636
8.634,0.052255512349886,-0.000393770393098569
8.635,0.0522958690850963,-0.000344560563438456
8.636,0.0523532552514985,-0.000285624339502688
8.637,0.0524049771296282,-0.000224550238110854
8.638,0.0524692752876138,-0.000153710907259963
8.639,0.0524805176668898,-0.0001108960776664
8.64,0.0524965862656706,-7.06947382456136e-05
8.641,0.0524581504559915,-6.35494712857843e-05
8.642,0.0524243299869944,-6.46549212316994e-05
8.643,0.0523894493598297,-7.27532927765617e-05
8.644,0.0523672587350883,-8.22906552769842e-05
8.645,0.0523100575853862,-0.000102398905766632
8.646,0.0523290567522215,-0.000103789715588609
8.647,0.0523336537607088,-0.000102813421532011
8.648,0.0523362429623043,-9.79694597942338e-05
8.649,0.0523355518751063,-8.7723457662281e-05
8.65,0.0523541077124881,-7.76094123356441e-05
8.651,0.0523951344240901,-5.86329022871923e-05
8.652,0.0524288781761091,-4.03194687101371e-05
8.653,0.0524792122347217,-1.34794052584208e-05
8.654,0.0525225391381626,1.43070592339423e-05
8.655,0.052576149823368,5.01435966445696e-05
8.656,0.0526184026723307,8.78477561053748e-05
8.657,0.0526816997127429,0.000134736201300889
8.658,0.0527396038470906,0.000187525361526997
8.659,0.0527929621805055,0.000237876293320616
8.66,0.0528475482617704,0.000293527207140043
8.661,0.0528380179863551,0.000316485674070499
8.662,0.0528433013731875,0.000334595696865558
8.663,0.0528321259473103,0.0003415936820228
8.664,0.0528342016038209,0.000348143506821774
8.665,0.0527954837736589,0.000332567277393447
8.666,0.052742634644809,0.000307065523189209
8.667,0.0527000499205438,0.00028022118018417
8.668,0.0527177115707691,0.000268784733153116
8.669,0.0527195158705127,0.00025603541599889
8.67,0.0527171258528361,0.00024323945734428
8.671,0.0527333139776427,0.000234527526916495
8.672,0.0527761994928114,0.000237330403120795
8.673,0.0528112776066933,0.000242124066097804
8.674,0.0528594346082357,0.000252475685186659
8.675,0.0528935105463465,0.000267134199617991
8.676,0.0529365590145485,0.000286493088096806
8.677,0.0529727355372662,0.00031187792728804
8.678,0.0530304426080374,0.000349587063374679
8.679,0.0530723079510118,0.000382642985134796
8.68,0.0531059724311787,0.000414307398621083
8.681,0.0531362174621036,0.000445545621580501
8.682,0.053178659590163,0.000485234543998014
8.683,0.0531534403076995,0.000493572556721888
8.684,0.0531393244381556,0.000498655362267897
8.685,0.053123697490213,0.000498548577413938
8.686,0.0531135089431306,0.000496661202994353
8.687,0.0531010083493677,0.000491750264935975
8.688,0.0530317127829746,0.000456208420630433
8.689,0.0530381906930788,0.000438893686648845
8.69,0.0530348003331779,0.000421267425265603
8.691,0.0530474795902003,0.000410897800565635
8.692,0.0530505393213528,0.000402577085835132
8.693,0.0530698693807035,0.000404835157458094
8.694,0.0530879070900929,0.000410998943843555
8.695,0.0531049356282288,0.00042371856059048
8.696,0.0531285140017756,0.000434956478720216
8.697,0.0531776402365443,0.000455616250454316
8.698,0.0532151204444691,0.00047575807269612
8.699,0.0532775071441148,0.000503854541727689
8.7,0.0533391870126119,0.000537486633086115
8.701,0.0533472305881979,0.000541839882138406
8.702,0.0533671009292787,0.000542932261436202
8.703,0.0533711255365189,0.000534077521855192
8.704,0.0533789296039062,0.000526176602214656
8.705,0.0533381827809774,0.000489112543798187
8.706,0.0533030933860445,0.000449156402199558
8.707,0.0532379630896968,0.000395243024863712
8.708,0.0532369375425463,0.000356543020503863
8.709,0.0532311108609224,0.000319537724755181
8.71,0.0532276751913679,0.000288710642043999
8.711,0.0532135344421371,0.000260410014457813
8.712,0.0532254939922289,0.000243954040503758
8.713,0.0532472409827475,0.000226468971750604
8.714,0.0532951050451817,0.000218657676133049
8.715,0.0533346148819826,0.000211881622652677
8.716,0.0533606366095346,0.000204598942925294
8.717,0.0534172163735392,0.000207222029404264
8.718,0.0534713087935829,0.000214246915505645
8.719,0.0535248443508464,0.000225335066668886
8.72,0.0535857859330984,0.000245225759753775
8.721,0.0536450881638113,0.000268084013978431
8.722,0.053695155552461,0.000290170876126539
8.723,0.0537415021506154,0.000313949193149365
8.724,0.0537872921190302,0.000341729498844645
8.725,0.0537839244823567,0.000343296090209888
8.726,0.053797375161043,0.000341227781757381
8.727,0.0537809140822508,0.000328627567774742
8.728,0.053776018778942,0.000318600894867349
8.729,0.0537351849136973,0.00028358261107303
8.73,0.0536893604040574,0.000243021500908824
8.731,0.0536429355575372,0.000197792712079148
8.732,0.0536350599475511,0.00016016381403483
8.733,0.0536398276744789,0.000128979452914013
8.734,0.0536337069407835,9.91950155388444e-05
8.735,0.0536263964277321,7.00452330198997e-05
8.736,0.0536471297501597,4.84551772971797e-05
8.737,0.0536815629759658,3.17969565481468e-05
8.738,0.0537051118955803,1.76203931275265e-05
8.739,0.0537342183320255,7.94464762943203e-06
8.74,0.0537585585770651,2.4801265758323e-06
8.741,0.0538057875385931,8.76439573899157e-06
8.742,0.0538453851690146,2.09435207585984e-05
8.743,0.0538794107321992,3.00484164573178e-05
8.744,0.0539105344209846,4.15747370171582e-05
8.745,0.0539374401374309,5.34347689749581e-05
8.746,0.053975311025855,7.43577318093602e-05
8.747,0.0540039249175337,9.7215420890473e-05
8.748,0.054048781351869,0.000128465936082234
8.749,0.0540508444160171,0.000136839287930568
8.75,0.0539968827233151,0.00011181692622847
8.751,0.0539548024103224,8.41779138264775e-05
8.752,0.0539103632086805,5.03381712964601e-05
8.753,0.0538611714690638,1.36997313556209e-05
8.754,0.0538684694313712,-7.05589899785419e-06
8.755,0.05387252619815,-2.52031102538353e-05
8.756,0.0538735261187771,-3.80318491093878e-05
8.757,0.0539028153684755,-4.62034165325531e-05
8.758,0.0539485337978193,-4.62482768438521e-05
8.759,0.0539847939352594,-4.46224078662349e-05
8.76,0.0540139368368748,-4.31262436874635e-05
8.761,0.0540614282948445,-3.39778746133446e-05
8.762,0.0540991854972072,-2.073420394888e-05
8.763,0.0541518477472244,9.85995736002554e-07
8.764,0.0541486902356902,-8.10248680771508e-06
8.765,0.0541599747206306,-2.15456196597241e-05
8.766,0.0541444861691716,-4.92789304735175e-05
8.767,0.0541321249690685,-7.58032256100161e-05
8.768,0.0541052748859917,-0.000109660632453934
8.769,0.0541204533268339,-0.000131963505180188
8.77,0.0541283892863269,-0.000156011789421373
8.771,0.0541304221921718,-0.000177999361272829
8.772,0.0541375734253274,-0.000194452930863676
8.773,0.0541438246854379,-0.000212995791323445
8.774,0.0541778581894515,-0.000218041926287271
8.775,0.0542042968133146,-0.000219967504279772
8.776,0.0542501282843694,-0.00021358544895056
8.777,0.0542895770906022,-0.000202357935917163
8.778,0.0543396669342789,-0.000181346763041657
8.779,0.0543772361601196,-0.000163085988923173
8.78,0.054421059953638,-0.000139683821171022
8.781,0.0544145105895817,-0.000142902306338955
8.782,0.0544185650146628,-0.000150137812460538
8.783,0.0544093965338076,-0.000166676600972027
8.784,0.0544047106471817,-0.000182738837336549
8.785,0.0543719376646981,-0.000217026983703517
8.786,0.0543349387866749,-0.00025595121207389
8.787,0.0543633584279193,-0.000278431574735172
8.788,0.0543792010986375,-0.00029848810433708
8.789,0.054393015840768,-0.000316674323052712
8.79,0.054402028369244,-0.000329043646502769
8.791,0.0544138015378785,-0.000341567801331655
8.792,0.0544511571012202,-0.000344325242840504
8.793,0.054485419583936,-0.000345806831547779
8.794,0.0545119059564467,-0.00034545546655107
8.795,0.0545547312809743,-0.000336015503812681
8.796,0.0545956126808917,-0.000322884645012678
8.797,0.0546350208245299,-0.000306698545523398
8.798,0.0546647997763727,-0.000290464951004932
8.799,0.0546904598367423,-0.000272587568639238
8.8,0.0547144353764835,-0.000248991922330466
8.801,0.0547024147679328,-0.000248301249880567
8.802,0.0546968299448195,-0.000248526969011509
8.803,0.0546884257109009,-0.000254753899290583
8.804,0.0546838756435131,-0.00025856857976142
8.805,0.0546445907878083,-0.000283979937853063
8.806,0.0546007042544626,-0.000316969581869053
8.807,0.0546155198696325,-0.000335575263530952
8.808,0.0546185177467902,-0.000354952876013559
8.809,0.0546120646182793,-0.00037276769210165
8.81,0.0546004763125286,-0.00039032689269225
8.811,0.0545987441480672,-0.000399494051752491
8.812,0.0546320650394138,-0.000400613155668306
8.813,0.0546736095339508,-0.000394754868066005
8.814,0.0547117768877041,-0.000385851593177111
8.815,0.0547583084825014,-0.000371274739863925
8.816,0.054798952256366,-0.00035198420004201
8.817,0.0548529619467912,-0.000322636930170817
8.818,0.0549000558829839,-0.000287985623218634
8.819,0.0549150935379469,-0.000272460609032021
8.82,0.054871253084913,-0.000290582377755533
8.821,0.0548369215937655,-0.000313120604716999
8.822,0.0547863133937554,-0.000346671669521736
8.823,0.0547855762143673,-0.000367658209087407
8.824,0.0547721279685308,-0.000387738327984444
8.825,0.0547717257222415,-0.000401009642037986
8.826,0.0547624070337511,-0.00041104551558091
8.827,0.0547505474673089,-0.000419828200862782
8.828,0.0547795960016821,-0.000416025510674656
8.829,0.0548031754827059,-0.000411120248264896
8.83,0.0548419107322971,-0.000399551728989533
8.831,0.0548707572362619,-0.000383955535695202
8.832,0.0549125069592957,-0.000361283857474193
8.833,0.0549479115981806,-0.000333402688601714
8.834,0.0549813976914875,-0.000314124847908159
8.835,0.0549943505147913,-0.000305105467679589
8.836,0.0549944589952183,-0.000300496075958501
8.837,0.0549427839341481,-0.000325520567318105
8.838,0.0548997571775574,-0.000357022565920628
8.839,0.0548578753441363,-0.000391250075128469
8.84,0.054831276567574,-0.000425502455833726
8.841,0.0548256076369079,-0.00045019848747796
8.842,0.0548077139646049,-0.000473477544476075
8.843,0.0547971228457257,-0.000493169592292564
8.844,0.0547819620130163,-0.000507740279319768
8.845,0.0548359210379758,-0.00050557774619675
8.846,0.0548762972062374,-0.00050162223575867
8.847,0.0549163037118697,-0.000495579191874929
8.848,0.0549537165717701,-0.000484610447525291
8.849,0.0549985379898853,-0.000467265542574202
8.85,0.0550362539702876,-0.000445023403133349
8.851,0.0550916967289314,-0.000413269094801216
8.852,0.0551428346840577,-0.000375607901402397
8.853,0.0552007700195398,-0.000330488816672692
8.854,0.0551863303082165,-0.000321663736627842
8.855,0.0551836909051048,-0.000319749192124408
8.856,0.0551533887495275,-0.000333836163635248
8.857,0.0551345565177244,-0.000349553420380955
8.858,0.0551074827516605,-0.000371683457649152
8.859,0.0551147723994453,-0.000381979507848518
8.86,0.0551105764087218,-0.000392810107512631
8.861,0.055111391593525,-0.00040215532529525
8.862,0.0551446721467857,-0.000401122689141942
8.863,0.055171288956717,-0.0003987829020205
8.864,0.0552066580486969,-0.000387412696940925
8.865,0.0552313117765288,-0.000372438527040997
8.866,0.0552783280555453,-0.000347382585583589
8.867,0.0553295048270663,-0.000316077163693473
8.868,0.0553692968569556,-0.00028620788452588
8.869,0.0553461766992225,-0.000285819313423752
8.87,0.0553337133364385,-0.000289716230374271
8.871,0.055321216463244,-0.000298476663892822
8.872,0.0553152087598392,-0.00030885612723125
8.873,0.0553087929614951,-0.000322300450941504
8.874,0.0553035055467037,-0.000337313588537724
8.875,0.0553242030411137,-0.000341917687839866
8.876,0.0553353629539198,-0.000344819671880825
8.877,0.0553610645412555,-0.000340311791906522
8.878,0.0553790921900864,-0.000331376829030228
8.879,0.0554102420528724,-0.000314624889740767
8.88,0.0554269114174547,-0.000301283087629667
8.881,0.0554712525805204,-0.000276941812810905
8.882,0.0555041188050069,-0.000252266510557986
8.883,0.0555331505626144,-0.000240077794109006
8.884,0.0555392568513857,-0.000238611735564831
8.885,0.0555436426157512,-0.000242723390379396
8.886,0.055489792236377,-0.000273885570397314
8.887,0.0554478706041715,-0.000305804075585336
8.888,0.0554269640048369,-0.000333581246592496
8.889,0.0554295984319486,-0.000351237624571399
8.89,0.0554241200563327,-0.000365836283820753
8.891,0.0554348259900661,-0.000372017403012126
8.892,0.0554786098359031,-0.000367778973299371
8.893,0.0555104810727177,-0.00036237295148861
8.894,0.0555576158614107,-0.000351295820465891
8.895,0.0555907000284265,-0.000338756329398615
8.896,0.0556443495780474,-0.000316193810216026
8.897,0.0556960933538013,-0.000291958295175698
8.898,0.0557425604071287,-0.000260933922608397
8.899,0.0557707540813739,-0.000243987418226399
8.9,0.0557349975087445,-0.000262882524766361
8.901,0.0557111296826771,-0.000285182581413412
8.902,0.0556604859477666,-0.000320842054442383
8.903,0.0556203103545427,-0.000357171810044465
8.904,0.0555937608877478,-0.000388938364607072
8.905,0.0555991472387447,-0.000409510215938713
8.906,0.0556010928456722,-0.000425163250654503
8.907,0.0556088948571094,-0.000432280675874364
8.908,0.0556065494069931,-0.000435471752585848
8.909,0.0556233878345217,-0.0004380434427253
8.91,0.0556598378370349,-0.000431952441975136
8.911,0.0556843380297412,-0.000425155299121849
8.912,0.0557278189169001,-0.000404571872838821
8.913,0.0557704477522097,-0.000374226333121341
8.914,0.0558188013825533,-0.000331948449307673
8.915,0.0558675602679653,-0.000281561062840885
8.916,0.055917038320199,-0.000224695431200905
8.917,0.0559672794319133,-0.000161995376508239
8.918,0.0560183133493978,-9.37635205818799e-05
8.919,0.0560701664084948,-2.01639130021913e-05
8.92,0.0561228709975929,5.87096798589926e-05
8.921,0.0561764624203037,0.000142803664463897
8.922,0.0562200100821169,0.0002232679190593
8.923,0.0562027009405539,0.000269813234581029
8.924,0.0561962302437144,0.000309127683474797
8.925,0.0561712121384269,0.00033458253849239
8.926,0.0561528263489871,0.000355544492511184
8.927,0.0561148191953099,0.000356547679053354
8.928,0.056078136538008,0.000354282302796105
8.929,0.0560640006789017,0.000360102199862655
8.93,0.0560621605341962,0.000373467077094403
8.931,0.0561170357550566,0.00040176173604406
8.932,0.0561697920174888,0.00043213440202633
8.933,0.0562211422553939,0.000465290857689371
8.934,0.0562651032069196,0.000501670088634831
8.935,0.0563001806602553,0.00052396172213387
8.936,0.0563093906054096,0.00053094108017232
8.937,0.0563279133037295,0.000535459929097648
8.938,0.0562856200519787,0.00050453336720685
8.939,0.0562503810990692,0.00046827019682244
8.94,0.0561921216341621,0.000419308387976047
8.941,0.0561405489400978,0.000369422127604158
8.942,0.0561084499158609,0.000322926902734
8.943,0.056094141883122,0.000284504942123676
8.944,0.0560759612196004,0.000248470589117422
8.945,0.0561175624562999,0.000227849412905212
8.946,0.0561528233156854,0.000209145085302453
8.947,0.0561898153449623,0.000194640881133412
8.948,0.0562188647382387,0.000181725768422458
8.949,0.0562727387219714,0.000179999737431491
8.95,0.0563198075290748,0.000182450205186424
8.951,0.0563809516666656,0.000193249469848999
8.952,0.056436736762272,0.000209242377700924
8.953,0.0564693583678145,0.000208677859403372
8.954,0.0564899669696141,0.00020018432303831
8.955,0.0564507599332543,0.000156503863251389
8.956,0.0564205347787625,0.000108435032428078
8.957,0.0563680086172366,4.83390556660357e-05
8.958,0.0563234287347274,-1.20337912268842e-05
8.959,0.056292341952394,-7.03086024111399e-05
8.96,0.0562761627452324,-0.000119614284919412
8.961,0.0562536803130493,-0.000168116071628976
8.962,0.0562417662733102,-0.000208805893072372
8.963,0.0562875989195846,-0.000233294927535765
8.964,0.0563218032743028,-0.000256918253004668
8.965,0.0563670035649258,-0.000274625421078367
8.966,0.0564008982290804,-0.000289289287308425
8.967,0.0564520034971109,-0.000295527387301486
8.968,0.0565009545123366,-0.000297985123713373
8.969,0.0565483470318601,-0.000294003590867231
8.97,0.0566062394569217,-0.000280795533749267
8.971,0.0566628748709555,-0.000261321930494773
8.972,0.0566900048265429,-0.000255713079033049
8.973,0.056663422483772,-0.000277668324055735
8.974,0.0566442753025737,-0.000301171668840361
8.975,0.0565918070442664,-0.000336941920050959
8.976,0.0565437329161255,-0.000369984218597741
8.977,0.0565080133895802,-0.00039957413682129
8.978,0.0564925078595896,-0.000417189967361231
8.979,0.056537888035486,-0.000416594658033176
8.98,0.0565742752404871,-0.00041548989889939
8.981,0.05662056403868,-0.000406126141066054
8.982,0.0566614897653504,-0.000393168956963952
8.983,0.0567039797103522,-0.000373619326807684
8.984,0.0567535377511279,-0.000345089598675796
8.985,0.0567992351318255,-0.000313062949344578
8.986,0.0568217136235393,-0.000295443431968301
8.987,0.0568310019244564,-0.0002879109252098
8.988,0.0568411452093576,-0.000283053874014727
8.989,0.0568529714199424,-0.000280589127278019
8.99,0.056805065149071,-0.000311665806408234
8.991,0.0567649570596714,-0.000347459952401985
8.992,0.0567017202802402,-0.000396704052299135
8.993,0.0566866748674779,-0.000436512608757988
8.994,0.0566666513229609,-0.000475186801729865
8.995,0.0566380410739545,-0.000515754677657632
8.996,0.0566294967556667,-0.000546311211946204
8.997,0.0566141038998712,-0.000576457822924203
8.998,0.0566077132351405,-0.000599988954531616
8.999,0.0566479060376566,-0.000613204859077565
9,0.0566921382322355,-0.000620703676191436
9.001,0.0567338490494065,-0.000626603702001016
9.002,0.0567809468302657,-0.000625511406527446
9.003,0.0568199575084008,-0.000622474713444898
9.004,0.0568740827229169,-0.000610186507769395
9.005,0.0569230661998748,-0.000593558456966181
9.006,0.0569799765511715,-0.000570428120881539
9.007,0.0570319007911038,-0.000541536724010805
9.008,0.0570762957251299,-0.000516764391815694
9.009,0.0571142615801973,-0.000491030074453891
9.01,0.0571487416416439,-0.000464989145891825
9.011,0.0571877542759028,-0.000433816207613236
9.012,0.0571818830233239,-0.00042814337589181
9.013,0.0571876220272934,-0.000425999476632966
9.014,0.0571837633593958,-0.000431853819363115
9.015,0.0571325162211441,-0.000465599260395466
9.016,0.0570923234208269,-0.000500130226381457
9.017,0.0570404658329327,-0.000542242237178803
9.018,0.0570333375764135,-0.000572424107250002
9.019,0.0570410921860806,-0.000595844992317518
9.02,0.0570395045402764,-0.000613860666290711
9.021,0.0570433984998216,-0.000627189642561921
9.022,0.057066529490115,-0.000635095963797405
9.023,0.0571007130234992,-0.000638231041653836
9.024,0.0571301222599927,-0.000642845807467873
9.025,0.0571550923674526,-0.000642366181397347
9.026,0.0571975992733018,-0.000635788080357969
9.027,0.057235184014237,-0.000627123945785679
9.028,0.0572746822879213,-0.000615597803686307
9.029,0.0573187004170603,-0.000599819010216218
9.03,0.0573511057998102,-0.000585085877105485
9.031,0.0573790565227167,-0.000571119889682281
9.032,0.0574136558976428,-0.000552154849754127
9.033,0.0574492287445434,-0.000529576837942636
9.034,0.057442633216076,-0.000527949783981463
9.035,0.0574459437325569,-0.000529134524653807
9.036,0.0574327367831207,-0.000539750527458971
9.037,0.0574281904825956,-0.000549579548986323
9.038,0.0574266497199613,-0.000564104465596516
9.039,0.0574484383163863,-0.00057106358718706
9.04,0.0574593749384129,-0.000581558246647962
9.041,0.0574749567914749,-0.000589301691479305
9.042,0.0574853374439395,-0.000597399641071306
9.043,0.0575056917525212,-0.000599862098157378
9.044,0.0575189731555916,-0.000601200878485753
9.045,0.0575345954662545,-0.000604551367148487
9.046,0.0575693880074966,-0.000599204604086301
9.047,0.0575987369876143,-0.000593274824291556
9.048,0.0576337581097652,-0.000582368463972582
9.049,0.0576260145749985,-0.000591926501492979
9.05,0.0576289441026636,-0.000603289073075386
9.051,0.0576159878135735,-0.000623747428916632
9.052,0.0575608185751102,-0.000669382985396427
9.053,0.0575559287177611,-0.000703939576094326
9.054,0.0575412824962278,-0.000743173351178406
9.055,0.0575304152772267,-0.000781190089622796
9.056,0.0575111938125934,-0.000821179285027118
9.057,0.0575430622912818,-0.000850176485417464
9.058,0.0575725067412072,-0.000880127612891746
9.059,0.0576025378207628,-0.000909058526861073
9.06,0.0576312686387599,-0.000937125520785786
9.061,0.057659847236418,-0.000963986332102595
9.062,0.0576892059615401,-0.000989855664555894
9.063,0.0577211004670758,-0.00101395293136369
9.064,0.0577536201989173,-0.00103642662236031
9.065,0.0577792010869532,-0.00106458635361317
9.066,0.0578025139108169,-0.00109363820538266
9.067,0.0578231147773939,-0.00112329274125506
9.068,0.0578422170749237,-0.00115281601777628
9.069,0.0578601934434647,-0.00118195727237042
9.07,0.057875854106097,-0.00121351027255634
9.071,0.0579038975309391,-0.00123978428545879
9.072,0.0579295098765669,-0.0012647472972564
9.073,0.0579557199085262,-0.00128700021473094
9.074,0.0579845913805787,-0.00130589735778408
9.075,0.0580132518927529,-0.00132186131310796
9.076,0.0580374970636384,-0.00134013834918939
9.077,0.058062406784072,-0.00135647438359116
9.078,0.0580830313120672,-0.00137231618622258
9.079,0.0581033386550845,-0.00138628371872096
9.08,0.0581192921939079,-0.00140397122720931
9.081,0.0581458570529586,-0.00141737405368453
9.082,0.0581690212288854,-0.00143059001585055
9.083,0.0581938574098284,-0.00144246048853552
9.084,0.0582238592189297,-0.00145137101532855
9.085,0.0582523151878384,-0.00145894099816407
9.086,0.0582859882083904,-0.00146281178867885
9.087,0.0583229373708599,-0.0014632196901852
9.088,0.0583536544597767,-0.0014680526748202
9.089,0.0583808408093317,-0.00147433217368764
9.09,0.0584106725635106,-0.00147934715673304
9.091,0.0584376579756541,-0.00148384598033369
9.092,0.0584717527984536,-0.0014840373571251
9.093,0.0585027292151787,-0.00148277166000227
9.094,0.0585312952448072,-0.00148287342122511
9.095,0.0585627621199345,-0.00148007921677801
9.096,0.0585976752982567,-0.00147107621207243
9.097,0.0586039836220384,-0.00147308889444786
9.098,0.0586238065484178,-0.00146644791042438
9.099,0.058617084702466,-0.00147146935818449
9.1,0.0585871777944277,-0.00147725208419652
9.101,0.0585653716727547,-0.00147968093479306
9.102,0.0585334078221684,-0.00147968421538619
9.103,0.0585065426304514,-0.00147762677856927
9.104,0.0584736665836249,-0.0014733476131783
9.105,0.0584401388176045,-0.00146551661003946
9.106,0.0583986893325665,-0.00145632837329973
9.107,0.0583592009438268,-0.00144314273009893
9.108,0.0583117251822596,-0.00142827292376368
9.109,0.0582592120237012,-0.00141680791231596
9.11,0.0581890885904648,-0.00141057812374934
9.111,0.0581237590059289,-0.0014012863098764
9.112,0.0580547491604157,-0.00138929292302054
9.113,0.0579885617274861,-0.00137194809568314
9.114,0.0579893474301969,-0.00133841174505483
9.115,0.0580033419532579,-0.00129559113124816
9.116,0.057997674005407,-0.00125411336004072
9.117,0.0580127691997835,-0.00119890367903902
9.118,0.0580104823695635,-0.00114239924920678
9.119,0.0580351779545814,-0.00107202620602009
9.12,0.0580466598510585,-0.000998355730399636
9.121,0.0580789840926265,-0.000911634721443066
9.122,0.0580713871798588,-0.000854271320932021
9.123,0.0580389956978542,-0.000814973554981002
9.124,0.0580219741632994,-0.000778815844890646
9.125,0.0579926337552677,-0.000748196887371877
9.126,0.0579685478235358,-0.000719458407604845
9.127,0.0579463267021828,-0.000690504252033541
9.128,0.0579977672752594,-0.000645589631318222
9.129,0.0580283743057452,-0.000603612502707962
9.13,0.0580432444098414,-0.000562342216500977
9.131,0.0580572209351447,-0.000518113999555758
9.132,0.0580830987592697,-0.000465397440074067
9.133,0.058053889272367,-0.000436965583682558
9.134,0.058035540260849,-0.000408537399426367
9.135,0.0580158494990945,-0.000384124170226763
9.136,0.0580316507151726,-0.000352526131106257
9.137,0.0580695488347811,-0.000310333681846464
9.138,0.0580991953959059,-0.000265741993240642
9.139,0.0581212808297369,-0.000218542765164254
9.14,0.0581002742574873,-0.000194533703875788
9.141,0.058089055869307,-0.000172099038901419
9.142,0.058051786198756,-0.000169645006720065
9.143,0.0579934378823087,-0.000182578088793461
9.144,0.0579765301575423,-0.000181800972603674
9.145,0.0579660875525393,-0.0001784425761579
9.146,0.0579430301003305,-0.000174896918379741
9.147,0.0579397344457584,-0.000161084973000103
9.148,0.0579861653377637,-0.000130694873436477
9.149,0.0580191047131217,-0.000101146595683999
9.15,0.0580754416162624,-6.07639307774188e-05
9.151,0.058119504167436,-1.78254633833586e-05
9.152,0.0581838340283114,3.58994186013262e-05
9.153,0.0582469043344187,9.33696081186208e-05
9.154,0.0583139635468077,0.000158807403118078
9.155,0.0583028957728914,0.000180252692465577
9.156,0.0583052947964062,0.000193560950620453
9.157,0.0582747989256406,0.000187534571656878
9.158,0.0582541360985594,0.00018011019160219
9.159,0.0582130686963739,0.000162120427937174
9.16,0.0581777404154901,0.000147011032728739
9.161,0.0581701716567906,0.000138665451528797
9.162,0.0582077586522127,0.000142924966327063
9.163,0.0582366226912424,0.000145946098095762
9.164,0.058268543986357,0.000152945344359445
9.165,0.0582938470656245,0.000160269462007367
9.166,0.0583390153012191,0.000178980646804439
9.167,0.0583789882107432,0.000200311347551607
9.168,0.0584247103832195,0.000230764776430636
9.169,0.0584595681012148,0.000264858243549992
9.17,0.058489786196889,0.000292876552496046
9.171,0.0585134257341091,0.000321085490574691
9.172,0.0585433295831891,0.000352756661569364
9.173,0.0585595120325087,0.000384953647046216
9.174,0.0585870245218654,0.00040807377285057
9.175,0.0585781697227568,0.000411257743652971
9.176,0.058579754064226,0.000412755549503929
9.177,0.0585678268489528,0.000410393987764712
9.178,0.0585054498013263,0.00037669261121015
9.179,0.0584496686336037,0.000340057479227607
9.18,0.0584460402698653,0.000315685851418668
9.181,0.058448413450251,0.000296714971039669
9.182,0.0584441475591158,0.000279182375055809
9.183,0.0584499550734273,0.000269724568434104
9.184,0.0584533427143761,0.000262598863789765
9.185,0.0584853948781306,0.000264099240363913
9.186,0.0585089350819156,0.000263871696653373
9.187,0.058548779203805,0.000270675336743686
9.188,0.0585726807597448,0.000278064083436447
9.189,0.0586267221612483,0.000297320312415583
9.19,0.0586861885544089,0.000321367017300622
9.191,0.0587432813345206,0.000350870385353863
9.192,0.0587910879360232,0.000384040229373106
9.193,0.0588358204220506,0.000414638562861447
9.194,0.0588786129653819,0.000448390055898862
9.195,0.0588734741295037,0.000450879347031641
9.196,0.0588769617059078,0.000448438410961594
9.197,0.0588539444624338,0.000430121116214655
9.198,0.0588419587876383,0.000412165772969986
9.199,0.0588184165846097,0.000387516330172977
9.2,0.0587960549594417,0.000365876957569899
9.201,0.0587823931163181,0.000339251096128756
9.202,0.0587969399908352,0.000321677592357239
9.203,0.0587975970755152,0.000301903471169318
9.204,0.0588201503255427,0.000289124331008028
9.205,0.0588310510282781,0.000277057636463074
9.206,0.0588542692026349,0.000275303606070143
9.207,0.0588653087660008,0.000269551777997312
9.208,0.0588936349660614,0.000269296427998278
9.209,0.0589193588306669,0.00027218125703532
9.21,0.0589645611538621,0.000286616817788465
9.211,0.0590054447963619,0.000303584335293039
9.212,0.0590595785192825,0.000328761293868662
9.213,0.0591151974552278,0.00036092836109658
9.214,0.0591651440991772,0.000389105567511761
9.215,0.0591537563144727,0.000384759843567395
9.216,0.0591546012487937,0.00037500498314158
9.217,0.0591453861290888,0.000356628209153775
9.218,0.0591449513249334,0.000337913068438056
9.219,0.0591112863766987,0.000309656487842258
9.22,0.059030166709812,0.000256436154304651
9.221,0.0590179284237157,0.000220397997931443
9.222,0.0589945848956776,0.000184325114056472
9.223,0.0589575624278435,0.000147988380822917
9.224,0.0589589709112482,0.000125468820645624
9.225,0.058955943241887,0.000106397021521931
9.226,0.0589820924954709,9.38297230294594e-05
9.227,0.059024013960222,8.95064633339437e-05
9.228,0.0590558234847603,8.57833188296908e-05
9.229,0.0590943789551538,8.61404677425792e-05
9.23,0.0591213364676962,8.87026749749054e-05
9.231,0.0591709102911075,0.00010051024889518
9.232,0.0592168861341435,0.000115810456672527
9.233,0.0592633902151572,0.000137012598905251
9.234,0.0592952353170986,0.000156807906812606
9.235,0.0593227181348568,0.00017581315236892
9.236,0.0593692464946544,0.000203045408170566
9.237,0.0593568984237894,0.000202547877613313
9.238,0.0593571142274623,0.00019937792452035
9.239,0.0593531635944593,0.000190178981285094
9.24,0.0593578090618092,0.000180351333566031
9.241,0.0593124872026242,0.000140940572344816
9.242,0.059275842723054,9.89519325582111e-05
9.243,0.059249562922355,5.79103479033116e-05
9.244,0.0592420493969535,2.55407240505323e-05
9.245,0.0592455215586385,-2.04859006580627e-06
9.246,0.0592409016754602,-2.62071471080483e-05
9.247,0.0592399329293492,-4.62529264569356e-05
9.248,0.0592964109803077,-4.83907273829409e-05
9.249,0.0593471189861703,-5.15071434062375e-05
9.25,0.0593952178731047,-5.11134844227157e-05
9.251,0.0594340588662669,-4.85976271034638e-05
9.252,0.0594692479618046,-4.46216699828139e-05
9.253,0.0595129012918383,-3.29987541056731e-05
9.254,0.0595632434022045,-1.57451271090014e-05
9.255,0.0596064334912895,7.55032566102098e-06
9.256,0.0596656606312075,3.9312778426559e-05
9.257,0.05971338729551,6.74873031109025e-05
9.258,0.0597041711896029,6.35500866129068e-05
9.259,0.059705496473088,5.3453339058207e-05
9.26,0.0596907382589157,3.16094934046385e-05
9.261,0.0596854213027776,8.96496904884136e-06
9.262,0.0596525144168981,-2.2878640010271e-05
9.263,0.0596289838841327,-5.15086328041203e-05
9.264,0.0596228324386602,-8.08093530373366e-05
9.265,0.0596422959223319,-9.98735675305507e-05
9.266,0.0596460530862237,-0.000118887123267242
9.267,0.059651533393609,-0.000136629549628231
9.268,0.0596548354643821,-0.000148683265661032
9.269,0.0596846325380882,-0.000150670948782183
9.27,0.0596995263309334,-0.000157186783166507
9.271,0.0597376941003964,-0.000153353588537908
9.272,0.0597638431230339,-0.000149832115563631
9.273,0.0598072573979648,-0.000140316389122708
9.274,0.0598398166152879,-0.000128583294768669
9.275,0.0598884221312067,-0.000107909184052957
9.276,0.0599244193667083,-8.32727924340304e-05
9.277,0.0599776289788488,-4.96613522830147e-05
9.278,0.0599693118706374,-5.41913953991391e-05
9.279,0.0599697498425374,-6.38337823059554e-05
9.28,0.0599451432350631,-8.86416699589221e-05
9.281,0.0599339329103976,-0.000114444223670296
9.282,0.0599376976777949,-0.000135163443255593
9.283,0.0599362422154548,-0.00015303435472025
9.284,0.0599308822135938,-0.000169400279183884
9.285,0.0599310346897987,-0.000184127605529827
9.286,0.0599549289656396,-0.00018894234810013
9.287,0.0599710498571071,-0.00019376680996197
9.288,0.0599990092261699,-0.000193637852778594
9.289,0.0600180254281407,-0.000190902528166947
9.29,0.0600512674736161,-0.000180632027443006
9.291,0.0600759429151485,-0.000167117982804776
9.292,0.060099884076926,-0.000152976962050744
9.293,0.0600915363498129,-0.00015687440639961
9.294,0.0600882941465149,-0.000167102015540266
9.295,0.0600680939614133,-0.00018677310906795
9.296,0.0600575966385843,-0.00020558050270747
9.297,0.0600559323815657,-0.000225839527195071
9.298,0.0600733589190516,-0.00023657767068902
9.299,0.0600758643345311,-0.000247772170913707
9.3,0.0600985436945933,-0.000251343868587273
9.301,0.0601065846896168,-0.000255790206383222
9.302,0.0601462694492618,-0.000248373328349372
9.303,0.0601796945180178,-0.000238469510588757
9.304,0.0602199800513784,-0.000219220072604442
9.305,0.0602582727371185,-0.000197484266096115
9.306,0.0602912229533351,-0.000178240092623128
9.307,0.060275497379398,-0.000183604205617194
9.308,0.0602699631553812,-0.000193616458057877
9.309,0.0602464789616254,-0.000213588598697578
9.31,0.0602366616356505,-0.000233792417905665
9.311,0.0602065675984374,-0.000258114696659262
9.312,0.0601407961106237,-0.000304106955515304
9.313,0.0601320437070033,-0.000333189417540791
9.314,0.0601178108591303,-0.000363919519067168
9.315,0.0601162437225476,-0.000386072295614326
9.316,0.060106212887677,-0.00040655796936806
9.317,0.0601045541888511,-0.000418483634240796
9.318,0.0601573077439006,-0.000414890056953554
9.319,0.0602002905605083,-0.000413757222645972
9.32,0.0602397018217291,-0.000408272677796417
9.321,0.0602640971834201,-0.000402896510972806
9.322,0.0603151551452015,-0.000386475479402903
9.323,0.0603729080574286,-0.000364803642795064
9.324,0.0604264254916392,-0.000337126856955139
9.325,0.0604734639264594,-0.000306072646974465
9.326,0.0605098747207097,-0.000276936638257619
9.327,0.0605447105004801,-0.000248248903067738
9.328,0.0605478700485205,-0.000239737894013603
9.329,0.0605635212142857,-0.000236375087397045
9.33,0.0605555799150699,-0.000247004119117211
9.331,0.0605554504625049,-0.000257278830521013
9.332,0.0605382865220504,-0.000276301131348411
9.333,0.0604723279579217,-0.000322398975852511
9.334,0.0604151340315385,-0.000369083310060137
9.335,0.060406694213152,-0.000403577558867885
9.336,0.0603910131849105,-0.000438839236144406
9.337,0.0603761043388731,-0.000468433718721128
9.338,0.0603449468286795,-0.000498316400007415
9.339,0.060356454794124,-0.000518643247922501
9.34,0.0603815387761279,-0.000530117890534754
9.341,0.0603976638039727,-0.000540159936391393
9.342,0.0604409359607633,-0.000540217928276465
9.343,0.0604829976312862,-0.000534108107181464
9.344,0.0605156066741378,-0.000523854226994303
9.345,0.0605447119168737,-0.000517224951138817
9.346,0.060560394867714,-0.000510744960121157
9.347,0.0605974383077303,-0.000495357039638045
9.348,0.0606271243724105,-0.000477412632033936
9.349,0.0606679206335422,-0.000453072714711344
9.35,0.0607047821354871,-0.000424352242365644
9.351,0.0607459850391664,-0.000390038466788423
9.352,0.060779470264136,-0.000355828740371711
9.353,0.0608180693052295,-0.000314928350432397
9.354,0.0607962101738193,-0.000305503624971171
9.355,0.0607875286734618,-0.000299437311345296
9.356,0.0607781488955402,-0.00029880882343325
9.357,0.0607742438884108,-0.000300216548197119
9.358,0.0607247522886128,-0.000329565851989511
9.359,0.0606814847827736,-0.000362375366306067
9.36,0.060690407881126,-0.00038025636355421
9.361,0.0606856159242299,-0.000399651439770443
9.362,0.0606878581806125,-0.000413305254901242
9.363,0.0606759913060947,-0.000425673912528957
9.364,0.0606946775505458,-0.000431928944426396
9.365,0.0607294186345218,-0.000428367330585433
9.366,0.0607548696300738,-0.000423981540915275
9.367,0.0607980655479861,-0.000409685973169482
9.368,0.0608405973302169,-0.000390913111746216
9.369,0.0608842539501007,-0.000367971027579184
9.37,0.0609284089137448,-0.000337521396501284
9.371,0.0609644330417294,-0.000311854956499047
9.372,0.0609994321423661,-0.000281849054884986
9.373,0.0609822681670398,-0.000280279839647901
9.374,0.060976987367333,-0.000283318673595379
9.375,0.0609549151673266,-0.0002964319856672
9.376,0.0609425728091108,-0.000310140698096761
9.377,0.0609205124481891,-0.000326504232651237
9.378,0.060917818510028,-0.000342389056044279
9.379,0.0609393328626797,-0.000347267417279917
9.38,0.0609550481533911,-0.000349893124521605
9.381,0.0609632766824602,-0.000351060833143624
9.382,0.060981574765496,-0.000343694383147297
9.383,0.0609908749508084,-0.000333706519828281
9.384,0.0610078703244943,-0.00032586198262835
9.385,0.0610380137229404,-0.000309382410643821
9.386,0.0610585255589851,-0.000293849878149344
9.387,0.061081116687764,-0.000271661132463741
9.388,0.0610622927954554,-0.000272526162554743
9.389,0.0610550425883388,-0.000275111844028342
9.39,0.0610305581584985,-0.000284489607441762
9.391,0.0609611452818291,-0.000322434984341813
9.392,0.0608972826729801,-0.000361368566847542
9.393,0.0608989039181907,-0.000382795308381312
9.394,0.0608862052571725,-0.000404121881592445
9.395,0.0608774185211052,-0.000422822800533462
9.396,0.0608729483160737,-0.000434078491748091
9.397,0.0608639203646658,-0.000443073847341213
9.398,0.0608991175283473,-0.000440248174817526
9.399,0.0609270651639857,-0.000434674685243386
9.4,0.0609462498488153,-0.000431057580380478
9.401,0.0609900691189123,-0.000416021608693751
9.402,0.0610221446597016,-0.000399437011848358
9.403,0.0610727527544474,-0.000374425637475029
9.404,0.0611135139177896,-0.000345930379314019
9.405,0.0611649695435157,-0.000310137917700737
9.406,0.0612007603151204,-0.000275220322994318
9.407,0.0611870493592116,-0.000270864626865097
9.408,0.0611841472714358,-0.000267680181291641
9.409,0.0611629269350126,-0.00027046993834029
9.41,0.0611498997770303,-0.00026710234192806
9.411,0.0611590399974426,-0.000251803425277253
9.412,0.0611619343564637,-0.000232655795235293
9.413,0.0611755109851939,-0.000203966560222812
9.414,0.0611755092520643,-0.000179435631091629
9.415,0.0612045590871656,-0.000141942197601108
9.416,0.0612185100252474,-0.000105279433419647
9.417,0.0612421688886188,-6.06879594360898e-05
9.418,0.0612502104106485,-2.20162855055772e-05
9.419,0.0612913648031057,3.11442077864377e-05
9.42,0.0613217832555482,8.42933599803919e-05
9.421,0.0613643901844117,0.000146012560898412
9.422,0.0614002131501737,0.000209985861520934
9.423,0.0614442210016874,0.000281484401756626
9.424,0.0614832866549476,0.00035617840855251
9.425,0.0615102794216687,0.000424557203443254
9.426,0.061562607304247,0.000502226687682406
9.427,0.0615447724886931,0.000538558150666335
9.428,0.0615351906802955,0.000565742148770643
9.429,0.0615152111424733,0.000579823223919917
9.43,0.0614990617274805,0.000587363641428862
9.431,0.0614762121747948,0.000576169815845462
9.432,0.0614273686113871,0.000547767541810351
9.433,0.0613817898735737,0.000515386901413062
9.434,0.0613335550503913,0.000478302643167838
9.435,0.0613296747265714,0.000454106738516535
9.436,0.0613592670230881,0.000437076671972902
9.437,0.061401694235602,0.000424855040747796
9.438,0.0614306637320739,0.000412669757710149
9.439,0.0614786885803327,0.00040900043283093
9.44,0.0615153687733249,0.00040700055302112
9.441,0.0615665764646658,0.000412861639712159
9.442,0.0615755345396132,0.000399297512089114
9.443,0.0615284663170437,0.000351657472690003
9.444,0.0614911709410252,0.000301229063143615
9.445,0.0614353640180137,0.000240591883965857
9.446,0.0614221568018234,0.00019300532317823
9.447,0.0614120798236698,0.000149813782265584
9.448,0.0613986804399794,0.000109730498124239
9.449,0.0613993717134996,7.93757657209238e-05
9.45,0.0614489898219038,6.32756804244128e-05
9.451,0.0614847057113585,4.63347572125516e-05
9.452,0.0615258036191416,3.33611837830539e-05
9.453,0.0615552289802025,2.13497112545591e-05
9.454,0.0616031982423463,1.80412401046826e-05
9.455,0.0616471182883581,1.67769982118426e-05
9.456,0.0616513812633265,-3.87149302061296e-06
9.457,0.0616588887211269,-2.71476646478974e-05
9.458,0.0616635404023838,-5.44989718040401e-05
9.459,0.0616218260845361,-0.000109691379488686
9.46,0.0615901175821198,-0.000166346044196908
9.461,0.061537642061153,-0.000232847569905326
9.462,0.0615286921717591,-0.00028641919759187
9.463,0.0615165106530639,-0.000336543666871469
9.464,0.0615005905953253,-0.000384189982698013
9.465,0.0615011687322757,-0.000419920931458762
9.466,0.0614989049520725,-0.000452191648069811
9.467,0.0615160541329227,-0.000480003791408667
9.468,0.0615504887126819,-0.000500061036866839
9.469,0.0615755586906519,-0.000519638551205126
9.47,0.0616077180729305,-0.000535394177581583
9.471,0.0616273989799804,-0.000549357141522655
9.472,0.0616667409416949,-0.000553092375499498
9.473,0.0616980965316704,-0.000552953103819753
9.474,0.0617439395086209,-0.000542411156238432
9.475,0.0617863625207471,-0.000525790554959327
9.476,0.0618361540190742,-0.000498996822562159
9.477,0.0618796108234973,-0.000466094321124821
9.478,0.061878128780811,-0.000453492263388644
9.479,0.0618187513428927,-0.000471753154737353
9.48,0.0617673503411542,-0.000491084215298199
9.481,0.0616995571685004,-0.000520196097122338
9.482,0.0616425728365299,-0.000548224024067512
9.483,0.0616091230783459,-0.000568726909200568
9.484,0.0615915652966938,-0.000579126348899617
9.485,0.0616302312038381,-0.000574339932529588
9.486,0.0616542034650336,-0.000571926608009032
9.487,0.0616981695428039,-0.000559659593891648
9.488,0.0617289784531488,-0.00054774263168994
9.489,0.0617766319110098,-0.000525645406267317
9.49,0.0618201262230797,-0.000501770442317195
9.491,0.0618707616934171,-0.000470045448713596
9.492,0.0619199846710421,-0.000435014710435777
9.493,0.0619708992041332,-0.000394528018235585
9.494,0.0619614449462337,-0.000391625890038216
9.495,0.0619622098501339,-0.000394667936513993
9.496,0.0619311604894377,-0.000416915260944339
9.497,0.0619110591374583,-0.000440950004317486
9.498,0.0618764616161108,-0.000473904317538409
9.499,0.0618927991537984,-0.000491968412712873
9.5,0.0619000818473512,-0.00050912031854794
9.501,0.0619088073645367,-0.000529574965134616
9.502,0.0619388670184737,-0.000539962021751939
9.503,0.0619568875597849,-0.000551948869907615
9.504,0.0619915632140504,-0.00055549706918101
9.505,0.0620135876657229,-0.000559476265841907
9.506,0.0620520466129975,-0.000554754656679368
9.507,0.0620817524796658,-0.000547112877775591
9.508,0.0621093840699256,-0.000541866290509507
9.509,0.0621371617678499,-0.000532148352641315
9.51,0.0621619138809598,-0.000522338283132306
9.511,0.062194011036092,-0.00050554996426283
9.512,0.0622207285363784,-0.000486428575947384
9.513,0.062250706784536,-0.000472708448025161
9.514,0.0622455698506053,-0.000477920240466778
9.515,0.0621888498136223,-0.00051427425608952
9.516,0.0621413295737655,-0.000553064216397836
9.517,0.0621231711311844,-0.000585272833815209
9.518,0.0621172975169793,-0.000612264718499733
9.519,0.0621001737443872,-0.000638047886620141
9.52,0.0620964353447486,-0.000655852124761991
9.521,0.0620851145672482,-0.000671935061272111
9.522,0.0621235214275754,-0.000674870817091222
9.523,0.0621600934839309,-0.000674049838974122
9.524,0.062192751446172,-0.000673765319586572
9.525,0.0622203630333961,-0.000668509348401458
9.526,0.0622661956355188,-0.000656485587022082
9.527,0.0623065188677239,-0.000642357213525013
9.528,0.0623543500830869,-0.000622884590277317
9.529,0.0624029591258839,-0.000599786039305161
9.53,0.0624558259241515,-0.000572201389143379
9.531,0.0624887694963587,-0.000548691515246391
9.532,0.0624764859872828,-0.000552889221383079
9.533,0.0624712386710141,-0.000563576190117265
9.534,0.0624445674825607,-0.000588870903004635
9.535,0.0624264060455207,-0.000616601204227518
9.536,0.0624097672223283,-0.000644391066044303
9.537,0.0624099643940216,-0.000664844930242381
9.538,0.0623980759528648,-0.000685420626498734
9.539,0.0624033237635668,-0.000703898443641937
9.54,0.0624291400100345,-0.000712784158507063
9.541,0.0624485711764513,-0.000722634385975862
9.542,0.0624724792523612,-0.000727511807529446
9.543,0.0624911829234743,-0.000731564328225409
9.544,0.0625215298813901,-0.000728907999972217
9.545,0.062547248254209,-0.000724079319704307
9.546,0.0625661270452144,-0.000725254785967466
9.547,0.0625960551280685,-0.000720672271013911
9.548,0.0626168578131614,-0.000717975250708547
9.549,0.0626450582519166,-0.000710621116622345
9.55,0.0626647884214574,-0.000702909116355177
9.551,0.0626926364433267,-0.000690239157791483
9.552,0.062710998188922,-0.000677646117483166
9.553,0.0627122873891641,-0.000678291512768325
9.554,0.0626653922327629,-0.000708485456634877
9.555,0.0626273913601587,-0.000744139603986171
9.556,0.062620281834768,-0.000773607546665833
9.557,0.0626222632952228,-0.00079938466762719
9.558,0.062620666350188,-0.000824974057220151
9.559,0.0626173566116264,-0.000849769783193455
9.56,0.0626468636525807,-0.000868796630790925
9.561,0.0626848398574181,-0.000885860571688657
9.562,0.0627172558767547,-0.00090472263981084
9.563,0.0627499609659252,-0.00092297777634931
9.564,0.0627785197019457,-0.000941739326499047
9.565,0.0628093328135336,-0.000959488253568064
9.566,0.0628357277778594,-0.000978226139110083
9.567,0.0628736622430634,-0.000992941477802378
9.568,0.0629051431569285,-0.00100907794047095
9.569,0.0629431470839714,-0.00102181792284967
9.57,0.0629834254453245,-0.00103267781577804
9.571,0.0630171902569758,-0.00104856431953915
9.572,0.0630453913615668,-0.00106650331994707
9.573,0.0630719708835271,-0.00108396442509595
9.574,0.0630970151577333,-0.00110052491502949
9.575,0.0631213373408799,-0.0011157420968182
9.576,0.0631459572931905,-0.00112889973871511
9.577,0.0631723507831984,-0.00113885189783342
9.578,0.0631897931265694,-0.00115453803443583
9.579,0.0632157080234189,-0.00116715412980661
9.58,0.0632360530580394,-0.00118066611570983
9.581,0.0632220842845295,-0.0012126211332889
9.582,0.0632170829693633,-0.00124691154698442
9.583,0.0632237141330684,-0.00127976113903866
9.584,0.0632276151222396,-0.0013130144019034
9.585,0.0632346149674977,-0.00134436245868957
9.586,0.0632425299123188,-0.00137489674972774
9.587,0.063253218879127,-0.00140376345508492
9.588,0.0632615317780222,-0.00143679474965114
9.589,0.0632796623949245,-0.00146712942100286
9.59,0.0632938057924248,-0.0014985194636748
9.591,0.0633183776218313,-0.00152515554727989
9.592,0.0633395788021202,-0.00155128057477255
9.593,0.0633661399429207,-0.00157318065172285
9.594,0.0633821823141841,-0.00160179527901055
9.595,0.0634025069805955,-0.00162986586480596
9.596,0.0634227435794358,-0.00165714147964063
9.597,0.0634455293046719,-0.00168069317848368
9.598,0.0634712311183232,-0.00169619432334156
9.599,0.0635034078738935,-0.00169660408404326
9.6,0.0635437060220422,-0.00167729527636956
9.601,0.0635744460528357,-0.00164262873694032
9.602,0.0636268014496632,-0.00158785632296021
9.603,0.0636704922314033,-0.00151886278244451
9.604,0.0636765841132443,-0.00146657817894286
9.605,0.0637049378355237,-0.00141670670536465
9.606,0.0636982411063223,-0.00138115772520381
9.607,0.0636932916318091,-0.00134502509603818
9.608,0.0636906764350141,-0.00130765716706605
9.609,0.0636792267663463,-0.00127378963903813
9.61,0.0636741042582288,-0.00123804810942213
9.611,0.0636621183759257,-0.00120343110897742
9.612,0.0636047649069818,-0.0011913273310461
9.613,0.0635502311670655,-0.00117968146195879
9.614,0.0634911452579712,-0.00117038311822376
9.615,0.0634402180928817,-0.00115949081553973
9.616,0.0633563995337217,-0.00115590469464882
9.617,0.0632824636761669,-0.00115456261264374
9.618,0.0632103341129763,-0.00115273243588865
9.619,0.0631899350367587,-0.0011341857447571
9.62,0.0631778307559749,-0.00110803425658601
9.621,0.063155562657992,-0.00108040664635622
9.622,0.0631503258211831,-0.00103974461848982
9.623,0.0631970398008494,-0.000980945163720104
9.624,0.0632293571185835,-0.000922981857971017
9.625,0.0632673607290624,-0.000858018654770143
9.626,0.0633189580694022,-0.000783271663084562
9.627,0.0633606808960141,-0.000709568500845359
9.628,0.063389917064634,-0.000634257861649501
9.629,0.0634389419146306,-0.000548305278655126
9.63,0.0634279022256643,-0.000494960745309136
9.631,0.0634285654915796,-0.000444407497734167
9.632,0.0633958930554615,-0.000420752850096351
9.633,0.0633523115703659,-0.000408631542888949
9.634,0.0633207880880387,-0.000399891107980055
9.635,0.0632740049703851,-0.000397893505901969
9.636,0.0632386868334327,-0.000399226970833111
9.637,0.0632482839839284,-0.000389136680409574
9.638,0.0632413506499074,-0.000379138557463743
9.639,0.0632408966489777,-0.00036098594962003
9.64,0.0632261168472855,-0.000341923421033785
9.641,0.0632387832486978,-0.000317778612877628
9.642,0.0632639606943648,-0.000284855613154222
9.643,0.0632758299044865,-0.000253003779765892
9.644,0.0633099875019373,-0.000209504389077686
9.645,0.0633280337707165,-0.000165110809502933
9.646,0.0633687071821593,-0.000109434001131115
9.647,0.063407638887528,-5.612537759353e-05
9.648,0.0634537259843813,5.95787578705487e-06
9.649,0.0634322129347587,3.00531267143356e-05
9.65,0.0634242242933774,5.15307366813489e-05
9.651,0.0634158382274163,6.64970168461898e-05
9.652,0.0634104909392745,7.6976658290151e-05
9.653,0.0633956421730593,8.19628656074101e-05
9.654,0.0633275458332058,5.5287187602171e-05
9.655,0.0632643983484817,2.54503305150977e-05
9.656,0.0632614303333998,1.0991502465918e-05
9.657,0.0632431496970256,-4.95465317978949e-06
9.658,0.0632126325619893,-2.24960604398583e-05
9.659,0.0632047758982364,-3.10977921717526e-05
9.66,0.0632514366150797,-2.11201415857287e-05
9.661,0.0632801596330509,-1.31600698166645e-05
9.662,0.0633301457731826,3.22038283046e-06
9.663,0.0633689041926933,2.20027978151682e-05
9.664,0.0634208805565053,4.63262615851834e-05
9.665,0.0634624963819627,7.54456126919045e-05
9.666,0.0635228779994222,0.000114982891863846
9.667,0.0635736705969931,0.000158988678770511
9.668,0.063614291534149,0.000196694217671489
9.669,0.0636436500008565,0.000233328194059024
9.67,0.0636671206561731,0.000268549280212527
9.671,0.0637060089534998,0.000311188215169511
9.672,0.0636911159600211,0.000323878981358439
9.673,0.0636879243243786,0.000331961624069954
9.674,0.0636780613239868,0.000331628604594403
9.675,0.0636806488459668,0.000330347813549792
9.676,0.0636228228754205,0.000296841261191949
9.677,0.0635773415115286,0.00026121913694549
9.678,0.0635843556136149,0.000240116896647435
9.679,0.0635809231158224,0.000218889276247913
9.68,0.0635764134816371,0.000200143967487021
9.681,0.0635651147931836,0.000183982862533127
9.682,0.0635687880154816,0.00017547682652419
9.683,0.0635649362387759,0.000170728253711006
9.684,0.0635692454458042,0.000166932539174602
9.685,0.0636024447373114,0.000173150354191798
9.686,0.0636306802839129,0.000176660475172674
9.687,0.0636627925094904,0.000186616632655734
9.688,0.063682160326901,0.000194929023014934
9.689,0.0637285477200849,0.000213391364602744
9.69,0.063767399756994,0.000235912124327664
9.691,0.0638190360214655,0.000264466640783279
9.692,0.0638671900328271,0.000297101994689741
9.693,0.0639132751089275,0.000333447577286761
9.694,0.0639492995828496,0.000367135805123708
9.695,0.0639401034586492,0.000372756878750824
9.696,0.0639427685266592,0.000372708114527165
9.697,0.0639249779590489,0.000358987093425966
9.698,0.0639203594812579,0.000344764852772295
9.699,0.0639208139432911,0.000334152553455369
9.7,0.0639104314756172,0.000324501084729645
9.701,0.063931686412216,0.000328984609749394
9.702,0.0639290181251958,0.000325814798095347
9.703,0.0639676504887264,0.000334453157920467
9.704,0.0639946828907907,0.000340288003739808
9.705,0.0640383013514694,0.000355310520800178
9.706,0.0640791710917893,0.00037041647208097
9.707,0.064126455588336,0.000392926051674292
9.708,0.0641252671956813,0.000388903156837761
9.709,0.0641361969936169,0.000383301536763581
9.71,0.0641313773898511,0.000371333458895229
9.711,0.0640738150070497,0.000328045682238209
9.712,0.0640827257208135,0.000304304990773274
9.713,0.0640840045759934,0.0002780469410818
9.714,0.0640838552583733,0.000257386726457975
9.715,0.0640699668169212,0.000237723991621253
9.716,0.0640849245273685,0.00022998275856484
9.717,0.0641014765090726,0.000226896232318696
9.718,0.0641121522336446,0.00022944746958492
9.719,0.0641347817907276,0.0002318131377122
9.72,0.0641776350030517,0.000243476311277524
9.721,0.0642158259955482,0.000253753263764644
9.722,0.0642652020295017,0.000271920648478807
9.723,0.0643090818425024,0.000289659797224506
9.724,0.0643613383461985,0.000315375552177866
9.725,0.0643658559270095,0.000313309884280744
9.726,0.0643814545662101,0.000308758831417011
9.727,0.0643760045464271,0.000293509492823474
9.728,0.0643174140953315,0.000246431253025703
9.729,0.0642711884319019,0.000196995887509432
9.73,0.0642346272283606,0.00014978627807738
9.731,0.0642303098253695,0.00011278446309898
9.732,0.0642163265794199,7.71233911759928e-05
9.733,0.0642099865535435,5.09469740860857e-05
9.734,0.0641917471254242,2.6824725404051e-05
9.735,0.0642006815212852,6.97612337702269e-06
9.736,0.0642341118079676,-3.73037488154981e-06
9.737,0.0642537818287003,-1.55826280204829e-05
9.738,0.064295290319125,-1.88754204832331e-05
9.739,0.0643225506974102,-2.0407526132471e-05
9.74,0.0643674315164915,-1.29542287764517e-05
9.741,0.0644085628762647,-3.7512680763907e-06
9.742,0.0644539272978337,1.22801612529866e-05
9.743,0.0644950538554622,2.43729230605672e-05
9.744,0.0645264508644012,3.84611889661102e-05
9.745,0.0645591977453208,5.39329639877018e-05
9.746,0.0645826738374875,7.19314720949993e-05
9.747,0.0646305823915404,0.000102202146359365
9.748,0.0646218158508126,0.000106982738845518
9.749,0.0646264469689098,0.000110469761787746
9.75,0.064628564008935,0.000109706831204481
9.751,0.0645781211288214,7.42489266661872e-05
9.752,0.0645325003849207,3.48466924919855e-05
9.753,0.0644808377483911,-1.2717713752386e-05
9.754,0.0644826602669887,-4.67120886514794e-05
9.755,0.0644742214615623,-8.10320685195598e-05
9.756,0.064453557005436,-0.000115686280821758
9.757,0.0644466034289115,-0.00014137157035482
9.758,0.0644311553869613,-0.000167661920020712
9.759,0.0644584049432377,-0.000184487796189126
9.76,0.0644785006445986,-0.00019867605457663
9.761,0.0644858997322645,-0.000213294738205971
9.762,0.0645256865920546,-0.000214831121834902
9.763,0.064551799412464,-0.000213305408584052
9.764,0.0645957707959608,-0.000203199147257194
9.765,0.0646378090985807,-0.000189326060647532
9.766,0.0646724545506893,-0.000170843082652639
9.767,0.0647257514478683,-0.000141733527222909
9.768,0.0647623045341054,-0.000117560092674163
9.769,0.0647888195430804,-9.52042596117364e-05
9.77,0.064812328192133,-7.5046235054832e-05
9.771,0.064836718667158,-6.49015473578318e-05
9.772,0.0648295338828319,-7.43597698889542e-05
9.773,0.0648244002814838,-8.87275383285036e-05
9.774,0.0648258513767794,-0.000105649676982844
9.775,0.0648213401610612,-0.000126650680832063
9.776,0.0647707945339849,-0.000174901907323721
9.777,0.0647305482551672,-0.000224210420903759
9.778,0.0646916331963553,-0.000274655686816783
9.779,0.0646830224308287,-0.000313270790201159
9.78,0.064672005078916,-0.000347913067938799
9.781,0.0646747580820335,-0.000375848611557927
9.782,0.0646700470499339,-0.000400539086888141
9.783,0.0646722087465882,-0.000423116767070242
9.784,0.0646993808815486,-0.000435975327405302
9.785,0.0647209521958757,-0.000451376706359696
9.786,0.0647548506181119,-0.000458008181920266
9.787,0.0647803375186808,-0.000464688267000968
9.788,0.0648148112411749,-0.000462504864338353
9.789,0.0648436605780354,-0.000460076859475966
9.79,0.0648745892581621,-0.000450479219193278
9.791,0.0649024435775875,-0.000443661166680653
9.792,0.0649225880025832,-0.000435524008476129
9.793,0.064958548531982,-0.000420680382575256
9.794,0.0649867425229263,-0.000403279426914704
9.795,0.0650280082521274,-0.00037653007053351
9.796,0.0650608966206174,-0.00034586246246715
9.797,0.0651042637677403,-0.000309572664387636
9.798,0.065136430157402,-0.000267386287808591
9.799,0.0651061240802878,-0.000264767497820173
9.8,0.0650862829114226,-0.000268811750477937
9.801,0.0650562751617373,-0.000284461649086631
9.802,0.0650367947814852,-0.000302590746986187
9.803,0.0650052687042859,-0.000329969539544894
9.804,0.0650125387963606,-0.000342837548548636
9.805,0.0650359767249265,-0.00034897924089039
9.806,0.0650507187059266,-0.000354898175204676
9.807,0.0650898258144402,-0.000352252372240569
9.808,0.0651234518740832,-0.000347662544118221
9.809,0.0651604035823768,-0.000336160257822182
9.81,0.0651858370075731,-0.000320999723156024
9.811,0.0652043863902539,-0.00031140392465312
9.812,0.065232399581316,-0.000295005176269514
9.813,0.065252947988094,-0.000279856757108232
9.814,0.0652834880299487,-0.000256324615997783
9.815,0.0652724863021458,-0.000257447869294547
9.816,0.0652728340231054,-0.000260828647903555
9.817,0.0652476425375167,-0.000285800236261236
9.818,0.065201885740519,-0.000321433152394579
9.819,0.0651715721069516,-0.000357963674076645
9.82,0.0651407844426971,-0.000391953251471677
9.821,0.065141359363966,-0.000413973728814077
9.822,0.0651405926577515,-0.000430642323310859
9.823,0.0651520052170102,-0.000445677292321811
9.824,0.0651786995167093,-0.000452826302519138
9.825,0.0651913600616542,-0.000462444533951945
9.826,0.0652226429031037,-0.00046199010612713
9.827,0.06524703429152,-0.000462146070573155
9.828,0.0652786297589783,-0.000454894464675282
9.829,0.0653119463477632,-0.00044416512172718
9.83,0.0653312645781219,-0.000436081767479723
9.831,0.0653492622990171,-0.000425874950927163
9.832,0.0653653498450757,-0.000413407567777802
9.833,0.0653688805671436,-0.000398744132937445
9.834,0.0654082335297567,-0.000369862163054346
9.835,0.0654342223953303,-0.000336562741032942
9.836,0.0654795459747462,-0.000293278664888819
9.837,0.0654841031006087,-0.000272703962291176
9.838,0.0654284283595316,-0.000289554119277835
9.839,0.0653818905802252,-0.000311520112614205
9.84,0.0653405587631404,-0.000338747881499235
9.841,0.0653041445902789,-0.000370307458264885
9.842,0.0653113657607169,-0.000387102385967342
9.843,0.0653064937787517,-0.000404698879977239
9.844,0.0653000404177144,-0.000417862239076694
9.845,0.0652890043337473,-0.000431348684922728
9.846,0.0653169301950818,-0.000430406794821425
9.847,0.065334515897132,-0.000431507876539283
9.848,0.0653688989634252,-0.000425165039057651
9.849,0.0653923487787559,-0.000416784561962924
9.85,0.0654364396589746,-0.000398374611594809
9.851,0.0654700147591139,-0.000375733958774938
9.852,0.0655183506898422,-0.000344608980665628
9.853,0.0655607442189372,-0.000308804738198887
9.854,0.065596751100812,-0.000268739016986319
9.855,0.065564241316518,-0.000271733021914577
9.856,0.0655425521506008,-0.000281598559439655
9.857,0.0655055294192146,-0.000305276282105249
9.858,0.0654804223923654,-0.000330998748332478
9.859,0.0654465966937232,-0.000361060369986621
9.86,0.0654368656074379,-0.000378182134668226
9.861,0.0654148051204999,-0.000394539571562103
9.862,0.065418814782672,-0.000400619875632113
9.863,0.0654337248421637,-0.000404278483149001
9.864,0.0654751629205792,-0.000396645455152056
9.865,0.0655079860945904,-0.000387625841503203
9.866,0.0655512646671845,-0.000372307516407766
9.867,0.065582322120678,-0.000354588246589516
9.868,0.0656356438166351,-0.000326553900739435
9.869,0.0656817100823602,-0.000294434283251876
9.87,0.0657301270547617,-0.000256886541910473
9.871,0.0657390729225304,-0.000239249720990709
9.872,0.0657574640246517,-0.000221826605849129
9.873,0.0657201370043109,-0.000244000657358134
9.874,0.0656876127043117,-0.000271813795868492
9.875,0.0656371052993756,-0.000314064156997307
9.876,0.0656368771782457,-0.000342184777722965
9.877,0.0656252783002275,-0.000371351410452914
9.878,0.065607729393291,-0.000400944100773681
9.879,0.0656052211508223,-0.000421615543887754
9.88,0.0655882447823465,-0.00044166034070281
9.881,0.0655897038292232,-0.000450974206135157
9.882,0.0655883858595906,-0.000459502887037722
9.883,0.0656181845324097,-0.000457227883746747
9.884,0.0656467240367247,-0.000455200407282363
9.885,0.0656723235518687,-0.000451097856174199
9.886,0.0657121010530417,-0.000439475483817342
9.887,0.0657432312014511,-0.000425158788108337
9.888,0.065792435478649,-0.000400326012546193
9.889,0.065835664267454,-0.000371722459156176
9.89,0.0658856498243056,-0.000336777116744513
9.891,0.0659272671193766,-0.000297544082290935
9.892,0.0659596349512239,-0.000269317631261035
9.893,0.0659771531184657,-0.000251337600476242
9.894,0.0659311554029859,-0.000271104902321462
9.895,0.0658872746509087,-0.000300044734093008
9.896,0.065846220706021,-0.000336666968523358
9.897,0.0658296772114795,-0.000369453313220358
9.898,0.0658273358930855,-0.000394079122996827
9.899,0.0658095334992194,-0.000419952361348508
9.9,0.0658044302529015,-0.000437827824008252
9.901,0.065793189330226,-0.000456426106695773
9.902,0.065792805215034,-0.000466200049472454
9.903,0.0658447510179417,-0.000460553216242221
9.904,0.0658833515154245,-0.000453150146331294
9.905,0.0659141110902568,-0.000445414971624147
9.906,0.0659441731000757,-0.000429444482135555
9.907,0.065967773657632,-0.000404498397993169
9.908,0.0659844273365906,-0.000369162437380444
9.909,0.0659939796643017,-0.000324413828947878
9.91,0.0659832396406521,-0.000287515248422354
9.911,0.0659990572323235,-0.000238448433907745
9.912,0.0659998136651159,-0.000191905979686713
9.913,0.0660145732702435,-0.000137176857322285
9.914,0.0660167680203695,-8.35895388069385e-05
9.915,0.0660360185555596,-2.05580642342884e-05
9.916,0.0660423856186112,4.14792872009406e-05
9.917,0.0660665390322919,0.000113498500467102
9.918,0.0660802594474747,0.000185674037771422
9.919,0.0661069547389348,0.00026639343945567
9.92,0.0661254015119202,0.000348268370258975
9.921,0.0661082905035507,0.000393425322790242
9.922,0.0660655587418422,0.00041541772068926
9.923,0.0660230233219174,0.000426444735593556
9.924,0.0659785733332597,0.000427571527976234
9.925,0.0659340196597467,0.000421018055421107
9.926,0.0658891854478741,0.000408124601736115
9.927,0.0658982131665905,0.000411757344339181
9.928,0.0659487922660593,0.000425635167346006
9.929,0.065992424766901,0.000438853506665504
9.93,0.0660295455875268,0.000452543759866642
9.931,0.0660657075669108,0.000469078844557436
9.932,0.0660945080278451,0.000486490957807173
9.933,0.0661487312278189,0.00051660035354506
9.934,0.0661388566864724,0.000506469674835641
9.935,0.0661400165129177,0.000489461641742406
9.936,0.0661152355639796,0.000455226898532446
9.937,0.0660990724804707,0.000418183631198832
9.938,0.0660712079712201,0.000372773051214581
9.939,0.0660507781478239,0.000326943825516068
9.94,0.0660520168621514,0.00028832033852888
9.941,0.0660457915153256,0.000245342681066907
9.942,0.0660657285029648,0.000213629972260931
9.943,0.0660779937034311,0.000182212536642801
9.944,0.0660992381650196,0.000156448283848531
9.945,0.0661157536554559,0.000131538725490876
9.946,0.0661255848961404,0.000107457176191983
9.947,0.0661530557680254,9.1844694006471e-05
9.948,0.0661737805537081,7.73874398131147e-05
9.949,0.0661903680625134,6.63762693136061e-05
9.95,0.0662237131700817,6.44571653684589e-05
9.951,0.0662488546419041,6.6489770220779e-05
9.952,0.0662867452871789,7.64729772770312e-05
9.953,0.0662655251398004,5.1182515101722e-05
9.954,0.0662502648253871,2.02772041399402e-05
9.955,0.0662269440705765,-1.9516084565796e-05
9.956,0.0662106997814069,-6.09962997458191e-05
9.957,0.0661936444786398,-0.000102996564006974
9.958,0.066197874361959,-0.000135375522895664
9.959,0.0662345212481932,-0.000157528775256432
9.96,0.0662628407480543,-0.000178236211440364
9.961,0.06629538521334,-0.000194495519069471
9.962,0.0663174999433746,-0.000209040449006992
9.963,0.0663598025531338,-0.000213142573458225
9.964,0.066397027494981,-0.000213960158031268
9.965,0.0664452230738928,-0.000205947830181463
9.966,0.0664548593093575,-0.000217612571915549
9.967,0.0664101773982704,-0.000261747636708776
9.968,0.0663735992151237,-0.000308090225884405
9.969,0.0663250391270699,-0.000362397551064708
9.97,0.066311932784441,-0.000404603383662772
9.971,0.0662954143525639,-0.000443481076189411
9.972,0.0662719576939558,-0.000479788909940049
9.973,0.0662686677241523,-0.000500927127239592
9.974,0.0663207883611014,-0.000502897307731731
9.975,0.0663589418611963,-0.000503836966792182
9.976,0.0664014230085749,-0.000498668301329441
9.977,0.0664408829662348,-0.000489228708053069
9.978,0.0664758104275524,-0.00047491854519871
9.979,0.0665214739730968,-0.000449783909571899
9.98,0.0665628191369384,-0.000421108063502929
9.981,0.0666118629994436,-0.000382838383214179
9.982,0.0666112371869546,-0.000371719179550312
9.983,0.0666192092050684,-0.0003610933921816
9.984,0.0666190296211173,-0.000357537405953845
9.985,0.0666267502846745,-0.000355923410051862
9.986,0.0666262009969363,-0.000358660362733854
9.987,0.0665674369070665,-0.000396585002339966
9.988,0.0665499947742662,-0.00042533632943903
9.989,0.0665269706111858,-0.000456375429049416
9.99,0.066493752454523,-0.00049030945158024
9.991,0.0664902341470162,-0.000511313749673004
9.992,0.0664772646987546,-0.000533782511466463
9.993,0.0664758727389192,-0.000548654820963168
9.994,0.0664700390232665,-0.000562638683251349
9.995,0.0665000073017969,-0.000565892861684403
9.996,0.0665378696874578,-0.000563263290346394
9.997,0.066569105356725,-0.00056081084583598
9.998,0.0666081523873714,-0.000550790861249484
9.999,0.0666381395919281,-0.000539701867243725
10,0.0666877135709716,-0.000519230950626504
10.001,0.0667323494792572,-0.000494384217842925
10.002,0.0667827792286449,-0.000464333243970994
10.003,0.0668155237040822,-0.000438484943261597
10.004,0.0668409585996407,-0.000416359659330512
10.005,0.0668364975695496,-0.000415254266215193
10.006,0.0668364531477568,-0.000422654095793285
10.007,0.0668198236638433,-0.000442219036364155
10.008,0.0668112800540826,-0.000463339893988446
10.009,0.0667932891158484,-0.000491679459390881
10.01,0.0667842897913729,-0.000523403054559113
10.011,0.0667981777257558,-0.000543013849295337
10.012,0.0668047240636113,-0.000562600982110861
10.013,0.0668015529312432,-0.000581311061020884
10.014,0.066818066580287,-0.000589072798286905
10.015,0.0668252132997959,-0.000594860732499036
10.016,0.0668356365418651,-0.000602710501353187
10.017,0.066864149245915,-0.000601043905766263
10.018,0.0668865914462445,-0.00060223607243981
10.019,0.0669045203979542,-0.00059798370972125
10.02,0.0669350032221475,-0.000588599343465557
10.021,0.0669609662386821,-0.000578244061731459
10.022,0.0669981579685782,-0.000561451447059491
10.023,0.067018532937369,-0.000545983586133669
10.024,0.0670328224744412,-0.000532314962087388
10.025,0.0670658162691544,-0.000508073766196937
10.026,0.0670508129871931,-0.000509223816989368
10.027,0.0670481130066138,-0.000511309880136146
10.028,0.0670401591409461,-0.000519714151578643
10.029,0.0669900260684604,-0.00055470662781909
10.03,0.0669898186266823,-0.000574990041205981
10.031,0.0669798404041932,-0.000598849868856277
10.032,0.0669689047872016,-0.000618637937967959
10.033,0.0669458104261463,-0.000639876211793511
10.034,0.0669574554459189,-0.00065162268706076
10.035,0.066988770142534,-0.000653256556165382
10.036,0.0670117698158027,-0.00065448655023842
10.037,0.067049457278627,-0.000647377801840765
10.038,0.0670830864775566,-0.000638165951351799
10.039,0.0671224719880436,-0.000622520957089645
10.04,0.0671497486685052,-0.000612166296685146
10.041,0.0671736168681191,-0.000601071893501615
10.042,0.0671896285396148,-0.0005929841523169
10.043,0.0672176056351108,-0.000577968529572537
10.044,0.0672373994937272,-0.000565620294381008
10.045,0.0672701781876958,-0.000546345613283594
10.046,0.067262295238301,-0.0005500008677084
10.047,0.0672029803850349,-0.000588310790083757
10.048,0.0671545911474828,-0.000629954476595973
10.049,0.0671491922546119,-0.000660627761256694
10.05,0.0671434395025854,-0.000690424144976942
10.051,0.0671347480387967,-0.000719148206285602
10.052,0.0671258494776653,-0.000746061290941902
10.053,0.0671148150459596,-0.000771705796103195
10.054,0.067143537166326,-0.000788261495460352
10.055,0.0671646007916904,-0.000810091063458585
10.056,0.0671834452036452,-0.000834021909628668
10.057,0.0671959759794604,-0.000861713192346902
10.058,0.0672297960490322,-0.00088071092418196
10.059,0.0672543578786562,-0.000901215659617538
10.06,0.067290056090721,-0.000917992315270733
10.061,0.0673169352529314,-0.000940226799790833
10.062,0.0673388429720734,-0.000964189379941305
10.063,0.0673593841863893,-0.000987864553429918
10.064,0.0673771885752148,-0.00101118992734167
10.065,0.0673924681372156,-0.00103363280966939
10.066,0.067416773361888,-0.00105213847344804
10.067,0.0674362482723759,-0.00107099583259956
10.068,0.0674657231756891,-0.00108426327248246
10.069,0.0674954295958246,-0.00109596530794887
10.07,0.0675162041673585,-0.00111475529548544
10.071,0.0675339140333985,-0.00113516906116107
10.072,0.0675466614230694,-0.00115718779363749
10.073,0.0675660165098453,-0.00117635633661817
10.074,0.0675836676813948,-0.00119539345044706
10.075,0.0676118694419672,-0.00120870347120244
10.076,0.067632513336465,-0.00122693929903306
10.077,0.0676604987889038,-0.00124213771179016
10.078,0.0676837707412541,-0.00125732275036777
10.079,0.067708932628507,-0.00126966135626511
10.08,0.0677304526970151,-0.00128113623751502
10.081,0.0677600705928558,-0.00128806646769158
10.082,0.067784397575086,-0.00129488534293426
10.083,0.0678160531526205,-0.00129628008436966
10.084,0.0678483232236952,-0.00129556655078705
10.085,0.0678838353768765,-0.00129183368003571
10.086,0.0679082366207319,-0.00129444009195379
10.087,0.0679233040865843,-0.00130150995253131
10.088,0.0679388943441775,-0.00130861388418135
10.089,0.0679477300366108,-0.0013183089178605
10.09,0.0679509236097579,-0.0013341490757372
10.091,0.0679741476582131,-0.00134334102028588
10.092,0.0679939018948491,-0.00135342060355098
10.093,0.0680142948626415,-0.00136180079698195
10.094,0.0680366501120814,-0.00136759136112763
10.095,0.068060191372594,-0.00137065411773879
10.096,0.0680863517441657,-0.00137008853399112
10.097,0.0681058318758399,-0.0013739749829616
10.098,0.0681415051486057,-0.0013715053486611
10.099,0.0681716291394508,-0.00136938871389286
10.1,0.068206267122701,-0.00136215415099167
10.101,0.0682105148737679,-0.00136927205570614
10.102,0.0682214224957971,-0.00137131698391468
10.103,0.0682383623492068,-0.00136849333677158
10.104,0.0682527220422849,-0.00135961649536348
10.105,0.0682314963005792,-0.00136512657268606
10.106,0.0682125309985163,-0.00136180925807633
10.107,0.068176366563048,-0.00135843317024964
10.108,0.0681410024970387,-0.00135366118207242
10.109,0.0681020512797506,-0.00134956549322629
10.11,0.0680680207879164,-0.001344716385763
10.111,0.0680313172008696,-0.00133960977348363
10.112,0.0679929227602101,-0.00133326871130757
10.113,0.0679484485408793,-0.00132736913852044
10.114,0.0679032611957931,-0.00131887603643371
10.115,0.0678524441678732,-0.00130856651617645
10.116,0.0677904734714298,-0.00130764359643892
10.117,0.0677292589321195,-0.00130602307349204
10.118,0.0676646053160132,-0.0013048413324685
10.119,0.0676210554839092,-0.00129209747452896
10.12,0.0676078933335682,-0.00126302619451624
10.121,0.0676482128011333,-0.00121549498531492
10.122,0.0676669224104483,-0.00117181104981451
10.123,0.0676997019270488,-0.00111686750749768
10.124,0.0677110553123239,-0.0010640850692466
10.125,0.0677501810509509,-0.000997381040100109
10.126,0.0677818349449901,-0.000926366626015585
10.127,0.0678317969889797,-0.000843435624850286
10.128,0.0678686455379008,-0.000758225774728727
10.129,0.067913004308141,-0.000679166516375285
10.13,0.0679026217354234,-0.000641225164123016
10.131,0.067898577563406,-0.000610062381142473
10.132,0.0678685012979905,-0.000595479214158368
10.133,0.0678540531321768,-0.000582644383418873
10.134,0.0678197759383986,-0.00057724617031274
10.135,0.0677971676805155,-0.000570411358037759
10.136,0.0677720891879955,-0.000576119127857377
10.137,0.0677228996380167,-0.000591449809079492
10.138,0.0677051154252838,-0.00059369484250088
10.139,0.067669503553747,-0.00059892275289436
10.14,0.0676647046805792,-0.000591655369307276
10.141,0.0676448314956592,-0.000584642098850063
10.142,0.0676536743930253,-0.000567823213627749
10.143,0.0676879751396669,-0.00053864494791972
10.144,0.0677147388127548,-0.000509504565125107
10.145,0.0677586097351193,-0.000468447615673662
10.146,0.0677951813722552,-0.000424863988974067
10.147,0.0678368845247307,-0.000372122151873155
10.148,0.0678602350687084,-0.000324328401217044
10.149,0.0678731805725647,-0.000281373540765628
10.15,0.0679145411977258,-0.000225041728897257
10.151,0.0679399219893756,-0.000169706812018
10.152,0.0679870706178497,-0.000102325330814945
10.153,0.0679846926846161,-6.5623072802834e-05
10.154,0.0679945380475218,-3.27700773723461e-05
10.155,0.0679635227906758,-2.99595866515845e-05
10.156,0.067910298546154,-4.48057692553072e-05
10.157,0.0678694123529813,-6.17055421531787e-05
10.158,0.0678177668919107,-8.72208868253344e-05
10.159,0.0678254459037403,-9.46212254271384e-05
10.16,0.0678233594358541,-9.96651783647384e-05
10.161,0.0678172774411039,-0.000103261618084216
10.162,0.0678436981548962,-9.80331215496011e-05
10.163,0.0678770687628715,-8.84859633724089e-05
10.164,0.0678972121961057,-8.09476634083817e-05
10.165,0.0679242236118983,-6.92477606763497e-05
10.166,0.0679334201985188,-5.81817662586026e-05
10.167,0.0679744026454277,-3.47197072453898e-05
10.168,0.0680091033779053,-8.49799933816398e-06
10.169,0.0680317598779885,1.97318499957633e-05
10.17,0.0680460125299992,4.36419956862943e-05
10.171,0.068075389098222,7.47513599470007e-05
10.172,0.0680998157971244,0.000105628973156524
10.173,0.0681415602386486,0.000144846898831208
10.174,0.0681773266980422,0.000188395853146339
10.175,0.0681662218879802,0.000202433875309715
10.176,0.0681677279876372,0.000214460710244058
10.177,0.0681592688987274,0.000217239393324908
10.178,0.0680874934766438,0.000185575295601204
10.179,0.0680207002471196,0.000149423797789927
10.18,0.0680111203540817,0.000129539864951456
10.181,0.0679876173273011,0.000106984907042584
10.182,0.0679692647144016,8.74128401990304e-05
10.183,0.0679362067002245,6.65723149929076e-05
10.184,0.0679275340736693,5.74089150564006e-05
10.185,0.0679726000539542,6.80778823873851e-05
10.186,0.0680087644160744,7.55850764532773e-05
10.187,0.0680567238848726,8.8611684321227e-05
10.188,0.0680889734341015,0.000103265481538051
10.189,0.0681422656156554,0.000128902510050821
10.19,0.0681914585986998,0.000155841250435773
10.191,0.06825138183595,0.000189962342928451
10.192,0.0683064892259602,0.000230659552566681
10.193,0.0683443950087884,0.000264754063306227
10.194,0.0683775427772057,0.00029496301899451
10.195,0.0684146707484699,0.000331089173824184
10.196,0.0683992847762249,0.000333068989061491
10.197,0.0683907867763743,0.000331379967642653
10.198,0.0683701883866513,0.00031938778355739
10.199,0.0683643366549614,0.000307261594146735
10.2,0.0683347143140462,0.000275646788489903
10.201,0.0682847551953853,0.00022982803460142
10.202,0.0682929638243141,0.000200472072749203
10.203,0.0682826928823229,0.000169307566431076
10.204,0.0682826103230062,0.000144498899665335
10.205,0.0682783452845745,0.000118796842509483
10.206,0.0682718432601253,0.000100699934965198
10.207,0.0682888213983216,8.50812133046386e-05
10.208,0.0683181695206084,7.58778752449341e-05
10.209,0.0683392798252442,6.54664180853026e-05
10.21,0.0683540423434359,5.58570130195224e-05
10.211,0.0683932794854084,5.75694539493021e-05
10.212,0.0684200729898081,5.95670386245861e-05
10.213,0.0684508948944125,6.53353957287828e-05
10.214,0.0684875540157888,7.82104331853994e-05
10.215,0.0685094781030888,8.63509850387856e-05
10.216,0.0685249122243131,9.18096690077363e-05
10.217,0.0685584958055378,0.000107231302102051
10.218,0.068581737945386,0.000123895582983424
10.219,0.0686246969340816,0.000150068543477933
10.22,0.0686686292017972,0.000179655909047338
10.221,0.068718644125092,0.00021526703707625
10.222,0.0687647301978382,0.000257305044636835
10.223,0.0687465566902284,0.000255557209035973
10.224,0.0687340523990116,0.00024727527402002
10.225,0.068706474190658,0.000225119035596133
10.226,0.0686898567262684,0.00020138160027966
10.227,0.0686759268469408,0.000177063413205059
10.228,0.0686441806902646,0.000151672898197674
10.229,0.0686396874521693,0.000131419696325963
10.23,0.0686519390797557,0.000120849728797834
10.231,0.0686534189779419,0.000110228048599836
10.232,0.0686795523612168,0.000109503787106002
10.233,0.0687053385866048,0.000112169366205062
10.234,0.0687292330762329,0.000121756597313838
10.235,0.0687401319437072,0.000125962209340358
10.236,0.0688012038815308,0.00014626632270659
10.237,0.0688495166396239,0.000166538587545562
10.238,0.0688943505480629,0.000186051200401494
10.239,0.0689281257583804,0.000208242915832713
10.24,0.0689469290325267,0.000216093821594265
10.241,0.0689513774725207,0.000213277025884584
10.242,0.0689015949468222,0.000178253754629709
10.243,0.0688367810108235,0.000129332697858919
10.244,0.0687833219460816,7.87347495761481e-05
10.245,0.0687516380004043,3.3114931833278e-05
10.246,0.068738658436739,-2.69222903137578e-06
10.247,0.0687123584444816,-3.87570691909311e-05
10.248,0.0687106405389859,-6.49609890353564e-05
10.249,0.0687059251652102,-8.50180679347057e-05
10.25,0.0687569171607414,-9.06679203397931e-05
10.251,0.0687910111374198,-9.95743469585086e-05
10.252,0.0688145709128361,-0.000111194158326833
10.253,0.0688593603102556,-0.000114505400456988
10.254,0.068891084728071,-0.000117867168171748
10.255,0.0689429555769727,-0.000111783812470512
10.256,0.068985396480891,-0.000102875895877541
10.257,0.0690396919033835,-8.71935559805803e-05
10.258,0.0690833506960487,-6.83681560219584e-05
10.259,0.0691218280488533,-5.44203474845961e-05
10.26,0.0691525343315395,-3.95547737364055e-05
10.261,0.0691807691625879,-2.54353286205378e-05
10.262,0.0692155405542552,-3.44737941049278e-06
10.263,0.0692457056313005,1.91963817789964e-05
10.264,0.0692442863073197,2.10831598015382e-05
10.265,0.069252305711966,2.10646107096646e-05
10.266,0.0692463282776263,1.11816206684878e-05
10.267,0.0691867624169668,-3.22747862878114e-05
10.268,0.0691379072323598,-7.84266152115687e-05
10.269,0.0691347018191545,-0.000111321682765342
10.27,0.0691205964384094,-0.000145139378739556
10.271,0.0691086278813487,-0.000174743420190415
10.272,0.069084938673682,-0.000203165310851183
10.273,0.0690776789295104,-0.000225234745833747
10.274,0.069123373518179,-0.000227996640079775
10.275,0.0691618759595602,-0.000233000880723866
10.276,0.0692064717408014,-0.000231543223204789
10.277,0.0692430426746256,-0.000229773243317632
10.278,0.0692855551222983,-0.000220179014684851
10.279,0.0693192927202607,-0.000209380606397469
10.28,0.069373242485854,-0.000188990533386169
10.281,0.0694270078938414,-0.00016111155457188
10.282,0.0694798948140896,-0.000130826187478617
10.283,0.0695124977697233,-0.000107086253828159
10.284,0.0695350701986866,-8.71953334112274e-05
10.285,0.0695240601686649,-9.21633015758538e-05
10.286,0.069522329750554,-0.000103063875799281
10.287,0.0695054199266543,-0.000125248725967697
10.288,0.0694912672087504,-0.000147939080273995
10.289,0.0694740905622871,-0.000173163552791622
10.29,0.0694831358307069,-0.00018933287561812
10.291,0.0694725080063706,-0.000212703653348523
10.292,0.069504007971782,-0.00022070333391544
10.293,0.0695254467475777,-0.000229203804274325
10.294,0.0695549957638835,-0.000231463363616347
10.295,0.0695705320325792,-0.000232663325867466
10.296,0.0696091730000555,-0.000223144239730522
10.297,0.0696471338044199,-0.000210271306367305
10.298,0.0696690156475246,-0.000203519534293928
10.299,0.069696687525913,-0.000193781038547058
10.3,0.0697084275932331,-0.000186008785443281
10.301,0.0697475139603167,-0.000167650741081549
10.302,0.0697394387389528,-0.000175659912499793
10.303,0.0697421004350378,-0.000185525101117967
10.304,0.0697317251844841,-0.000203896192400743
10.305,0.0697215757308869,-0.000221669051742535
10.306,0.0696641501380619,-0.000270000295696793
10.307,0.0696637756635664,-0.000300138315336707
10.308,0.069652046688652,-0.000333411160656938
10.309,0.0696537034318504,-0.000358270828543672
10.31,0.0696462870514761,-0.000383290332847175
10.311,0.0696503981291387,-0.000398088992069834
10.312,0.0696509921267541,-0.000411399357704234
10.313,0.0696622441424652,-0.000416391521479209
10.314,0.0696743382680116,-0.000422014465574549
10.315,0.069709664087575,-0.000417487201202715
10.316,0.0697415003657122,-0.000413364555832352
10.317,0.0697680010317678,-0.000406896740415663
10.318,0.0698045001714505,-0.00039599798584683
10.319,0.0698316590759559,-0.000383038592285001
10.32,0.0698776602918384,-0.000359834290642791
10.321,0.0699120843464457,-0.000333924457273871
10.322,0.0699619952339236,-0.000298893157706648
10.323,0.0699930425379037,-0.000267362579349728
10.324,0.0700166672503762,-0.000238892563026283
10.325,0.0700268009225663,-0.000228257840010015
10.326,0.0700446627067779,-0.000225294594505654
10.327,0.0700443706017086,-0.000235935280089861
10.328,0.0700427014889285,-0.000247615801919787
10.329,0.0700248714915478,-0.000268962032016817
10.33,0.0699625545408367,-0.000319062318758945
10.331,0.069951961826485,-0.000352583833065245
10.332,0.0699272261411954,-0.000390920979290665
10.333,0.0699173235160163,-0.00041944792529014
10.334,0.0698903837170948,-0.000449466773164486
10.335,0.0698869930239145,-0.000469620146018868
10.336,0.0699221291252886,-0.000478343028634698
10.337,0.0699672502546565,-0.000479238782944813
10.338,0.0699997410377669,-0.000479163999053622
10.339,0.0700288886281783,-0.000478467750737843
10.34,0.0700673223425759,-0.000469697179932116
10.341,0.0701061075753643,-0.00045796678285992
10.342,0.0701371766048881,-0.000440239562309819
10.343,0.0701599836152403,-0.000429277691717855
10.344,0.0701686164141437,-0.000419792476121839
10.345,0.0701930532506355,-0.000403130511180683
10.346,0.0702040971587986,-0.000385471639843371
10.347,0.0702310516666308,-0.000360420088385771
10.348,0.0702486751565363,-0.000333951778112518
10.349,0.0702324767229009,-0.000327474290711061
10.35,0.0701683809564411,-0.000353482821294382
10.351,0.0701162838886703,-0.00038378654407345
10.352,0.0700753637616618,-0.000416531609253645
10.353,0.0700793542973174,-0.000435075054574519
10.354,0.0700803863546933,-0.000449410972773512
10.355,0.0700743583473437,-0.000462552715043418
10.356,0.0700748204694269,-0.000469223731421942
10.357,0.0701190050516955,-0.000461922304475393
10.358,0.0701491305495605,-0.000457511104031749
10.359,0.0701875140433431,-0.000450038825972165
10.36,0.0702174387706951,-0.000441999176006791
10.361,0.0702577328572725,-0.000424833830992177
10.362,0.0702831467929871,-0.00040732780262448
10.363,0.0703286158565332,-0.000381288136480362
10.364,0.0703661378189264,-0.000353032824946198
10.365,0.0703991930094144,-0.000320771354394955
10.366,0.0703690845212232,-0.000330659210288575
10.367,0.070351398747165,-0.000345916914098354
10.368,0.0703092006098879,-0.000378294190813644
10.369,0.0703222409376749,-0.000392898562426913
10.37,0.0703208984680231,-0.000406980680470792
10.371,0.0703274920377775,-0.000415630246279441
10.372,0.0703344719992616,-0.000418374682711553
10.373,0.0703401012735498,-0.000419945280872747
10.374,0.070344725285209,-0.000412723884848643
10.375,0.0703571524257475,-0.000408778973385815
10.376,0.0703875526893217,-0.000396851818629751
10.377,0.0704138555370504,-0.000385024208026441
10.378,0.0704491287777277,-0.000366520077105303
10.379,0.0704670315613694,-0.000348491159381292
10.38,0.0705100050864397,-0.000320314058890547
10.381,0.070509155201457,-0.000317759510656546
10.382,0.0705188372669504,-0.00031639112499926
10.383,0.0704989331300554,-0.000327280990978285
10.384,0.0704905226801235,-0.000336181148283932
10.385,0.0704320126394035,-0.000375810774803254
10.386,0.0704166232768579,-0.000405108464908932
10.387,0.070409682597598,-0.000429106889032083
10.388,0.0703900847196424,-0.000454307118703701
10.389,0.0703903672962959,-0.000470406981563976
10.39,0.0703830736754785,-0.000482484392054505
10.391,0.0703729070560839,-0.000493158952371731
10.392,0.0703742453862531,-0.000495702979916635
10.393,0.070419480808714,-0.00048221421407324
10.394,0.0704499640170642,-0.000472595912469731
10.395,0.0704896221809613,-0.000459525407047356
10.396,0.0705178579596351,-0.000445949988640393
10.397,0.0705670141961366,-0.000423334916140272
10.398,0.0706074869236735,-0.000397895285946859
10.399,0.0706438303663296,-0.000369958451878538
10.4,0.0706660307382936,-0.00034083885689673
10.401,0.0706863282142584,-0.00031460998263988
10.402,0.070668130425318,-0.000313039634879608
10.403,0.0706639417158435,-0.000316076967378232
10.404,0.0706351543358098,-0.000334278225350759
10.405,0.0706170725845883,-0.000349640188850808
10.406,0.0705849932439319,-0.000366501058552682
10.407,0.0705616723588036,-0.000377098440540458
10.408,0.0705561352655921,-0.000373315306429089
10.409,0.0705345841653326,-0.000373966247986135
10.41,0.0705663450468591,-0.000351321200172505
10.411,0.0705824643308897,-0.000330133003824173
10.412,0.0706125747150006,-0.000298803442597584
10.413,0.0706351901313219,-0.000265472451754178
10.414,0.0706640169556402,-0.000225030725659214
10.415,0.070686855436437,-0.00018208461122099
10.416,0.0706882813027917,-0.000149818427199078
10.417,0.0707073408645587,-0.000110455298706791
10.418,0.0707091188510164,-7.57900646902177e-05
10.419,0.0707305192068775,-3.13555666897058e-05
10.42,0.0707376110592812,1.03994953660758e-05
10.421,0.0707590055777644,6.07237858118448e-05
10.422,0.0707770836152006,0.000107989625634519
10.423,0.0708245458709728,0.000169066411659036
10.424,0.0708731885511887,0.000233490607134457
10.425,0.0709153442478609,0.000299032290765944
10.426,0.0709640548551946,0.000370891954868169
10.427,0.0710045922866081,0.000443711194210106
10.428,0.0710320957389311,0.000509818809873219
10.429,0.0710391810779472,0.000549122416324488
10.43,0.0710513894876642,0.000574885131377267
10.431,0.0710337388391636,0.000577688189564385
10.432,0.0710209229382151,0.000573541374337239
10.433,0.0710017077580037,0.000551111631737822
10.434,0.0709591386080021,0.000511985932149239
10.435,0.0709214012195805,0.000469829740562477
10.436,0.0708790472212518,0.000422314654191847
10.437,0.0708430223701136,0.000374597374787344
10.438,0.0708130433981971,0.00031916818972183
10.439,0.0708092867254896,0.000269164815475231
10.44,0.0707887996018361,0.000214520427522569
10.441,0.0707913631277468,0.000169780695976729
10.442,0.0707845548033397,0.000125954377802329
10.443,0.0707937543605935,8.97508543636349e-05
10.444,0.0708103883537781,5.81865018149386e-05
10.445,0.0708447305523957,3.60008770709519e-05
10.446,0.0708712597655218,1.55424425312134e-05
10.447,0.0709026663914806,2.72897014930162e-07
10.448,0.0709321003836264,-1.22922662920688e-05
10.449,0.070971710396891,-1.34605801631049e-05
10.45,0.0709979113455051,-2.06403743439609e-05
10.451,0.0710253668935421,-2.57249911183033e-05
10.452,0.071042159930151,-3.18262626043397e-05
10.453,0.0710786822413014,-2.88752041752716e-05
10.454,0.0710644250055434,-5.09797701100934e-05
10.455,0.0710582519747573,-7.56525339888348e-05
10.456,0.0710474167382685,-0.00010667788964519
10.457,0.071005667058835,-0.000161021879267087
10.458,0.0709626677552425,-0.000219970949659143
10.459,0.070963678968646,-0.000263613239445015
10.46,0.0709586449782848,-0.00030628753257933
10.461,0.0709538109407243,-0.000344623463367777
10.462,0.0709439336161882,-0.000380747435501427
10.463,0.0709549051330686,-0.000409406181659744
10.464,0.0709804574569528,-0.000431198940941624
10.465,0.0709892594505608,-0.000454315515309611
10.466,0.0710192389187699,-0.000468206668867877
10.467,0.0710429593200972,-0.000481555868922345
10.468,0.0710645392293265,-0.000489541463054577
10.469,0.0711000521108748,-0.000487475820161676
10.47,0.0711278270887776,-0.000482002092378198
10.471,0.071167016024675,-0.000465526213829059
10.472,0.0711932377342767,-0.000447337971744621
10.473,0.0711713759159229,-0.000454204232566147
10.474,0.071157089407321,-0.00046065099120457
10.475,0.0711336236742933,-0.000471066466892323
10.476,0.0711206780951362,-0.000489564045382418
10.477,0.0710928921620001,-0.000514339177104139
10.478,0.0710926766399835,-0.000526038925622696
10.479,0.071082147422455,-0.000538514800512757
10.48,0.0710832568380179,-0.000541973258076645
10.481,0.0710717025519103,-0.000544868267492504
10.482,0.0710919796192408,-0.000535498050577232
10.483,0.0711218158751583,-0.000518760695814524
10.484,0.071144963020038,-0.000501488798322847
10.485,0.0711801624333943,-0.000475471875638234
10.486,0.0712087087836008,-0.000448341350710257
10.487,0.0712277705358942,-0.000425984295677972
10.488,0.0712216461254747,-0.000424083068710002
10.489,0.0712237770272676,-0.000429471957260508
10.49,0.0712077188905978,-0.000448129565476296
10.491,0.0711984844081585,-0.000468871132795035
10.492,0.0711811636141592,-0.000496194764143032
10.493,0.071169913017054,-0.000525575616398322
10.494,0.0711797941541564,-0.000544432340964851
10.495,0.0711800974111487,-0.000565529798878306
10.496,0.0711910394465163,-0.000578673665432738
10.497,0.0711955793670699,-0.000592357764886919
10.498,0.0712089251676477,-0.000599428915583622
10.499,0.0712095744120221,-0.000613686432761884
10.5,0.0712368217642336,-0.000615470700738585
10.501,0.0712571285370676,-0.00061940479184075
10.502,0.0712882225761348,-0.000615296349182171
10.503,0.071305831939878,-0.000612817610981253
10.504,0.0713427594884335,-0.000600705851487082
10.505,0.0713742165236304,-0.000586865902028055
10.506,0.0714039682991022,-0.000569516361615008
10.507,0.0714227957963715,-0.000556678588329418
10.508,0.0714427108747765,-0.000543092318374849
10.509,0.0714262288052942,-0.000552310129614264
10.51,0.0714190551025164,-0.000567336570386323
10.511,0.0714008937811325,-0.000591993314478512
10.512,0.0713935615904619,-0.000616551646224262
10.513,0.0713923534678559,-0.000638804213163424
10.514,0.0713841854904,-0.000660082181173305
10.515,0.0713806920856355,-0.000681332790198108
10.516,0.0713954930153137,-0.00069493135334564
10.517,0.071393576490891,-0.000711678666660998
10.518,0.0714170913536838,-0.000719008537407695
10.519,0.0714342846684055,-0.00072411842406217
10.52,0.0714550504093302,-0.000723744835723572
10.521,0.0714658587217112,-0.000721851599106538
10.522,0.0714758899250294,-0.000722141209559157
10.523,0.0715035330204982,-0.000711473456239398
10.524,0.0715255932453074,-0.000702229480578409
10.525,0.0715429274804323,-0.00068811659696999
10.526,0.0715719281003414,-0.0006684098872905
10.527,0.0715970518746491,-0.000647652409499599
10.528,0.0716153158221812,-0.000632566425773473
10.529,0.0716486977957449,-0.000607850030673429
10.53,0.0716736096677966,-0.000586187251652548
10.531,0.0716676426689884,-0.00058708730377105
10.532,0.0716698370748565,-0.000591801775120471
10.533,0.071657646650512,-0.00060730997303432
10.534,0.0716546513279767,-0.000623128507146575
10.535,0.0716516872942045,-0.000643277706101841
10.536,0.0716714078605589,-0.000654306531069682
10.537,0.0716824316269646,-0.000669003339578977
10.538,0.0717004419454641,-0.000679142534232235
10.539,0.0717094361946195,-0.000690028346022109
10.54,0.0717349154257351,-0.000692089416911235
10.541,0.0717538386792445,-0.000694133151442788
10.542,0.0717615358363301,-0.000704741348448334
10.543,0.0717852055543335,-0.000708417629248836
10.544,0.0717971152413531,-0.000715744554323494
10.545,0.0718194602813943,-0.00071788744198048
10.546,0.0718317489491016,-0.000721140958904354
10.547,0.071856110155974,-0.000717943615687944
10.548,0.0718712534871003,-0.000715088540891362
10.549,0.0718951621400526,-0.000706373064063737
10.55,0.071906708428104,-0.000703076252863477
10.551,0.0719406666940175,-0.000691153931374144
10.552,0.0719687458684384,-0.000681321851513039
10.553,0.0719989240614945,-0.000668420372392953
10.554,0.0719902185126462,-0.000679996824232809
10.555,0.0719918739625988,-0.000693703961042735
10.556,0.0719581652768852,-0.000736175520332671
10.557,0.0719600138172456,-0.00077041830625274
10.558,0.0719511781062124,-0.000810683651401856
10.559,0.0719418470374185,-0.000851648978995756
10.56,0.071927202136485,-0.00089478800219317
10.561,0.071914256753581,-0.000937167975757547
10.562,0.0718922099626895,-0.000982876310966052
10.563,0.0719028809228672,-0.00102216990382481
10.564,0.0719233932800668,-0.00105814509758878
10.565,0.0719374618665031,-0.00109668974733479
10.566,0.0719493950720777,-0.00113595968199692
10.567,0.0719603764150122,-0.00117444179526383
10.568,0.0719730165045431,-0.00121070365621406
10.569,0.0719728357117796,-0.00125558705693918
10.57,0.0719874724301396,-0.00129626933244509
10.571,0.0719929703292967,-0.00134064718916121
10.572,0.0720051458876331,-0.00138221571680847
10.573,0.0720091890561265,-0.00142594039706978
10.574,0.0720244014468903,-0.00146492267202986
10.575,0.0720329245830515,-0.00150541184214642
10.576,0.0720480389310766,-0.00154169216971511
10.577,0.0720571115272336,-0.00158205192310118
10.578,0.0720740990855409,-0.00161911243710028
10.579,0.0720863022475127,-0.00165676224353856
10.58,0.0721072475674188,-0.001689015343947
10.581,0.0721235669030677,-0.00172049873589913
10.582,0.0721290026755172,-0.00175831020549261
10.583,0.0721435539147563,-0.00179262790489898
10.584,0.0721521075459473,-0.00182789982230963
10.585,0.072164574435162,-0.00185996062502508
10.586,0.0721727424515433,-0.00189172006440058
10.587,0.0721843882773442,-0.00192020393608699
10.588,0.0721924153446293,-0.00194823284253415
10.589,0.0722036342879473,-0.0019733613195756
10.59,0.072212057845431,-0.00199828992057477
10.591,0.0722130565502383,-0.00202784985728405
10.592,0.0722189079414184,-0.00205612600632887
10.593,0.0722186256817076,-0.00208668395867556
10.594,0.0722335981140199,-0.00211083133268769
10.595,0.0722353868672181,-0.00214466410039771
10.596,0.0722578433314865,-0.00217237860441327
10.597,0.0722720622348561,-0.00220320215290182
10.598,0.0722947659411698,-0.00222988894799314
10.599,0.0723143668783078,-0.00225621194183895
10.6,0.0723385274000341,-0.0022786249895434
10.601,0.0723620701354249,-0.002298249909156
10.602,0.072380864526333,-0.00231849275430657
10.603,0.0724055120615804,-0.00232923691625203
10.604,0.0724328903535929,-0.00232691672488294
10.605,0.0724617498471331,-0.0023033451071473
10.606,0.0725103154587628,-0.00225804382367462
10.607,0.0725492452326686,-0.00219751095853016
10.608,0.0726024384594482,-0.0021202246841367
10.609,0.0726457980550823,-0.00203040973986657
10.61,0.0726908372282719,-0.00192322666765615
10.611,0.0727258992526034,-0.00180831702750317
10.612,0.0727865028908889,-0.00167717417271179
10.613,0.0728414920301731,-0.00153598667160337
10.614,0.0728564015092444,-0.00142181629376065
10.615,0.0728904346375761,-0.00131497858616714
10.616,0.0728907145017529,-0.00122737721418392
10.617,0.0729080278265701,-0.00114261161490081
10.618,0.0729059241587451,-0.00106793523566973
10.619,0.0729042301748803,-0.000993900712098927
10.62,0.0728543423303688,-0.000958693976571168
10.621,0.0727988305222424,-0.000933487337596572
10.622,0.072751737635892,-0.000913322831216257
10.623,0.0726933078521848,-0.000898697157497186
10.624,0.072646222916488,-0.000884969691712367
10.625,0.0725657047611947,-0.000884153485796624
10.626,0.0724888106149171,-0.000880955653385251
10.627,0.0724172307182099,-0.00087711325587192
10.628,0.072338906110816,-0.000870989663295019
10.629,0.07227119179278,-0.000872636418361439
10.63,0.0722077361136269,-0.000878171267351013
10.631,0.0721485836739483,-0.000889008872871633
10.632,0.0721289714936822,-0.000885939448417528
10.633,0.0720887315487916,-0.000890650705959672
10.634,0.0720726430071629,-0.000881283705706726
10.635,0.0720463487549918,-0.000872344011529302
10.636,0.0720402827750728,-0.000850658362990697
10.637,0.0720231744101999,-0.000827854757926905
10.638,0.0720239054459591,-0.000791748072864751
10.639,0.0720833279149284,-0.000737055458279956
10.64,0.0721253595629144,-0.000689697248362042
10.641,0.0721615269586683,-0.000640914904138146
10.642,0.0721830588649536,-0.000595968303549244
10.643,0.0722305279168304,-0.000537505579802644
10.644,0.0722706498327285,-0.000479071423878097
10.645,0.072326795892665,-0.000409443341373772
10.646,0.0723667686403809,-0.000339238002097508
10.647,0.072425104651887,-0.00025784634951459
10.648,0.072469506675127,-0.000183438722083595
10.649,0.0725078738902006,-0.000107728700336818
10.65,0.0725422308984479,-3.3573851960067e-05
10.651,0.0725378215512783,1.18130294202712e-05
10.652,0.0725464084474212,5.08303146402045e-05
10.653,0.0725522701254264,7.96207189854292e-05
10.654,0.0725639000702611,0.00010326737323868
10.655,0.0725445120337687,0.000111557037478616
10.656,0.0725368548654829,0.000121732621459647
10.657,0.0724699852828104,9.32678018352728e-05
10.658,0.072408791339109,5.92968712192499e-05
10.659,0.0723736870889524,2.92267815065195e-05
10.66,0.0723524584504999,6.15813246324093e-06
10.661,0.0723169571331187,-1.94714602956836e-05
10.662,0.0723001238064215,-3.55840508840521e-05
10.663,0.0722755434410468,-5.32243192217785e-05
10.664,0.0722947266722789,-5.74332761800189e-05
10.665,0.0723261910943375,-5.29554711816149e-05
10.666,0.0723420067934746,-5.07688823602193e-05
10.667,0.0723830065022619,-3.86762980738586e-05
10.668,0.0724126238293229,-2.54513076824447e-05
10.669,0.0724584457928527,-1.41619071980514e-06
10.67,0.0724937446491507,2.61917944313628e-05
10.671,0.0725465629062483,6.52416659545629e-05
10.672,0.0725871116879684,9.55886113416793e-05
10.673,0.0726282674823975,0.000128712185391233
10.674,0.0726592930789289,0.000158166989275399
10.675,0.0726942549480741,0.000193884039233427
10.676,0.0727182644349046,0.000227340251835018
10.677,0.0727666382826845,0.000271292385548738
10.678,0.0728115208978487,0.000318973522676624
10.679,0.0728097351538086,0.000336577214403666
10.68,0.0728164083629207,0.000352046593306787
10.681,0.0727680639161264,0.000326833912342062
10.682,0.0727281580354295,0.000295104743839647
10.683,0.0726649181225552,0.000248733078625163
10.684,0.0726605498804829,0.000218836738706873
10.685,0.0726444739764211,0.000190539779477306
10.686,0.0726348694244235,0.000169578480020915
10.687,0.0726169089107232,0.000148092258442478
10.688,0.0726223151941105,0.000140927134625823
10.689,0.0726104776825249,0.0001358364055285
10.69,0.0726129745252297,0.000128690486086935
10.691,0.0726399048087842,0.000130016834546776
10.692,0.0726481937307288,0.000126703012421958
10.693,0.0726808700866409,0.000133311424786342
10.694,0.0726960986770332,0.000138238515865918
10.695,0.0727360698487426,0.000152838271380684
10.696,0.0727704935146379,0.000169165549320449
10.697,0.0728100702516482,0.00019073101166267
10.698,0.0728504443231816,0.000216434765350881
10.699,0.0728787712716099,0.000235917848661227
10.7,0.0728990615876814,0.000255109677044063
10.701,0.0729357349459745,0.000280994040065319
10.702,0.0729620131318463,0.000308343303267455
10.703,0.0730065131407598,0.000348146631266255
10.704,0.0730055244987236,0.000357141298474251
10.705,0.0730137525603132,0.000365713233225151
10.706,0.072997814174724,0.000360937683604068
10.707,0.0729229516523967,0.000316563475380005
10.708,0.0728554322871718,0.000268021230229509
10.709,0.0728479270798053,0.000236769215460897
10.71,0.07282080163999,0.000200761691742823
10.711,0.0727858227103196,0.000161717237772308
10.712,0.0727661887616076,0.000132301667547463
10.713,0.0727455793521348,0.00010455505738638
10.714,0.0727325425333026,8.42818373140708e-05
10.715,0.0727769256658287,8.23821699232341e-05
10.716,0.0728088772981582,7.72697589799254e-05
10.717,0.0728492912227745,7.99415367314649e-05
10.718,0.0728766260317491,8.29265503438092e-05
10.719,0.0729245236378524,9.54313810092033e-05
10.72,0.0729596217606907,0.000110419747253288
10.721,0.0730101222063735,0.000133527362419061
10.722,0.0730513944699979,0.000160441129324895
10.723,0.0731078810710356,0.000195835838473657
10.724,0.0731397437059488,0.000223370764574349
10.725,0.0731591591706202,0.000244411152139468
10.726,0.0731954905511245,0.000271918224649725
10.727,0.0732180557763734,0.000297120135437534
10.728,0.073235966923837,0.000305285464361038
10.729,0.0732572292416291,0.000306737264289147
10.73,0.0732511985540547,0.00029068437733909
10.731,0.0732523254357482,0.000272764443951967
10.732,0.0732505971666119,0.000249721972784001
10.733,0.0731885581848514,0.000192417296187408
10.734,0.0731373669191784,0.000134127142310703
10.735,0.0731460435320587,9.42181778670892e-05
10.736,0.0731412250292362,5.21576102112675e-05
10.737,0.07313778262084,1.1478472722648e-05
10.738,0.0731253259841648,-2.64406934215589e-05
10.739,0.073104938941917,-6.362233015339e-05
10.74,0.0731269086455314,-8.8737439448261e-05
10.741,0.0731482468649628,-0.000112620140161002
10.742,0.0731582091479721,-0.000139803680289874
10.743,0.07316389928005,-0.000165531569773947
10.744,0.0731990402099741,-0.000180138657531359
10.745,0.0732208584704088,-0.000194325658057326
10.746,0.0732377704769953,-0.00020932796310108
10.747,0.0732399515794802,-0.00022783779326857
10.748,0.0732408487105131,-0.000245511082919814
10.749,0.0732307629369796,-0.000262090797005288
10.75,0.0732540856516231,-0.000265066788351032
10.751,0.0732623537624644,-0.00026483268766847
10.752,0.0732918103861231,-0.000254137366946849
10.753,0.0733209235726294,-0.000240448268360061
10.754,0.0733301516946902,-0.000232510803069297
10.755,0.0733771689427078,-0.000211732437542189
10.756,0.073418339855016,-0.000193353477994762
10.757,0.0734642349055402,-0.000168249248414631
10.758,0.0735039631548799,-0.000144039560513787
10.759,0.073546110446536,-0.000113041164946148
10.76,0.0735826996356206,-8.24194365998121e-05
10.761,0.0736270204691744,-4.50990013126096e-05
10.762,0.0736332190982618,-3.23727019928555e-05
10.763,0.0735888360870089,-5.8533369286129e-05
10.764,0.073548879277642,-9.20025838317962e-05
10.765,0.0735032670516434,-0.000135338092637383
10.766,0.0734642461904923,-0.00017972331564553
10.767,0.0734287327074793,-0.000225290774658271
10.768,0.0734136044171812,-0.000258874379909901
10.769,0.0733933277789736,-0.000289878417942036
10.77,0.0733723735347792,-0.00031734111842302
10.771,0.0733375315913277,-0.000342452685111683
10.772,0.073340203480018,-0.000360197819545327
10.773,0.0733559325645342,-0.000372386003632263
10.774,0.073358748753155,-0.000387631875256311
10.775,0.0733873157404341,-0.000393576577297494
10.776,0.0734019308116891,-0.000398653127222481
10.777,0.0734353916020002,-0.000395149300634889
10.778,0.0734607587673838,-0.000392384624788744
10.779,0.0734900759941831,-0.000381364356864422
10.78,0.0735156090772365,-0.000370116718971858
10.781,0.0735361655762606,-0.000352467706912274
10.782,0.0735541062554365,-0.000340875464059309
10.783,0.073576296611943,-0.000325377887842093
10.784,0.0735880110179387,-0.0003115961785356
10.785,0.0736200769117754,-0.000286442378985341
10.786,0.0736430034242273,-0.000259991091282941
10.787,0.073685837717262,-0.000222165271877406
10.788,0.0736888240717644,-0.000209577633289715
10.789,0.0737045028654916,-0.000198618148346152
10.79,0.0737034462640928,-0.000199304146524693
10.791,0.0736402948785387,-0.000237069241521559
10.792,0.0735855159444273,-0.000278306009960816
10.793,0.0735312460920856,-0.000325567199872923
10.794,0.0735254969612895,-0.000359172960673892
10.795,0.0735066828925739,-0.000394050300541571
10.796,0.0734775983495917,-0.000432111588782036
10.797,0.0734674604567252,-0.000462027396789744
10.798,0.0734430344313554,-0.000491071604260152
10.799,0.0734582821010439,-0.000509612794997838
10.8,0.0734795319235291,-0.000521617578014166
10.801,0.0734904944258049,-0.000535920559531666
10.802,0.0735091919814866,-0.000541211546217002
10.803,0.0735253064141532,-0.000547969250764391
10.804,0.0735537003557689,-0.000542704483612821
10.805,0.0735778093932336,-0.000534641907219302
10.806,0.0735926465638969,-0.000523917051368894
10.807,0.073631764501638,-0.000500118398439331
10.808,0.0736489620706306,-0.000484522920105868
10.809,0.0736593731308475,-0.000474552861191135
10.81,0.0736913521080545,-0.00045182977326369
10.811,0.0737135064095342,-0.000431379605882021
10.812,0.0737446935127115,-0.000406030737552909
10.813,0.0737760661439025,-0.000378732227858558
10.814,0.0738125682257954,-0.000342894971501639
10.815,0.0738434042045993,-0.000307287060236916
10.816,0.0738776773985519,-0.000265176949798052
10.817,0.0738709513444337,-0.000248808372476705
10.818,0.0738024538084923,-0.000275359388977825
10.819,0.073746694175519,-0.000306557552855302
10.82,0.0736923460964708,-0.000344861958802511
10.821,0.0736359814914783,-0.00038862514720156
10.822,0.0736040932494778,-0.000425085258936475
10.823,0.0735936617664706,-0.000450173423469369
10.824,0.073568013042558,-0.000475101973828218
10.825,0.0735654259078437,-0.000489098914412234
10.826,0.0735477122072397,-0.000500439657514284
10.827,0.0735712801553939,-0.000502350254947492
10.828,0.0735974548265257,-0.000502115765778799
10.829,0.0736107807116677,-0.000506460242988394
10.83,0.0736439954932993,-0.00049978870516787
10.831,0.0736668295932062,-0.000495046824785517
10.832,0.0737055988446149,-0.000481585383999839
10.833,0.0737356850743232,-0.000464935052202797
10.834,0.0737608797778367,-0.000449141049704671
10.835,0.0737929322995561,-0.000422985028075751
10.836,0.0738185654063033,-0.000402618008898292
10.837,0.073839761759656,-0.000381112103535863
10.838,0.0738651405121825,-0.000356255205210432
10.839,0.0738769375279816,-0.00032992454434666
10.84,0.0738996956256892,-0.000310195645055467
10.841,0.0738955482408034,-0.000308378924624653
10.842,0.0739057583054773,-0.000307343698217555
10.843,0.073886919814811,-0.000318446937285555
10.844,0.0738257201431762,-0.000361874718666333
10.845,0.0738100315863277,-0.000389232674199047
10.846,0.0737763577671092,-0.000421916239725817
10.847,0.0737449829178791,-0.000454151657055646
10.848,0.0737121272910911,-0.000482280819764036
10.849,0.0737105904108051,-0.000497164389137772
10.85,0.0736999978859837,-0.000512223400734702
10.851,0.0737346767923743,-0.0005102869702307
10.852,0.0737686444667502,-0.00050763087050687
10.853,0.0737955330832983,-0.000503480440064985
10.854,0.0738417924469884,-0.000489081589784279
10.855,0.0738776585691106,-0.000472654215992518
10.856,0.0739287750242479,-0.000445566039113887
10.857,0.0739716919317192,-0.000416226077829929
10.858,0.074007438661007,-0.000383844952828172
10.859,0.0740305735446325,-0.000359251560515694
10.86,0.0740506109811213,-0.00033311913049433
10.861,0.0740329668491601,-0.00033556112185773
10.862,0.0740217808298488,-0.000341985858693772
10.863,0.0739990838416396,-0.000359946685009493
10.864,0.0739875516907702,-0.000378719616788203
10.865,0.0739617678057359,-0.00040687831809616
10.866,0.0739487769695183,-0.000432470107369964
10.867,0.0739569827045485,-0.000448052917027431
10.868,0.0739517254070373,-0.00046504774663475
10.869,0.0739665356538664,-0.000472621582837285
10.87,0.0739714779048229,-0.000478330106492231
10.871,0.0739786041409271,-0.00048486952964294
10.872,0.0740012622789386,-0.000481818752122221
10.873,0.0740106902569,-0.000481454473852005
10.874,0.0740357416174846,-0.00047119887920527
10.875,0.074061327200674,-0.000458655665851515
10.876,0.0740783547389093,-0.000449997600698304
10.877,0.0741097689528426,-0.000430122835951452
10.878,0.0741273413784092,-0.00040965120044828
10.879,0.0741669059514791,-0.000379499006550432
10.88,0.0742039041160844,-0.000346883809678677
10.881,0.0741910234947298,-0.000337862928674382
10.882,0.0741253240045866,-0.000364101400801453
10.883,0.0740705250628654,-0.000394642290715175
10.884,0.0740227425475382,-0.000429354568453333
10.885,0.0740191500929861,-0.000450609740278107
10.886,0.0740085560922241,-0.000470102104475456
10.887,0.0739901694032728,-0.000490203116608245
10.888,0.0740169799387731,-0.000493993693048922
10.889,0.0740389134782678,-0.000496448880208111
10.89,0.0740496744861776,-0.000499705097220526
10.891,0.0740919381143493,-0.000489360727186194
10.892,0.0741239702787158,-0.00047662078570776
10.893,0.0741691949216534,-0.000454831577762715
10.894,0.0742082770921141,-0.000429560249644523
10.895,0.074233809673184,-0.000411451854952227
10.896,0.0742588972373355,-0.00039071049679984
10.897,0.0742724833984221,-0.000373413614678964
10.898,0.0742869088461497,-0.000363834314311529
10.899,0.07427084410958,-0.000375500485163272
10.9,0.0742592811257091,-0.000388413200370974
10.901,0.0742422694240824,-0.000407912354326689
10.902,0.0742303617626108,-0.000431028118738908
10.903,0.0742411563431176,-0.000442278853231115
10.904,0.0742386831895438,-0.000453888323827756
10.905,0.074253624207028,-0.000454306868947929
10.906,0.07425464426652,-0.000446359777111327
10.907,0.0742606029809487,-0.000424979225570277
10.908,0.0742548674373938,-0.00040667569974534
10.909,0.0742874161586108,-0.000371445512962698
10.91,0.0742977286732183,-0.000342370180070328
10.911,0.0743269015345338,-0.000302983638382326
10.912,0.0743449820754654,-0.000264990190073533
10.913,0.0743725281042587,-0.000220363792313494
10.914,0.0743886233006281,-0.000177160756758221
10.915,0.0744231726369279,-0.000123827571312241
10.916,0.0744420679963191,-7.33753237772694e-05
10.917,0.0744812567282647,-1.17110906976414e-05
10.918,0.0745101508437427,4.94744364186173e-05
10.919,0.0745500655624168,0.000118548586239275
10.92,0.0745713589931984,0.000176534961492447
10.921,0.0746124206513344,0.000242242746553212
10.922,0.0746395778502055,0.000304064329010256
10.923,0.0746809229244325,0.000373862513283196
10.924,0.0747114918468864,0.000441935036602115
10.925,0.0747189017604757,0.000486387478792538
10.926,0.0747336815612371,0.000521519961470984
10.927,0.0747227270575541,0.000537866721733282
10.928,0.0747171365111809,0.000549422263521615
10.929,0.0746770043057271,0.000528327877285073
10.93,0.0746204141836573,0.000490653080228942
10.931,0.0745673551734765,0.000447323113449305
10.932,0.0745118373075582,0.000397419844642755
10.933,0.0744598607400203,0.000344603052575554
10.934,0.0744247442816141,0.000295386168570055
10.935,0.0744033917570416,0.000253452206976479
10.936,0.074441770673144,0.000230151369211729
10.937,0.0744628360234133,0.000203714852724801
10.938,0.0745031438978928,0.000185280163730428
10.939,0.0745303501696744,0.000166551272414939
10.94,0.0745758879587021,0.000157476110623667
10.941,0.0746113716081018,0.00015007927728089
10.942,0.0746621482110528,0.000151037588873248
10.943,0.0747041196604242,0.000155522325081092
10.944,0.0747588482822821,0.000167791362344072
10.945,0.0747958340133179,0.000174222259995749
10.946,0.0748209444213885,0.000177632591649712
10.947,0.0748118995063416,0.000156802895111607
10.948,0.0748088379447378,0.000130856546925573
10.949,0.0747955549006087,9.53867153026255e-05
10.95,0.07478977580968,5.91436571664716e-05
10.951,0.0747711198626859,1.52789396101194e-05
10.952,0.0747060425161588,-5.81171369198885e-05
10.953,0.0746950571367157,-0.000114471494793544
10.954,0.0746675845319454,-0.000173295627173164
10.955,0.0746661399864882,-0.000220894600346855
10.956,0.0746549294005099,-0.000267110581436802
10.957,0.0746595953759709,-0.000304539850513652
10.958,0.0746553099328378,-0.000340076775681264
10.959,0.0746658445607703,-0.000365799784906862
10.96,0.0746994578386948,-0.000384571528156019
10.961,0.0747311811388133,-0.000400210586365357
10.962,0.0747536971921672,-0.00041794384961974
10.963,0.0747945389744804,-0.000423659614989969
10.964,0.0748306981838468,-0.000429393765727093
10.965,0.074874558362941,-0.000425420582077396
10.966,0.07491059502727,-0.000421029620990221
10.967,0.074940207626602,-0.000420434376613932
10.968,0.0749615290641118,-0.000418179981826916
10.969,0.0749808964182809,-0.000412978871955627
10.97,0.0749587487652202,-0.000430130571775655
10.971,0.0749467040454935,-0.000447767016241774
10.972,0.074930231811868,-0.000470052107842789
10.973,0.0749159444572661,-0.000493081281040419
10.974,0.0749251718918495,-0.000503891704209503
10.975,0.0749316338987027,-0.000509913485245928
10.976,0.0749392508656375,-0.000514815099224686
10.977,0.074963378893695,-0.000508046653322936
10.978,0.074975071800103,-0.000501642661076829
10.979,0.0749882543564771,-0.00048971571937706
10.98,0.0749946551657466,-0.000477845702771207
10.981,0.0749998610056673,-0.000466763397162673
10.982,0.0750292485157954,-0.000444552071947157
10.983,0.0750471927882788,-0.000422424001321198
10.984,0.0750708189919221,-0.000393920045814178
10.985,0.0750519601087349,-0.000391418099930207
10.986,0.0750464659818849,-0.000391524246927843
10.987,0.0750337208861439,-0.000399610202152345
10.988,0.0750251860778341,-0.000410103191965716
10.989,0.0750106002558452,-0.00042555138920336
10.99,0.0749941307010438,-0.000448383931272334
10.991,0.0750018146277981,-0.000461515132909374
10.992,0.0749980047398993,-0.000479735489874344
10.993,0.0750070870718046,-0.000490047447813668
10.994,0.0750031177504786,-0.000504241122645743
10.995,0.0750188913452352,-0.000510330292445016
10.996,0.075028378114116,-0.000515530659614127
10.997,0.0750435062183206,-0.000516598482476316
10.998,0.0750471484753403,-0.00052354735903043
10.999,0.0750796395376341,-0.000517785953241368
11,0.0751010800857038,-0.000513546572684209
11.001,0.0751399638990762,-0.000501826825531348
11.002,0.0751731419320551,-0.000487964004923735
11.003,0.0752144660182648,-0.000467280848076734
11.004,0.0752457587746557,-0.000444296935434851
11.005,0.0752573627998695,-0.000437157883031392
11.006,0.0752624923053463,-0.000436882587813159
11.007,0.0752158780904981,-0.00047334780289926
11.008,0.0751752761360051,-0.000515734428162051
11.009,0.0751511862828326,-0.000557689744468515
11.01,0.0751401158552066,-0.000591927782812141
11.011,0.0751253444192296,-0.000627987746968872
11.012,0.0751111284556718,-0.000660490155621085
11.013,0.0750945717993177,-0.000692856535051523
11.014,0.0750797323300391,-0.000718196099433077
11.015,0.0750612258909949,-0.000744176036422572
11.016,0.0750949819381825,-0.000754149934364401
11.017,0.0751225614320722,-0.00076164757393371
11.018,0.0751466436995197,-0.000769641024722878
11.019,0.0751619076900146,-0.000776191907134793
11.02,0.0751927013791967,-0.000773060186370356
11.021,0.0752131474780075,-0.000770289692920256
11.022,0.0752491512219052,-0.000759474118836867
11.023,0.075275839132995,-0.00074573662356292
11.024,0.0753200515868172,-0.000723225359231139
11.025,0.0753607741596386,-0.000695899058128779
11.026,0.0753839447241723,-0.000677962547143529
11.027,0.0754136659434608,-0.000656992239667753
11.028,0.075431135269446,-0.000641988556824902
11.029,0.0754643617977162,-0.000618891520417164
11.03,0.0754894968095734,-0.000600066672478361
11.031,0.0755190907833446,-0.000575533962633046
11.032,0.0755462847837444,-0.000552046044186238
11.033,0.0755746358513616,-0.000524576972306623
11.034,0.0755946480834565,-0.000498596726509037
11.035,0.0755579117708428,-0.000514658372083032
11.036,0.0755321552104219,-0.00053573800411244
11.037,0.075489447528603,-0.000572249288953441
11.038,0.0754971918390569,-0.000592321782424465
11.039,0.075494672143689,-0.000614162363179627
11.04,0.0754996818207836,-0.000631916457424775
11.041,0.0755021813609167,-0.000647470279977025
11.042,0.0755061178758318,-0.000659386359988356
11.043,0.0755224693820253,-0.000670053244160973
11.044,0.0755509735259724,-0.000675232241272083
11.045,0.0755669288790819,-0.00068535052195412
11.046,0.0755909088388409,-0.000692315017690848
11.047,0.0756023967231225,-0.000703289128885232
11.048,0.075632747902513,-0.000707533683234951
11.049,0.0756530106462947,-0.000713669590179544
11.05,0.075666663177454,-0.0007271069646409
11.051,0.0756835485543383,-0.000738899204232646
11.052,0.075691849150179,-0.000754040909023368
11.053,0.0757131014068486,-0.000763634454753137
11.054,0.0757257554070878,-0.000775578926344833
11.055,0.0757457809651596,-0.000784463590054629
11.056,0.0757580067705953,-0.000795656299540148
11.057,0.075762366976847,-0.000816099024730343
11.058,0.0757838935980023,-0.000831538188709902
11.059,0.0757951975583696,-0.000852699207960161
11.06,0.0758069140718905,-0.00087507459241809
11.061,0.075816694378139,-0.000898410630106261
11.062,0.0758236801495694,-0.000922723315685325
11.063,0.0758488774297833,-0.000939446354992435
11.064,0.075863573195764,-0.000963292403439953
11.065,0.0758867003289736,-0.000985005396789529
11.066,0.0759020129836252,-0.0010099615164425
11.067,0.0759292616372973,-0.00102981277823982
11.068,0.0759483467348487,-0.00105171931298503
11.069,0.0759795323756145,-0.0010683595349793
11.07,0.0760049529718809,-0.0010859848318116
11.071,0.0760358339637006,-0.00109964062772816
11.072,0.0760653089693144,-0.00111226971041767
11.073,0.0760981729385271,-0.00112160171647602
11.074,0.0761182547498852,-0.00113944056849574
11.075,0.076130182548898,-0.00116155839625715
11.076,0.0761439737727442,-0.00118293751315807
11.077,0.0761499159550718,-0.00120677190100571
11.078,0.076172183968497,-0.00122290718680756
11.079,0.0761878627463763,-0.00124038416932482
11.08,0.0761970903599786,-0.00126289674574309
11.081,0.0762213167354871,-0.00127923656060308
11.082,0.0762393678072593,-0.00129637130844223
11.083,0.0762620823891069,-0.00130939932663754
11.084,0.0762809204026131,-0.00132137463460369
11.085,0.0763031298708842,-0.00132929806700327
11.086,0.0763225039657772,-0.00133567473263374
11.087,0.076344730317598,-0.00133824809948618
11.088,0.0763541404817522,-0.00134731263817794
11.089,0.0763635496349669,-0.0013566010323941
11.09,0.0763625413325708,-0.00136997432870084
11.091,0.0763554263343953,-0.00138911300397054
11.092,0.0763708404842695,-0.00139970129073924
11.093,0.0763799662390808,-0.0014122732972584
11.094,0.0763929454967989,-0.00142238479718165
11.095,0.076403182998795,-0.00143260943821483
11.096,0.0764058072573367,-0.00144891985876172
11.097,0.0764284938321554,-0.00145866307544912
11.098,0.0764426481017748,-0.00147219258262016
11.099,0.0764627982037259,-0.00148273301853813
11.1,0.0764742496730429,-0.0014987311337773
11.101,0.0765009683361177,-0.00150829198208108
11.102,0.0765243169398435,-0.00151698160252822
11.103,0.0765538826407102,-0.00151733364417828
11.104,0.0765858634127642,-0.00150554326695646
11.105,0.0766158372490993,-0.00148545883335921
11.106,0.0766495424589507,-0.0014415836402546
11.107,0.0766924129500242,-0.00138050045007604
11.108,0.0767001967188059,-0.00133864699942704
11.109,0.0767203112965786,-0.00129854396797424
11.11,0.0767174994236729,-0.00126979476412847
11.111,0.0767122761197893,-0.00124051571295836
11.112,0.0767003656347561,-0.00121457220764387
11.113,0.0766890857518129,-0.00118723041265129
11.114,0.0766705969301631,-0.00116185737712654
11.115,0.0766531921501926,-0.00113494597311004
11.116,0.0766290503515301,-0.00110850654742567
11.117,0.0766064289954767,-0.00108004101564974
11.118,0.0765721388037024,-0.00106539356089175
11.119,0.0765059785387304,-0.00106654354538466
11.12,0.0764458664625407,-0.00106682935816826
11.121,0.0763666820966294,-0.00107408822385824
11.122,0.0762924047972996,-0.001077894216441
11.123,0.0762139918330506,-0.00108079727210525
11.124,0.0761364044619758,-0.00107925527957731
11.125,0.0760439907300341,-0.00108051714745372
11.126,0.0760133784672469,-0.00106426218037958
11.127,0.0760108655213985,-0.00103791559823008
11.128,0.0759819748399657,-0.0010205027240211
11.129,0.0759798612857387,-0.000988877987271763
11.13,0.0759656472269215,-0.000959627504652671
11.131,0.0759717315934686,-0.000917604871226274
11.132,0.0759594088012638,-0.000877915045407573
11.133,0.0759649647200709,-0.000825235377520828
11.134,0.0759534824522568,-0.000773044058453021
11.135,0.0759789236466364,-0.000710865787888537
11.136,0.0760164129208292,-0.000638872693956349
11.137,0.0760478257023897,-0.00056739570754244
11.138,0.0760962683012054,-0.000483240367811277
11.139,0.0761341971464341,-0.000396819447832653
11.14,0.0761612819402697,-0.000309604174865974
11.141,0.0762011052919657,-0.000230375623202606
11.142,0.0761848652237369,-0.000195656386111076
11.143,0.0761564445848198,-0.000180292251142022
11.144,0.0761338783452872,-0.000171488846428813
11.145,0.076087019287953,-0.000180853960262073
11.146,0.0760487574906329,-0.000190622263428974
11.147,0.0760119885275178,-0.000206454192503813
11.148,0.0759680660145516,-0.000225360977360867
11.149,0.0759728130307668,-0.000227967627124681
11.15,0.0759599935951042,-0.000233877503761304
11.151,0.0759516019030197,-0.000240254220349179
11.152,0.0759718541012962,-0.000234685874462515
11.153,0.0759707880651251,-0.000233246678752352
11.154,0.0759823182374277,-0.000224744537037413
11.155,0.0759870402426486,-0.000218623027382792
11.156,0.0760157728480392,-0.000197325511048507
11.157,0.0760290062395771,-0.000175744308573367
11.158,0.0760629957905669,-0.000141539510260857
11.159,0.0760829758772574,-0.000118772748964935
11.16,0.076121675766034,-8.64127831539663e-05
11.161,0.0761434199388008,-5.90814651876825e-05
11.162,0.0761869785993544,-2.35032412848057e-05
11.163,0.0762156294180374,1.08665974475342e-05
11.164,0.076257617973055,5.52750081012632e-05
11.165,0.0762847118158329,9.94343219766769e-05
11.166,0.0763285659358756,0.000151373604737159
11.167,0.0763549303663806,0.000205777285777642
11.168,0.0763103888906982,0.000210374617886588
11.169,0.07628017735657,0.000207878957031338
11.17,0.0762367109623833,0.000190753562800294
11.171,0.0762052812554001,0.000170983563261728
11.172,0.0761793345549724,0.000152264212151421
11.173,0.0761729478987907,0.000146150297360259
11.174,0.0761523199306449,0.000139443865380118
11.175,0.0761654763950074,0.000139237722444008
11.176,0.0761801854950373,0.000141742020145941
11.177,0.0761788523169471,0.000140077374089886
11.178,0.0762081435695593,0.000150395743621579
11.179,0.0762222504751418,0.000160811701240937
11.18,0.0762532830613682,0.000178524814432646
11.181,0.0762653484744768,0.000197392612416414
11.182,0.0762760836056182,0.000212610939658686
11.183,0.0763066750622155,0.000236947340309157
11.184,0.076327781004995,0.000259855773927509
11.185,0.0763688939394075,0.000291816158819735
11.186,0.0764027174338905,0.000327793216269134
11.187,0.0763899137346119,0.000333363517794727
11.188,0.0763886632927845,0.00033778089832015
11.189,0.0763602918825446,0.000314272979729302
11.19,0.0763161238052832,0.000276526540791022
11.191,0.0762776978985825,0.000234320183075176
11.192,0.0762622030656863,0.000198589979968578
11.193,0.0762512052957045,0.0001675728023115
11.194,0.0762403673473341,0.00013936226080058
11.195,0.0762594499116492,0.000120511208307805
11.196,0.0762893935081263,0.000108594184676292
11.197,0.0763122679951166,9.46840994995313e-05
11.198,0.0763413596192245,8.83717531273698e-05
11.199,0.0763534046811513,8.11112673608227e-05
11.2,0.0763912552136692,8.56661922752355e-05
11.201,0.0764155571646992,8.24874626076388e-05
11.202,0.0764322822613704,7.94299640961005e-05
11.203,0.0764361346897961,7.1446138277087e-05
11.204,0.0764636711956294,7.68637085230006e-05
11.205,0.0764858411208543,8.23442216616455e-05
11.206,0.0764938798842784,8.71894256134764e-05
11.207,0.0765028898287004,8.99771845901398e-05
11.208,0.0765271252774396,0.000102059739350457
11.209,0.0765463009119376,0.00011284837200165
11.21,0.076570975057826,0.000131921527530887
11.211,0.0765863649181853,0.00015137583267405
11.212,0.0766177715068959,0.000180198335698101
11.213,0.0766461983985942,0.000204958341980699
11.214,0.0766911361993767,0.000240192036798925
11.215,0.0766832679370323,0.000238571481656791
11.216,0.0766839352515178,0.000234169000171036
11.217,0.0766755116866322,0.000217389640084442
11.218,0.0766693211211337,0.000200884439323035
11.219,0.0766219906538539,0.00015312774259324
11.22,0.0765794231909573,0.000101688404880507
11.221,0.0765622823507473,5.56045692410856e-05
11.222,0.0765607206974228,1.88591150199202e-05
11.223,0.0765546114572033,-1.64657314427052e-05
11.224,0.0765497984338628,-4.60817868252472e-05
11.225,0.076529316994251,-7.65393088073552e-05
11.226,0.0765297014103325,-0.000106507886343643
11.227,0.076545908278689,-0.000128759183021077
11.228,0.0765451647758538,-0.000156427781043689
11.229,0.0765709657985189,-0.000174224631066755
11.23,0.076582928650953,-0.000192864009543658
11.231,0.0766079107807534,-0.000202921353038732
11.232,0.0766163779806187,-0.000211820780389449
11.233,0.0766465170840786,-0.000209870831422376
11.234,0.0766681025607578,-0.00021426383078943
11.235,0.0767016049474812,-0.000211357604439522
11.236,0.0767269872617132,-0.000210799682992702
11.237,0.0767618593237681,-0.000200954174976009
11.238,0.0767836860425102,-0.000191158649963941
11.239,0.076826003700631,-0.000171096345969846
11.24,0.076869861183111,-0.00014721517202182
11.241,0.0769181741336903,-0.000118482876190429
11.242,0.0769526851345562,-9.68239508948865e-05
11.243,0.0769819358849636,-7.73839526571618e-05
11.244,0.0770128549414908,-5.29995632714275e-05
11.245,0.0770347959375225,-2.96870935360127e-05
11.246,0.0770764856777078,1.06809294542209e-06
11.247,0.077104779803921,3.39462801132728e-05
11.248,0.0771186811533163,5.03631683089201e-05
11.249,0.0770792423281222,2.9483334967606e-05
11.25,0.0770544619941292,3.34044254413079e-06
11.251,0.0770101950652563,-3.90460713523e-05
11.252,0.0769718248909543,-8.15746984079713e-05
11.253,0.0769428189818075,-0.000123379397123202
11.254,0.076929944849993,-0.000154181957001454
11.255,0.0769235778451612,-0.000179734172262358
11.256,0.0769530855092446,-0.000191514110054913
11.257,0.0769632708372575,-0.000210516837151009
11.258,0.0769899393142077,-0.000224841627168904
11.259,0.0770015321728546,-0.000241298841857585
11.26,0.0770284383565365,-0.00024760757708242
11.261,0.0770527612845484,-0.000252199532536523
11.262,0.0770881821423392,-0.000248295135959198
11.263,0.0771146090104306,-0.000243194370187383
11.264,0.077133570860079,-0.000245111357472294
11.265,0.0771649196197017,-0.000239233788559834
11.266,0.0771831836337132,-0.000235264647235445
11.267,0.0771977547360942,-0.000232670332379503
11.268,0.0772272354519265,-0.000218963470749844
11.269,0.0772504712736048,-0.000205328872355914
11.27,0.0772846736088116,-0.000184702367411638
11.271,0.0773092161162863,-0.000160783170065293
11.272,0.0773474319321639,-0.000126866631452616
11.273,0.0773714978944033,-0.000102047946175743
11.274,0.0773975925722591,-8.8228916340638e-05
11.275,0.0773876854243681,-0.000102253270905572
11.276,0.0773688082350339,-0.000124610238850464
11.277,0.0773608919375976,-0.000149914557149466
11.278,0.0773294426389318,-0.000184678927031612
11.279,0.0773327238511511,-0.000207794987675258
11.28,0.077318363469281,-0.000231835554791004
11.281,0.0773115302783447,-0.000258612004619685
11.282,0.0773268391928692,-0.000274649480864753
11.283,0.0773317831496053,-0.000293975859312512
11.284,0.0773535854649176,-0.000302427468538757
11.285,0.0773680512665067,-0.000311022898328017
11.286,0.0773895097153347,-0.000311212497277613
11.287,0.077401446454021,-0.000311354835991096
11.288,0.0774317260679301,-0.000301754476116023
11.289,0.0774424569541151,-0.000299464088719115
11.29,0.0774757134970775,-0.000287202150185628
11.291,0.0774996333259888,-0.000278771389638388
11.292,0.0775246875164514,-0.000266624616554523
11.293,0.0775420529015727,-0.000255619374713467
11.294,0.0775710124762901,-0.000234224131345828
11.295,0.0776151701715015,-0.000203846840390376
11.296,0.0776641140555532,-0.000168382815119716
11.297,0.0776940701215135,-0.00013688139254403
11.298,0.077669749275445,-0.000142594602338675
11.299,0.0776583900918971,-0.000152064970952992
11.3,0.0776446218794695,-0.000169332308600501
11.301,0.077638616721623,-0.000188991454502185
11.302,0.0776259487168242,-0.000215960452337738
11.303,0.0776385110456888,-0.000229984924429716
11.304,0.0776284247259048,-0.000254015509384253
11.305,0.0776651602768682,-0.000262216614526689
11.306,0.077685823472415,-0.000273706788622541
11.307,0.0777131574739044,-0.000282226736751434
11.308,0.0777323381254082,-0.000288093954337265
11.309,0.0777384796373777,-0.000294508306418917
11.31,0.077744102694371,-0.000304894480701479
11.311,0.0777688057654128,-0.000304051145884776
11.312,0.0777823297354592,-0.000304498105042739
11.313,0.0777964442535067,-0.000303137241279339
11.314,0.0778100147920466,-0.000295854412412588
11.315,0.0778374437989932,-0.000281238053032318
11.316,0.0778544437086303,-0.000271747509595632
11.317,0.0778870706703997,-0.000252278656236837
11.318,0.0779027450953274,-0.000235808701624041
11.319,0.0779398807942537,-0.000208930119622086
11.32,0.0779342729592782,-0.00020958744786137
11.321,0.0779385898636807,-0.00021240802520972
11.322,0.0779088199074991,-0.00024471500037454
11.323,0.077878758330116,-0.000281486998666813
11.324,0.077882959335846,-0.000306239839156563
11.325,0.0778797393227443,-0.000332180044106345
11.326,0.077870733009684,-0.00035417880738331
11.327,0.0778571206358196,-0.000376764333432922
11.328,0.0778742278798065,-0.000390760075202112
11.329,0.0778859041012371,-0.000402450282377731
11.33,0.0778842973901544,-0.000418587116456204
11.331,0.0779043971791637,-0.000422314738480534
11.332,0.0779115677726695,-0.000428368196472462
11.333,0.0779388112083586,-0.000424172851459237
11.334,0.0779515455462886,-0.000417746036939837
11.335,0.0779616084321386,-0.000415295726399867
11.336,0.0779903213663541,-0.000402579482747023
11.337,0.0780119101724126,-0.000391432524479762
11.338,0.0780404066813964,-0.000371133396978862
11.339,0.0780597565475082,-0.000350432034256942
11.34,0.0780962181298479,-0.00032018512434534
11.341,0.0781341136305188,-0.000285783539324513
11.342,0.0781097295882065,-0.000295149563237507
11.343,0.0780968785382454,-0.000310683594882788
11.344,0.0780516227978171,-0.000344169812185102
11.345,0.078016533933907,-0.000378121362857198
11.346,0.0780171657125175,-0.000400240709632238
11.347,0.078003471344588,-0.000423869240110453
11.348,0.0780007736139207,-0.000440852760876742
11.349,0.0780444664591692,-0.000439947627330073
11.35,0.07807422766474,-0.000443341330171876
11.351,0.0780981686945294,-0.000447529539890468
11.352,0.0781297629336157,-0.000443945465815054
11.353,0.0781514094615407,-0.000441404085999575
11.354,0.0781910198284953,-0.000429431742382691
11.355,0.0782229603586843,-0.000414116548148769
11.356,0.0782617878027409,-0.000393502951616276
11.357,0.0782782836148957,-0.000381611368271584
11.358,0.0783048901733002,-0.000364855522290652
11.359,0.0783214315672683,-0.000352327260001617
11.36,0.0783413130242083,-0.0003356076232367
11.361,0.0783138885164547,-0.00034654239394416
11.362,0.0783006174330577,-0.000360471041262744
11.363,0.0782727142146309,-0.0003799470207278
11.364,0.0782547128893896,-0.000398609149318663
11.365,0.0782587648579497,-0.000415680983719247
11.366,0.078279470723833,-0.000423550348451929
11.367,0.0782831088813958,-0.000433296886982404
11.368,0.0782796442493585,-0.000445592706941778
11.369,0.078299437014828,-0.00044475424444651
11.37,0.0783145533686903,-0.000444447095730161
11.371,0.0783285405948402,-0.000436336966559814
11.372,0.0783323641617119,-0.000437730295813066
11.373,0.078351156244243,-0.00043122232449061
11.374,0.0783570063952538,-0.000428196993994157
11.375,0.0783873733084891,-0.000414397494078567
11.376,0.0784029201670418,-0.000401497404987516
11.377,0.0784354313966185,-0.00038000822160289
11.378,0.0784582704552342,-0.000356830220112403
11.379,0.078479503534953,-0.000331814686508392
11.38,0.0784924433111352,-0.000311525595097728
11.381,0.0784962467062096,-0.000305582345358046
11.382,0.0785064603042776,-0.00030838524205179
11.383,0.0784955849639729,-0.000327595413587289
11.384,0.078477242718494,-0.000351200158995757
11.385,0.0784542907639184,-0.000381602260444425
11.386,0.0784691560629584,-0.00039579274191448
11.387,0.0784586209669113,-0.000421309979631079
11.388,0.0784910399034516,-0.000433024606107613
11.389,0.0785068021396145,-0.000448696374080959
11.39,0.0785291524976988,-0.000460484786528437
11.391,0.0785409995801763,-0.00047267628078701
11.392,0.0785665595742041,-0.000474778068215886
11.393,0.0785744668119637,-0.000478288378713998
11.394,0.0785802360589921,-0.000486651319043185
11.395,0.0785896886753451,-0.000489476983515147
11.396,0.0785902935200806,-0.000492883121140264
11.397,0.0786171324036133,-0.000485536120347518
11.398,0.0786447723806175,-0.000471821689619734
11.399,0.0786678728072352,-0.000457591400036872
11.4,0.0786934659738882,-0.000437023872921993
11.401,0.0787090377079953,-0.000423840045259527
11.402,0.0787437002655582,-0.000399287583634389
11.403,0.0787634028592358,-0.000378024089399409
11.404,0.0788010580162332,-0.000346998214775907
11.405,0.0788233316486444,-0.000311211585173832
11.406,0.0788082400730042,-0.000290885531275653
11.407,0.0787888076298139,-0.000266608245325761
11.408,0.0787596379871168,-0.000250273819549895
11.409,0.0787709148665014,-0.000215382985477908
11.41,0.0787836121957821,-0.000177395445537742
11.411,0.078791439483259,-0.000138194215514198
11.412,0.0788014246180198,-9.47565748404267e-05
11.413,0.0788030158755811,-5.12645398404454e-05
11.414,0.078828658227365,5.26675673062638e-06
11.415,0.0788401024501406,5.9538771800427e-05
11.416,0.0788708878767384,0.000125633814957282
11.417,0.0788941037385329,0.000192731778538513
11.418,0.0789240272206223,0.00026670879977625
11.419,0.0789309026348388,0.000325857070890057
11.42,0.0789729419493307,0.00039753784719021
11.421,0.078997309496903,0.000462160347623752
11.422,0.0790389462053076,0.00053465270403219
11.423,0.0790147599624865,0.000563386956465073
11.424,0.0789983236118126,0.000584440124031971
11.425,0.078974122816259,0.000593159605931537
11.426,0.0789525103733253,0.000595202797614602
11.427,0.0789261635768561,0.000576724632401326
11.428,0.0788723543177773,0.000537084259269793
11.429,0.078821310905731,0.000492230765089363
11.43,0.0788143843406929,0.000462263762819826
11.431,0.0788023217122465,0.000432439917047223
11.432,0.078787994549936,0.000405205636474726
11.433,0.0788217516920523,0.000393004526498486
11.434,0.0788425242431284,0.000375216008394907
11.435,0.0788732879399067,0.000364803231742317
11.436,0.078894624654007,0.000351335681238407
11.437,0.0789394977080584,0.000350658880545252
11.438,0.0789761403529373,0.000348183503630806
11.439,0.0790075225336931,0.000348742423325055
11.44,0.0790543330263321,0.000357418373364116
11.441,0.0790894726940243,0.000366990482848439
11.442,0.0790656481719166,0.000334509227932323
11.443,0.0790520587194843,0.00029746450207313
11.444,0.0790126016022378,0.000242979019296929
11.445,0.0789821877141207,0.000187643586330721
11.446,0.0789628743228696,0.000136189149678501
11.447,0.0789606622576266,9.47196566928876e-05
11.448,0.078960600087063,5.79451319090429e-05
11.449,0.0789956026038759,3.10897758090678e-05
11.45,0.0790162071389646,2.47787309343162e-06
11.451,0.0790483721757095,-2.13482663369846e-05
11.452,0.0790644427180097,-4.7796296962388e-05
11.453,0.0791006998153809,-6.48099998492579e-05
11.454,0.0791246522057694,-8.19008866540516e-05
11.455,0.0791651124437707,-9.07907832143895e-05
11.456,0.0791942344795592,-9.83368380834126e-05
11.457,0.0792377056830724,-9.81385720732475e-05
11.458,0.0792228302536967,-0.000134381196284394
11.459,0.0792169697472685,-0.000174612332347446
11.46,0.0791850751153126,-0.000230810843611651
11.461,0.0791929099032657,-0.000271046822444887
11.462,0.0791935532169135,-0.000311854842728387
11.463,0.0791968062104995,-0.000347040813104327
11.464,0.0792312974075313,-0.000370719086143889
11.465,0.0792538990712852,-0.000395384665267118
11.466,0.0792803251312608,-0.000418588598023684
11.467,0.0792919423117764,-0.000441602060408053
11.468,0.0793212022232516,-0.000455762117228642
11.469,0.0793383337274939,-0.000469693944851413
11.47,0.0793513220684263,-0.000485088596248406
11.471,0.0793618409727832,-0.000495793674797074
11.472,0.0793660570630072,-0.000504761597544479
11.473,0.0793906361925402,-0.000498125639482816
11.474,0.0794091152059954,-0.000486975990182437
11.475,0.0794170620161023,-0.000479503189424912
11.476,0.0794274019666903,-0.000479423128429413
11.477,0.0794177762855312,-0.000495150903936592
11.478,0.0794142253274903,-0.00051407221096661
11.479,0.0793946264036804,-0.000543945745325791
11.48,0.0794012410011781,-0.000562335387446489
11.481,0.0794117566510642,-0.000576484640876396
11.482,0.0794236823924713,-0.000585916831378597
11.483,0.0794270206353672,-0.000593082934285227
11.484,0.0794264003138418,-0.000601954794412163
11.485,0.0794463404643027,-0.000599262399450018
11.486,0.0794566247193133,-0.000598703837271175
11.487,0.0794793316127522,-0.000589790518801037
11.488,0.0794934028063496,-0.000581099900955007
11.489,0.0795001282854762,-0.000576652502315367
11.49,0.0795255761569257,-0.000562794508497222
11.491,0.0795392440340091,-0.000552356785445574
11.492,0.0795625276537394,-0.0005350525529077
11.493,0.0795776685643628,-0.000518620612566245
11.494,0.0795407227343617,-0.00053669653749866
11.495,0.0795159907949222,-0.000558502295623375
11.496,0.0794860339532912,-0.000589790830727299
11.497,0.0795014800145291,-0.000604886897053902
11.498,0.0795064663071706,-0.000621359895284945
11.499,0.0795155929738519,-0.000639031986372884
11.5,0.0795417410929085,-0.000647908349408977
11.501,0.0795517004989912,-0.000660925193770201
11.502,0.0795825768185894,-0.000665403655781271
11.503,0.079601513589772,-0.000669690374200338
11.504,0.0796350323980655,-0.000667108776631009
11.505,0.079652799773099,-0.000668801714713452
11.506,0.0796669786349687,-0.000671972734556436
11.507,0.0796866210957495,-0.000668718352265396
11.508,0.0797042336233109,-0.000667178960759629
11.509,0.0797314697937798,-0.000656859288710454
11.51,0.0797566158186066,-0.000646139634259746
11.511,0.0797834392425847,-0.000628130861943521
11.512,0.0797981096691239,-0.000618638478899813
11.513,0.0797912758447091,-0.000626669674820057
11.514,0.0797826145219925,-0.000646436877887346
11.515,0.0797529006388607,-0.000679044721310418
11.516,0.0797581203858172,-0.000700439905045203
11.517,0.079748226067475,-0.000722846687794154
11.518,0.0797500400965207,-0.000744137319618254
11.519,0.0797676650119853,-0.000755127536340938
11.52,0.0797773803924089,-0.000769094842405726
11.521,0.0797862804154164,-0.000777783823270428
11.522,0.079805928029719,-0.000781240795640181
11.523,0.0798175393152818,-0.000784347250421369
11.524,0.0798176481349835,-0.000795760991983974
11.525,0.0798353683141294,-0.000797187327971849
11.526,0.0798360924145115,-0.000802990886492772
11.527,0.0798583295758099,-0.000800533345080789
11.528,0.0798802353375676,-0.000797399189914394
11.529,0.0798991319673564,-0.000789579272828411
11.53,0.0799098822174121,-0.000786692201837191
11.531,0.0799397557899692,-0.000773240905453387
11.532,0.0799616105318981,-0.000763410590302938
11.533,0.0799889577052498,-0.000748177902900993
11.534,0.0800109388462104,-0.000734592301170178
11.535,0.0800161119940663,-0.000727524256765644
11.536,0.0800368797274852,-0.000713667608954138
11.537,0.0800473336437938,-0.000703920525678137
11.538,0.0800669734725682,-0.000689020838732957
11.539,0.0800760500337176,-0.000675484536051263
11.54,0.0800420096479233,-0.00069361857659056
11.541,0.080013330133125,-0.00071693128449557
11.542,0.0799782730558726,-0.000750122949549681
11.543,0.0799888404968122,-0.000767986246524743
11.544,0.0799908655020204,-0.000788531970247808
11.545,0.0800018647849427,-0.000809795343335973
11.546,0.080027764109475,-0.000824750993496548
11.547,0.0800404601507117,-0.000845340729708322
11.548,0.0800641176548932,-0.000859418486710228
11.549,0.0800784096444528,-0.000875565805450562
11.55,0.0801008937524028,-0.000886370027387451
11.551,0.080113954653711,-0.000898706464910193
11.552,0.0801153132456183,-0.000917774560523499
11.553,0.0801247379801428,-0.000933695565985604
11.554,0.0801251134956479,-0.000953481933320344
11.555,0.0801343360996204,-0.00096954398803728
11.556,0.0801365962225927,-0.000988021857408317
11.557,0.0801525990931942,-0.00100129280277239
11.558,0.0801533722577811,-0.00102577263114956
11.559,0.080181481903247,-0.00104200250793313
11.56,0.0801984058708568,-0.00106458617621513
11.561,0.0802203545543043,-0.00108634076883868
11.562,0.0802304272406376,-0.00111308084303396
11.563,0.0802571026503484,-0.00113480993902593
11.564,0.080273511396257,-0.00116083182932086
11.565,0.080298907387027,-0.00118331992312193
11.566,0.0803130237526952,-0.00121408967450354
11.567,0.0803221943647904,-0.001247802841499
11.568,0.0803251803578069,-0.00128416756061367
11.569,0.0803384478449429,-0.00131613911374839
11.57,0.0803517533443275,-0.00134803460781591
11.571,0.0803701578965937,-0.00137607916129845
11.572,0.0803748442432492,-0.00141305822747712
11.573,0.0803919043522374,-0.00144611710132125
11.574,0.0803974907673654,-0.00148393654265749
11.575,0.0804117717284448,-0.00151789794530172
11.576,0.0804139239564389,-0.0015561476878323
11.577,0.0804316191380756,-0.00158833805972736
11.578,0.0804391298913529,-0.00162426150336109
11.579,0.0804519542219276,-0.00165669824708481
11.58,0.0804661564451079,-0.00168928277903557
11.581,0.0804693612804558,-0.00172870832620425
11.582,0.0804628707592667,-0.00177240057820482
11.583,0.0804633114106377,-0.00181280296571124
11.584,0.0804625787227349,-0.00185426206504596
11.585,0.0804475290790003,-0.0019074826902708
11.586,0.080453144048154,-0.00195482594264468
11.587,0.0804488776800153,-0.0020089662565736
11.588,0.0804403706115142,-0.00206613843638653
11.589,0.0804430670254786,-0.00212109264183497
11.59,0.0804341210888953,-0.0021819980003539
11.591,0.0804371067576998,-0.00223869018371592
11.592,0.0804380189996207,-0.00229649546707683
11.593,0.0804323993448738,-0.00236132981783166
11.594,0.0804408428103143,-0.00242193097210636
11.595,0.0804424269242803,-0.0024852509696886
11.596,0.0804546537743486,-0.00254316940655297
11.597,0.0804609790423847,-0.00260189707839459
11.598,0.0804735476773075,-0.00265607032103077
11.599,0.0804732791549729,-0.00271833337272054
11.6,0.0804853040354417,-0.00277456650978003
11.601,0.0804945568964429,-0.0028242027998257
11.602,0.0805242256156563,-0.00285115068950764
11.603,0.0805521454120836,-0.00285551048282462
11.604,0.0805772025693459,-0.00284491237915147
11.605,0.0806103463728213,-0.0028148255224324
11.606,0.0806578566560869,-0.00276700538890801
11.607,0.0806954828997304,-0.00270856601190306
11.608,0.0807326747940106,-0.00263340263749123
11.609,0.0807715842906144,-0.00254934872052609
11.61,0.0808117047612293,-0.00245099044116021
11.611,0.0808549032025173,-0.0023418597226732
11.612,0.0809020671070363,-0.00221898614859029
11.613,0.0809374960707328,-0.00209141584914579
11.614,0.080995373872087,-0.00194927390713057
11.615,0.0810472952099404,-0.00179941650699372
11.616,0.081100362460323,-0.00163689562121594
11.617,0.0810958943751701,-0.00151610054128209
11.618,0.0811098980527741,-0.00140273652362305
11.619,0.0811084025872439,-0.00130326632493766
11.62,0.081118850773028,-0.0012085326163328
11.621,0.081115064790553,-0.00112346372144068
11.622,0.0811238127510651,-0.00104081018499252
11.623,0.0811087850520758,-0.000987767646358828
11.624,0.0810585712133151,-0.0009621128946396
11.625,0.0810168137503988,-0.000942538388263692
11.626,0.0809649412425016,-0.000935624936558854
11.627,0.0809168329964416,-0.000930891713864179
11.628,0.0808568030182785,-0.000935080897166152
11.629,0.0808005197953741,-0.000938564876445447
11.63,0.0807207655430523,-0.000950414081482887
11.631,0.0806496832292045,-0.000959195854226491
11.632,0.0805785362762598,-0.000965801540717404
11.633,0.0805165793817342,-0.000980999787013992
11.634,0.0804545308883686,-0.00100229389679174
11.635,0.0804439198454022,-0.00100842294482267
11.636,0.0804133743769249,-0.00102311334883326
11.637,0.0804029659484959,-0.00102582220172309
11.638,0.0803765879174721,-0.00102988138831805
11.639,0.080364369268433,-0.0010239072843598
11.64,0.0803466508471974,-0.00101488304715103
11.641,0.0803188172293254,-0.00100477017670358
11.642,0.0803171738821496,-0.000980401353866955
11.643,0.0803369161522322,-0.000950084532588658
11.644,0.0803460239061994,-0.000925951649717149
11.645,0.0803810226371234,-0.000889160556725554
11.646,0.0804001355158828,-0.000858016770503123
11.647,0.0804378818608685,-0.000815754729539708
11.648,0.0804638322371318,-0.000773556462291825
11.649,0.0804702362105684,-0.000734505321595857
11.65,0.080503870725812,-0.000682208262159201
11.651,0.0805471809068554,-0.000624395669993782
11.652,0.0805686348561236,-0.00057456439313025
11.653,0.0805821425428969,-0.000527897345531769
11.654,0.0806319600528209,-0.00046224912646009
11.655,0.080675154193537,-0.000399902241536965
11.656,0.0807045608035407,-0.000335573778321829
11.657,0.0807517596358645,-0.000261756511121425
11.658,0.0807866156757257,-0.000186572545105623
11.659,0.0808364992470444,-0.000103288550964975
11.66,0.0808289896799113,-5.17614672835842e-05
11.661,0.0807494342284107,-5.20933379832833e-05
11.662,0.0806814957897369,-6.01259718499003e-05
11.663,0.0806184878126445,-7.59608982235371e-05
11.664,0.0805583309767852,-9.85364768584795e-05
11.665,0.080537643635371,-0.000108025331942985
11.666,0.0805111376122522,-0.000117133387700863
11.667,0.0804647454921929,-0.000129561028260172
11.668,0.080446734310246,-0.000129591015565977
11.669,0.0804928135906082,-0.000109600466372817
11.67,0.0805173733927393,-9.39147819488673e-05
11.671,0.0805342056714072,-7.94388806666935e-05
11.672,0.0805641192151146,-5.73425750176049e-05
11.673,0.0806135472951125,-2.29358103153166e-05
11.674,0.0806672323588371,1.72013085569245e-05
11.675,0.0807102103000334,5.88409004764756e-05
11.676,0.0807668529643575,0.0001099787918315
11.677,0.080811504501695,0.000164180812809167
11.678,0.0808395922422951,0.000206418130128005
11.679,0.0808581204325571,0.000245235427374146
11.68,0.0808338337069701,0.000248380639064683
11.681,0.0808145147651688,0.000244399207482093
11.682,0.0807868173690823,0.000227575892096654
11.683,0.080768999852892,0.000208776603969618
11.684,0.0807501871059186,0.00018829606335985
11.685,0.0807320628529835,0.000172596869611519
11.686,0.0807393487757974,0.000167363284437394
11.687,0.0807199731425567,0.000151370582397337
11.688,0.0807434911479172,0.000152562984604532
11.689,0.0807498004138656,0.000149484493275454
11.69,0.080786440093093,0.000158674091522426
11.691,0.0808114107470491,0.000167479034122786
11.692,0.0808469762747992,0.000185680416866507
11.693,0.0808733087785764,0.000204871440169674
11.694,0.0809178843755836,0.000236286261704355
11.695,0.0809546027182945,0.000269751854448552
11.696,0.0809677594168861,0.000291425603864637
11.697,0.0809833729033455,0.000312407373971035
11.698,0.0809932385782479,0.000329287965615932
11.699,0.0810195471723954,0.000356727722985561
11.7,0.0810326599939085,0.00038044579686336
11.701,0.0810391131608553,0.000389732553497224
11.702,0.0810551635263884,0.000393953572481009
11.703,0.0810519769436194,0.000383105863747235
11.704,0.0809885563232833,0.000333226219656813
11.705,0.0809354998112308,0.000281924980704895
11.706,0.0809417828185681,0.00025128752719461
11.707,0.0809318630973622,0.000216497050694542
11.708,0.0809199819925844,0.000181216331423928
11.709,0.0809005056495259,0.000148676383805779
11.71,0.0808743393967839,0.000115657517892886
11.711,0.0808935798036682,9.91574263734529e-05
11.712,0.0808987218470339,7.6649494396841e-05
11.713,0.0809089474140185,5.38198684819635e-05
11.714,0.0809076036132549,3.25338018918875e-05
11.715,0.080931214244086,2.06206020673672e-05
11.716,0.0809618366342732,1.36901739009598e-05
11.717,0.0809828941200031,8.04138401216958e-06
11.718,0.0810026660922768,-3.28286475426154e-06
11.719,0.0810256005488615,-8.19730591161694e-06
11.72,0.0810369443440474,-1.55508684409056e-05
11.721,0.0810713074589272,-1.2648855942099e-05
11.722,0.0810956344807613,-8.64513236886744e-06
11.723,0.0811328138176031,4.4509202987153e-06
11.724,0.0811546906422522,1.96006436205542e-05
11.725,0.0811658050729635,2.58400276381687e-05
11.726,0.081185146152676,3.33879511604795e-05
11.727,0.081191697940029,3.68592447844152e-05
11.728,0.0812192831180299,5.22824053721949e-05
11.729,0.0812385967160984,6.50519104281044e-05
11.73,0.0812706990000511,8.50125292350401e-05
11.731,0.081297791802618,0.000108893810388366
11.732,0.0813138227847405,0.000127824339235194
11.733,0.0813684099383495,0.000161027346939124
11.734,0.081411917041903,0.000194224293284639
11.735,0.0814071997375187,0.000193020488842788
11.736,0.0814145164969722,0.000189874353205499
11.737,0.0813906620787657,0.000170774715326394
11.738,0.0813199540244644,0.00011773767711154
11.739,0.0812551335006936,6.09145721789384e-05
11.74,0.0812457433317957,2.11851256476936e-05
11.741,0.0812170524165858,-2.33542858797953e-05
11.742,0.0811793428549227,-7.21749774983405e-05
11.743,0.0811518886615916,-0.000111428725277862
11.744,0.0811834887437734,-0.000132273765401481
11.745,0.0811988719234209,-0.000155727855750909
11.746,0.0812260468419752,-0.000170456660601337
11.747,0.0812468360040497,-0.000184650875395875
11.748,0.0812521200712431,-0.000199157132728944
11.749,0.0812859753594064,-0.000199100942328334
11.75,0.0813044708826598,-0.000208544030194602
11.751,0.081327272666201,-0.000214009477430055
11.752,0.0813407798561766,-0.000224364172111191
11.753,0.0813669316690599,-0.000225418437230784
11.754,0.0813841223945512,-0.000229291906579721
11.755,0.081406356269535,-0.000224998153112665
11.756,0.0814194048298159,-0.000222852300423626
11.757,0.0814317513667168,-0.000224154163353973
11.758,0.0814599289025076,-0.000215243660846132
11.759,0.0814790531835474,-0.000208558095489308
11.76,0.0814926147642828,-0.000199226283572884
11.761,0.0814976691402853,-0.000191376008310706
11.762,0.0815256576621598,-0.00016916344468948
11.763,0.0815533721235066,-0.000142521873769563
11.764,0.0815610181586933,-0.000124345782251012
11.765,0.081609751550798,-9.13720385033456e-05
11.766,0.0816478873848909,-6.25270274453027e-05
11.767,0.0816367951140277,-6.44024447954417e-05
11.768,0.0816354668744567,-7.00815985332226e-05
11.769,0.0816261492519444,-8.55054957680235e-05
11.77,0.0815700546466137,-0.0001347879082364
11.771,0.0815261857741582,-0.000185469857592768
11.772,0.0814960074749212,-0.000228567506437682
11.773,0.0814877107835908,-0.000263376307685304
11.774,0.081467011945435,-0.000296929855998662
11.775,0.0814617398152366,-0.000322491209505171
11.776,0.0814954826657143,-0.000331273972334956
11.777,0.081513691099566,-0.000348169430678336
11.778,0.0815401631651802,-0.000359860720121508
11.779,0.0815471235789801,-0.000375496503948247
11.78,0.0815811941958127,-0.000380679798852701
11.781,0.0816157523616044,-0.000382961220368072
11.782,0.0816408655614743,-0.000382866722143549
11.783,0.0816559570057476,-0.000388806231848837
11.784,0.0816755515735995,-0.000389841554947756
11.785,0.0816839800481898,-0.000392613863310132
11.786,0.0817072248372723,-0.00038820202499884
11.787,0.081716579681183,-0.000383106746742579
11.788,0.0817485038903567,-0.000367305808057494
11.789,0.0817770765176923,-0.000348927829164125
11.79,0.0817912962710559,-0.000336825620867787
11.791,0.0818243931859149,-0.000314887007672071
11.792,0.0818451708418179,-0.000297528221538168
11.793,0.0818788681732619,-0.000271318466786852
11.794,0.0819026114407122,-0.00024784514912829
11.795,0.0819401869259554,-0.000229649819466216
11.796,0.0819403554368123,-0.000231822159742323
11.797,0.0818907872701806,-0.000271750860140085
11.798,0.0818504811386543,-0.000314233444209777
11.799,0.0817899268740832,-0.000372778321980072
11.8,0.0817740894018505,-0.000412656898235275
11.801,0.0817444274643188,-0.000454707929802955
11.802,0.0817411254302767,-0.00048551533556751
11.803,0.0817256952108212,-0.000515773027902233
11.804,0.0817264339814679,-0.000536172090394693
11.805,0.0817488653726182,-0.00054924598924122
11.806,0.0817634506138884,-0.000563286087983672
11.807,0.0817619429052106,-0.000583755988920298
11.808,0.0817919175040315,-0.000592103788757348
11.809,0.0818199762911397,-0.000596430137489279
11.81,0.081837276133595,-0.000603488237006455
11.811,0.0818744924844146,-0.000600632318472238
11.812,0.0818961838346414,-0.000597193653861405
11.813,0.0819097444012037,-0.000600368305933019
11.814,0.081916979327106,-0.000602614352465003
11.815,0.0819235122908573,-0.000604564434767085
11.816,0.0819172751846775,-0.000606892577145746
11.817,0.0819420777209818,-0.000595280618278404
11.818,0.0819637387785761,-0.000579616209323897
11.819,0.0819806946365583,-0.000561293690540865
11.82,0.081976837362521,-0.000550939192668298
11.821,0.0820167391871196,-0.000524209238428164
11.822,0.0820459398324868,-0.00050051529695011
11.823,0.0820815403774426,-0.000470058546995111
11.824,0.0821118455114843,-0.000440899299191166
11.825,0.0821474844655482,-0.00040434925771865
11.826,0.0821741800335282,-0.000373811081730346
11.827,0.0822091151359819,-0.000349926809756262
11.828,0.0822063832121894,-0.000352301734803162
11.829,0.0822108572948424,-0.000358290025370023
11.83,0.0821777947347511,-0.000382956799255652
11.831,0.0821032511033813,-0.000437472071135758
11.832,0.0820766618662889,-0.000475579831542061
11.833,0.0820358088900082,-0.000518849561621848
11.834,0.0820189062991691,-0.000550037153433158
11.835,0.0819983435719083,-0.000582212908886826
11.836,0.0819848883140036,-0.000605559550475476
11.837,0.0820212430295417,-0.000610596390614615
11.838,0.0820438823394684,-0.000618900012933188
11.839,0.0820736862231424,-0.000623753796644533
11.84,0.0820901389485729,-0.000628583448793407
11.841,0.0821234283669059,-0.000624173168814635
11.842,0.082146750397188,-0.00061782820086459
11.843,0.0821882260538241,-0.000601237877334238
11.844,0.0822194936745549,-0.000581302777384995
11.845,0.0822360591311304,-0.00057180182217792
11.846,0.0822598142932236,-0.000557459039351338
11.847,0.0822694293330209,-0.00054824767532885
11.848,0.0822895727022256,-0.000533942146460353
11.849,0.0822942733621916,-0.000520219710629433
11.85,0.0823062517648467,-0.00050348044285381
11.851,0.0823332500446066,-0.000477377638812504
11.852,0.0823618933206202,-0.000446095415810532
11.853,0.082388571910968,-0.000419135307846097
11.854,0.0824272499831554,-0.000382898305335944
11.855,0.0824106671143601,-0.000381992865047864
11.856,0.0824080590885646,-0.000385003503886427
11.857,0.0823865289317618,-0.00040177478567871
11.858,0.0823737754219007,-0.000418626708101111
11.859,0.082350236869577,-0.000441047245930859
11.86,0.0823574736509429,-0.000450753674278437
11.861,0.0823404128607418,-0.000473643673488844
11.862,0.082355577883644,-0.000483583297425316
11.863,0.0823553616814384,-0.000499989685886382
11.864,0.0823766617208674,-0.000505185252171192
11.865,0.0823853561741054,-0.000514061201659866
11.866,0.0824079702242173,-0.000512626376093228
11.867,0.0824196826485982,-0.00051440801014957
11.868,0.0824470937291161,-0.000507279117235526
11.869,0.0824522419113244,-0.000507173567765529
11.87,0.0824489057717051,-0.000511064898731706
11.871,0.0824819296474859,-0.000497174552462953
11.872,0.0824978512126936,-0.000485170390659984
11.873,0.0825298833832425,-0.000464566808512701
11.874,0.0825567981119688,-0.000443241099475911
11.875,0.0825705946213742,-0.000420020867014204
11.876,0.0826063288327382,-0.000384558063972418
11.877,0.082626235271486,-0.000357982973638649
11.878,0.0826662761365964,-0.000321225915047685
11.879,0.0826514645041733,-0.000321021116873821
11.88,0.0826467429649626,-0.000326485140836275
11.881,0.0826278630045097,-0.000344940075218458
11.882,0.0826205643157868,-0.000364607949375706
11.883,0.082600673012369,-0.000390167407382846
11.884,0.0825820536449756,-0.000421260928874234
11.885,0.0825872367825829,-0.000440190767371229
11.886,0.082577989970994,-0.00046180831317022
11.887,0.0825918432368093,-0.000474006524803616
11.888,0.0825926926606777,-0.00048577042933351
11.889,0.082607731647819,-0.000488051096935782
11.89,0.0826092746897723,-0.000489037679891391
11.891,0.0826103133358032,-0.000495294676546576
11.892,0.0826309274411483,-0.000491806075932244
11.893,0.0826389935524956,-0.000493377670437389
11.894,0.082663548011919,-0.000485002508619159
11.895,0.0826780695361306,-0.000479638566732499
11.896,0.0827053187848943,-0.000464774612686347
11.897,0.0827241820596892,-0.000452321113605936
11.898,0.0827497710419094,-0.000432859774826766
11.899,0.0827659430252028,-0.000420754062018247
11.9,0.0827974650664636,-0.000398002767662831
11.901,0.0828150930758207,-0.000377653189000737
11.902,0.0828514970921663,-0.000349261553842295
11.903,0.0828418918158896,-0.000349068504582162
11.904,0.0828464450139537,-0.000349704021385344
11.905,0.0828434876979373,-0.000354733992331435
11.906,0.0828490609570184,-0.000351530692351165
11.907,0.0828271766626698,-0.000359985551866893
11.908,0.0828385460762366,-0.000349675387248727
11.909,0.0828335002355507,-0.000344794782528024
11.91,0.0828448850080422,-0.000331146848039365
11.911,0.0828387084135661,-0.000322933868215802
11.912,0.0828571240427746,-0.000302339084828518
11.913,0.0828561335772178,-0.000287721372210614
11.914,0.0828770878938897,-0.000261447981740548
11.915,0.0828837745370278,-0.000238663340756395
11.916,0.0829061965681559,-0.00020659602628853
11.917,0.0829150334881928,-0.000177474266438382
11.918,0.0829065642304209,-0.000159961812172871
11.919,0.0829233695380731,-0.000131854206511961
11.92,0.082923070565732,-0.000109599192179566
11.921,0.0829377954438065,-7.87910620317356e-05
11.922,0.082940203804203,-5.1780257166234e-05
11.923,0.0829596381716452,-1.51790225895176e-05
11.924,0.0829644155225205,2.06862630633409e-05
11.925,0.082984779138622,5.81282313268927e-05
11.926,0.0830191399124244,0.000102767310873608
11.927,0.0830370704542881,0.000141566020591288
11.928,0.0830712672001822,0.000189236146710459
11.929,0.0830921387457805,0.000233429750863323
11.93,0.0831272738376338,0.000286447735065531
11.931,0.0831477719952637,0.000330796623083385
11.932,0.083198244029202,0.000388275850115638
11.933,0.0832387676344807,0.000442727258610609
11.934,0.0832317359936824,0.00046059972839263
11.935,0.0832346123814912,0.000471146062615724
11.936,0.0832397751483357,0.000474346635702338
11.937,0.0832424244452511,0.000469296656771256
11.938,0.0831919590540399,0.00042459027361369
11.939,0.0831451296411238,0.000373139615999829
11.94,0.0830971944626729,0.000314781683188659
11.941,0.0830525511748296,0.000252840391463172
11.942,0.0830022044056355,0.000184610952946751
11.943,0.0829714204613525,0.000122661017900483
11.944,0.082950857663278,6.67350316007065e-05
11.945,0.0829835618046369,2.87557978300712e-05
11.946,0.0829988300106586,-1.30264685997972e-05
11.947,0.0830256069581568,-4.83684600985912e-05
11.948,0.0830374659177733,-8.61913671777459e-05
11.949,0.083071944615075,-0.000113595060675098
11.95,0.0830933895029438,-0.000140363284027445
11.951,0.0831305509842972,-0.000158515147296256
11.952,0.0831600245123282,-0.000172059799426139
11.953,0.0832019700196686,-0.000177948810120621
11.954,0.0832411475895325,-0.00018177040110956
11.955,0.0832650152643064,-0.000193047962682047
11.956,0.0832850794279158,-0.000201590441565369
11.957,0.0832939826168364,-0.00021348161699597
11.958,0.0833221073601389,-0.000215721490100795
11.959,0.0833430311280819,-0.000219831182548369
11.96,0.0833409681090218,-0.000238836310187396
11.961,0.0833365510182264,-0.000263890391887733
11.962,0.0833056168401234,-0.000314119429342952
11.963,0.0832658154547081,-0.000374732835418057
11.964,0.0832713248813754,-0.000418826000285533
11.965,0.0832627136550667,-0.000464093869958604
11.966,0.083262673069032,-0.000502725460199804
11.967,0.0832491236538082,-0.00053922685106178
11.968,0.0832527171571797,-0.000564059471150125
11.969,0.0832540378129758,-0.000582967755976882
11.97,0.0832734052483991,-0.000593060166548698
11.971,0.0833032557839788,-0.00059153345841878
11.972,0.0833197192713647,-0.000590354114869907
11.973,0.0833403689137514,-0.00058196087116813
11.974,0.0833522942109021,-0.000571420519444421
11.975,0.0833501421875988,-0.000566774356389299
11.976,0.0833749307045089,-0.000549371955574418
11.977,0.083388411669006,-0.00053235832854559
11.978,0.0834064227157967,-0.000508959072779536
11.979,0.0834132717319739,-0.000486154465745181
11.98,0.0834401738584903,-0.000450684526635325
11.981,0.0834240206499403,-0.000442282772606939
11.982,0.0834203836539922,-0.00043575177494487
11.983,0.0834116230761745,-0.000437593886393972
11.984,0.0834008804412572,-0.000443047199019497
11.985,0.0833521080913129,-0.000481446778500261
11.986,0.0833023282911666,-0.000527348534477889
11.987,0.0832991792104789,-0.000558753282958624
11.988,0.0832802964275173,-0.000597192711729755
11.989,0.0832633527318693,-0.000633173619140948
11.99,0.0832356174682678,-0.000672118923689513
11.991,0.0832255430274502,-0.000701620621677834
11.992,0.083203590501291,-0.000734020141153868
11.993,0.0832200385487041,-0.000754899041488455
11.994,0.0832398568735778,-0.000771893902404674
11.995,0.0832474505599308,-0.000792543317647276
11.996,0.0832710488805514,-0.000802659402736827
11.997,0.0832830922747868,-0.000814988279139173
11.998,0.0833134527683229,-0.000816471095319515
11.999,0.083334026438019,-0.000817357527344187
12,0.0833689231680717,-0.000809141713678962
12.001,0.0833956632388541,-0.000799119044677943
12.002,0.0834091235050886,-0.000799516212615536
12.003,0.0834305665766285,-0.000795056675626682
12.004,0.0834408465709103,-0.000796939808508423
12.005,0.0834647338143045,-0.00079197047868429
12.006,0.08347391731294,-0.00078985445710561
12.007,0.0835023375655662,-0.000778954480134708
12.008,0.0835259426000843,-0.000769795372449977
12.009,0.0835524108424526,-0.000755863903137255
12.01,0.0835725031631383,-0.000742560130011283
12.011,0.0835849812111699,-0.000736519165569383
12.012,0.0836106170469341,-0.000721879488340738
12.013,0.0836287877603553,-0.000709921152401649
12.014,0.0836592871291711,-0.000692060466370437
12.015,0.0836782693551528,-0.000672753443298479
12.016,0.0837140590966319,-0.000645185087112587
12.017,0.083709916595916,-0.000643204438525891
12.018,0.0837169421796518,-0.000640475366005588
12.019,0.0836820852759187,-0.000670507927792496
12.02,0.08364569547299,-0.000710154887601844
12.021,0.0836574851087196,-0.000735060411551303
12.022,0.0836517218339022,-0.000765767118061311
12.023,0.0836400639765216,-0.000800153029207717
12.024,0.0836228875938409,-0.000831740886702237
12.025,0.0836155357723997,-0.000858955043753662
12.026,0.0836465831233517,-0.000873539507364463
12.027,0.083665216894184,-0.000889237040887725
12.028,0.0836802826740347,-0.000907082182011576
12.029,0.0836969651655091,-0.000916858984384428
12.03,0.0837035387821737,-0.000929554916716147
12.031,0.0837323209279407,-0.000931106034041451
12.032,0.0837497753999245,-0.000930987193979438
12.033,0.0837850063612263,-0.000922527149673225
12.034,0.0838039066060082,-0.00092265713322387
12.035,0.083819314517984,-0.000922983467288696
12.036,0.0838224822844645,-0.00092991666071085
12.037,0.0838459266955773,-0.000925152131143581
12.038,0.0838598587654081,-0.000925416448158245
12.039,0.0838812114686521,-0.000919119400380586
12.04,0.0838908125459864,-0.000921344531622403
12.041,0.0839139358385645,-0.000916249307721217
12.042,0.0839281446765321,-0.000914426025071302
12.043,0.0839528956431727,-0.00090620047039458
12.044,0.0839677177643857,-0.00089903081833248
12.045,0.0839933221430915,-0.000884735609364362
12.046,0.0840007217321515,-0.000880232532876113
12.047,0.084031023863704,-0.000867196618478561
12.048,0.0840488376545879,-0.000860686963271629
12.049,0.0840722501032944,-0.000850851131120212
12.05,0.084083672186156,-0.000846231913562423
12.051,0.0841114041160349,-0.000835673391643976
12.052,0.0841257876908224,-0.000834101744149163
12.053,0.0841530224702268,-0.000828387799352126
12.054,0.0841714287128594,-0.000827361158332152
12.055,0.0841995643024179,-0.000822498193599808
12.056,0.0842173076617898,-0.00082142148834119
12.057,0.0842458970037923,-0.000816595162954958
12.058,0.0842659578715261,-0.000815199291037016
12.059,0.0842978991290214,-0.000808797655792004
12.06,0.0843122760525409,-0.000815753590173218
12.061,0.0843320186184999,-0.00082354787180039
12.062,0.084339754897032,-0.000838850092229726
12.063,0.0843644258268261,-0.000848428000898405
12.064,0.0843806618895971,-0.000863381192424129
12.065,0.0844025948312733,-0.000875901907013976
12.066,0.084416621046343,-0.00089174756270205
12.067,0.0844226075871002,-0.000915961643725649
12.068,0.0844414390177,-0.000935468782842119
12.069,0.0844505406112339,-0.000959081899843728
12.07,0.0844650267436876,-0.000979917629132021
12.071,0.0844685377509678,-0.00100435220754053
12.072,0.0844886589376249,-0.00102192689876901
12.073,0.0844992678051285,-0.00104279187562234
12.074,0.0845185982919962,-0.00105948816293661
12.075,0.0845300527021167,-0.00107899905702119
12.076,0.084546202047699,-0.00109550776574158
12.077,0.084548847473181,-0.00112364046210894
12.078,0.0845506421665196,-0.00115367768217101
12.079,0.0845408721848993,-0.00118994717422871
12.08,0.0845515184290279,-0.00121830152828589
12.081,0.0845525642945475,-0.00125223283347942
12.082,0.0845419420861355,-0.00129853557450776
12.083,0.0845518465386601,-0.00133872428658188
12.084,0.0845501216086474,-0.00138654620953232
12.085,0.0845439726142872,-0.00143781013671784
12.086,0.0845511343962504,-0.00148576421585483
12.087,0.0845471438104868,-0.00153995673497676
12.088,0.0845565452068375,-0.00158996301279168
12.089,0.0845638176701169,-0.00164126220113653
12.09,0.0845757857348063,-0.0016910442347734
12.091,0.0845865388635659,-0.00174086682095043
12.092,0.0845819004428626,-0.00180367269213444
12.093,0.0845822548361663,-0.00186780795378827
12.094,0.0845722776224994,-0.00193849182402545
12.095,0.0845829700828459,-0.00200087180430319
12.096,0.0845853091395086,-0.00206641584162637
12.097,0.0845925109280992,-0.00212900051157006
12.098,0.0845931965076026,-0.00219309848853405
12.099,0.0845866741506092,-0.00226198222729401
12.1,0.0845995545160074,-0.00231759236282675
12.101,0.0846132159217554,-0.00236065144137837
12.102,0.0846333365721546,-0.00237701635992671
12.103,0.0846736381392854,-0.00237215091332366
12.104,0.084714012098151,-0.00234762451574327
12.105,0.0847536521053833,-0.0023102206442942
12.106,0.0847809266549546,-0.00226315045720848
12.107,0.0848104845342056,-0.00219769423152089
12.108,0.0848590225521543,-0.00211717166098618
12.109,0.0848987997262381,-0.0020281407515817
12.11,0.0849384927077145,-0.00192416895994774
12.111,0.0849895211574724,-0.00180964782393755
12.112,0.0850335894975475,-0.00168510351632273
12.113,0.0850814228925212,-0.00155092698216625
12.114,0.0850931347451509,-0.00144668948897947
12.115,0.0851100494794052,-0.00135180654293915
12.116,0.0851168936405211,-0.00127178277810047
12.117,0.0851216295285117,-0.00119988042605657
12.118,0.0851307490754353,-0.00113320513412418
12.119,0.0851276051756894,-0.00107421916928235
12.12,0.0850771482136536,-0.00105298036559948
12.121,0.0850276809772901,-0.00103813730632862
12.122,0.0849805188900666,-0.00102876069761842
12.123,0.0849342601409321,-0.00102275447841449
12.124,0.0848915010244418,-0.00101682822191118
12.125,0.0848394181259703,-0.00101786361141182
12.126,0.0847874775544707,-0.00101670049800479
12.127,0.0847293822569023,-0.00101956536897213
12.128,0.0846750168460111,-0.0010305420403891
12.129,0.0846180904816746,-0.0010474119146317
12.13,0.0845663670972388,-0.00107050088281524
12.131,0.0845122576186271,-0.0010985698370588
12.132,0.0844906902907058,-0.00111307271650679
12.133,0.0844440404684799,-0.0011375293135012
12.134,0.0844150490364483,-0.00114917692472472
12.135,0.0843747992409808,-0.00116276187861314
12.136,0.0843555353116649,-0.0011634738531352
12.137,0.084329089415176,-0.00116243654481762
12.138,0.0843334940641372,-0.00115216074188901
12.139,0.0843552669979914,-0.00113245812837415
12.14,0.0843597607642176,-0.00111560179109155
12.141,0.0843468845124774,-0.00110259098431259
12.142,0.0843664841550893,-0.00107323359675521
12.143,0.0843704279121684,-0.00104493808211692
12.144,0.0844000053402589,-0.00100266316178421
12.145,0.0844165808055179,-0.000958190581952956
12.146,0.0844213387618329,-0.000924919137202274
12.147,0.0844429736444617,-0.000881648711087035
12.148,0.0844480513855484,-0.0008441180334815
12.149,0.0844796484229603,-0.00079675177998817
12.15,0.0844943509486146,-0.000752573748951213
12.151,0.0845249218361062,-0.000698410796908688
12.152,0.0845413005680491,-0.000645633955708547
12.153,0.0845743732040294,-0.000581174887552549
12.154,0.0846043267476472,-0.000516455446187503
12.155,0.084615268697829,-0.000458763093401593
12.156,0.0846640661829577,-0.000384716947684216
12.157,0.0846976509219529,-0.000312874599435242
12.158,0.0847203197968578,-0.000260036132978425
12.159,0.08474530842863,-0.00021923704213439
12.16,0.08475009672815,-0.000195310139369409
12.161,0.084757168428553,-0.000175938123382957
12.162,0.0847064659554053,-0.000200320048646396
12.163,0.0846617250844656,-0.00023092082369025
12.164,0.0846026814462131,-0.000276170433250345
12.165,0.0845682301704433,-0.000310001182995068
12.166,0.0845540589921949,-0.000337944371626986
12.167,0.0845220442726754,-0.000367720414209682
12.168,0.0844862765051509,-0.000397628163608499
12.169,0.0844753827881857,-0.000412356371541078
12.17,0.0845300582248875,-0.000405990237083653
12.171,0.084565149688732,-0.000404337144930156
12.172,0.0845839308922213,-0.000405129513978031
12.173,0.0845819331605827,-0.000411200092828135
12.174,0.0846132842254625,-0.00040324902966532
12.175,0.0846496308751887,-0.000391916062666531
12.176,0.0846712594824428,-0.000377691686643533
12.177,0.0846998758810571,-0.000358711111316912
12.178,0.0847056102755496,-0.000352263796187635
12.179,0.0847140748479025,-0.000343962830816391
12.18,0.0847059225171849,-0.000342247039532118
12.181,0.0847302230262089,-0.00032740625369243
12.182,0.0847360176702666,-0.000315181534188413
12.183,0.0847647584896078,-0.000293247952215248
12.184,0.0847872787261812,-0.000270316169259155
12.185,0.0848089708015781,-0.000246463323806123
12.186,0.0848077097739535,-0.000231002888715748
12.187,0.084852023624785,-0.000198648110640354
12.188,0.0848790507361886,-0.00016943163029226
12.189,0.0849126383200349,-0.000137267673116948
12.19,0.0849308094372372,-0.000106511882004501
12.191,0.0849707440839463,-6.35699208223484e-05
12.192,0.0850024218946326,-2.1863004012912e-05
12.193,0.0850470259675273,2.82343451984968e-05
12.194,0.0850896554622029,8.27767675749547e-05
12.195,0.0851172892043682,0.000125282290284745
12.196,0.0850939630202211,0.00013223757206321
12.197,0.0850793314266636,0.000128519536627625
12.198,0.0850527865328066,0.000113211332977703
12.199,0.085034626884898,9.49275951769857e-05
12.2,0.0850066440030648,6.63787098408863e-05
12.201,0.0850043422838472,5.21578481867402e-05
12.202,0.0850029091778298,3.83455085765094e-05
12.203,0.08497643269595,1.30328832361193e-05
12.204,0.0849934670125679,4.12787204656651e-06
12.205,0.0849923418153472,-1.03567975256458e-05
12.206,0.0850103513048426,-1.39425226982071e-05
12.207,0.0850094340554663,-2.090768550983e-05
12.208,0.0850372893327465,-1.6199305120923e-05
12.209,0.0850635374398814,-8.68550833910131e-06
12.21,0.0850834596894736,3.69297492641696e-07
12.211,0.0850860681520045,-1.19822641658773e-06
12.212,0.0851068012786941,5.29320604347738e-06
12.213,0.0851084952584938,5.17203579364356e-06
12.214,0.0851334658967997,1.27053120292375e-05
12.215,0.0851427328069916,1.79065810627654e-05
12.216,0.0851655065854812,3.17730213534873e-05
12.217,0.0851743703267931,4.48865521122666e-05
12.218,0.0852022316888225,6.9227257789517e-05
12.219,0.0852205959097034,8.47250377654651e-05
12.22,0.0852603418593977,0.000111072971752779
12.221,0.0852925362425689,0.000132385983183603
12.222,0.0853354788356308,0.000162666273476053
12.223,0.0853680879230548,0.000190171574646514
12.224,0.0854151770951689,0.000225480324904159
12.225,0.0854529284243993,0.000263138925882311
12.226,0.0854479343659411,0.000272937574270882
12.227,0.0854513459098957,0.00028192196585225
12.228,0.0853996546092268,0.0002468321213559
12.229,0.0853525402154974,0.000203103373498492
12.23,0.085339650650397,0.000169203730773893
12.231,0.0853216999995983,0.00013415164133096
12.232,0.0853054734471136,9.9020049537546e-05
12.233,0.0852765349456143,6.18703584169267e-05
12.234,0.0852627686853823,3.65487415349697e-05
12.235,0.0852334836313833,7.82932075515941e-06
12.236,0.0852352262524089,-1.39959026919656e-05
12.237,0.0852548180079628,-2.65957879151957e-05
12.238,0.0852599687102115,-4.30951474111874e-05
12.239,0.0852898225718132,-4.92698886689902e-05
12.24,0.0853043931227459,-5.53615402356655e-05
12.241,0.0853399624027737,-5.16060773718685e-05
12.242,0.0853683327773873,-4.90300284368139e-05
12.243,0.0853995594920767,-3.90119156873925e-05
12.244,0.0854154650205734,-4.14338722248275e-05
12.245,0.085443351883424,-3.63926938712344e-05
12.246,0.0854559533915256,-3.77206016732856e-05
12.247,0.0854870887182858,-3.21074131430787e-05
12.248,0.0855036027177252,-2.91577233832441e-05
12.249,0.0855385886228126,-1.7039449459133e-05
12.25,0.0855610924803717,-5.9265478448145e-06
12.251,0.0855985441480411,1.23354276310161e-05
12.252,0.0856157852675271,2.32671850160515e-05
12.253,0.0856287981494899,3.00466129873334e-05
12.254,0.085665525302235,5.23998451711916e-05
12.255,0.0856933355630329,7.21400425318097e-05
12.256,0.0857261200736767,9.51299266447325e-05
12.257,0.0857194129058615,9.02026288845947e-05
12.258,0.085719432030961,8.49864312794657e-05
12.259,0.085715638861275,7.32530985636526e-05
12.26,0.0856569982884214,2.09916533722709e-05
12.261,0.0856087670323496,-3.52422601574975e-05
12.262,0.085604137985224,-7.78110622948747e-05
12.263,0.085585009443281,-0.000124480250121739
12.264,0.0855635259999182,-0.000170602432287503
12.265,0.0855283556659431,-0.00021817502278193
12.266,0.0855145671822143,-0.000257705985926393
12.267,0.0854856362983474,-0.000298506832471623
12.268,0.0854985583308267,-0.000327322995611279
12.269,0.085517587209373,-0.000351450492474814
12.27,0.0855198026095213,-0.000380682091989992
12.271,0.0855418510933916,-0.000398837154694576
12.272,0.0855480112902287,-0.000419797557641766
12.273,0.0855807265289529,-0.000430159858744728
12.274,0.0856128247161971,-0.000434954446157376
12.275,0.0856397006324891,-0.00044045175318641
12.276,0.0856581765129008,-0.000440608087082295
12.277,0.085665902490098,-0.000453253698539491
12.278,0.0856651419284968,-0.000467937375797478
12.279,0.085680269360898,-0.000475023545511155
12.28,0.0856749230364031,-0.000486644839944095
12.281,0.0856955765075911,-0.0004873436469508
12.282,0.0857097284364692,-0.000489425885794426
12.283,0.0857077619747044,-0.000492075769944089
12.284,0.0857297170907307,-0.000482367992520105
12.285,0.0857458110163651,-0.00047906928048419
12.286,0.0857828412524717,-0.00046387449497115
12.287,0.0858104261941252,-0.000449660795215467
12.288,0.0858301391247636,-0.000438676650061531
12.289,0.0858658481563645,-0.000415012664080061
12.29,0.0858907090658637,-0.000392283484219158
12.291,0.085933384329133,-0.000360006528931367
12.292,0.0859786567252413,-0.00032424680515053
12.293,0.0860015173389579,-0.000297463158118128
12.294,0.0860353710820938,-0.000265242662574716
12.295,0.0860568437059884,-0.000238922609312853
12.296,0.0860892002265404,-0.000207109642187786
12.297,0.0861018047680206,-0.000177093619524227
12.298,0.0861247749212603,-0.000154567931552774
12.299,0.0861198056647793,-0.000153038445452724
12.3,0.0861254408556022,-0.000153153722573574
12.301,0.0860861305661074,-0.000188470918094708
12.302,0.0860394399185356,-0.000236667407657098
12.303,0.0860059935799599,-0.000286961137541453
12.304,0.0859633794152911,-0.0003449296140694
12.305,0.0859457720956635,-0.000388874149444773
12.306,0.0859214141728879,-0.000431006990614047
12.307,0.0859111083199907,-0.000467305781492511
12.308,0.0858856934591769,-0.000503794724360795
12.309,0.0859145978524725,-0.000524265022036396
12.31,0.0859213913387224,-0.000550873970036447
12.311,0.0859169102653076,-0.000582131823230359
12.312,0.0859341856213215,-0.000604425522811314
12.313,0.0859345198246431,-0.000629948954897486
12.314,0.0859527652265191,-0.00064529316795453
12.315,0.0859557917832767,-0.000661857397981247
12.316,0.085973865306198,-0.000672819411161263
12.317,0.0859743027158835,-0.000690644298924903
12.318,0.0859896367580593,-0.000700163785231855
12.319,0.0860078492010615,-0.000708688515981382
12.32,0.086022329170452,-0.000715133127965228
12.321,0.0860485417227931,-0.000712413194941641
12.322,0.0860667586174259,-0.000711401215567786
12.323,0.0860962518101079,-0.00070286590420171
12.324,0.0861110604336388,-0.000692640246271525
12.325,0.0861192282647948,-0.000692071390442917
12.326,0.0861205749408496,-0.000692132835470372
12.327,0.0861415315709633,-0.000682822963517959
12.328,0.0861423630437641,-0.000676761475659649
12.329,0.0861667171361759,-0.000660740293908668
12.33,0.086191187297737,-0.000643562487934402
12.331,0.0862143686772826,-0.000624608836367557
12.332,0.0862242556924998,-0.000610378287610791
12.333,0.0862559617591999,-0.000584135518363116
12.334,0.0862760966730769,-0.000560805170392309
12.335,0.0863153568002677,-0.000528597953530496
12.336,0.0863531623319277,-0.000491401109549927
12.337,0.0863847773592905,-0.000455487533058518
12.338,0.0864007547835293,-0.000426889182228607
12.339,0.0864286196900729,-0.000392311497190267
12.34,0.0864388323055531,-0.000361304202177393
12.341,0.0864465114402208,-0.000344511301027084
12.342,0.0864604075696592,-0.000335398854320823
12.343,0.086440983972924,-0.000343019565452074
12.344,0.0863885532856034,-0.000380936476583049
12.345,0.0863365730482441,-0.000426554423856973
12.346,0.0863342754945608,-0.000454344101991855
12.347,0.0863170499942656,-0.000484007703065448
12.348,0.0862946292279318,-0.000515157998538462
12.349,0.0862820268888323,-0.0005384873710787
12.35,0.0862647272548423,-0.000562636455250176
12.351,0.0862836736608853,-0.000570610464240673
12.352,0.0862830612107157,-0.000586938732469344
12.353,0.0862984426951025,-0.000597212394015278
12.354,0.0862943175337071,-0.000611711532586767
12.355,0.0863162571789658,-0.000615167329754585
12.356,0.0863298647148374,-0.000618392417014613
12.357,0.0863517434881977,-0.000615901234679028
12.358,0.0863559388790293,-0.000614073588789288
12.359,0.0863579031642583,-0.00061775552108434
12.36,0.086371180865398,-0.000613082772396023
12.361,0.0863721238180122,-0.000610842242822374
12.362,0.0863982881260215,-0.000598843489924283
12.363,0.0864208989071133,-0.00058206362638108
12.364,0.0864376540582614,-0.000566831102220555
12.365,0.0864543490284248,-0.000544628847805984
12.366,0.0864823813389918,-0.000515607335176249
12.367,0.0864921833803197,-0.000497279049500476
12.368,0.0865296353079474,-0.000468352411310269
12.369,0.0865489367613104,-0.000443815227426203
12.37,0.0865900464255553,-0.000410530074570259
12.371,0.0866231733470516,-0.000378207313091294
12.372,0.0866198520155271,-0.00037175072990453
12.373,0.0866164016302078,-0.000371975784268452
12.374,0.0866128553797169,-0.000376514477585577
12.375,0.0865548153335055,-0.000416235395915565
12.376,0.0865027962547457,-0.000462206057552206
12.377,0.0864846577014268,-0.000497752610005842
12.378,0.0864683169490575,-0.000528569596480899
12.379,0.0864342694918796,-0.000563156133480347
12.38,0.0864283245281686,-0.000586687981735723
12.381,0.086424804794108,-0.0006033114332889
12.382,0.0864667437935599,-0.000605790562306197
12.383,0.0864911161979769,-0.000611787606409619
12.384,0.086517430702968,-0.000619451506374991
12.385,0.0865284574059279,-0.000628299673459454
12.386,0.0865717395904542,-0.00062258673540122
12.387,0.0865999692304432,-0.000619282009906352
12.388,0.0866350873600667,-0.000611183023896678
12.389,0.0866553616540112,-0.000603318676949682
12.39,0.0866669229538281,-0.000603168346910432
12.391,0.0866789436383715,-0.00059995962127507
12.392,0.0866774573262921,-0.000600257177332142
12.393,0.0866969132193161,-0.000590468269438926
12.394,0.0867014269497948,-0.000581221939034648
12.395,0.0867204923870521,-0.000565028125407374
12.396,0.0867288399662368,-0.000547915510448471
12.397,0.086756597090714,-0.000521069060396118
12.398,0.086766175397373,-0.000504195931975759
12.399,0.0868014002303882,-0.000474252272228803
12.4,0.0868161740158331,-0.000449553655186563
12.401,0.086855435483153,-0.000414916138710253
12.402,0.0868885623281439,-0.000380931518641048
12.403,0.0868704390050028,-0.000372015095088774
12.404,0.0868592044692954,-0.000359332618578678
12.405,0.0867949107082165,-0.000380987899087026
12.406,0.086788102578446,-0.000376765407672286
12.407,0.0867596766980359,-0.000378715118388051
12.408,0.0867487555425586,-0.000369301306715419
12.409,0.0867262753547339,-0.000361328118429149
12.41,0.0867149993236717,-0.000344879795178776
12.411,0.0866890080765027,-0.000331330561699428
12.412,0.0866877921267339,-0.000303552361093362
12.413,0.0866705340555145,-0.000279268001501076
12.414,0.0866722449278711,-0.000243002232129474
12.415,0.0866991874241993,-0.000201890612001376
12.416,0.08673062384755,-0.000160036325552171
12.417,0.0867486945666942,-0.00012381942271017
12.418,0.0867692844691361,-8.57294342937465e-05
12.419,0.0867775616307371,-5.26179195621812e-05
12.42,0.0868094633768759,-7.58890641194832e-06
12.421,0.0868255460561475,3.46616038108816e-05
12.422,0.086833368182475,6.8531894321433e-05
12.423,0.0868643890257015,0.000114453658556002
12.424,0.0868799206386371,0.00015503098837566
12.425,0.0869083929644097,0.000203757212228817
12.426,0.086924608404548,0.000249533613610409
12.427,0.0869563063317243,0.000305213135572302
12.428,0.086982801324037,0.000354961352994898
12.429,0.0870311208274316,0.0004138613443051
12.43,0.0870776693922663,0.000472545190827345
12.431,0.0871181527204884,0.000529570131738155
12.432,0.0871231596585123,0.000554713023246778
12.433,0.0871168686741697,0.000564870603947998
12.434,0.0870901282810993,0.000545804666003791
12.435,0.0870431104726064,0.000507428047121783
12.436,0.0870052819434339,0.000465552796364399
12.437,0.0869508404804404,0.000410676802019394
12.438,0.0869051821546491,0.000355681504346617
12.439,0.0868475522034069,0.000292744396083122
12.44,0.0867973256989104,0.000231577875424493
12.441,0.0867958365922286,0.000183994646437868
12.442,0.0867925834406574,0.000134637095797197
12.443,0.0868121413511819,9.46633556253018e-05
12.444,0.08681573036699,4.98572236048433e-05
12.445,0.0868338082684573,1.20274063603043e-05
12.446,0.0868395772080227,-2.59198576317288e-05
12.447,0.0868619339525238,-5.54298601592174e-05
12.448,0.0868729437510478,-8.55091257427887e-05
12.449,0.086900137429796,-0.000107172321467675
12.45,0.0869107193522363,-0.000134455930818622
12.451,0.0869249686991552,-0.000158085529761542
12.452,0.0869346202782282,-0.000181820792873544
12.453,0.0869635627788395,-0.000194054008294864
12.454,0.0869851736454612,-0.000206448450738805
12.455,0.0870181787276698,-0.000208982041755568
12.456,0.0870474751291988,-0.000210475417047884
12.457,0.0870603771705634,-0.000218820868137348
12.458,0.0870533272060161,-0.000247148484888216
12.459,0.0870516105784569,-0.000282323455615519
12.46,0.0870280963218824,-0.000333582268776889
12.461,0.0870310456547394,-0.000373852598878455
12.462,0.0870199296399126,-0.000416615773090101
12.463,0.0870296794785732,-0.000450042337734768
12.464,0.0870253956688786,-0.000487491280493302
12.465,0.0870497760650657,-0.000511167383710154
12.466,0.0870626790888276,-0.000536970434344142
12.467,0.0870796195239778,-0.000558152440860216
12.468,0.0870959441016484,-0.000574029238330609
12.469,0.0871090952562941,-0.000589596464945996
12.47,0.0871070633180514,-0.000610761284004002
12.471,0.0871174258532648,-0.000626282089441876
12.472,0.0871132374103275,-0.000646100783225578
12.473,0.0871223743787222,-0.000658702833960578
12.474,0.0871239641130722,-0.000670162687076592
12.475,0.0871229820244578,-0.000679708974894999
12.476,0.0871428992335418,-0.000675756018347295
12.477,0.0871701640403771,-0.000663399892209704
12.478,0.0871938556470782,-0.000649046390606811
12.479,0.0872078407756468,-0.000633287717970332
12.48,0.0872152983790757,-0.000625191478754228
12.481,0.0871967577565737,-0.000643325678672424
12.482,0.0871610220537399,-0.000675580378269203
12.483,0.0871304694957447,-0.000710740408007893
12.484,0.0871260274697966,-0.000735030711514706
12.485,0.0871047882607978,-0.000764838361177689
12.486,0.087101328474206,-0.000782632777351244
12.487,0.0870916989932561,-0.000799792748280903
12.488,0.0870871806904172,-0.000810428505181704
12.489,0.0871238650179793,-0.000803756173488379
12.49,0.0871472641446484,-0.000802230887970989
12.491,0.0871695574973409,-0.000796861486209832
12.492,0.0871797864411328,-0.000794853813384455
12.493,0.0872115800370467,-0.000782005272493169
12.494,0.0872379573850975,-0.000767860871514203
12.495,0.0872472443944309,-0.000764489036674865
12.496,0.0872633157288499,-0.000756717125695194
12.497,0.0872643171446445,-0.000755057685097538
12.498,0.0872864769135852,-0.00074380287310255
12.499,0.0872965147321571,-0.000734752854362308
12.5,0.087319751329715,-0.000719120080737767
12.501,0.0873238356789361,-0.00070992138863013
12.502,0.0873700864286748,-0.000684425981782977
12.503,0.0874057873202246,-0.000661770874555989
12.504,0.0874376793184306,-0.000636616107261678
12.505,0.0874628706260371,-0.000614719013814491
12.506,0.0874600569724374,-0.000612244580338484
12.507,0.0874274162154484,-0.000639238294589006
12.508,0.087384992358788,-0.000680972895778009
12.509,0.0873801163000751,-0.000710397785524619
12.51,0.0873671484027791,-0.000738901986479801
12.511,0.0873375946420774,-0.000772167524765388
12.512,0.0873299836806904,-0.000796210130532993
12.513,0.0873154358048507,-0.00082020983302783
12.514,0.0873287324048014,-0.000833566470125335
12.515,0.0873456800009816,-0.000841927428135603
12.516,0.0873533311429317,-0.000856150264356759
12.517,0.0873686833961385,-0.000860632920960946
12.518,0.0873905061406114,-0.0008630792390803
12.519,0.0874064973227725,-0.000866617759066379
12.52,0.0874404620505911,-0.000861198973279076
12.521,0.0874502332720411,-0.000864596728414879
12.522,0.0874446424414809,-0.0008773152968653
12.523,0.0874636313067956,-0.000879120897599672
12.524,0.0874659946428525,-0.000884799451043916
12.525,0.087490407087787,-0.000881196213804059
12.526,0.0875131794702819,-0.000877101149434623
12.527,0.0875298065401813,-0.000870832896418539
12.528,0.0875386493385817,-0.000871533587383511
12.529,0.0875548704430975,-0.00086581431246685
12.53,0.0875631409820066,-0.000865286122199216
12.531,0.0875799709227355,-0.000857011305276545
12.532,0.0875881868686439,-0.000852667693193976
12.533,0.0876126277470325,-0.00083828836823252
12.534,0.0876341103933029,-0.000825321156683267
12.535,0.0876343526473768,-0.000822501946639909
12.536,0.0876603713831332,-0.000811231713360117
12.537,0.0876745968937672,-0.000805206828934646
12.538,0.0876944396112536,-0.00079664285862352
12.539,0.0877058227352197,-0.000790046250882914
12.54,0.0877300695318166,-0.000776073955528922
12.541,0.0877415424560258,-0.000764833809899057
12.542,0.0877460216712459,-0.000759453026588419
12.543,0.0877690806034303,-0.000745482227109517
12.544,0.0877813684088098,-0.000737164881016383
12.545,0.0878020242938398,-0.000723055706522091
12.546,0.0878144685179605,-0.000712972966953551
12.547,0.0878134294670129,-0.000716273893869135
12.548,0.0877651781712306,-0.000756865949668617
12.549,0.0877252244424627,-0.000802594402886658
12.55,0.087725784123214,-0.000835982505255295
12.551,0.0877104899512271,-0.000877483002345303
12.552,0.0876894576575981,-0.000922214972159274
12.553,0.0876645295550509,-0.000968785501947234
12.554,0.0876830701376625,-0.0010010872376266
12.555,0.0876886724037568,-0.00104189335895505
12.556,0.0876920477475797,-0.00108654132614794
12.557,0.0876970624153947,-0.00113167300529782
12.558,0.0876966597509089,-0.00117875639925602
12.559,0.0876856815628256,-0.00123752963071422
12.56,0.0876830141194666,-0.00129457747917566
12.561,0.0876672432244127,-0.00135900549858842
12.562,0.0876652626120656,-0.00141858617777091
12.563,0.087649645824011,-0.00148412377679397
12.564,0.0876483188669607,-0.00154464026005635
12.565,0.087636904031216,-0.00160936330777151
12.566,0.0876270868742606,-0.00167859689341038
12.567,0.0876366577744781,-0.00173970435175436
12.568,0.0876369047962667,-0.00180538743019076
12.569,0.0876348255577787,-0.00187169527512393
12.57,0.0876255643129222,-0.00193993180234031
12.571,0.0876355728405047,-0.00199882151838426
12.572,0.0876282860115748,-0.00206981040270338
12.573,0.0876378955234298,-0.0021354378735236
12.574,0.0876344926358639,-0.00220761051382362
12.575,0.0876399055986724,-0.00227592641847485
12.576,0.087633409972189,-0.00234897743564183
12.577,0.0876380392765791,-0.00241653369538608
12.578,0.0876317649462924,-0.00248868238439831
12.579,0.0876348144077962,-0.00255592174993852
12.58,0.0876298742389184,-0.00262664199257939
12.581,0.0876319146604051,-0.00269400697392397
12.582,0.0876195112474087,-0.00277144375939209
12.583,0.0875988139499531,-0.00285330800145517
12.584,0.0875702068644437,-0.00293849961710491
12.585,0.0875767921863431,-0.00300929659458254
12.586,0.0875757473331883,-0.00308257332374107
12.587,0.0875569867382199,-0.00317135143876635
12.588,0.087556982682395,-0.00325583393805579
12.589,0.0875428674154626,-0.00334969879313984
12.59,0.0875331400341156,-0.00344386917264267
12.591,0.0875094889649143,-0.00354676149710365
12.592,0.0875089708210218,-0.00364163883067964
12.593,0.0874977655801071,-0.00374292653695929
12.594,0.087495356527981,-0.00384100970293638
12.595,0.0874889704866491,-0.00394106130753613
12.596,0.0874867399737012,-0.00403886028931483
12.597,0.0874723327650152,-0.00414655412793413
12.598,0.0874702333363196,-0.00424996774994663
12.599,0.0874596996580805,-0.00435663690526616
12.6,0.0874609112701121,-0.00445662573997413
12.601,0.0874566811056885,-0.00455394932908165
12.602,0.0874673846955646,-0.00463434397984291
12.603,0.0874820256956253,-0.00470003135073216
12.604,0.0875008181095534,-0.00474017546170014
12.605,0.0875189303133783,-0.00476145796176547
12.606,0.0875458542926185,-0.00476351060272895
12.607,0.0875604382879236,-0.0047551102602863
12.608,0.0875789757151859,-0.00472797505514622
12.609,0.0876135637757288,-0.0046841169894995
12.61,0.0876419886429903,-0.0046290906416141
12.611,0.0876664247357081,-0.00455960641964226
12.612,0.0876978173091039,-0.004480161073873
12.613,0.0877265939712756,-0.00438886557897628
12.614,0.0877670324434364,-0.00428653129683659
12.615,0.0878100645636997,-0.00417253003587448
12.616,0.0878706732799439,-0.00404549455601932
12.617,0.0879248935234487,-0.00391659744933726
12.618,0.0879719321907414,-0.00377890333811343
12.619,0.0880056874746036,-0.00364699176430056
12.62,0.0880577257208804,-0.00350305840030934
12.621,0.0880958498999937,-0.00335905406987408
12.622,0.0881499311801768,-0.00320216323059708
12.623,0.0881910826916286,-0.00304555811036888
12.624,0.088251303218163,-0.00287653815571509
12.625,0.0883027491359427,-0.00270411951781957
12.626,0.0883659827640383,-0.00252043140871738
12.627,0.0884296062055724,-0.0023396124480019
12.628,0.0885084009224336,-0.00214791663295166
12.629,0.0885779265478046,-0.00195991806635687
12.63,0.0886604978093638,-0.00176106637456702
12.631,0.0887366228187925,-0.00156434872135519
12.632,0.0887988099455688,-0.00137289882403596
12.633,0.0888575932873629,-0.00117899918222325
12.634,0.0888446159155522,-0.00104538408406524
12.635,0.0888468082516395,-0.000922015467228421
12.636,0.0888521603695405,-0.000812609995843594
12.637,0.0888487744188923,-0.000718184721997139
12.638,0.0888431172835572,-0.00065084070052368
12.639,0.0888026323740869,-0.000613046830608588
12.64,0.0887622255227997,-0.000587613446236535
12.641,0.0887305603575303,-0.000569880179634163
12.642,0.0886945484348565,-0.00055902314147882
12.643,0.0886140250350251,-0.000571723778620858
12.644,0.0885421990527259,-0.00058269045241971
12.645,0.0884849194298224,-0.000600920441201802
12.646,0.0884244051288924,-0.000627318049197911
12.647,0.0883698798271597,-0.000659373069502756
12.648,0.0883025387663833,-0.000699161333657106
12.649,0.0882979967742108,-0.000716798372126459
12.65,0.0882712364415361,-0.000741340847805416
12.651,0.0882472710374852,-0.000759243769430706
12.652,0.0882047092747106,-0.000780870437115777
12.653,0.088185529253365,-0.000797693857698401
12.654,0.0881837375285141,-0.000807969255301633
12.655,0.088153428805093,-0.000827596720678836
12.656,0.0881560721715474,-0.00083328101689123
12.657,0.0881371898090548,-0.00084593408244249
12.658,0.0881377174958993,-0.000846487655793093
12.659,0.08811881947102,-0.000851460403901272
12.66,0.0881151167499355,-0.000856291141023147
12.661,0.0881269180659954,-0.000851105324896961
12.662,0.0881159918465989,-0.000851477154842184
12.663,0.0881375239119069,-0.00083817106351769
12.664,0.0881411051293925,-0.000826281847781274
12.665,0.088167993309867,-0.000803662803688321
12.666,0.0881761666266324,-0.000780702553798363
12.667,0.0882082086913646,-0.000745672585503676
12.668,0.0882257876671211,-0.000721241110598736
12.669,0.0882623994981503,-0.000686639696257429
12.67,0.0882807975656676,-0.000659529574514928
12.671,0.0883187253581274,-0.000621582770786944
12.672,0.0883345339171699,-0.000588880961037264
12.673,0.0883752538518707,-0.000545133290049238
12.674,0.0884188917139951,-0.000499380433925334
12.675,0.0884443338770141,-0.000460818766724436
12.676,0.0884835187352062,-0.00041337228453181
12.677,0.0885114881603188,-0.000369727596615188
12.678,0.0885393145953382,-0.000323703337647308
12.679,0.0885524000355655,-0.000279082420361842
12.68,0.0885978287569682,-0.000220259849854243
12.681,0.0886251131678607,-0.000159710079396469
12.682,0.0886408135722793,-0.000109467691649934
12.683,0.0886776320525431,-5.05931204023979e-05
12.684,0.0887007925192223,1.36053836058414e-06
12.685,0.0887436003567879,6.11651654479628e-05
12.686,0.088768890018139,0.00011889450749708
12.687,0.0888123150640017,0.000186315309369189
12.688,0.0888028384696432,0.000215091979937132
12.689,0.0888058684552884,0.000239837719987313
12.69,0.0887722713729332,0.000225237436392467
12.691,0.0887234548847722,0.000194244044413983
12.692,0.0886875679030191,0.000158407623689349
12.693,0.0886172006786234,0.000105536863658273
12.694,0.0886033924106519,7.4068696756191e-05
12.695,0.088570813633749,3.80225370263942e-05
12.696,0.0885705178008896,1.44145240101312e-05
12.697,0.0885559998685265,-9.31884324240073e-06
12.698,0.0885537280232877,-2.33035739930498e-05
12.699,0.0885586423359528,-3.67549592784622e-05
12.7,0.0885671381690252,-5.27746291527076e-05
12.701,0.0885725597972664,-6.84361572101388e-05
12.702,0.0885725706182982,-8.96231305723694e-05
12.703,0.0886013027398702,-9.32314476367324e-05
12.704,0.0886165845478863,-0.000103990018106181
12.705,0.0886449674985078,-0.000108187252217506
12.706,0.0886662595713809,-0.000109210079380417
12.707,0.088672438963819,-0.000114195137878303
12.708,0.0887001851139423,-0.000107955051995345
12.709,0.088714461198014,-0.000113057004382577
12.71,0.0887316887306163,-0.000114445747938841
12.711,0.0887345257193646,-0.000120642497287549
12.712,0.0887634078094633,-0.000115838942512658
12.713,0.0887746893887384,-0.000113618875511201
12.714,0.088807031164354,-0.000101734468497927
12.715,0.0888245060131391,-9.04440928078953e-05
12.716,0.0888479849595297,-7.53560514779594e-05
12.717,0.0888678540586424,-5.56125247562766e-05
12.718,0.088879540352425,-3.68438157595796e-05
12.719,0.0888777597491208,-3.01355230502565e-05
12.72,0.0888942999294705,-1.5458582142025e-05
12.721,0.0888957293773289,-9.52191022662863e-06
12.722,0.0889123708109646,5.18206630573115e-06
12.723,0.0889118915309133,1.37599103667285e-05
12.724,0.0889331252256334,3.14846980886685e-05
12.725,0.0889554779147597,5.07106094423393e-05
12.726,0.0889734295053459,6.96246219498153e-05
12.727,0.0889905869583331,9.28225907737557e-05
12.728,0.0890019718721563,0.000109484312153518
12.729,0.089035229239322,0.000138437618909915
12.73,0.0890577969963411,0.000165141210817232
12.731,0.089088418193167,0.000195933299609652
12.732,0.0890674477635997,0.000193846759786176
12.733,0.0890582416923055,0.000190700613330153
12.734,0.0890505697028982,0.000180717392978536
12.735,0.0890112409444958,0.000143639564881781
12.736,0.0889559546645469,8.92735586160986e-05
12.737,0.0889524034049948,5.13330038750537e-05
12.738,0.0889237661820852,6.2767846610301e-06
12.739,0.0888949717354791,-3.82616123371093e-05
12.74,0.0888701581526016,-7.94917901743575e-05
12.741,0.0888349159634708,-0.000124731289537161
12.742,0.0888453517061564,-0.000154478970954663
12.743,0.0888442052598242,-0.000184923266285997
12.744,0.0888297022007171,-0.000218252453122569
12.745,0.0888454416378691,-0.000238570329120835
12.746,0.0888639486487377,-0.000255263345206591
12.747,0.0888639268971862,-0.000272156033225224
12.748,0.0888889447729883,-0.000276793472479442
12.749,0.0888973223781618,-0.0002935960476938
12.75,0.088925563843797,-0.000300244321980114
12.751,0.0889385346856628,-0.000311851648149675
12.752,0.088938949884413,-0.000329615825331697
12.753,0.0889649558143265,-0.000335154310789787
12.754,0.0889900592531016,-0.000334866792069677
12.755,0.0889997222453122,-0.000338501629461918
12.756,0.0890048626976591,-0.000348702407054591
12.757,0.089020426887591,-0.000352289255676652
12.758,0.0890290836934086,-0.00035905228830263
12.759,0.089032791912288,-0.000360811304667696
12.76,0.0890448062422282,-0.000358535815767558
12.761,0.089051325730967,-0.00035371495287656
12.762,0.0890793398993514,-0.000337710839522165
12.763,0.089080354163998,-0.000331840784961623
12.764,0.0891256229573231,-0.000309304428604051
12.765,0.0891581905955695,-0.000292020811891502
12.766,0.0891975089434443,-0.000272294241235427
12.767,0.0892282522993089,-0.00025189697768746
12.768,0.0892704789197868,-0.000226448373498889
12.769,0.0893027035407066,-0.000201085756195762
12.77,0.0893246731057125,-0.000183960150917206
12.771,0.0893389206979583,-0.000167258652015168
12.772,0.0893708014828984,-0.000141474512428852
12.773,0.0893482879190017,-0.000146438089622947
12.774,0.0893387441759219,-0.00015325541777822
12.775,0.089321824406676,-0.000168867703768616
12.776,0.0893130041704795,-0.00019807925107107
12.777,0.0892971438305213,-0.000230272284419408
12.778,0.0892618507596441,-0.000269778322888159
12.779,0.0892558756778146,-0.000296265696954012
12.78,0.0892500143244321,-0.000321452715976389
12.781,0.0892429727550701,-0.000341847444801147
12.782,0.0892821164408842,-0.000346030394261898
12.783,0.0893061289033791,-0.00035298973620379
12.784,0.0893302294869417,-0.000360661848469446
12.785,0.0893411724446044,-0.000370119829708082
12.786,0.0893785561312168,-0.000364186438088943
12.787,0.0893986698655634,-0.000358332143169826
12.788,0.0894384387859066,-0.000342816724629713
12.789,0.0894721353648991,-0.00032682263956374
12.79,0.0894811868325446,-0.00032313273353396
12.791,0.0894772891621958,-0.000326251781775477
12.792,0.0894900907371537,-0.000324150124532185
12.793,0.0895058363960772,-0.000315901322539225
12.794,0.0895065594084951,-0.000312236480400963
12.795,0.0895243743171633,-0.000300362708863855
12.796,0.0895412115372303,-0.00028732931223574
12.797,0.089562965207459,-0.000270140227964288
12.798,0.0895740516372643,-0.000258747858965902
12.799,0.0896094576556241,-0.000236424474302277
12.8,0.0895901071220992,-0.000248908798679115
12.801,0.0895841538663667,-0.000263837711441839
12.802,0.0895743152543147,-0.000286253670852554
12.803,0.0895719945218953,-0.000310270277367519
12.804,0.0895544916742397,-0.00033749771147068
12.805,0.0895359085840694,-0.000371471876958518
12.806,0.0895368635659636,-0.000396181872222123
12.807,0.0895161952170277,-0.000428005709811052
12.808,0.0894859984179991,-0.000465754612096025
12.809,0.0894827935893059,-0.000487118165378497
12.81,0.0894803793220118,-0.000508674879896587
12.811,0.0894858266089915,-0.000522386562779587
12.812,0.0894781889796125,-0.000546270305060159
12.813,0.0895012863305315,-0.000551703400205883
12.814,0.0895046651506537,-0.000561384418161781
12.815,0.0895362238893968,-0.000559179976986679
12.816,0.0895651906090248,-0.000556061814579567
12.817,0.089578055139463,-0.000552061774567514
12.818,0.0896154577597529,-0.00053569596498948
12.819,0.0896318202745514,-0.000530228372994934
12.82,0.0896588543381694,-0.000519026247113141
12.821,0.0896745002760486,-0.000514663767359258
12.822,0.0896980971747215,-0.000504228928488115
12.823,0.0897117694643435,-0.000497272930991555
12.824,0.0897406399726378,-0.000479118995371897
12.825,0.089763734281042,-0.000462567101204847
12.826,0.0897738415940981,-0.000451886982946625
12.827,0.0898014740016927,-0.000434125130026219
12.828,0.0898150067441242,-0.000418648373125607
12.829,0.0898483002779778,-0.000393033368336904
12.83,0.0898370756600849,-0.000395699758836743
12.831,0.0898391769682726,-0.000399150936969461
12.832,0.0898325296339019,-0.000411177817059627
12.833,0.0897709233491277,-0.0004600747575077
12.834,0.0897526110084475,-0.000493176058394107
12.835,0.0897172441963518,-0.000535604682317503
12.836,0.0897083999093431,-0.000564319694674742
12.837,0.0896862811146013,-0.000598625786339624
12.838,0.0896787668583209,-0.000622823450568799
12.839,0.0896614264903175,-0.00065027512297372
12.84,0.0896756689759402,-0.00066609064113593
12.841,0.089690277282664,-0.000678163667238108
12.842,0.0896855568580996,-0.000694835098305646
12.843,0.089706780143678,-0.000700222014990814
12.844,0.0897098930413865,-0.000706567471222497
12.845,0.0897350565510813,-0.000702392803799134
12.846,0.0897483363840624,-0.000698038661613887
12.847,0.0897410634281226,-0.000705153305087192
12.848,0.0897682717381072,-0.000699233474977079
12.849,0.0897821912644456,-0.000696867197228668
12.85,0.0897842146800457,-0.000698269408710206
12.851,0.0898231807480879,-0.000683618066759872
12.852,0.0898462535419931,-0.000669821843361673
12.853,0.0898758068843349,-0.000652364612806711
12.854,0.0898929816560669,-0.000640187404432779
12.855,0.0899286158742449,-0.000621008016327362
12.856,0.0899505077838888,-0.000604473016478202
12.857,0.0899871066106122,-0.000576630472206907
12.858,0.0900112593842099,-0.00055055464346121
12.859,0.0900425651885916,-0.00051984894126339
12.86,0.090076622388372,-0.000483426476917681
12.861,0.0900890312302596,-0.000456984909261604
12.862,0.0900870656899517,-0.000438834492524798
12.863,0.0900928305823129,-0.000427994795204056
12.864,0.0900667564428155,-0.000442715678137584
12.865,0.0900492175760484,-0.000459716957829481
12.866,0.0900270073764245,-0.000485231514639417
12.867,0.0900400263485224,-0.00049616320708934
12.868,0.0900405243520055,-0.000512697908368942
12.869,0.0900408541494013,-0.000528543941277937
12.87,0.0900331870053848,-0.000544408765034698
12.871,0.0900459700365224,-0.000549712820684445
12.872,0.0900460638886497,-0.000555854900318953
12.873,0.0900427813738716,-0.000564867738486852
12.874,0.0900575694055297,-0.000564214515929529
12.875,0.0900597089170176,-0.000571286928501669
12.876,0.0900748622273444,-0.000568499708651693
12.877,0.0900892564486569,-0.00056572105830266
12.878,0.0901086871094935,-0.000555436125265263
12.879,0.0901204053302151,-0.000551591998150802
12.88,0.09014284736817,-0.000540091994198744
12.881,0.0901549690122984,-0.000529757663816743
12.882,0.0901870965121946,-0.00050933908000006
12.883,0.0902114581753348,-0.000490616469843774
12.884,0.0902372454796802,-0.000467472041578987
12.885,0.090245894348519,-0.000443465166844514
12.886,0.0902455911468623,-0.000428552187230813
12.887,0.0902345208822525,-0.000431841685285927
12.888,0.0902356426385651,-0.000441578225141903
12.889,0.0902070988050286,-0.000471090695073173
12.89,0.0901877637550587,-0.000502175759781065
12.891,0.0901863056814235,-0.00052703348039268
12.892,0.090174175908717,-0.000552108634317983
12.893,0.0902030616310265,-0.000564773727469603
12.894,0.0902132680601508,-0.000581580599098963
12.895,0.0902161158905678,-0.000603382026107158
12.896,0.0902297371287504,-0.000613716922084395
12.897,0.0902298464822719,-0.000625521620653657
12.898,0.0902519439263327,-0.000627096845149555
12.899,0.090273333765404,-0.000627014974736273
12.9,0.0902898228730509,-0.000623370626542219
12.901,0.0902893614991242,-0.000631944283897901
12.902,0.0903079816957581,-0.000630239883813388
12.903,0.0903094924216789,-0.000636072233471618
12.904,0.0903281919697989,-0.000630381320918361
12.905,0.0903346166823282,-0.000625678969125187
12.906,0.0903504352061516,-0.00060739321931369
12.907,0.0903581965717122,-0.000584182297951152
12.908,0.0903708055956905,-0.000553121255717715
12.909,0.0903778487849677,-0.000520861483907342
12.91,0.090390508140425,-0.000483133322222995
12.911,0.0903794510359476,-0.000456842887035624
12.912,0.0903886889535577,-0.000419240860491388
12.913,0.0903813401745023,-0.000386266249595257
12.914,0.0903888891482562,-0.000342954846753396
12.915,0.090412959603864,-0.000297108938043689
12.916,0.0904217400782409,-0.000259313922563731
12.917,0.0904530674044685,-0.000210422666790167
12.918,0.0904687197631773,-0.000167868062763532
12.919,0.0904995877907464,-0.000117173177524965
12.92,0.0905124125166757,-7.3073688983738e-05
12.921,0.090546283546923,-1.75170710305927e-05
12.922,0.0905583406890281,2.38566503323323e-05
12.923,0.0905971206976571,7.66126600938999e-05
12.924,0.0906187795612706,0.000122335929281403
12.925,0.0906549580600777,0.000176230075723038
12.926,0.0906780260143053,0.000225636820204822
12.927,0.09071832043092,0.000285197782588342
12.928,0.0907454779615249,0.000342669199563439
12.929,0.0907867810567231,0.000409122747837998
12.93,0.0908084204128603,0.000462927005592528
12.931,0.0908379350088581,0.000502074076835168
12.932,0.0908242558796802,0.000506390136451984
12.933,0.0908185839630691,0.00050398273407426
12.934,0.090799863169589,0.000487177514595649
12.935,0.0907879946138206,0.000467153397425812
12.936,0.0907574528126409,0.000420264677973736
12.937,0.0907097635351901,0.00035557303645628
12.938,0.0906639436362523,0.000284449972671741
12.939,0.0906596096424198,0.000228801567242753
12.94,0.0906391092976184,0.000167989739773
12.941,0.0906324340191627,0.000115041071261091
12.942,0.0906143367424586,6.14652014160888e-05
12.943,0.090611964529716,1.64198616395828e-05
12.944,0.0905993656190887,-2.69095811479825e-05
12.945,0.0906094988946846,-6.5309071440256e-05
12.946,0.0906259974148972,-9.76777403236539e-05
12.947,0.0906284589003756,-0.000135467456928828
12.948,0.0906473338300003,-0.000164224817010838
12.949,0.0906564720401811,-0.000196268760889573
12.95,0.090680106708841,-0.000218213293746605
12.951,0.0906938728730448,-0.000242082786112596
12.952,0.0906988720478514,-0.000271552708397127
12.953,0.0907171452830014,-0.000292999740248212
12.954,0.0907204683455493,-0.000318003682665491
12.955,0.0907369540914454,-0.000336537691383199
12.956,0.0907387908103685,-0.00035580705162136
12.957,0.0907598960617763,-0.000365242303746183
12.958,0.0907706270657777,-0.000375352613960989
12.959,0.0907957613544846,-0.00037544770899367
12.96,0.0908098499684137,-0.000383093345734886
12.961,0.0908438183003524,-0.000380817254299948
12.962,0.0908668706617442,-0.00038218030311038
12.963,0.090900717706537,-0.0003754606844657
12.964,0.0909283598881517,-0.00037076912888323
12.965,0.0909442365464921,-0.000376625770001415
12.966,0.090940668813732,-0.000396257328197591
12.967,0.0908957840236806,-0.000450387587260237
12.968,0.090853779473882,-0.000510093112504328
12.969,0.0908477242929142,-0.000556337925625927
12.97,0.0908331963181389,-0.000599707499626956
12.971,0.0908247887062881,-0.000638207860130746
12.972,0.0908108647662288,-0.000672394412573718
12.973,0.090807540994834,-0.000696647356774216
12.974,0.0907941958674083,-0.000719006381986909
12.975,0.0907932639831473,-0.000730747529086084
12.976,0.0907820264050088,-0.000740293127999836
12.977,0.090799361579117,-0.000738924238045169
12.978,0.0908051320874567,-0.000739072534571616
12.979,0.0908158200892188,-0.000734974026980528
12.98,0.0908351413459144,-0.00072389814786411
12.981,0.0908441077355416,-0.000715198453266286
12.982,0.0908413551516967,-0.000713340628927028
12.983,0.0908642089707509,-0.000699696090503743
12.984,0.0908734001884714,-0.000689036625898087
12.985,0.0908899803958785,-0.000671982653354719
12.986,0.090894488684593,-0.000658201262270341
12.987,0.0909203869380452,-0.000632493306243986
12.988,0.0909385296931546,-0.000607418600347298
12.989,0.0909632179154934,-0.000575484540136062
12.99,0.0909695125805415,-0.000554828016939402
12.991,0.0910071772756004,-0.000521761739652071
12.992,0.0910301653055856,-0.000495772666724348
12.993,0.0910655389435917,-0.000463788974015888
12.994,0.091054604298938,-0.000465782418020422
12.995,0.0910549407095807,-0.000471689133578035
12.996,0.0910518461657098,-0.000486311612701851
12.997,0.0910552515841734,-0.000503084837879697
12.998,0.0910100854230112,-0.000559039958256902
12.999,0.090976215961725,-0.000616702799622781
13,0.0909244368631528,-0.000684903677353244
13.001,0.0909037553207559,-0.000738292930041906
13.002,0.0908749309729971,-0.000791939225235128
13.003,0.0908646695013426,-0.000836675277350041
13.004,0.0908380717103216,-0.000883025619560662
13.005,0.0908336088502709,-0.000918250135403809
13.006,0.0908468873689596,-0.000945396212514105
13.007,0.0908534372056631,-0.000978838259105275
13.008,0.0908656702269448,-0.00100694766090681
13.009,0.0908626770331883,-0.00104309428631094
13.01,0.090880836483348,-0.00106866213847495
13.011,0.0909005197468995,-0.00109382305946487
13.012,0.0909049245083121,-0.0011195352827908
13.013,0.0908999707956705,-0.00115543472571422
13.014,0.0908947871776182,-0.00118845653680749
13.015,0.0908770972938009,-0.00122609824672376
13.016,0.090889694848435,-0.00125064868827374
13.017,0.0908874355397424,-0.00127400807668521
13.018,0.0908942778583127,-0.00129322679679067
13.019,0.0908924222465188,-0.00131334135222499
13.02,0.0908847375233096,-0.00133791807871614
13.021,0.0908954122962103,-0.00135492519529695
13.022,0.0908939611529085,-0.001380564603217
13.023,0.0909014866023856,-0.00139817535814152
13.024,0.0908976388705878,-0.00142259137655781
13.025,0.0909143480209477,-0.00143633928941855
13.026,0.0909179805273289,-0.00145403949524842
13.027,0.0909342332901253,-0.00146418748863675
13.028,0.0909379143979313,-0.00148462080310996
13.029,0.0909605935371777,-0.00149453232101637
13.03,0.0909735246785665,-0.00150943039649176
13.031,0.0909946861414874,-0.00152011451401174
13.032,0.0910032799130047,-0.00153226183643068
13.033,0.0910324330996573,-0.00153454710963952
13.034,0.0910540486126623,-0.00153750109202783
13.035,0.0910739415452431,-0.00153697463565089
13.036,0.0910728412520501,-0.00154979435257846
13.037,0.0910880684947457,-0.00155652225049563
13.038,0.0910887026110936,-0.00157234860816519
13.039,0.091102940911527,-0.0015811619361592
13.04,0.0911056842810237,-0.00159710027190274
13.041,0.0911168186041273,-0.00160782699120515
13.042,0.0911193181156301,-0.00162248786822983
13.043,0.0911331660093261,-0.00163076538340262
13.044,0.0911309596242185,-0.00165010829730466
13.045,0.0911572567796568,-0.00165775635532805
13.046,0.0911715850241289,-0.00167079130002612
13.047,0.0911922416110891,-0.00167991778272808
13.048,0.0912005513779205,-0.00169210710278156
13.049,0.0912238955153748,-0.00169617017587903
13.05,0.0912355537299143,-0.00170321960598363
13.051,0.0912576542374411,-0.00170370143639564
13.052,0.0912589225199492,-0.0017185249559154
13.053,0.0912817874149645,-0.00172701427533589
13.054,0.0912899124834187,-0.00174517654792467
13.055,0.0913000013127083,-0.0017650047955064
13.056,0.0912993535288082,-0.00179211780699928
13.057,0.0913184290303157,-0.00181111582959992
13.058,0.0913284379290272,-0.00183533488796317
13.059,0.0913284601431513,-0.00187043183136443
13.06,0.0913463002054797,-0.001898702746509
13.061,0.0913524304446315,-0.00193367777627634
13.062,0.0913637653107306,-0.00196697517996175
13.063,0.0913628950232713,-0.00200542301757012
13.064,0.0913793780747706,-0.00203737528432102
13.065,0.0913861059181589,-0.00207401372114824
13.066,0.0914001144727656,-0.00210661053594546
13.067,0.0914112438636114,-0.00214095204872461
13.068,0.0914067963898088,-0.00218914254933994
13.069,0.0914118810574321,-0.00223617388381836
13.07,0.0914060961638302,-0.00229058240207242
13.071,0.0914119694318074,-0.00234100939112469
13.072,0.0914093651261917,-0.00239687491371388
13.073,0.0914145493693885,-0.00244913052767387
13.074,0.0914052912759943,-0.00251291789422448
13.075,0.0914208392246314,-0.00256751090010016
13.076,0.0914247867619797,-0.0026276653207819
13.077,0.0914332078289766,-0.00268566002067427
13.078,0.0914310946213075,-0.00274764621701795
13.079,0.0914408152205611,-0.00280381263108986
13.08,0.0914394808949239,-0.00286506818941745
13.081,0.09144796170777,-0.00292049731089516
13.082,0.0914504631371149,-0.00297853021194067
13.083,0.0914601093521516,-0.00303339932319191
13.084,0.0914503738190354,-0.00310201262573906
13.085,0.091432769302787,-0.00317703808203745
13.086,0.091400568422962,-0.00326075820199506
13.087,0.091398162292959,-0.00333278142871601
13.088,0.0913787126695745,-0.0034201516204368
13.089,0.0913830667342799,-0.00350052238488513
13.09,0.0913725868541463,-0.00358957599087995
13.091,0.0913766989709617,-0.00367471345832293
13.092,0.0913697887812216,-0.00376628593589434
13.093,0.091374202117585,-0.00385389252910445
13.094,0.0913714092847747,-0.00394533951867426
13.095,0.0913752156791728,-0.00403372427349102
13.096,0.0913613122862974,-0.00413625098807874
13.097,0.0913444733990529,-0.00424354682809308
13.098,0.091320320832294,-0.0043563328468133
13.099,0.0913270177301038,-0.0044562694168967
13.1,0.0913245907401135,-0.00456055570765462
13.101,0.0913167316569954,-0.00466663115369054
13.102,0.0913068551171653,-0.00477230431625913
13.103,0.0912864829938123,-0.00488257270913428
13.104,0.0912924076721164,-0.00497098505847166
13.105,0.0913012675523461,-0.00504067385911844
13.106,0.0913158266305868,-0.00508301503557917
13.107,0.0913229445578881,-0.00510472116038752
13.108,0.0913515032860628,-0.0051067737907482
13.109,0.0913628676781627,-0.00510369067815503
13.11,0.0913781234168625,-0.00508232512730117
13.111,0.0913920620755816,-0.00504809927354705
13.112,0.0914237990329459,-0.00499942451931273
13.113,0.0914447776479736,-0.00494466099807411
13.114,0.0914776733488558,-0.00487470202005569
13.115,0.0914973605464472,-0.00480086462255197
13.116,0.0915268549383678,-0.00471243464362819
13.117,0.0915395745714919,-0.00462322026919787
13.118,0.0915755054747867,-0.00452033440476313
13.119,0.0916036747280499,-0.0044115737518523
13.12,0.091630672789092,-0.00429122279834893
13.121,0.0916690025170614,-0.00416249827197446
13.122,0.0916952406247969,-0.00403038457922811
13.123,0.0917386513038177,-0.00388771444388425
13.124,0.0917722793163366,-0.00373901997189341
13.125,0.0918136551049688,-0.00358412897356375
13.126,0.0918795534250086,-0.00341642684927213
13.127,0.0919315150380786,-0.00325379987338792
13.128,0.0920003426162686,-0.00307844745665709
13.129,0.0920572015798225,-0.00290382306255682
13.13,0.0921336644461554,-0.00271785902720806
13.131,0.0922075998925853,-0.00252980700705063
13.132,0.092260512381363,-0.00235219013193388
13.133,0.0923163164522885,-0.00217191956382756
13.134,0.0923526900949004,-0.00199995160785077
13.135,0.0924108870339835,-0.00181580683628763
13.136,0.0924643323520461,-0.00163265096453696
13.137,0.0925004814300669,-0.00145449338924569
13.138,0.0925625961238346,-0.00126370962135414
13.139,0.0926100741089316,-0.00107434404805939
13.14,0.092593633585832,-0.000948831224466984
13.141,0.0925768069660934,-0.000841121792667099
13.142,0.0925582099733133,-0.000749894540745033
13.143,0.0925420638976471,-0.000671024422594535
13.144,0.0925367912787168,-0.000610142047971551
13.145,0.0925034709881544,-0.000575172103019828
13.146,0.092483497649063,-0.000547753991383182
13.147,0.0924371576334969,-0.00053704945306654
13.148,0.092402258268164,-0.000528562963339529
13.149,0.0923590739572261,-0.000527037939980601
13.15,0.0923234213396139,-0.000533585909970546
13.151,0.0922577361770005,-0.000564377630041801
13.152,0.0921964474892455,-0.000596086840152499
13.153,0.0921395426630038,-0.000626603207487253
13.154,0.0921064579616353,-0.000644994785053643
13.155,0.0920757020373817,-0.000659500840325733
13.156,0.0920741835551283,-0.000666736408026614
13.157,0.0920841998495402,-0.000667725410422815
13.158,0.0920698657352917,-0.000679296355403258
13.159,0.0920844049000134,-0.000677157665776584
13.16,0.0920757660241954,-0.000682856449091218
13.161,0.0920874168472966,-0.00067535224491494
13.162,0.0920790054294675,-0.000672783629004081
13.163,0.092067229294316,-0.000677397444144967
13.164,0.0920749956361904,-0.000670779811885902
13.165,0.0920672450446297,-0.000670184609567914
13.166,0.0920786601980232,-0.000657345531932474
13.167,0.0920817350915022,-0.000647468335696066
13.168,0.0920981326535488,-0.000626676494191569
13.169,0.0921316386142317,-0.000597139583486117
13.17,0.092147624084103,-0.000574101317838138
13.171,0.0921768645381373,-0.000545807456524772
13.172,0.0921897257766124,-0.000522695046938804
13.173,0.0922279102527932,-0.000488333549211017
13.174,0.0922527226707681,-0.000453926940538807
13.175,0.0922673864539385,-0.000428842306152311
13.176,0.0922997718270303,-0.000393159661647102
13.177,0.0923136967688256,-0.000362357542553704
13.178,0.0923138225057527,-0.000336368526065223
13.179,0.0923407599471996,-0.000296755211832755
13.18,0.0923621128660166,-0.000255120510864959
13.181,0.0923967642511475,-0.000205913380748546
13.182,0.0924148784423256,-0.000169120661159483
13.183,0.0924507968799538,-0.000122017110229355
13.184,0.0924654544334781,-8.34509267787498e-05
13.185,0.0925016051000994,-3.28153411005006e-05
13.186,0.0925365846809582,1.80662856151814e-05
13.187,0.0925552933153489,6.71562756012212e-05
13.188,0.0926009814294102,0.000128439924547807
13.189,0.0926229468389877,0.000178976812368503
13.19,0.0926021074337478,0.000191428666767079
13.191,0.0925940971195441,0.000195303176389272
13.192,0.0925924602011457,0.000190810635317673
13.193,0.092588650769514,0.000179678072216638
13.194,0.0925459954602509,0.000145503606504671
13.195,0.0925139541706682,0.000114276806288449
13.196,0.0924929793994445,7.89773641739488e-05
13.197,0.0924848417466926,5.04984574574152e-05
13.198,0.0924539412699645,1.23193497512109e-05
13.199,0.0924516936130318,-1.48833455207997e-05
13.2,0.0924315158907845,-4.6998173062085e-05
13.201,0.0924250298593534,-6.81012098413536e-05
13.202,0.0924535735983634,-7.53760702434936e-05
13.203,0.0924663215449942,-8.97229770320251e-05
13.204,0.0924854556576945,-0.000103753524765493
13.205,0.0924897859891593,-0.000122607814541209
13.206,0.0925190615511716,-0.00012677811564088
13.207,0.0925300178201289,-0.00013341555091706
13.208,0.0925624980465215,-0.00012947334069463
13.209,0.0925911614531678,-0.000124693207292248
13.21,0.0925964647892207,-0.000135345876151771
13.211,0.0925908279140302,-0.000150769699471864
13.212,0.0926240932645841,-0.000148897556961736
13.213,0.0926329099366268,-0.000154228362268416
13.214,0.0926558459797349,-0.000152122996460724
13.215,0.0926738698377656,-0.000151764343077843
13.216,0.0926869757807387,-0.000151043014420205
13.217,0.0926828801018039,-0.000153421989504132
13.218,0.0927029155467646,-0.000142432241309387
13.219,0.0927147566733827,-0.000141256157788261
13.22,0.0927466958438521,-0.000129390732364065
13.221,0.0927620360615074,-0.000123091365213102
13.222,0.0927674033508891,-0.000122372494161971
13.223,0.0927968772171533,-0.000106149337250616
13.224,0.0928129282618415,-9.3411826254497e-05
13.225,0.0928482803547984,-7.09305935134297e-05
13.226,0.092884831736478,-4.66170624333073e-05
13.227,0.0929221543728292,-1.51745648816481e-05
13.228,0.0929500893710354,1.46768701653754e-05
13.229,0.0929605117006014,2.92416702309395e-05
13.23,0.092977557199312,4.82028032943171e-05
13.231,0.0929763345466597,5.96840359043393e-05
13.232,0.0930010895880475,8.15869004781034e-05
13.233,0.0930176316320882,0.000100517421723456
13.234,0.0930166457214577,0.000118174298962936
13.235,0.0930437458949343,0.000149065185128416
13.236,0.0930637403820855,0.000177882731268675
13.237,0.0930415912896242,0.000179946264213415
13.238,0.0929993652386835,0.000152199424964528
13.239,0.0929614201816984,0.000114098859502254
13.24,0.0929011677315843,5.54150139076559e-05
13.241,0.0928902158045424,1.42518033415806e-05
13.242,0.0928625184226711,-2.97211550742138e-05
13.243,0.0928235984305589,-7.96190727912482e-05
13.244,0.0928065366834465,-0.000113568285858567
13.245,0.092802747646812,-0.000141185637315522
13.246,0.0927883334277517,-0.000169564613029027
13.247,0.0928101680867156,-0.00018832205968633
13.248,0.0928176887931589,-0.00021215306718203
13.249,0.0928196588801342,-0.000239396190589103
13.25,0.0928070535483885,-0.000269665040896649
13.251,0.0928341519709527,-0.000283524421198944
13.252,0.0928415573805104,-0.000301754890779937
13.253,0.0928603825311018,-0.00031565536790068
13.254,0.0928583263950964,-0.000330912680827244
13.255,0.0928811013496763,-0.000334469329153597
13.256,0.0928917983962046,-0.00035063935145796
13.257,0.0929214267214046,-0.000356281521732116
13.258,0.0929324767790675,-0.000367613280636447
13.259,0.0929321341202787,-0.000385219330867048
13.26,0.0929599405541537,-0.000388311327491786
13.261,0.0929843555879086,-0.000388809990823802
13.262,0.0930101979587583,-0.000388512423449172
13.263,0.0930398253610027,-0.000379585272225758
13.264,0.0930601784098198,-0.000371637848744
13.265,0.0930653994997512,-0.000376831252265786
13.266,0.0930780910657657,-0.000379233604477391
13.267,0.0930713238935716,-0.0003877879551894
13.268,0.0930902259904934,-0.000385509033907994
13.269,0.0930986707385842,-0.000386383127852663
13.27,0.0930906492610258,-0.00038954726748569
13.271,0.0931074358652159,-0.000379566182614588
13.272,0.0931252630503756,-0.000368538599969548
13.273,0.0931269228971682,-0.000364828836423525
13.274,0.0931603857447903,-0.000349985090527416
13.275,0.0931831004501119,-0.000335163082686663
13.276,0.0931943524637514,-0.000324785996229426
13.277,0.0932295464408921,-0.000303280701350883
13.278,0.0932558727228173,-0.000280157430889105
13.279,0.093278316614385,-0.000257481250354075
13.28,0.0933151088157969,-0.000226513733557643
13.281,0.0933276402093789,-0.000207317345756741
13.282,0.0933410500407729,-0.000188324169695386
13.283,0.0933058494980309,-0.000204459238704768
13.284,0.0932814326806546,-0.000226921669679359
13.285,0.0932507556125206,-0.000254890476960645
13.286,0.0932577183105143,-0.000268449401515658
13.287,0.0932447377848331,-0.000285044022873493
13.288,0.0932445520773948,-0.00030194953457785
13.289,0.0932620583764349,-0.000309335067156635
13.29,0.0932672622149645,-0.000322780018822355
13.291,0.0932856690770945,-0.000325525545093908
13.292,0.093290007187054,-0.000332049602240314
13.293,0.0933153922246337,-0.000328220942630186
13.294,0.0933356164192406,-0.000320081491102631
13.295,0.0933381332591924,-0.000326779148706102
13.296,0.0933639922576069,-0.000321030206630601
13.297,0.0933746102588522,-0.000323050275557013
13.298,0.0934024883628888,-0.000317609464524138
13.299,0.093414715354528,-0.000316282960105496
13.3,0.093441490619278,-0.000304307899008927
13.301,0.0934531256897486,-0.000295998942081044
13.302,0.0934811745072573,-0.000280376302292717
13.303,0.0934859354132455,-0.000274960044844286
13.304,0.0935110241538292,-0.000260267484884391
13.305,0.0935253735660386,-0.000251290867383236
13.306,0.0935287580802609,-0.000255120540149145
13.307,0.0935125576255712,-0.000279043342741814
13.308,0.093487658354915,-0.000309022752126742
13.309,0.0934907937886172,-0.000326506469241927
13.31,0.0934882117909043,-0.000342669434317489
13.311,0.0934817662843468,-0.00036736820655503
13.312,0.0934914265919135,-0.000382920651008978
13.313,0.093479774568243,-0.000406814435679748
13.314,0.0934934263686847,-0.000421098894472283
13.315,0.093487953517627,-0.000439901555197741
13.316,0.0935023620661911,-0.000449078561964411
13.317,0.0935002281219893,-0.000458812443601353
13.318,0.0935161422127001,-0.000460398297465303
13.319,0.0935138243556042,-0.00047377148575567
13.32,0.0935380338864711,-0.000473762436259406
13.321,0.0935521596389022,-0.000480391731438379
13.322,0.0935794456989092,-0.000476374489890852
13.323,0.0935947363882583,-0.000476033451261682
13.324,0.0936270436749612,-0.000466472981911326
13.325,0.0936505755065937,-0.000454141584792289
13.326,0.0936684848773061,-0.000444442387636412
13.327,0.093692556420019,-0.000423980383387479
13.328,0.0936989579601356,-0.000418176344531895
13.329,0.0937158011548409,-0.000409496299582979
13.33,0.0937129693983395,-0.000407558757482163
13.331,0.0937379750619205,-0.000394865968018354
13.332,0.0937554391018709,-0.000383132778352391
13.333,0.0937680788881664,-0.000371227164040033
13.334,0.093761026342773,-0.00036234334035018
13.335,0.0937641269129499,-0.000355481143552439
13.336,0.0937616684435153,-0.000357315609175124
13.337,0.0937078246177843,-0.000401683490473703
13.338,0.0936965638885523,-0.000427758507958231
13.339,0.0936713132224086,-0.000461891311229645
13.34,0.0936658500308458,-0.000483186828122872
13.341,0.0936478030329435,-0.000508886382896534
13.342,0.0936476257594448,-0.000524627141140932
13.343,0.0936427772300542,-0.000536668724842149
13.344,0.0936259164442051,-0.000551043823126984
13.345,0.0936354022403385,-0.000561453439407555
13.346,0.0936366333565437,-0.000574500252949084
13.347,0.0936550756464495,-0.000580365102002656
13.348,0.0936553716962176,-0.000590439207772353
13.349,0.0936788299592356,-0.000591407250035925
13.35,0.0936921242810417,-0.000592011704890094
13.351,0.093688670393395,-0.000595901688737799
13.352,0.0937139514369065,-0.00058784596840733
13.353,0.0937236633284018,-0.000579755412284833
13.354,0.0937271018276526,-0.000580109567680787
13.355,0.093748349454057,-0.000570765742805512
13.356,0.093759002704054,-0.000568034564135678
13.357,0.093783820467818,-0.000554796825352533
13.358,0.0937989733663692,-0.000545444882660007
13.359,0.0938264084129727,-0.000525978342881817
13.36,0.0938449434256727,-0.000509519905358857
13.361,0.0938712004212072,-0.000484485823763314
13.362,0.093891680780471,-0.000460520437637835
13.363,0.093890583387039,-0.000447692119975696
13.364,0.0939142384624024,-0.000425678485134806
13.365,0.0939238062855823,-0.000411564246274976
13.366,0.0939471535552232,-0.000389796221940963
13.367,0.0939559748179542,-0.000372424714887354
13.368,0.093973463030243,-0.000361396195477648
13.369,0.0939615234556323,-0.000371854075158995
13.37,0.0939561269412534,-0.000383039420574272
13.371,0.0939129296811261,-0.000424031967083072
13.372,0.0938559145249258,-0.000480910876149876
13.373,0.0938521466063204,-0.000518918489149145
13.374,0.0938266184397264,-0.000562279635592078
13.375,0.0938008492118912,-0.000606529136149669
13.376,0.0937847226867149,-0.000643403929732611
13.377,0.0937542719983005,-0.000683590445304805
13.378,0.0937491322532462,-0.00070927786453745
13.379,0.0937939285170194,-0.000718360985323963
13.38,0.0938163525807548,-0.000736247650507449
13.381,0.0938319949364276,-0.000758875755619337
13.382,0.0938406090890552,-0.000783072159089238
13.383,0.093867181960582,-0.00079747440457989
13.384,0.093873351428715,-0.000816794197729842
13.385,0.0939016784624112,-0.000826345342509582
13.386,0.0939228782658743,-0.000835602171769867
13.387,0.0939387531435894,-0.00084327024550046
13.388,0.0939283911742501,-0.000862416378069164
13.389,0.0939326133057011,-0.000879463552773629
13.39,0.0939178676181476,-0.000900224698029528
13.391,0.0939331477769388,-0.000908455928947116
13.392,0.0939360981824761,-0.000919262137657972
13.393,0.0939510704822575,-0.000920514459723687
13.394,0.093958121288208,-0.000924834771302341
13.395,0.0939667019096492,-0.000922061286574016
13.396,0.0939656453589503,-0.000929612582462436
13.397,0.0939885953380358,-0.000927504574472771
13.398,0.0939959117103839,-0.00093124558445068
13.399,0.0940202118023549,-0.000924686994936919
13.4,0.0940238238891825,-0.000924033132069069
13.401,0.0940475484713181,-0.000912766738922821
13.402,0.0940686845301866,-0.000899802939550165
13.403,0.0940688247865624,-0.000883371412301492
13.404,0.0940560875266676,-0.00087200264809717
13.405,0.0940646654137638,-0.00084587192226393
13.406,0.0940598679738841,-0.000821867670774967
13.407,0.0940655985271592,-0.000790017124356723
13.408,0.0940557721178571,-0.000762889965278124
13.409,0.0940718642635512,-0.000721478307983969
13.41,0.0940671670726847,-0.000687485451111303
13.411,0.0940861367642259,-0.000639929679142115
13.412,0.0940920999349287,-0.000595834438317788
13.413,0.0941119851996561,-0.000542570514096063
13.414,0.0941171447233862,-0.000493413553738831
13.415,0.0941008240779871,-0.000460942769618444
13.416,0.0941151327842536,-0.000416759702242919
13.417,0.0941067983556901,-0.000384113020572563
13.418,0.094122244987662,-0.00034055673902833
13.419,0.094118433308343,-0.000305744805142005
13.42,0.0941291640173959,-0.000262902674326437
13.421,0.094122635506011,-0.000226245903459876
13.422,0.0941546567836242,-0.000177072076642915
13.423,0.0941811884874551,-0.00012949663631151
13.424,0.0941923649957096,-8.78619248517731e-05
13.425,0.0942322687507565,-3.13475727557466e-05
13.426,0.0942590316046712,2.08636964318942e-05
13.427,0.0942925672491284,7.90527899993676e-05
13.428,0.0943159014359103,0.000135291972588547
13.429,0.0943307422820425,0.000182295116931019
13.43,0.094367545696505,0.000237832895153278
13.431,0.0943951709592466,0.000288534046503641
13.432,0.0944251055757266,0.000340369149228748
13.433,0.0944404030952489,0.000386556144512051
13.434,0.0944768244350127,0.000444006343895853
13.435,0.0944731007114598,0.00046739180452976
13.436,0.0944766478498051,0.00048234316061424
13.437,0.0944735754373147,0.000484599858466384
13.438,0.0944361097886017,0.00045036874159049
13.439,0.0943897054174682,0.000401943801295046
13.44,0.0943451592883906,0.000346884107936929
13.441,0.0942998743640949,0.000285432254310769
13.442,0.0942581929629631,0.000220865740984733
13.443,0.0942017698424527,0.000145872802924329
13.444,0.0941519463932819,7.17776078472121e-05
13.445,0.0941168784307617,3.53766399324718e-06
13.446,0.0941221228859194,-5.2036711365222e-05
13.447,0.0941213434336988,-0.000110660353152159
13.448,0.0941259791140633,-0.000165931060110869
13.449,0.0941438811369755,-0.000214215044357702
13.45,0.0941596190206593,-0.00026020353767231
13.451,0.0941818605382552,-0.000302841273859655
13.452,0.0941905545933068,-0.000346791605400132
13.453,0.0942146640966801,-0.000383002918390385
13.454,0.0942285508174482,-0.000417370233469438
13.455,0.0942323702299857,-0.000459908129067599
13.456,0.0942375097454503,-0.000498631239698399
13.457,0.0942310296268019,-0.0005415884000875
13.458,0.0942484860301505,-0.000570953426826448
13.459,0.0942575157234088,-0.000601190537682428
13.46,0.0942727352241227,-0.000624643178754991
13.461,0.0942790603191127,-0.00064866129554958
13.462,0.0942757862824169,-0.000680124218618683
13.463,0.0942899754341485,-0.000702167345784044
13.464,0.0942904102455606,-0.00072903431795307
13.465,0.094288343354942,-0.000755736027316156
13.466,0.0943099277838565,-0.000770557961494278
13.467,0.0943168467022419,-0.000788813718586412
13.468,0.0943350085891549,-0.000800541735804294
13.469,0.0943410455078982,-0.000813570132733643
13.47,0.0943449172252369,-0.000830301795502253
13.471,0.0943663005734112,-0.000836640810096267
13.472,0.094377730233756,-0.000846846558459569
13.473,0.0943954173015572,-0.000849332796427793
13.474,0.0944055814023731,-0.000852460012368328
13.475,0.0944311563053358,-0.000845353001929394
13.476,0.0944387991323534,-0.000847338813614096
13.477,0.0944683793165109,-0.000837674211401018
13.478,0.0944804483058292,-0.000832171122466696
13.479,0.0945073851047069,-0.000816642161907577
13.48,0.0945310948923572,-0.000800456970339758
13.481,0.0945570612039715,-0.000777356442132393
13.482,0.0945734921453205,-0.000754463318662468
13.483,0.0946074024167924,-0.000720421658682135
13.484,0.0946245965365908,-0.000691455391084728
13.485,0.0945929910929563,-0.000694626274933385
13.486,0.094571196640435,-0.00069917834819927
13.487,0.0945492490716603,-0.000709441553384593
13.488,0.0945697986635305,-0.000706623444285404
13.489,0.0945762137682831,-0.000709195796725792
13.49,0.0945760728131916,-0.000713637446288662
13.491,0.0945738580796078,-0.000718077643569237
13.492,0.0945576328467404,-0.00072573173821977
13.493,0.0945667322852135,-0.000719873168937013
13.494,0.0945714079074084,-0.000716568676194407
13.495,0.0945992692502183,-0.000704258968220906
13.496,0.0946125283670845,-0.000695573171291541
13.497,0.0946302709556892,-0.000685037883244255
13.498,0.0946402079870842,-0.000675280223699948
13.499,0.0946725985059624,-0.000654731587134971
13.5,0.0946862567109418,-0.000647083605217258
13.501,0.0947053586787798,-0.000635646632141218
13.502,0.0947104819912464,-0.000632025628608313
13.503,0.0947354822155294,-0.000618219430315647
13.504,0.0947181322622605,-0.000632818913974875
13.505,0.0947109223258478,-0.000650047317200642
13.506,0.0946944776425975,-0.000677705157911768
13.507,0.0946737089898515,-0.000710870264626073
13.508,0.0946731198254504,-0.000734594189649218
13.509,0.0946612292572385,-0.000766447592750685
13.51,0.0946567859852772,-0.000789880904866147
13.511,0.094644548347001,-0.000818205864742128
13.512,0.0946543446589252,-0.000834170805209422
13.513,0.0946515196515681,-0.000852924338876571
13.514,0.0946434517692589,-0.000880040202214327
13.515,0.0946563581880786,-0.000896644974969496
13.516,0.0946566694575915,-0.00092040828007961
13.517,0.0946728900811828,-0.00093520581420109
13.518,0.0946747683122334,-0.000954002066983095
13.519,0.0946899547988394,-0.000962976129043225
13.52,0.0946950566691385,-0.000975047498804615
13.521,0.0946883906638707,-0.000994030358398901
13.522,0.0947001737448787,-0.00100263835125464
13.523,0.0947015672817211,-0.00101817748822763
13.524,0.0947126910359199,-0.00102597820380446
13.525,0.0947166711108248,-0.00103834152072974
13.526,0.0947187515576898,-0.00104365923548178
13.527,0.0947077923454674,-0.00106149056991056
13.528,0.0947214349005662,-0.00106893640918565
13.529,0.094722021812513,-0.0010826401810754
13.53,0.0947394543118938,-0.00108908717937117
13.531,0.094741471749886,-0.00109872958824919
13.532,0.0947629356143617,-0.00109992589899799
13.533,0.094772866859622,-0.0011097957124041
13.534,0.0947960059411502,-0.00111126465079336
13.535,0.0948064754446662,-0.0011202817678207
13.536,0.094824699833432,-0.00112371821829793
13.537,0.0948313910512034,-0.00113252449408247
13.538,0.094854161086862,-0.00113092925606434
13.539,0.094857639169577,-0.00114397659267113
13.54,0.0948761218203339,-0.00115114698059204
13.541,0.094879412548377,-0.00116568101839631
13.542,0.0948948183302719,-0.00117488777875052
13.543,0.0948956391014775,-0.00118898070891171
13.544,0.0949110928873917,-0.00119529560076831
13.545,0.0949075916177595,-0.00121251984386456
13.546,0.0949333923009536,-0.00121692340108237
13.547,0.094948270102101,-0.00122838369359513
13.548,0.0949645359164603,-0.0012373927696826
13.549,0.0949702610202475,-0.00125189024004085
13.55,0.0949927994424096,-0.00125927063709208
13.551,0.0949954550091538,-0.00128078409017662
13.552,0.0950134798442753,-0.00129815326941385
13.553,0.0950171919617308,-0.00132458850274642
13.554,0.0950322363400536,-0.00134746406263608
13.555,0.0950321368838575,-0.00137783007706815
13.556,0.0950478037440735,-0.00140341725186849
13.557,0.0950503279735297,-0.00143602742229854
13.558,0.09504306262068,-0.00148023113696744
13.559,0.0950522545681229,-0.00151878065319533
13.56,0.0950487922448579,-0.00156551169839098
13.561,0.09504649584934,-0.00161343793585428
13.562,0.0950387735449466,-0.00166557935934986
13.563,0.0950473056271256,-0.00170985909969368
13.564,0.0950473608994332,-0.00175780521179913
13.565,0.0950352207587493,-0.00181934078548301
13.566,0.0950442405892949,-0.00187400113781638
13.567,0.0950400402806759,-0.00193727805267879
13.568,0.0950418915722555,-0.00199938035645802
13.569,0.0950287759142026,-0.00206910699930057
13.57,0.0950345652462531,-0.00213172386308175
13.571,0.0950293690238325,-0.00220009625369905
13.572,0.095031738773028,-0.00226483368811048
13.573,0.0950287324948576,-0.00233258848499834
13.574,0.0950307475609298,-0.00239804448118036
13.575,0.0950185547775033,-0.00247493370808188
13.576,0.0950159938335696,-0.00254901072698144
13.577,0.095005744429222,-0.00262749037677729
13.578,0.095004821852765,-0.00270102483738627
13.579,0.0949952268858936,-0.00277774222064453
13.58,0.0949950182969248,-0.00284877843583264
13.581,0.0949762315202833,-0.00293387037432896
13.582,0.0949808761134022,-0.00301052351650688
13.583,0.0949726312644439,-0.00309434805400077
13.584,0.0949724435200167,-0.0031746488081002
13.585,0.0949626898427554,-0.003259328232675
13.586,0.0949616383230274,-0.00333952197572246
13.587,0.0949505178897941,-0.0034240575481756
13.588,0.0949490991037107,-0.00350355263301688
13.589,0.0949380307019205,-0.00358728647271445
13.59,0.0949139815864196,-0.00368030996812313
13.591,0.0948881379360111,-0.00377518855121511
13.592,0.094854798535038,-0.00387394779882877
13.593,0.0948406338830315,-0.00396429527916992
13.594,0.0948042907556405,-0.00407216610535455
13.595,0.094798776994324,-0.00416990867568462
13.596,0.0947826720777602,-0.00427563817743903
13.597,0.0947757194174509,-0.00437897446723245
13.598,0.094758096300021,-0.00448859491117937
13.599,0.0947565021161307,-0.00459126617926547
13.6,0.0947456872712402,-0.00469836267174567
13.601,0.09472392179789,-0.00481463098303697
13.602,0.0947074027661855,-0.00492921945141317
13.603,0.0946824562224842,-0.00504759508402675
13.604,0.0946763020003907,-0.00515475184683234
13.605,0.0946642047003778,-0.00525774887440233
13.606,0.0946667966198131,-0.00534248812190624
13.607,0.0946645573658861,-0.00540920254130528
13.608,0.0946651274685032,-0.00545306190709405
13.609,0.0946742185543377,-0.00547873944368782
13.61,0.0947009111577622,-0.00548112745641222
13.611,0.0947145996787746,-0.00547395946433199
13.612,0.0947093139942119,-0.00546394995377475
13.613,0.0947222024902138,-0.00543233538820048
13.614,0.0947202272691013,-0.00539776540127596
13.615,0.0947364294680291,-0.0053456985518533
13.616,0.0947551752494505,-0.00528047343562543
13.617,0.0947866203758899,-0.00520264026303935
13.618,0.0948054155488568,-0.0051209624413413
13.619,0.094830239511302,-0.00502651361393369
13.62,0.0948718342628455,-0.00492008649481968
13.621,0.0949010190110186,-0.00481640404155187
13.622,0.0949467002665303,-0.00469779403540621
13.623,0.0949811162364858,-0.00458001137487646
13.624,0.0950049967714718,-0.00446590575492634
13.625,0.0950405182287569,-0.00434068595940151
13.626,0.0950594611759915,-0.00421968830131891
13.627,0.0951020404995249,-0.00408631629762179
13.628,0.0951330825564226,-0.00395074890880959
13.629,0.0951832254916777,-0.00380508538065422
13.63,0.0952252556572018,-0.00365632375365321
13.631,0.0952530668106631,-0.00350979247790439
13.632,0.095295546856825,-0.0033608339334717
13.633,0.0953508989073097,-0.00320338592204722
13.634,0.0953947007004038,-0.00305252830834607
13.635,0.0954440230458636,-0.00289242181032295
13.636,0.0954817171146163,-0.00273614585446219
13.637,0.0955384186295734,-0.00256996481188859
13.638,0.0955864973322738,-0.00241465433234783
13.639,0.0956466012955006,-0.00224834352509651
13.64,0.0956884782164125,-0.00208951218252323
13.641,0.0957539253390303,-0.00191813476886987
13.642,0.0958180120899662,-0.00174661882399491
13.643,0.095866370571195,-0.00157857911438031
13.644,0.0959376957956499,-0.00139844512119053
13.645,0.0959945993969509,-0.00121983171440671
13.646,0.0960707154077244,-0.00103126635866319
13.647,0.0961196843426269,-0.000857527194648044
13.648,0.0961877253760416,-0.000676200770539259
13.649,0.0961747070597289,-0.000563823550691678
13.65,0.0961718977782849,-0.000465021182697145
13.651,0.096159470557702,-0.000387116878241722
13.652,0.0961585368483959,-0.000317046134236332
13.653,0.096140887438391,-0.000266309930694208
13.654,0.0961430660618129,-0.000231167217650485
13.655,0.0960907110227692,-0.000235513159268175
13.656,0.0960553776023784,-0.000245966154749921
13.657,0.0960015283309796,-0.000270035804945279
13.658,0.0959631352135209,-0.000296974345609047
13.659,0.0958982987874287,-0.000337766484759083
13.66,0.0958430073041513,-0.000376693948401063
13.661,0.0958267926349859,-0.000395503533135333
13.662,0.0957928038542138,-0.000421876980543689
13.663,0.0957557458362109,-0.000442188978280578
13.664,0.0957749777153429,-0.000442565055741861
13.665,0.095765679323663,-0.000460075068325849
13.666,0.0957691275778124,-0.000471674662389177
13.667,0.0957480616051263,-0.000494183324420916
13.668,0.0957515843556945,-0.000503457008451114
13.669,0.0957318436416805,-0.000520095010864252
13.67,0.0957425809447717,-0.000523683770114913
13.671,0.0957286492984812,-0.000537342379507255
13.672,0.0957466644807486,-0.000538792145374889
13.673,0.0957481255363015,-0.000545423025098968
13.674,0.0957614638547905,-0.000542941319693513
13.675,0.0957636347791101,-0.000543029034369036
13.676,0.095762474274651,-0.00053915783908931
13.677,0.0957884571050317,-0.000520061719085807
13.678,0.0957894402200719,-0.000515934012264907
13.679,0.0958190421218248,-0.000498692731840555
13.68,0.0958326857301789,-0.000490573199919908
13.681,0.095860430826517,-0.00047249091917978
13.682,0.0958775156269205,-0.000461288048702657
13.683,0.0959185189451886,-0.000437052501737922
13.684,0.095947410259712,-0.000416330879865145
13.685,0.0959613520348999,-0.000404685113146508
13.686,0.095976517398941,-0.000390114779292183
13.687,0.0959737436589674,-0.000380670373267167
13.688,0.0960019548309974,-0.000358584779766025
13.689,0.0960120422451409,-0.00033807491130794
13.69,0.0960406120801467,-0.000306961744018286
13.691,0.0960469573484485,-0.00028765722020152
13.692,0.0960792400215842,-0.000256519646710973
13.693,0.0960982573175589,-0.000233902565540456
13.694,0.0961302761432423,-0.000200977668393332
13.695,0.0961414966788504,-0.000173731422256962
13.696,0.0961742239735487,-0.000136478870675971
13.697,0.0961960043623592,-0.000108877303882482
13.698,0.0962292127024218,-7.43199871201528e-05
13.699,0.0962483557794326,-4.49363632078481e-05
13.7,0.0962872375826153,-3.66449075506203e-06
13.701,0.0963186275066901,3.46620298910527e-05
13.702,0.0963355996692855,7.1253011646788e-05
13.703,0.0963753175830235,0.000121002302306328
13.704,0.0963856267662045,0.000156603800136768
13.705,0.0963783897931306,0.000180226068054068
13.706,0.0964019132861019,0.000217339949034778
13.707,0.0963836372867654,0.000220697465134256
13.708,0.0963751721682621,0.000217502858130547
13.709,0.0963687436107429,0.000206295237406284
13.71,0.0963699700219974,0.000190509108224046
13.711,0.0963110211250541,0.000133137066387956
13.712,0.0963005696330935,9.5005625980138e-05
13.713,0.0962713410333727,4.79653432328697e-05
13.714,0.0962655316229605,1.25043608038e-05
13.715,0.0962380762608237,-2.75980218071847e-05
13.716,0.0962354392676283,-5.65967735280948e-05
13.717,0.0962204171402656,-8.70810870522432e-05
13.718,0.0962405143320697,-0.000106008268280111
13.719,0.0962375560886055,-0.000135744188766773
13.72,0.0962489715682173,-0.000158408576987179
13.721,0.0962380532098957,-0.000190209009194364
13.722,0.0962536106136311,-0.000211676940116146
13.723,0.0962657400909022,-0.000233535481242886
13.724,0.0962751112585089,-0.000252711200231792
13.725,0.0962948147451511,-0.00026560660877345
13.726,0.0962949533704036,-0.000291489744253526
13.727,0.0963100654077818,-0.000307006085977612
13.728,0.096310547940896,-0.000328027838519318
13.729,0.096330340039558,-0.000338507584436154
13.73,0.0963436801977383,-0.000350917521737548
13.731,0.0963489586113407,-0.000362570700965292
13.732,0.096345081352448,-0.000376829380047461
13.733,0.0963636954274313,-0.000377024769901424
13.734,0.0963605670319225,-0.00038929450865377
13.735,0.0963791479097837,-0.000393986878319541
13.736,0.0963837312263124,-0.000407335280392607
13.737,0.0963993913831676,-0.000412924456016983
13.738,0.0963947281890503,-0.000424385498219271
13.739,0.0964107111480326,-0.000426361706831024
13.74,0.0964275066932552,-0.000427224526800551
13.741,0.0964477470667525,-0.000425885979772056
13.742,0.0964530632369609,-0.000433753205174803
13.743,0.0964800762140413,-0.000431611449220548
13.744,0.096488737117552,-0.000436019083742245
13.745,0.0965183130985139,-0.000430832047905116
13.746,0.0965269382904431,-0.000427993299661311
13.747,0.0965576251469416,-0.000414524411899875
13.748,0.0965830817373726,-0.000402327694774607
13.749,0.0965912025737773,-0.000389600761976083
13.75,0.0965862203826336,-0.000389603170166897
13.751,0.0965998809336821,-0.000384095185689215
13.752,0.0966002583709109,-0.000386498215132369
13.753,0.0966166997763653,-0.000378531243661162
13.754,0.096622964440771,-0.000376078713594241
13.755,0.0966394911345776,-0.000365238136277757
13.756,0.0966396840715707,-0.000359205098486026
13.757,0.0966586941968295,-0.000343979136795458
13.758,0.0966741952167891,-0.000336103726816139
13.759,0.0967052527440735,-0.000318501014182626
13.76,0.0967170596579052,-0.000307206237858459
13.761,0.0967502292575807,-0.000283884586565697
13.762,0.0967818165891819,-0.000260320852758233
13.763,0.0968017523809105,-0.000238500800361252
13.764,0.0968120446721595,-0.000218541952790807
13.765,0.0968523564495679,-0.000182822078416522
13.766,0.0968673588179932,-0.000160673464281447
13.767,0.0968779711439309,-0.000144275994162169
13.768,0.0968997926855326,-0.000125113807493193
13.769,0.0968918050692505,-0.000127626108878565
13.77,0.0968907105133927,-0.000136998122672982
13.771,0.0968721468252381,-0.000161872654546924
13.772,0.0968614057884865,-0.000188267176068235
13.773,0.0968501735906774,-0.000221794917596108
13.774,0.096856628194888,-0.000245059334698261
13.775,0.0968455300833275,-0.000274835570847731
13.776,0.0968562889121187,-0.000295967687445053
13.777,0.0968526500229785,-0.000319347376389445
13.778,0.096865368902344,-0.000333355459821494
13.779,0.0968537184891734,-0.000358173921264471
13.78,0.0968756399602649,-0.000371294443094028
13.781,0.0968782823457543,-0.000392220307193214
13.782,0.0968970249453775,-0.000403690624966924
13.783,0.0969051266160876,-0.000421161711791018
13.784,0.0969241429912931,-0.000429926251075852
13.785,0.0969378603089376,-0.000441491808956918
13.786,0.0969342631581888,-0.000461904923344969
13.787,0.0969459765750558,-0.000473451842789796
13.788,0.0969414411759635,-0.000491336077921567
13.789,0.0969542285953711,-0.000501418124286945
13.79,0.0969540740985502,-0.000513016555453216
13.791,0.0969710811082993,-0.000514733924632027
13.792,0.0969709482529816,-0.000516896831088298
13.793,0.09696653619814,-0.000527187349976255
13.794,0.0969811428003747,-0.000529027732141418
13.795,0.0969768516911646,-0.000538520216577298
13.796,0.0969976860801249,-0.000539205014867261
13.797,0.0970173620574865,-0.000536164962193386
13.798,0.0970270547065348,-0.000538101548850867
13.799,0.097044468739095,-0.000533016413978682
13.8,0.0970485834425342,-0.000538416900843719
13.801,0.0970733194238827,-0.000532845801291648
13.802,0.097078757312712,-0.000532955807760804
13.803,0.0971086920617338,-0.000522210592553196
13.804,0.0971246422059035,-0.000513884351218796
13.805,0.0971554116786923,-0.000497700635593068
13.806,0.0971735185484849,-0.000482121654324985
13.807,0.0972072344732767,-0.000456675640993165
13.808,0.0972092230076051,-0.000445096016534641
13.809,0.0972039502909963,-0.000441220141947862
13.81,0.0972397268792083,-0.000421360006793381
13.811,0.0972552166054426,-0.000404975579567535
13.812,0.0972583141804857,-0.000395689001738808
13.813,0.0972846520011317,-0.000374635977953619
13.814,0.0972992645670409,-0.000356131275155935
13.815,0.0973300808451634,-0.000328987072178433
13.816,0.0972996790802301,-0.000349557376857268
13.817,0.0972833855042199,-0.000375365443226749
13.818,0.0972372616442318,-0.000419006747517214
13.819,0.0972389373292841,-0.000444262598786216
13.82,0.097219317801992,-0.000473902091846667
13.821,0.0972222837429635,-0.000493582346179355
13.822,0.0972082978943298,-0.000514657225107129
13.823,0.0972111754254781,-0.000535676394649021
13.824,0.0972228108813434,-0.000551361566237418
13.825,0.0972222045299578,-0.000574154514405067
13.826,0.0972294762798033,-0.000589045518308462
13.827,0.0972198176904398,-0.000610138225600354
13.828,0.0972327572760283,-0.000621524339241342
13.829,0.0972429036969264,-0.000628931969074931
13.83,0.0972379648076521,-0.000649454043817943
13.831,0.0972597183729369,-0.000654626912437561
13.832,0.0972682877726155,-0.000666042577856185
13.833,0.0972931250230695,-0.000668454125379359
13.834,0.0973020957383738,-0.000673970634851473
13.835,0.0973331260838013,-0.000668324631109773
13.836,0.0973555871808819,-0.000662972790093697
13.837,0.0973816227523381,-0.000652577232756302
13.838,0.0973774324544455,-0.00065537446031233
13.839,0.0973904072478654,-0.000654466003195686
13.84,0.097390461264962,-0.000661608688245663
13.841,0.0974072993172373,-0.000658044531130553
13.842,0.0974178793189982,-0.000658167154741263
13.843,0.0974387614569294,-0.000649892425208409
13.844,0.0974478076808462,-0.000647312944643319
13.845,0.0974708744346601,-0.000636668344758229
13.846,0.0974688975116622,-0.000637164950470614
13.847,0.0974960391713605,-0.000624610186232333
13.848,0.0975031937925924,-0.000617427300374118
13.849,0.097528081521526,-0.000602916154823829
13.85,0.0975410384360463,-0.000592068769672438
13.851,0.0975435939219789,-0.000581583977034172
13.852,0.0975725558392007,-0.000556569734750545
13.853,0.0975834758317943,-0.000532461152182473
13.854,0.0975832975950178,-0.000520414677412762
13.855,0.097602868468815,-0.000502938913356343
13.856,0.0976028144060496,-0.000492421846869595
13.857,0.097621818403539,-0.000471476800635418
13.858,0.0976295076607224,-0.000456436587810083
13.859,0.097651779079345,-0.000432302738168244
13.86,0.0976653029458632,-0.000411743087611327
13.861,0.0976877901866585,-0.000381487856190466
13.862,0.0976545376935204,-0.000398010065430721
13.863,0.0976284378682526,-0.000418946672466558
13.864,0.0976020261687417,-0.000449993140010096
13.865,0.0976146777095187,-0.000465796718916001
13.866,0.097611469752154,-0.000485937682642934
13.867,0.0976162330965024,-0.000500630107592936
13.868,0.097604569370782,-0.000517207617236948
13.869,0.0975940600945497,-0.000539737282429731
13.87,0.0975994771608612,-0.00055398769661924
13.871,0.0975875394232565,-0.000577489929799113
13.872,0.0975932876734308,-0.000590227561495016
13.873,0.0975857320203236,-0.000609175375176685
13.874,0.0975963349177843,-0.000617851353286125
13.875,0.0975909617482216,-0.000635716947195719
13.876,0.097616442531289,-0.000640689005816986
13.877,0.0976267032622111,-0.000649449220434528
13.878,0.0976484788600661,-0.000647650209456951
13.879,0.0976517705826706,-0.000649002067110771
13.88,0.097676505953601,-0.00064040854166747
13.881,0.0976792538980686,-0.000645426913526981
13.882,0.0977019757891586,-0.000640446591665511
13.883,0.0977111367551069,-0.00064430236603441
13.884,0.0977307534600363,-0.000638926533062467
13.885,0.0977378668335055,-0.000639566642866241
13.886,0.0977621808533456,-0.000630833428637234
13.887,0.0977841802301412,-0.000618346370597378
13.888,0.0977901241373489,-0.000618161402620443
13.889,0.0978181458459706,-0.00060481756191999
13.89,0.0978328179027487,-0.000597215365273629
13.891,0.0978457496644616,-0.000587898242188745
13.892,0.0978452102195246,-0.000581269508328763
13.893,0.0978684095978364,-0.000561507696493768
13.894,0.0978992112527292,-0.000536092973787872
13.895,0.0979134385667957,-0.000511131518774521
13.896,0.0979150603042952,-0.000498808922448413
13.897,0.09793216466827,-0.000480010383538843
13.898,0.0979319590701324,-0.000468773263448352
13.899,0.0979549164623356,-0.000449299767784128
13.9,0.0979765826879023,-0.00042669230507042
13.901,0.0979869082544387,-0.000409543517641608
13.902,0.0980081401205198,-0.000383419484032588
13.903,0.0979980181497912,-0.000379893933401321
13.904,0.0979340167546948,-0.000412207154506017
13.905,0.0978787696861712,-0.000439295474958856
13.906,0.0978242766794382,-0.000461414617860256
13.907,0.097785807999438,-0.000469456173503746
13.908,0.0977293352622503,-0.000480605949310819
13.909,0.0977321673060513,-0.000471986157650262
13.91,0.097713610093364,-0.000476112447859278
13.911,0.097717152858948,-0.0004710292822378
13.912,0.0976932049620195,-0.000480033848792638
13.913,0.0976948860005183,-0.00047624912320765
13.914,0.0976813538916804,-0.000479421110307521
13.915,0.0976834650592581,-0.000474325451679081
13.916,0.0976647391780315,-0.000478248782776469
13.917,0.0976700980177597,-0.000469227987024867
13.918,0.0976618156898116,-0.000465244517754815
13.919,0.0976402416641294,-0.00047493300438195
13.92,0.0976490976269493,-0.000472163374709456
13.921,0.0976385769840928,-0.000479027759408834
13.922,0.0976512316228436,-0.000474752017563917
13.923,0.0976466899547046,-0.000477595083803684
13.924,0.0976580476049114,-0.000471117857511416
13.925,0.0976591432738739,-0.000468550490244524
13.926,0.0976737542873296,-0.000458490554387736
13.927,0.0977128475192938,-0.000439587679416709
13.928,0.0977386459026753,-0.000427509211309018
13.929,0.0977554007180096,-0.000419426697961855
13.93,0.0977705893793208,-0.000411387661248264
13.931,0.0977770713774491,-0.00040642263923063
13.932,0.0977811673351038,-0.000406042399370976
13.933,0.0978032668550907,-0.000397161801778456
13.934,0.0978132267597871,-0.000394417113551315
13.935,0.097837455738892,-0.000383462591571404
13.936,0.097847135259601,-0.000375271982100966
13.937,0.0978706214706172,-0.000359050715559361
13.938,0.0978961289067453,-0.000344375870642732
13.939,0.0979300692001825,-0.000324945441050606
13.94,0.0979494369322112,-0.000311820454107881
13.941,0.0979856618956529,-0.000288850525900386
13.942,0.0980097438609727,-0.000270000862977016
13.943,0.0980227304320556,-0.000258911076470192
13.944,0.09805397234209,-0.000238575830513676
13.945,0.0980742878434489,-0.000223355978408113
13.946,0.0981070181423761,-0.000200167604656631
13.947,0.0981264311210419,-0.000179220136356129
13.948,0.0981590765518854,-0.000150496736093075
13.949,0.0981862999977639,-0.000120894854918174
13.95,0.0982079826228819,-9.8034182337059e-05
13.951,0.0982439950701275,-6.56202956062502e-05
13.952,0.0982302399748604,-7.12713810008814e-05
13.953,0.0982243777087063,-8.21897622739765e-05
13.954,0.0982101090374072,-0.000104874610836192
13.955,0.0982046469969768,-0.000139211363915315
13.956,0.0981711047502154,-0.000197096362871518
13.957,0.0981337646727693,-0.000263722912224984
13.958,0.0980996976621264,-0.000333915176134292
13.959,0.0981026454420214,-0.000388725600200701
13.96,0.0980897017769077,-0.00044673986031657
13.961,0.0980842346864895,-0.000499928126054705
13.962,0.0980651847119249,-0.000553915417259132
13.963,0.0980648245734931,-0.000604857679370463
13.964,0.0980682376803419,-0.000649326508451009
13.965,0.0980585527864141,-0.000701031248771855
13.966,0.0980653390833967,-0.000742363532189594
13.967,0.0980613376203336,-0.000787850168919912
13.968,0.0980698050102041,-0.000821277794497255
13.969,0.0980631274106,-0.000864462595649373
13.97,0.0980777419005551,-0.00089346747184893
13.971,0.0980764354903503,-0.000927052461334399
13.972,0.098093636977503,-0.000947747578024849
13.973,0.098092708217759,-0.000969318894336657
13.974,0.0981103771852016,-0.000978159887482621
13.975,0.0981271043416842,-0.000981806730164403
13.976,0.0981510287135957,-0.000977272804956963
13.977,0.0981564357715826,-0.000979310629516561
13.978,0.098175860683442,-0.000971966645209099
13.979,0.0981814773209236,-0.000968325442213203
13.98,0.0981766651939419,-0.000966758073668972
13.981,0.098171411160697,-0.000969093905820118
13.982,0.0981755979450125,-0.000964974680549291
13.983,0.098186610120239,-0.000954954371534422
13.984,0.0981879125202164,-0.000948125818489354
13.985,0.0982049300486117,-0.000931593066961223
13.986,0.0982091873205181,-0.000917289590782855
13.987,0.098226263902094,-0.000892227156197967
13.988,0.0982412101570391,-0.000872232449083743
13.989,0.0982697922806436,-0.000846220829605449
13.99,0.0982822546277219,-0.000828830802738156
13.991,0.0983139769064459,-0.000803026797697948
13.992,0.0983356246620882,-0.000781249390666816
13.993,0.0983681965253427,-0.00075374459804467
13.994,0.0983871156629595,-0.000730759461560204
13.995,0.0983956820255379,-0.000718621992773172
13.996,0.0984146626897596,-0.000699570983595854
13.997,0.0984215532888268,-0.00068719905402298
13.998,0.0984438021944909,-0.000666422032002179
13.999,0.0984551939906325,-0.000649219697851366
14,0.0984600348711233,-0.00064464852733076
14.001,0.0984751714570018,-0.000642899155268661
14.002,0.0984662375903779,-0.000657246284093971
14.003,0.0984194192869398,-0.000707595680664252
14.004,0.0984044724958821,-0.000746298448297489
14.005,0.0983714938446737,-0.000797162803089391
14.006,0.0983530000897726,-0.000839688833200625
14.007,0.0983217236709206,-0.000891395673761231
14.008,0.0983000121459165,-0.00093370823408484
14.009,0.0982711383329775,-0.000980686035790546
14.01,0.0982605828797945,-0.00101670512799257
14.011,0.0982939891340531,-0.00103440437541269
14.012,0.0983070095308714,-0.00106134352758763
14.013,0.0983283556293258,-0.00108389473505988
14.014,0.0983305521781342,-0.00111259919756351
14.015,0.0983560109794186,-0.00112950585530114
14.016,0.0983660165633879,-0.00114861383249909
14.017,0.0983952291984445,-0.00115784524476598
14.018,0.098411681355705,-0.00116787521670514
14.019,0.0984436097100487,-0.00116940258433357
14.02,0.0984498631142494,-0.0011841220942681
14.021,0.0984413047018315,-0.00120811163735107
14.022,0.0984551475656665,-0.00122101714475709
14.023,0.0984543632844199,-0.00124344015175282
14.024,0.0984621216665484,-0.00125896221304661
14.025,0.0984619274602724,-0.00128113509021949
14.026,0.0984585709751341,-0.00129890929805682
14.027,0.098472883172229,-0.00131021524511982
14.028,0.0984713394342067,-0.00133557066101636
14.029,0.0984909043816927,-0.00134878520263659
14.03,0.0984968762073811,-0.00136921222305014
14.031,0.0985197806077724,-0.00138254356637707
14.032,0.0985288839641431,-0.00139778265639889
14.033,0.0985531925250009,-0.00140634265878076
14.034,0.0985688411709069,-0.00141765372804659
14.035,0.0985924124621331,-0.00142196945780909
14.036,0.0985902624791248,-0.00144168029205971
14.037,0.0985927869367856,-0.0014610584673187
14.038,0.098580680857726,-0.00149089192607421
14.039,0.0985901112284183,-0.00151204025608881
14.04,0.0985840510779514,-0.00153971004976022
14.041,0.0985933541813791,-0.00156185238670159
14.042,0.0985883647213974,-0.00158927301145034
14.043,0.0985752157021084,-0.00162591354480307
14.044,0.0985828755914011,-0.00165348254234399
14.045,0.0985764694139432,-0.00168855311544597
14.046,0.0985813742823505,-0.0017178889985664
14.047,0.0985726523206955,-0.00175194316960159
14.048,0.0985777993400804,-0.00177840755310871
14.049,0.0985700640497824,-0.00180955560174145
14.05,0.0985574698663476,-0.00184906307986477
14.051,0.0985631761980028,-0.00188332691532878
14.052,0.098553393471148,-0.00192864921246666
14.053,0.0985418969125814,-0.00197903838233682
14.054,0.0985629045167691,-0.00201728675901458
14.055,0.0985734164569866,-0.00206299098216811
14.056,0.0985739139453885,-0.00212123102755907
14.057,0.0985937790319545,-0.00217316709641191
14.058,0.0985999739954533,-0.00223391444760807
14.059,0.0986132202383623,-0.00229310288358137
14.06,0.0986123832913366,-0.00235969747739018
14.061,0.0986292174686263,-0.00242014167018717
14.062,0.0986347228562572,-0.00248687728003277
14.063,0.0986503767533595,-0.00254965319625527
14.064,0.0986462873873754,-0.00262816599283056
14.065,0.0986323681768742,-0.00271468858556628
14.066,0.0986140305835293,-0.00280581879439518
14.067,0.0986024298775483,-0.00289583299223917
14.068,0.0985944522801608,-0.00298507917314789
14.069,0.098577722884928,-0.00307940285418784
14.07,0.0985517824768935,-0.0031840465934162
14.071,0.0985476347068316,-0.00327989543230806
14.072,0.0985329599111384,-0.00338179399258159
14.073,0.0985216398203456,-0.00348239370290288
14.074,0.0984989781709172,-0.00358855162117272
14.075,0.0984937843087099,-0.00368620936085556
14.076,0.0984786529649868,-0.00378899274937405
14.077,0.0984716962157665,-0.00388716416181067
14.078,0.0984592914419577,-0.00398753446669159
14.079,0.0984307069776322,-0.00410105017267565
14.08,0.0984205030843356,-0.0042082225364326
14.081,0.098396686345693,-0.00432313726129774
14.082,0.098381099564819,-0.00443459424315756
14.083,0.0983538058066815,-0.00455221209200063
14.084,0.0983416831648405,-0.00466234791410503
14.085,0.0983132699734556,-0.00478511654053243
14.086,0.098309600177916,-0.0048974941745849
14.087,0.0982943898969361,-0.00501587684948118
14.088,0.0982864852676393,-0.00513019654808267
14.089,0.0982694332439807,-0.00524831080825006
14.09,0.0982603426265846,-0.00536176012410211
14.091,0.0982409323762592,-0.00547956016702267
14.092,0.0982325289648056,-0.00559145905385605
14.093,0.0982135550812549,-0.0057084139491308
14.094,0.098174926043009,-0.00584041211919195
14.095,0.0981279506684196,-0.00597992276243425
14.096,0.0980686077950238,-0.00612846825140906
14.097,0.0980320232420373,-0.00626823864242676
14.098,0.0979877848135075,-0.00642007318465077
14.099,0.097969692978602,-0.00656264680543339
14.1,0.0979521007613308,-0.00670680675083524
14.101,0.0979322478622465,-0.00685275330567175
14.102,0.0979127407262884,-0.00699847004749932
14.103,0.097890269958776,-0.00714495904528156
14.104,0.0978814181958428,-0.00728367421288995
14.105,0.0978569479539183,-0.00743343030640542
14.106,0.097840756868531,-0.00757632963974697
14.107,0.097811991558872,-0.00771472083904345
14.108,0.0978021237484034,-0.00782735334053425
14.109,0.0977772323716914,-0.00792656386887236
14.11,0.0977693665322373,-0.00800410695643988
14.111,0.0977436636877416,-0.00807557505644629
14.112,0.0977244125107121,-0.00812744926925107
14.113,0.0977069107392849,-0.00816316437876097
14.114,0.0976981497342687,-0.00818377295144723
14.115,0.0976765454015403,-0.00819966589792998
14.116,0.0976601976715197,-0.00820029787747062
14.117,0.0976553405306916,-0.00818735112660396
14.118,0.0976398587506559,-0.00817050158652238
14.119,0.097627732356239,-0.00814131378527033
14.12,0.0976267150942182,-0.00810088535642445
14.121,0.0976158285291183,-0.00805730591763049
14.122,0.097643648811806,-0.00799743922600266
14.123,0.0976886127081343,-0.0079226797147523
14.124,0.0977174700804577,-0.00784881268605836
14.125,0.0977426900521962,-0.0077718654958322
14.126,0.097768823893699,-0.00768790794128554
14.127,0.0978098170543568,-0.00759070591807748
14.128,0.0978301042602144,-0.00750974321643655
14.129,0.0978588058592835,-0.00742047659998141
14.13,0.0978649728983933,-0.00734157641380861
14.131,0.0978969179058679,-0.00725089883316571
14.132,0.0979193455635745,-0.00715978201071121
14.133,0.0979574797108788,-0.00705949585163657
14.134,0.0979885785254965,-0.00696460953767059
14.135,0.0980211008194234,-0.00686310305795929
14.136,0.0980558064637454,-0.00676094460852172
14.137,0.0980896974747734,-0.00665399816351242
14.138,0.0981069123931054,-0.00655301082531251
14.139,0.0981199279995373,-0.006460357266244
14.14,0.0981508494988314,-0.00635702843852837
14.141,0.0981682570584905,-0.00626103619269486
14.142,0.0982014369931264,-0.00615457007544373
14.143,0.0982207176346597,-0.00605353334301617
14.144,0.0982607896918698,-0.00594208268019497
14.145,0.0982820408403606,-0.00583334819297493
14.146,0.0982972549749902,-0.00573428464128611
14.147,0.098334853938753,-0.00562639518785429
14.148,0.098347788444832,-0.00552718011270881
14.149,0.0983873760310332,-0.005418211002372
14.15,0.0984083571946403,-0.00531580078029587
14.151,0.0984513291490422,-0.00520425746947384
14.152,0.0984745828515603,-0.00509692831102426
14.153,0.0985168241368868,-0.00497966543814304
14.154,0.0985504992035623,-0.00487311987572542
14.155,0.0986053964004202,-0.00475519795285334
14.156,0.0986483707945262,-0.00464568215617328
14.157,0.098697629195734,-0.00452809803889731
14.158,0.0987328757953755,-0.0044143986840055
14.159,0.0987906125018868,-0.00429072437189887
14.16,0.0988508175029912,-0.00416646695174538
14.161,0.0989104999163417,-0.00403651520262921
14.162,0.0989404124083241,-0.00392322748131918
14.163,0.0989528067609117,-0.00382435302432493
14.164,0.0990016348688386,-0.00370850772021275
14.165,0.0990272803470223,-0.00360289334753511
14.166,0.0990735856276445,-0.00348719561610777
14.167,0.0991159586786613,-0.00337413787865587
14.168,0.0991395134442777,-0.00326685811813954
14.169,0.09918720003024,-0.00314743003901535
14.17,0.0992193530372028,-0.00302970547867082
14.171,0.0992426417628409,-0.00292363996828315
14.172,0.0992857886704996,-0.00280860527227755
14.173,0.0993147223264103,-0.00270216988573546
14.174,0.0993602354893402,-0.0025871470174022
14.175,0.0993869026107987,-0.00247752574758103
14.176,0.0994347268159017,-0.002357689198416
14.177,0.099480155646301,-0.00223892369035483
14.178,0.0995252016588937,-0.0021177251110634
14.179,0.0995474969567708,-0.00201060146452703
14.18,0.0995991356298026,-0.0018940274369329
14.181,0.0996370904142208,-0.0017866861223001
14.182,0.0996825649882525,-0.00167506309156684
14.183,0.0997106661058825,-0.0015714792139977
14.184,0.0997585304559174,-0.00145476498277008
14.185,0.0998022530196115,-0.00134247430072149
14.186,0.099828966342137,-0.00123223350104035
14.187,0.0998481161613456,-0.00113288376518944
14.188,0.0998880397688278,-0.00102274744919689
14.189,0.0999107076613085,-0.000921275159983637
14.19,0.0999162091459261,-0.000826861624455888
14.191,0.0999562626675227,-0.000716600240110998
14.192,0.099974827372662,-0.000610681447091976
14.193,0.10001730244127,-0.000492703329799782
14.194,0.100056160460346,-0.000375832529319442
14.195,0.100089713372508,-0.00026892770621878
14.196,0.100137940083934,-0.000153577913134362
14.197,0.100161267069935,-5.04675685438771e-05
14.198,0.100209386268427,6.50606099063533e-05
14.199,0.100257859715339,0.000180097598901419
14.2,0.10023242215017,0.000243714211869583
14.201,0.100219194742027,0.000299831935966222
14.202,0.100183423819264,0.000318364227934909
14.203,0.100129279487407,0.000312727813691904
14.204,0.100081902348442,0.000297585869906136
14.205,0.100035510500909,0.000271578002611628
14.206,0.0999923877297303,0.000241833943579739
14.207,0.0999230011270592,0.000191877144639141
14.208,0.0998595306369697,0.000142706609757626
14.209,0.0998448349426341,0.000112837694884349
14.21,0.0998668859834193,9.90462967544459e-05
14.211,0.0998610020582011,6.92668404939645e-05
14.212,0.0998804330740163,5.0832881326679e-05
14.213,0.0998808263078611,2.41907416696496e-05
14.214,0.0999121072798483,1.04206489747183e-05
14.215,0.0999229327962461,-9.80033184416751e-06
14.216,0.0999482529021759,-1.85227998804605e-05
14.217,0.0999419254934542,-4.39460157897753e-05
14.218,0.0999213430522443,-8.15489009792225e-05
14.219,0.0999298240038867,-0.000102765439879471
14.22,0.0999167217504657,-0.000130797797061988
14.221,0.0999240062622301,-0.000147130855960853
14.222,0.0999153514182388,-0.00016938020334728
14.223,0.0999278987116971,-0.000180328075212455
14.224,0.0999238972175287,-0.000200221248443988
14.225,0.0999419490872914,-0.000211382369750046
14.226,0.0999359164026474,-0.000231979724651832
14.227,0.0999579954025782,-0.000241334320168374
14.228,0.0999568755795461,-0.000255806773317213
14.229,0.0999784151367018,-0.000259730814256398
14.23,0.0999922313423038,-0.000266157139925394
14.231,0.0999819469515397,-0.000285345334109455
14.232,0.100013365120273,-0.000285724396828724
14.233,0.100023311803426,-0.00029332926807768
14.234,0.100043680154687,-0.000295930620529627
14.235,0.100055440788164,-0.000303243090355787
14.236,0.100075711960424,-0.000301188941255248
14.237,0.100083757673683,-0.00030252222451177
14.238,0.100106670790567,-0.000294915249059169
14.239,0.100116389605506,-0.000300359852486609
14.24,0.100143948039586,-0.000295341552828232
14.241,0.100152701647126,-0.00029941645509185
14.242,0.100184058845859,-0.000294135326788514
14.243,0.100192661059749,-0.000294234049444897
14.244,0.100222516360232,-0.000284582431462732
14.245,0.100245997714107,-0.000277357453189686
14.246,0.10024211294888,-0.000281526132527465
14.247,0.100252868931167,-0.00028162357790551
14.248,0.100276149620427,-0.000274779766582023
14.249,0.10028724430963,-0.000269921455541611
14.25,0.10031383213436,-0.000258489934640727
14.251,0.100338405459586,-0.000244994847551416
14.252,0.100351507428877,-0.000243296427350492
14.253,0.10037990464253,-0.000233102285946363
14.254,0.100388951828862,-0.000230894310664254
14.255,0.100424514049988,-0.000217117607885398
14.256,0.100438534034922,-0.000207405148877904
14.257,0.100471890223661,-0.000188602836447116
14.258,0.100490502214989,-0.000181363529266676
14.259,0.100517753407422,-0.000167501224396294
14.26,0.100531354369917,-0.000160603133488313
14.261,0.100557836963519,-0.000142831963810042
14.262,0.100566789853631,-0.000129921588144899
14.263,0.100597210438877,-0.00010635638398937
14.264,0.100630626722209,-8.02873926599168e-05
14.265,0.100645346208958,-6.72654407823936e-05
14.266,0.100669001411875,-5.16066177556063e-05
14.267,0.100640035368977,-7.41718426485738e-05
14.268,0.100623378103222,-0.00010061119160798
14.269,0.100607093817303,-0.000133553540156983
14.27,0.100592983499069,-0.000170778137972671
14.271,0.100584357681447,-0.00020134887085721
14.272,0.100557685654465,-0.000247092556904582
14.273,0.100568602843249,-0.000274355882680377
14.274,0.100562274415319,-0.000308537572791645
14.275,0.100568881336338,-0.000333538535452982
14.276,0.100554472451612,-0.000364278421684072
14.277,0.100568070678812,-0.000383741204442012
14.278,0.100583194468232,-0.000398878136469716
14.279,0.100569250315612,-0.000430989276207494
14.28,0.100593899934575,-0.000447781583381934
14.281,0.100598755130785,-0.00047375912767178
14.282,0.100612516192958,-0.000491331779168436
14.283,0.100606104903327,-0.000516498591371151
14.284,0.100622352544248,-0.000531328839140754
14.285,0.100620742112149,-0.000548261877408307
14.286,0.10063921651381,-0.000555919350567036
14.287,0.100628648487461,-0.000577027268724439
14.288,0.100663021332501,-0.000579833060121049
14.289,0.100684544758152,-0.000589780055949674
14.29,0.100705576948689,-0.000595878825781659
14.291,0.1007143408737,-0.000607345550930227
14.292,0.100740277017919,-0.000610070617866609
14.293,0.100750132822677,-0.000614345492211787
14.294,0.100778464118326,-0.000608251866489051
14.295,0.100787110224794,-0.000616133006677289
14.296,0.100804324620286,-0.000617965210282845
14.297,0.100801930598843,-0.000627478409114257
14.298,0.100821103626241,-0.000627113614248831
14.299,0.100839830116727,-0.000627301111357281
14.3,0.100848576651772,-0.000630359493902166
14.301,0.100842969678961,-0.000635543055035437
14.302,0.100836659698006,-0.000646630239790169
14.303,0.100842475082396,-0.000652435264034468
14.304,0.100834277469642,-0.000661050971820232
14.305,0.100846803232711,-0.000659694379797182
14.306,0.100851452549261,-0.000661866190764471
14.307,0.100862957832387,-0.00065505212142053
14.308,0.100865820676129,-0.000650969517677624
14.309,0.100880631479739,-0.000647218525127391
14.31,0.100900495605639,-0.000640267445147225
14.311,0.100904889810569,-0.000642954135119889
14.312,0.100922784808432,-0.000634902730577258
14.313,0.100929351491509,-0.000634387662177605
14.314,0.100950236340827,-0.000621843725799487
14.315,0.100965450035057,-0.000611786789932234
14.316,0.10095495207742,-0.000612698596108963
14.317,0.100984983698642,-0.000597079686309065
14.318,0.101004338551259,-0.000587889579279188
14.319,0.101028023351149,-0.000572400718312771
14.32,0.101042492078879,-0.000561645465983307
14.321,0.101065111837921,-0.000541842904167533
14.322,0.101070097889044,-0.00053562309295746
14.323,0.101099468348611,-0.000515263258713816
14.324,0.101111771115154,-0.000503036266464474
14.325,0.101136237179313,-0.000484359578804772
14.326,0.101146411853822,-0.000469898827272441
14.327,0.101148469746734,-0.000464318190653623
14.328,0.101165394784854,-0.000448357668576371
14.329,0.101145103054329,-0.000462903039312013
14.33,0.101132709748155,-0.000478598896564097
14.331,0.101108321495351,-0.000507193166246978
14.332,0.101099408863759,-0.00053533140549139
14.333,0.101091486845689,-0.000560450272397262
14.334,0.101075980568808,-0.000587100686420094
14.335,0.101071117381197,-0.000610259151834491
14.336,0.101093278769407,-0.0006199227271384
14.337,0.101104047279919,-0.000636975381019644
14.338,0.101121270114649,-0.000647643159806754
14.339,0.101125112433639,-0.000664137927172681
14.34,0.10114302951705,-0.000669614193102852
14.341,0.101140582776638,-0.000689955968265266
14.342,0.101156943561316,-0.000698899474649961
14.343,0.101151648372397,-0.000715670386532918
14.344,0.101167127639076,-0.000723752264133903
14.345,0.101161199125133,-0.000736275370080031
14.346,0.101177998685139,-0.000738613570561431
14.347,0.101175632892544,-0.000753020814571514
14.348,0.101195371803141,-0.000755235437414847
14.349,0.101200549802147,-0.00076411390683373
14.35,0.101193534208682,-0.000778632823551839
14.351,0.10120896267567,-0.00077852095838038
14.352,0.101233498373264,-0.000773335457011748
14.353,0.101248637527065,-0.000767610484499692
14.354,0.10124485614873,-0.000776361900209743
14.355,0.101253918572936,-0.000779355658249381
14.356,0.101246412639036,-0.000791400611322657
14.357,0.10126199980923,-0.000790090594439186
14.358,0.101253097041556,-0.0007951126536484
14.359,0.101266305119161,-0.000790199685857862
14.36,0.101277346868977,-0.000785797641195352
14.361,0.101262566948593,-0.000791669835409847
14.362,0.10128520263135,-0.000782455638864421
14.363,0.101296330486209,-0.000780312504124303
14.364,0.101319732400506,-0.000768107958720177
14.365,0.101331280726268,-0.000761035150780687
14.366,0.101357100898863,-0.000744473760428466
14.367,0.101361266881835,-0.000741549528589291
14.368,0.101383198503354,-0.000728569906482013
14.369,0.101386798863116,-0.000724428179405823
14.37,0.10140129906527,-0.000712315893479143
14.371,0.101415294256208,-0.000699601647722481
14.372,0.101416108355681,-0.000692292115359927
14.373,0.10139943378349,-0.000694295738137785
14.374,0.101412002144576,-0.00068239872036463
14.375,0.101414740640198,-0.000677630832274123
14.376,0.101422854990369,-0.000666938388035387
14.377,0.101432871282904,-0.000652236152983654
14.378,0.101429254885439,-0.000640786515778702
14.379,0.10144827117715,-0.00061898978002134
14.38,0.101453582756264,-0.000604893499659309
14.381,0.101480607486971,-0.000581455771510198
14.382,0.101497320692159,-0.000565353952448833
14.383,0.101517664934448,-0.000545748779940902
14.384,0.101522937784464,-0.000531264213302185
14.385,0.101549474798795,-0.000505451040101301
14.386,0.101578015532517,-0.00047807660918997
14.387,0.101589568134854,-0.000454445592842745
14.388,0.101593807155048,-0.000440931194437166
14.389,0.101585665610582,-0.000444537250233468
14.39,0.101590154748325,-0.000453727461331987
14.391,0.101559491462751,-0.000490605470086614
14.392,0.101541345040216,-0.000528012262183908
14.393,0.101526546987781,-0.000561350020679252
14.394,0.101497557992959,-0.000598416350826525
14.395,0.101494757568227,-0.000624808623035378
14.396,0.101487643063554,-0.000657198157621497
14.397,0.10149855931577,-0.000681170119048224
14.398,0.101490066406636,-0.000714547091801743
14.399,0.101508432111821,-0.000737932281340781
14.4,0.101509640764653,-0.000767534739273157
14.401,0.101522025355524,-0.000786612210829651
14.402,0.101511562405526,-0.000809404632835131
14.403,0.10152254924732,-0.000816381194423177
14.404,0.101506946050724,-0.000835617337510086
14.405,0.101515968542766,-0.000838403507054997
14.406,0.10150398570883,-0.000848778067631673
14.407,0.101511265464747,-0.000847434789643275
14.408,0.101496971616379,-0.000855042489318558
14.409,0.101509819926141,-0.000847575450219851
14.41,0.101501264976242,-0.000849092489082326
14.411,0.101515833891225,-0.000837330236399425
14.412,0.101512975804585,-0.000832335222991087
14.413,0.101530058581922,-0.000815467387383861
14.414,0.101530093117967,-0.000804963161773309
14.415,0.101498955864271,-0.000817494988147593
14.416,0.101495853984738,-0.000819465198705682
14.417,0.101466325210905,-0.000836238558167057
14.418,0.101458741012845,-0.000842763416787407
14.419,0.101430551157741,-0.000860737041438242
14.42,0.101422456634632,-0.000868917829541183
14.421,0.101392778922023,-0.000884117063851386
14.422,0.101401762334096,-0.000887785870893998
14.423,0.101408898483508,-0.000892009027446017
14.424,0.1013984089671,-0.000904915143134677
14.425,0.101412720960986,-0.00090427005366106
14.426,0.101412953584322,-0.000909439962974878
14.427,0.101429362557589,-0.000904725383891136
14.428,0.101432564526422,-0.000904570146440409
14.429,0.101430899251118,-0.0009132842894366
14.43,0.10144776662391,-0.000915229223660996
14.431,0.10145241386797,-0.000925411423397637
14.432,0.101459540478429,-0.00093307948819521
14.433,0.101471582573061,-0.000938900060641401
14.434,0.101471953367119,-0.000948828477109587
14.435,0.101489122263153,-0.000950019574671501
14.436,0.101500962919767,-0.000951741147424634
14.437,0.10151978337181,-0.000948948347873513
14.438,0.101528628425639,-0.000954106514419517
14.439,0.101558519938183,-0.000947727851887459
14.44,0.101574858010209,-0.000947213354169196
14.441,0.101604407805928,-0.00093807044949018
14.442,0.101622536002765,-0.000932669632118188
14.443,0.101654136536979,-0.000917904193470265
14.444,0.101665077895259,-0.000916992403975858
14.445,0.101699322141273,-0.000905546354188436
14.446,0.101719535854875,-0.000902002794854861
14.447,0.101752497642036,-0.000891068890313651
14.448,0.101769011680254,-0.000885102969025719
14.449,0.101799917911849,-0.000871628635462585
14.45,0.101824630735511,-0.00085814871802764
14.451,0.101841128019055,-0.000852410274392146
14.452,0.101870095873861,-0.00083751640425922
14.453,0.101888043088375,-0.000826423418856304
14.454,0.101911596283609,-0.0008102983302129
14.455,0.101925026389059,-0.000797133641290138
14.456,0.1019331064456,-0.000789212745694434
14.457,0.101956362368565,-0.000773481555282174
14.458,0.101969062030938,-0.000763443581991929
14.459,0.101992043629232,-0.000746143138347477
14.46,0.101999781825656,-0.000733647207377675
14.461,0.102023454894705,-0.000712878798319216
14.462,0.1020412912711,-0.000695302862821934
14.463,0.102074891792511,-0.000670154675063428
14.464,0.102102019047491,-0.000647524674638744
14.465,0.102139138940099,-0.000616033539132366
14.466,0.10216743090469,-0.000587030463473859
14.467,0.102205615880855,-0.000561451192656048
14.468,0.102186807174581,-0.000583220208795865
14.469,0.102175323133506,-0.000612579832275695
14.47,0.102147467059395,-0.000660363717966406
14.471,0.102127239814393,-0.000711723587664637
14.472,0.102094762742255,-0.000773678731075589
14.473,0.102091650830095,-0.000822470433231082
14.474,0.102071218444037,-0.000876333517491168
14.475,0.102066726383939,-0.00092047416398966
14.476,0.102057552020931,-0.000962884161220867
14.477,0.102048834454851,-0.00100581685140122
14.478,0.102055987568284,-0.0010345046161358
14.479,0.102046339722405,-0.0010670248748606
14.48,0.102055986119606,-0.0010860795786598
14.481,0.10205282674206,-0.00110560845301738
14.482,0.102030808935422,-0.00113744675873223
14.483,0.102035085205191,-0.00115637898378523
14.484,0.102036771567692,-0.00117423303376413
14.485,0.102027526995801,-0.00119599995200287
14.486,0.102039886814763,-0.00120337850075108
14.487,0.102037171412777,-0.0012151185169148
14.488,0.102043032328388,-0.0012214387007678
14.489,0.102035176925846,-0.0012316973141121
14.49,0.102024100087251,-0.00124553548954959
14.491,0.102032049065631,-0.00124885926490464
14.492,0.10202534416021,-0.00126026315346833
14.493,0.102037322440253,-0.00126174177236432
14.494,0.102037286289981,-0.00126797842090243
14.495,0.102051756642435,-0.00126541149000597
14.496,0.102045593012144,-0.00127829655827733
14.497,0.102064663604023,-0.00127801115598331
14.498,0.102066010310729,-0.00128676329413996
14.499,0.102088952496148,-0.00128578346309177
14.5,0.102092452505842,-0.00129097985146187
14.501,0.102116599470414,-0.00128713558674504
14.502,0.10212321290438,-0.00129334241229395
14.503,0.102138916275943,-0.00129482707367001
14.504,0.102144170906153,-0.00130408903780149
14.505,0.102160390922069,-0.00130584577956255
14.506,0.102163646765558,-0.0013129077865906
14.507,0.102184126944147,-0.00130909548259295
14.508,0.102185565758309,-0.00131918028639338
14.509,0.102205280452211,-0.00131930747084558
14.51,0.102210592750608,-0.00132727918631187
14.511,0.102224669761397,-0.0013318365578871
14.512,0.102219953813108,-0.00134093465699803
14.513,0.102237724038257,-0.00133999713169541
14.514,0.102246841637366,-0.00134798067232733
14.515,0.102262750026621,-0.00134888698127844
14.516,0.102269477495554,-0.00135766110408819
14.517,0.102282029363018,-0.00135856362966857
14.518,0.102286205010641,-0.00136532929155131
14.519,0.102313502905973,-0.00135943674876055
14.52,0.102326137231086,-0.00135754740941402
14.521,0.102323249757196,-0.00137139660086599
14.522,0.10233024216452,-0.00138092347327995
14.523,0.102320099803815,-0.0013986892807733
14.524,0.102334146665572,-0.00140765181418456
14.525,0.102339574080369,-0.00141727948358317
14.526,0.1023275546126,-0.00143334422347274
14.527,0.102337380625667,-0.00143948196587773
14.528,0.102336044840912,-0.00145584954906575
14.529,0.102354691709209,-0.00146120887310347
14.53,0.102358289865124,-0.00147555113974374
14.531,0.102376555690567,-0.00148103075237083
14.532,0.102384440203421,-0.00149400886311268
14.533,0.10240116384129,-0.00149976706610772
14.534,0.102413409219513,-0.00150923894295035
14.535,0.102398271432747,-0.00153332663670924
14.536,0.102414291426198,-0.00154593002750025
14.537,0.102413809019781,-0.00156766545764997
14.538,0.102414741583029,-0.00159007670575334
14.539,0.102409979112252,-0.00161502664573909
14.54,0.102415705384428,-0.00163367105068479
14.541,0.102407153804584,-0.00165749279808475
14.542,0.102397704164206,-0.00168673658391172
14.543,0.102405223954537,-0.00170787556897656
14.544,0.102398237613056,-0.00173864119949418
14.545,0.102402525394568,-0.00176244034185574
14.546,0.102393655602412,-0.00179345097013761
14.547,0.102401064828994,-0.00181742885362984
14.548,0.102392226230007,-0.00185503946164728
14.549,0.102405350014424,-0.00188408937799794
14.55,0.102401519320588,-0.00192371473824138
14.551,0.102411459325302,-0.00195799004726394
14.552,0.10240445599147,-0.00200112842729416
14.553,0.102413048269322,-0.0020382284100891
14.554,0.102401511151171,-0.00209052355798844
14.555,0.102411622338256,-0.0021358570799207
14.556,0.102410995093357,-0.00219123028771057
14.557,0.10241402693539,-0.0022456171171269
14.558,0.102406793963607,-0.00230777826266376
14.559,0.10241310079553,-0.0023651795518797
14.56,0.102397141290169,-0.00244058164487138
14.561,0.102403531554619,-0.00250960661283867
14.562,0.10239325716064,-0.00259060260851313
14.563,0.102390788968426,-0.00267045821067036
14.564,0.102371916686528,-0.00275998855072829
14.565,0.102371130636711,-0.0028430144422214
14.566,0.102359142185685,-0.00293282634283543
14.567,0.102355831649731,-0.00301941568767988
14.568,0.102343681309227,-0.00311168061835065
14.569,0.102316586556524,-0.00321720427635158
14.57,0.102300574000513,-0.00331985914215305
14.571,0.102276910986882,-0.00342863776122182
14.572,0.102254316482632,-0.00353703384065435
14.573,0.102226422462072,-0.00364816192057532
14.574,0.102212508006708,-0.00375178042403385
14.575,0.102179652199868,-0.00387112047507199
14.576,0.102173297571696,-0.00398058270874546
14.577,0.102156463950967,-0.00409730389725049
14.578,0.10214474385231,-0.00421260736123324
14.579,0.102118674128414,-0.00433593376667579
14.58,0.102111057528593,-0.00445056778324615
14.581,0.102091674499278,-0.00457193899678909
14.582,0.102078789971785,-0.00469060164635848
14.583,0.102057786016905,-0.00481410853430486
14.584,0.10202047428926,-0.00495015473485361
14.585,0.101978021699183,-0.00509002826581872
14.586,0.101931946446844,-0.00523288729823296
14.587,0.101900663222778,-0.00536867827147042
14.588,0.10184488209975,-0.0055230990044296
14.589,0.101826658931025,-0.00566527019753804
14.59,0.101788132254038,-0.00582223375713053
14.591,0.101761638174762,-0.00597687788062579
14.592,0.101721444221324,-0.00614249645323667
14.593,0.101695967247553,-0.00630378185536434
14.594,0.101658921121381,-0.00647393312199301
14.595,0.101634795372972,-0.00663992261993823
14.596,0.101592966596506,-0.00682147479536599
14.597,0.101561728349283,-0.00700098895625934
14.598,0.10151899263227,-0.00718809075143856
14.599,0.101494188416263,-0.00736701912013976
14.6,0.101459302172941,-0.00755130037843377
14.601,0.101431798396855,-0.00773152518303905
14.602,0.101387356459646,-0.00792385420405189
14.603,0.101366214411425,-0.0081008065240028
14.604,0.101343383501117,-0.00826763476074699
14.605,0.101325603884993,-0.0084058330371744
14.606,0.101317472120707,-0.00852474362753375
14.607,0.101290109374417,-0.00863592259173013
14.608,0.101279142274225,-0.0087242189867188
14.609,0.101271718924007,-0.00879497077494226
14.61,0.101246619981034,-0.00886285675205065
14.611,0.101230785922926,-0.0089115909113742
14.612,0.101217478781868,-0.00894827118785638
14.613,0.101221453225976,-0.00897101581467552
14.614,0.101211496424749,-0.00898991425905105
14.615,0.101202923827092,-0.00899318781037761
14.616,0.101193976203123,-0.00898803992037875
14.617,0.101200332023858,-0.00897031586527919
14.618,0.101196368364331,-0.00894898571555136
14.619,0.101198538381533,-0.00891611556224531
14.62,0.101185429620515,-0.008884093530797
14.621,0.101189071366582,-0.00883933664331493
14.622,0.101193554266542,-0.00878513690684815
14.623,0.101222635285697,-0.0087204343586641
14.624,0.101232147052113,-0.00866365632396923
14.625,0.101273372083082,-0.00859043066141787
14.626,0.101309520392707,-0.00851550230924908
14.627,0.101336739196128,-0.00844520010601191
14.628,0.101377371676321,-0.00836293846264885
14.629,0.101391487735171,-0.00829258572474123
14.63,0.101386559500158,-0.00823248849819108
14.631,0.10141453188681,-0.00815592361692774
14.632,0.101436967977058,-0.00807915588124702
14.633,0.101456126515315,-0.00800430912744449
14.634,0.101489374018996,-0.00791695267861775
14.635,0.101513439100646,-0.00783592395282573
14.636,0.10154800727682,-0.00774346161082407
14.637,0.101561365166486,-0.00766512855197377
14.638,0.101608377516834,-0.00757518209361474
14.639,0.10162596526545,-0.00749251313877397
14.64,0.101655937393861,-0.00740587323217085
14.641,0.101673010623196,-0.00732646484256266
14.642,0.101711733069976,-0.00723579069131075
14.643,0.101723768406891,-0.00715850621208108
14.644,0.101776102989978,-0.00706557580912465
14.645,0.101806453611744,-0.00697992031066874
14.646,0.101843347873645,-0.0068920525381943
14.647,0.101869956431764,-0.00680946487443918
14.648,0.101880032769343,-0.00673203291974617
14.649,0.101915710076632,-0.00664102580506098
14.65,0.101940445083546,-0.00654891684650966
14.651,0.10194948816602,-0.00647249072059447
14.652,0.101978654061781,-0.00638872473025853
14.653,0.10199063902081,-0.00631551120534446
14.654,0.102024319028737,-0.00623459322182113
14.655,0.102035179774392,-0.0061600297714316
14.656,0.102065337466771,-0.006075552852223
14.657,0.102085245253695,-0.0059969989868599
14.658,0.102099313773464,-0.00593093280666523
14.659,0.102128962110498,-0.00585405731737948
14.66,0.102136533699763,-0.00578763487689798
14.661,0.102167677167628,-0.00570843313728614
14.662,0.102198129040354,-0.00563009903366585
14.663,0.102206254025128,-0.00555605451033619
14.664,0.102242484104637,-0.00546865785918005
14.665,0.102275321359912,-0.00538315042938764
14.666,0.10227453459016,-0.00531514919767956
14.667,0.102317932526828,-0.00523075191826072
14.668,0.102348911101366,-0.00515537764356744
14.669,0.102379010195243,-0.00507934683034339
14.67,0.10238545789048,-0.00501191612009683
14.671,0.102415242165713,-0.00493409160166142
14.672,0.102446556572907,-0.0048561631787718
14.673,0.102464344262564,-0.00479180074845065
14.674,0.102500987913472,-0.0047160297623457
14.675,0.102517966462211,-0.00464961168660089
14.676,0.102551512421719,-0.00457700816069923
14.677,0.102573485976402,-0.00450634393836474
14.678,0.102617450360632,-0.00442625422152637
14.679,0.102649925651521,-0.00434816360937035
14.68,0.10268817945698,-0.00426472105128439
14.681,0.102698381168668,-0.00419977380418973
14.682,0.102747146809986,-0.00411951953229389
14.683,0.102776647415905,-0.00405267023691774
14.684,0.102801197444696,-0.00398706463680359
14.685,0.102804276665222,-0.0039297329173103
14.686,0.102831247501912,-0.00386198686319061
14.687,0.102860874455117,-0.00379358883515346
14.688,0.102891435629141,-0.00372535791226419
14.689,0.102903205803842,-0.00367093128618978
14.69,0.102938358756502,-0.00360491557287945
14.691,0.102950991037819,-0.00354851763672659
14.692,0.102988775306378,-0.00348317842930534
14.693,0.103005014363722,-0.00342249139331641
14.694,0.10304264289272,-0.00335108855438104
14.695,0.103076140267075,-0.00328215080783911
14.696,0.103080325594042,-0.00323040487866766
14.697,0.103128574957791,-0.00316239222794223
14.698,0.103149587433749,-0.00310534856220523
14.699,0.103182395304971,-0.00304346825743135
14.7,0.103203111263076,-0.00299000256535847
14.701,0.103239768209264,-0.00292809566565416
14.702,0.103255628233325,-0.00287237149154301
14.703,0.103266348267802,-0.00282729179236918
14.704,0.103297816586046,-0.00277250370800142
14.705,0.103308813371833,-0.00272598203692986
14.706,0.103341932168493,-0.00267226827420514
14.707,0.103357360415092,-0.00262156509374706
14.708,0.103392908902824,-0.00256166694592364
14.709,0.103412363529901,-0.00250478350165301
14.71,0.103422642255276,-0.00246027939527904
14.711,0.103451252798846,-0.0024074779320517
14.712,0.103463247891444,-0.00236689578379529
14.713,0.103489280292271,-0.00231701319641808
14.714,0.10349343799377,-0.00227615146366095
14.715,0.103520603496395,-0.00222588778682642
14.716,0.10355190820604,-0.0021752368680219
14.717,0.103567529917192,-0.00213462351908922
14.718,0.103603206101732,-0.00208316156246557
14.719,0.103622055928302,-0.00204057863870793
14.72,0.103661884081071,-0.00198838016803493
14.721,0.103687300058991,-0.00194050523397421
14.722,0.103727093769329,-0.00188401005024041
14.723,0.103747891990895,-0.00183067532696896
14.724,0.103752828543067,-0.00179281456872699
14.725,0.103774362808013,-0.00174971269309854
14.726,0.103772676352765,-0.00171602648021352
14.727,0.10379471805566,-0.00167299567903167
14.728,0.103809593131459,-0.0016349681009899
14.729,0.103831243205382,-0.00159064956276378
14.73,0.103837106111614,-0.00155258668783936
14.731,0.103851961383377,-0.00151706797484047
14.732,0.10387847025851,-0.00147575103088848
14.733,0.103881854153418,-0.00144317168253966
14.734,0.103913570844297,-0.00139796861434366
14.735,0.103929954383553,-0.00135790653196544
14.736,0.103942576763649,-0.00131771900329247
14.737,0.103981852154288,-0.00126253098120793
14.738,0.103992104609329,-0.00122287830631451
14.739,0.104027120876865,-0.00117598465494551
14.74,0.104067207413873,-0.00113000694328153
14.741,0.104100284552437,-0.00108188977523577
14.742,0.10411889716331,-0.00104331683465531
14.743,0.104152617363607,-0.000994526214886271
14.744,0.104185969442806,-0.000946708538736518
14.745,0.104200625082575,-0.000913543380409942
14.746,0.104228323717378,-0.000872359937935996
14.747,0.10423811127922,-0.000838621781155569
14.748,0.104269896471315,-0.000797443529680752
14.749,0.104286877273155,-0.00075936304255525
14.75,0.104317890368443,-0.000712954359194606
14.751,0.104328620685838,-0.000669425487938802
14.752,0.104331407017735,-0.00063739059753487
14.753,0.104358241823508,-0.000598002863945901
14.754,0.104364301383524,-0.000568002171204063
14.755,0.104387444704613,-0.000528143628811983
14.756,0.104397620953065,-0.000497760174572204
14.757,0.104417139935458,-0.000459181492163618
14.758,0.104439490258807,-0.000419781094640748
14.759,0.104450940491305,-0.0003917999957046
14.76,0.10448052068158,-0.000352055937543283
14.761,0.104488445224302,-0.000321464767319479
14.762,0.104517959043805,-0.000278561655025655
14.763,0.10454823589492,-0.000235134228981804
14.764,0.104557596364618,-0.000195354236074863
14.765,0.104594257788393,-0.000142772778606748
14.766,0.104610445069238,-0.000107739701784404
14.767,0.104647866856857,-6.17432593033596e-05
14.768,0.104666890071125,-2.60657824888155e-05
14.769,0.104671183789625,-1.41275589527479e-05
14.77,0.104657923325025,-2.14821925428321e-05
14.771,0.104641952461071,-3.63710623168534e-05
14.772,0.104616380243635,-7.23112806301218e-05
14.773,0.104567971244268,-0.000128073945693974
14.774,0.104525740767336,-0.000188132255440954
14.775,0.104483101045352,-0.000245969868703122
14.776,0.104463786508669,-0.000294856747190542
14.777,0.104438013900711,-0.000342871555026325
14.778,0.104445574610562,-0.000379516127782975
14.779,0.104449133948128,-0.000418325017657428
14.78,0.104429983301917,-0.000467172771026148
14.781,0.104439012629205,-0.00050324714935529
14.782,0.104424754922436,-0.000548104414142159
14.783,0.104430950416168,-0.000583001695120489
14.784,0.104424363464139,-0.000621245127543246
14.785,0.104404850334819,-0.000671814955487571
14.786,0.104405520638351,-0.000710896753127133
14.787,0.104386951791933,-0.000757129299730985
14.788,0.104390707212516,-0.000792755261016465
14.789,0.104375363425838,-0.000833376528014629
14.79,0.104382551129071,-0.00086334455143966
14.791,0.104380113924417,-0.000893457835927813
14.792,0.1043698776419,-0.00093249987205285
14.793,0.104375226594869,-0.000962196353312961
14.794,0.104368115378636,-0.000999018827870457
14.795,0.104377330266125,-0.00102570845167355
14.796,0.104370036785724,-0.00106063048588939
14.797,0.104381180578098,-0.00108494313465868
14.798,0.104374573688768,-0.00112108249560272
14.799,0.10438962320679,-0.00114557242060959
14.8,0.104382348362008,-0.0011766512435053
14.801,0.10439896520369,-0.00119660983213049
14.802,0.104413514895081,-0.00121676375916474
14.803,0.104421345743613,-0.00123583918876408
14.804,0.104406793933637,-0.00126974650917816
14.805,0.104412190744124,-0.00129298858181803
14.806,0.104402217477455,-0.00132621956195739
14.807,0.10440862635993,-0.00134872418779708
14.808,0.104402858402656,-0.00137800304002672
14.809,0.104408812255464,-0.00139660407509512
14.81,0.104406636301286,-0.00142152601120038
14.811,0.104418296636447,-0.00144139664618742
14.812,0.104434405155835,-0.00145827542561283
14.813,0.104438392280804,-0.00147825032893012
14.814,0.104464266503954,-0.00148649454714744
14.815,0.104474867370356,-0.00149794114749102
14.816,0.104467400393727,-0.00152257158921648
14.817,0.104468051255978,-0.00154016418228275
14.818,0.104451617220533,-0.00156733045330743
14.819,0.104455984179249,-0.00158543679992695
14.82,0.104459268627413,-0.00160415942992154
14.821,0.104467319985693,-0.00161622137204431
14.822,0.104459502724712,-0.00164089750823043
14.823,0.104483953833621,-0.00164775527531902
14.824,0.104488067896162,-0.00166096081510747
14.825,0.104509347455172,-0.00166691942292857
14.826,0.10451258372097,-0.00167723306060708
14.827,0.104539166252366,-0.00167799117363066
14.828,0.104550211945618,-0.00167928823486707
14.829,0.104544831479424,-0.00169560426904974
14.83,0.104554988901965,-0.00170405960404663
14.831,0.104550284148405,-0.00172359904136316
14.832,0.104560128624406,-0.0017332185872736
14.833,0.104557920261459,-0.00174999183757818
14.834,0.104568830412669,-0.00175686756770643
14.835,0.104567170369959,-0.00177075706785346
14.836,0.104579358600638,-0.00177589296204839
14.837,0.104568286260873,-0.00179437841615332
14.838,0.104588441950303,-0.00179805260129873
14.839,0.104586544562104,-0.00180988887401329
14.84,0.104607177182257,-0.00181217210078566
14.841,0.104606861573021,-0.00181917402085702
14.842,0.104629151237408,-0.00181587839558223
14.843,0.10463289356961,-0.00181563709725313
14.844,0.104656057102549,-0.00180538537153363
14.845,0.104651430677427,-0.00181251428310125
14.846,0.10468311481521,-0.00180744643408598
14.847,0.10469046275012,-0.00181147602019671
14.848,0.104712719019755,-0.00181160582314155
14.849,0.104717167256914,-0.00181867762212889
14.85,0.10473726292408,-0.00181451440022307
14.851,0.104749589326139,-0.00181577002066957
14.852,0.104770021641562,-0.00180722878393197
14.853,0.104781876054205,-0.00180494453942959
14.854,0.104769228880985,-0.00181579314395375
14.855,0.104787923259049,-0.0018137134445621
14.856,0.104787896769676,-0.0018193198226632
14.857,0.104794793537725,-0.001823531979945
14.858,0.104784106451403,-0.00183136896936525
14.859,0.104796284738679,-0.00182767312637366
14.86,0.104809411563714,-0.00182249421103114
14.861,0.104806091706629,-0.00181978263852922
14.862,0.104822067346723,-0.0018058350946083
14.863,0.104822219448937,-0.00180450953179373
14.864,0.104842776885161,-0.00179353301749724
14.865,0.104850012880082,-0.00179429237445183
14.866,0.104873941767066,-0.00178415043562075
14.867,0.104882776098712,-0.00178262056441297
14.868,0.104903099897553,-0.00177119348096993
14.869,0.104911592591948,-0.00176608132018258
14.87,0.104939307425234,-0.00175135740488247
14.871,0.104942570568936,-0.0017496682792289
14.872,0.104963743294408,-0.00173938281236213
14.873,0.104970064196707,-0.00173877777860082
14.874,0.10498249196239,-0.00173005718185232
14.875,0.104986186501548,-0.00172957676638924
14.876,0.10500653417215,-0.00171424966513367
14.877,0.105024667693572,-0.00170077003627767
14.878,0.105030613536915,-0.00168842153556448
14.879,0.105026864953306,-0.00168864361254151
14.88,0.105040046827381,-0.00168037733041942
14.881,0.10503426204104,-0.00168211780188315
14.882,0.105045303403761,-0.00167865957277086
14.883,0.105035301081172,-0.0016811762322782
14.884,0.105046874320753,-0.00167503181899409
14.885,0.105045992510787,-0.00167481002209763
14.886,0.105057455436762,-0.00166477866224973
14.887,0.105053532200069,-0.00166898774301111
14.888,0.105073493334247,-0.00165890005049418
14.889,0.105074016914638,-0.00165678617997689
14.89,0.105106091639629,-0.001642039477527
14.891,0.105122579040785,-0.00163136055653051
14.892,0.1051511800895,-0.00161316619938551
14.893,0.105163003781867,-0.0015983354398002
14.894,0.105159455829268,-0.00159787658138133
14.895,0.105168029167642,-0.0015910954081097
14.896,0.105162767418022,-0.00159488663401142
14.897,0.105171426531418,-0.00158890888219193
14.898,0.105167892278644,-0.00158993721043038
14.899,0.105177903711153,-0.0015811487481921
14.9,0.105174960526833,-0.00158392132663121
14.901,0.1051936818928,-0.00157257584933385
14.902,0.105190577732559,-0.00156827564572765
14.903,0.105211637553663,-0.00154744477880903
14.904,0.10522403501183,-0.00152216451395265
14.905,0.105204977034932,-0.00151172122562304
14.906,0.105212968257244,-0.00148523762358055
14.907,0.105197533838809,-0.0014703826516661
14.908,0.105204809524153,-0.00144372284152772
14.909,0.105187100928336,-0.00142987084210461
14.91,0.105196429354686,-0.0014019970039536
14.911,0.105184973125283,-0.00138456136542009
14.912,0.105195299120231,-0.00135551134523304
14.913,0.105185993413083,-0.00133593386529957
14.914,0.105156806257712,-0.00133285000706296
14.915,0.105157380990497,-0.00131638064194417
14.916,0.105133797225849,-0.00131263612077603
14.917,0.105134830001457,-0.00129604575540937
14.918,0.105117537242672,-0.00128918698192199
14.919,0.10511751796788,-0.00127269349350284
14.92,0.105161875091415,-0.00123872187056651
14.921,0.105178732589255,-0.00122161157947953
14.922,0.105194147855079,-0.00120585742077778
14.923,0.105188974281451,-0.00120129276010827
14.924,0.105207916802126,-0.0011839121348855
14.925,0.105217025210854,-0.00117123749797393
14.926,0.105205574891647,-0.00117485180318538
14.927,0.105222012260266,-0.00116615008097282
14.928,0.105223025955148,-0.00116703151731107
14.929,0.105242495509341,-0.00115773866587987
14.93,0.105248442580408,-0.00115533308727572
14.931,0.105255245360457,-0.00114936527039877
14.932,0.105252394912548,-0.001147046435859
14.933,0.105277364424139,-0.00113003441697629
14.934,0.10528526181461,-0.00112606250668135
14.935,0.105315163383142,-0.00111122404410308
14.936,0.105328520694954,-0.00110536507999193
14.937,0.10536118616167,-0.0010890867121261
14.938,0.105379348128611,-0.00107954924925446
14.939,0.105410197498108,-0.00106194106095947
14.94,0.105421024724071,-0.00105868341542786
14.941,0.105454264330189,-0.00104495748891575
14.942,0.105473366826045,-0.00103913670904426
14.943,0.105505425212053,-0.00102483602678677
14.944,0.105522529660404,-0.0010158797444767
14.945,0.105555764651679,-0.000998008573478315
14.946,0.105576841809882,-0.000983358954382785
14.947,0.105612428570184,-0.000960685865167454
14.948,0.105626688825789,-0.0009507026879369
14.949,0.105661736911464,-0.000930746132540017
14.95,0.105683058420907,-0.000917890312707115
14.951,0.105708266261075,-0.000901799534827108
14.952,0.10572118591957,-0.000891138789711976
14.953,0.105751950737207,-0.000869440427429424
14.954,0.105765567939761,-0.000860007088033909
14.955,0.105800520685167,-0.000839782803912281
14.956,0.105818706888547,-0.000825863422748319
14.957,0.105851205076387,-0.000803945586700217
14.958,0.105875900405038,-0.000785786514255815
14.959,0.105909630888389,-0.000760396256166584
14.96,0.10592956616373,-0.000738569716173088
14.961,0.105965137288851,-0.000708029308023217
14.962,0.10598065188558,-0.000689781701631864
14.963,0.105982512302014,-0.000681049687652813
14.964,0.106005783403394,-0.00065922860689438
14.965,0.106018002576464,-0.00064275292496413
14.966,0.106047710988914,-0.000615682055328748
14.967,0.106063886697386,-0.000593726263463934
14.968,0.106027400123936,-0.000617629080949589
14.969,0.106000074911077,-0.000644937167891324
14.97,0.10596943535011,-0.000682781204769278
14.971,0.105938584590656,-0.000724925658786568
14.972,0.105937630382261,-0.000751868663037725
14.973,0.105919573181077,-0.000784075462563427
14.974,0.105918196087189,-0.000804345855352273
14.975,0.105906046550399,-0.000823467794663524
14.976,0.105904865404318,-0.00083327102994657
14.977,0.105919242376429,-0.000834368278648356
14.978,0.105920084021088,-0.000840285931655471
14.979,0.105918588234491,-0.000846032957889986
14.98,0.105928675003611,-0.000843663170220887
14.981,0.105917858140576,-0.000853346892093154
14.982,0.105934785901983,-0.000849859177584456
14.983,0.105938899754352,-0.000850819349703269
14.984,0.105954110918294,-0.000844198967992038
14.985,0.1059558251639,-0.000843203695496675
14.986,0.105973168798763,-0.000830519425679466
14.987,0.105985273933151,-0.000819310687082409
14.988,0.105978710841929,-0.000820994564163735
14.989,0.105992662226372,-0.000812740172753235
14.99,0.105989691130115,-0.000815879649943396
14.991,0.106006172069282,-0.0008090802100717
14.992,0.106007156206123,-0.000810812876796185
14.993,0.10602365228975,-0.000804155096753134
14.994,0.106026541769991,-0.000803989626359969
14.995,0.106020529655808,-0.000813483259981984
14.996,0.106033627764401,-0.000812509924253191
14.997,0.106030208310013,-0.000820724779522608
14.998,0.10604553868484,-0.000819264520764085
14.999,0.106048502720603,-0.000822499773390273
15,0.106067315263631,-0.000816362738515486
15.001,0.106073485201276,-0.000813782223077097
15.002,0.106067914446775,-0.000823016268331811
15.003,0.106078714208677,-0.000823254438984788
15.004,0.106074138626078,-0.000835111740888073
15.005,0.106088169895065,-0.000837518082040634
15.006,0.106083728867792,-0.000848648385177231
15.007,0.106095289964214,-0.000851301857044573
15.008,0.106095451179969,-0.000860729511828695
15.009,0.106088685715712,-0.000878897954242286
15.01,0.106100385769542,-0.000886123676936523
15.011,0.106096856207612,-0.000901201494537096
15.012,0.106111241705993,-0.000907848698713465
15.013,0.106111008942137,-0.000917335286583443
15.014,0.106122564507759,-0.000915941816029442
15.015,0.106122843242175,-0.000920569688949213
15.016,0.106114718741784,-0.000931395771114507
15.017,0.106123476327283,-0.000937677371349144
15.018,0.106114845173402,-0.000951632335484565
15.019,0.106141309040093,-0.000951078397552763
15.02,0.106151687583758,-0.000955023264453458
15.021,0.106159760375188,-0.000961324001169772
15.022,0.106167177826309,-0.000967364556786643
15.023,0.1061594985292,-0.00098407200832934
15.024,0.106183021564073,-0.000989726292227489
15.025,0.10618705938074,-0.00100038027711197
15.026,0.106190420037717,-0.0010129326468265
15.027,0.106191380057571,-0.0010238467934221
15.028,0.106211208367871,-0.0010264493979914
15.029,0.106235738360156,-0.00102601478328801
15.03,0.10624858679619,-0.00102643173918271
15.031,0.106241151723889,-0.00104490535614682
15.032,0.106249334395295,-0.00105591872207611
15.033,0.106238235472053,-0.00108047432511077
15.034,0.10624550770812,-0.00109733371543785
15.035,0.106231741446346,-0.00112343341302301
15.036,0.106236599784915,-0.0011417347567626
15.037,0.10623801013793,-0.00116370029548973
15.038,0.106234748495466,-0.00118793175705406
15.039,0.106211306720292,-0.00122794420042799
15.04,0.106218315404782,-0.00125429337043409
15.041,0.106208550095872,-0.00129063670071178
15.042,0.106213943225546,-0.00131922412191765
15.043,0.106203848763713,-0.00135442461752833
15.044,0.106209912648188,-0.00138113116605348
15.045,0.106202887486063,-0.00141300493014784
15.046,0.106206717209209,-0.00143748197950133
15.047,0.106184921992104,-0.00148060051860294
15.048,0.106191605374626,-0.0015126541066896
15.049,0.106178808491547,-0.00155760829372292
15.05,0.10618639247765,-0.00159447335629043
15.051,0.106176135856174,-0.00164132219546209
15.052,0.106179364827586,-0.00168433045832755
15.053,0.106173825712332,-0.00173317243131105
15.054,0.106153096824467,-0.00179759366276666
15.055,0.106154933947431,-0.00185341381019594
15.056,0.106140499110068,-0.0019203881337555
15.057,0.106138295634772,-0.00198321184486822
15.058,0.106120543329573,-0.00205516372951792
15.059,0.106118412620495,-0.00212126805988944
15.06,0.106102782678185,-0.00219589300909095
15.061,0.106098292664135,-0.0022655240332029
15.062,0.106071934538719,-0.00235505668536123
15.063,0.106070826533538,-0.00243669448465184
15.064,0.106052717060561,-0.00253120450458671
15.065,0.106044738193742,-0.00262342742733473
15.066,0.106026049825904,-0.00272395069671472
15.067,0.106018120485879,-0.00282062880605277
15.068,0.105998574078344,-0.00292394158022935
15.069,0.105964696277862,-0.00304238647997906
15.07,0.105953237819168,-0.00315338330329118
15.071,0.105926774009641,-0.00327469829910365
15.072,0.105910658245785,-0.00339247302444434
15.073,0.105880529314848,-0.00351878194871313
15.074,0.105865332840215,-0.00363825656965538
15.075,0.105839235896115,-0.00376454393579528
15.076,0.105822212770785,-0.00388641629949865
15.077,0.105797450960868,-0.00401276209564466
15.078,0.105780377091156,-0.00413521280462792
15.079,0.105755104812589,-0.00426181346853394
15.08,0.105712837929152,-0.00440348777237387
15.081,0.105692300178595,-0.00453737340639315
15.082,0.105656202921603,-0.00468134508278828
15.083,0.105630957742325,-0.00482103440768794
15.084,0.105593048776501,-0.00496851528909142
15.085,0.105568592387596,-0.0051095389499119
15.086,0.105526304650519,-0.00526519433580258
15.087,0.105513032155263,-0.0054082302321386
15.088,0.105487626862326,-0.00555854522003352
15.089,0.105469968780795,-0.00570498150245968
15.09,0.105441443861887,-0.00585698696248743
15.091,0.105424000303833,-0.00600310982919616
15.092,0.105394314806864,-0.00615557552619395
15.093,0.10537600946987,-0.00630229945499788
15.094,0.105346604907662,-0.0064553400423264
15.095,0.105295838805119,-0.00662572853482518
15.096,0.105236973952962,-0.00680438244249271
15.097,0.105189076857396,-0.00698125970403357
15.098,0.105142415526064,-0.00716024638444818
15.099,0.10509174178936,-0.00735008043640412
15.1,0.105063443814694,-0.00753238204367829
15.101,0.105035044631938,-0.00771702015264492
15.102,0.105004560690061,-0.00790382238010295
15.103,0.104973859936689,-0.00809104269454203
15.104,0.104939922848852,-0.00827959271271073
15.105,0.104889168815749,-0.0084808367421973
15.106,0.104852454034977,-0.00867279692935885
15.107,0.104803814417416,-0.00886229096124924
15.108,0.104768960148879,-0.00902684722205693
15.109,0.10472570182723,-0.00917594195260635
15.11,0.104691481234496,-0.0093040332366934
15.111,0.104637423724462,-0.00942802573825988
15.112,0.104589878748047,-0.00953149228955835
15.113,0.104549544703571,-0.00961784556783019
15.114,0.104509549138914,-0.00969130222931242
15.115,0.104477017007121,-0.00975034901351696
15.116,0.104429295220826,-0.00980700745515112
15.117,0.104389765822064,-0.00984846548669477
15.118,0.104358171973925,-0.00987736576592668
15.119,0.104361156695218,-0.00988469414144841
15.12,0.104370876264537,-0.00988176136140032
15.121,0.10437145249773,-0.00987689555937224
15.122,0.104393893398349,-0.00985161495038175
15.123,0.104401263651339,-0.00982692826738901
15.124,0.104387154693835,-0.00981608460450495
15.125,0.104390798949738,-0.00979424387336425
15.126,0.104367066275703,-0.00978167410781242
15.127,0.104372551547499,-0.00975761382314647
15.128,0.104367554030365,-0.00972996073743634
15.129,0.10434414058068,-0.00971131838286202
15.13,0.104347664222317,-0.00967947609617573
15.131,0.104343583028477,-0.00964502766980252
15.132,0.104356733719358,-0.00960244374378835
15.133,0.104360045370566,-0.00955962723896456
15.134,0.104392801103738,-0.00950523939341569
15.135,0.104414422192017,-0.00945976452497066
15.136,0.104445960801735,-0.00940526157546837
15.137,0.104464788398413,-0.00935761885774999
15.138,0.104491353551763,-0.00929908001723137
15.139,0.104505232037667,-0.0092452091643089
15.14,0.104503721591852,-0.00920776769026427
15.141,0.104514363455236,-0.00916582117144027
15.142,0.104498860577037,-0.00913668741876331
15.143,0.104506077479138,-0.00909535936253464
15.144,0.104515904310064,-0.00905494772182253
15.145,0.104500041833021,-0.00902131137273049
15.146,0.104511342193937,-0.00897600175613184
15.147,0.104523678739576,-0.00893149674447818
15.148,0.10451319116713,-0.00889864606506693
15.149,0.104543299944199,-0.00884965188766429
15.15,0.104559706240288,-0.00880944947337955
15.151,0.104586972394019,-0.00876051690492896
15.152,0.104594300696284,-0.00871791623487733
15.153,0.104624571156352,-0.008665288311445
15.154,0.10463920231761,-0.00863011994089202
15.155,0.104650120157541,-0.0085975536480207
15.156,0.104687518913684,-0.00855456463224866
15.157,0.104704319798535,-0.00851970415122855
15.158,0.104730762528507,-0.00848159045670899
15.159,0.104734399093662,-0.00844951701362034
15.16,0.104762278062633,-0.00840715029260614
15.161,0.104774012448899,-0.00838131133577241
15.162,0.104805098694537,-0.00834490440113156
15.163,0.104816486220715,-0.00831825829742838
15.164,0.104808880106723,-0.00829980278972575
15.165,0.104827231492609,-0.00826755831796239
15.166,0.104848675457001,-0.00823456741065942
15.167,0.104839494830664,-0.00821828662538004
15.168,0.1048652095001,-0.00818781274025498
15.169,0.104864041375626,-0.00816822776234521
15.17,0.104877476346614,-0.00814391770725775
15.171,0.104881938378917,-0.00812608129839731
15.172,0.104866872755735,-0.00811135842765287
15.173,0.104852080580663,-0.00810385830286992
15.174,0.104861370070588,-0.00808663729824644
15.175,0.104855662801339,-0.00807726215220167
15.176,0.104874888600882,-0.00805871164300248
15.177,0.104886139369233,-0.00803944721592953
15.178,0.104886252903267,-0.00802725627759349
15.179,0.104883501930119,-0.00802059700543339
15.18,0.104889051503257,-0.00801153622606221
15.181,0.104874090864809,-0.00801408477312648
15.182,0.104889899581409,-0.00800196263834402
15.183,0.104896573008303,-0.00799362741603399
15.184,0.104902641616505,-0.00798762776953504
15.185,0.104905403085036,-0.00798500482947656
15.186,0.104912796705507,-0.00798715532744743
15.187,0.104933390944735,-0.00798017251665462
15.188,0.104939646424933,-0.00798188864045568
15.189,0.104960217199681,-0.00797342834249376
15.19,0.104968569823273,-0.00797213171475225
15.191,0.104989484838304,-0.00796256745300172
15.192,0.104983716131988,-0.00797299435283483
15.193,0.105005895971479,-0.007969746254955
15.194,0.105000830640771,-0.00797892447296839
15.195,0.105015506887307,-0.00798185771639548
15.196,0.105011960580809,-0.00799258259719859
15.197,0.105028522932965,-0.0079932009493498
15.198,0.105032472315903,-0.00799811532163619
15.199,0.105024226741713,-0.00801835773086329
15.2,0.105035658649543,-0.00802760838069738
15.201,0.105027227840238,-0.00804703274507285
15.202,0.105042468660022,-0.0080574552465183
15.203,0.105032614905829,-0.00807380020104631
15.204,0.105043518569802,-0.00808186778928299
15.205,0.105042035553221,-0.00809617547488312
15.206,0.105031681262742,-0.0081228983340168
15.207,0.10503171894175,-0.00814114777949926
15.208,0.105010340453865,-0.00817115768100601
15.209,0.105009544908394,-0.00819127887321613
15.21,0.105007583693646,-0.00821336875949402
15.211,0.104988732435083,-0.00823930147870416
15.212,0.104969580464687,-0.00827290541913345
15.213,0.104973613265595,-0.00829701999396426
15.214,0.104954580891537,-0.00832946479938362
15.215,0.104961050480677,-0.00835175729891086
15.216,0.104964523131781,-0.00837741456204433
15.217,0.104965214916413,-0.00839969293414661
15.218,0.104949511739876,-0.00843960399903892
15.219,0.104957511023329,-0.00846765019258777
15.22,0.10494197831407,-0.00850687998168159
15.221,0.104950094210343,-0.00853466120730012
15.222,0.104951440031082,-0.00856793858455088
15.223,0.104930192966348,-0.00860601900516589
15.224,0.104901606118527,-0.00865537017827486
15.225,0.104897016620233,-0.00869530020250264
15.226,0.104870904214791,-0.00874343508621825
15.227,0.104870257427648,-0.00878205383848735
15.228,0.104860853246748,-0.00882568824292662
15.229,0.104855948545908,-0.00886427294595529
15.23,0.104854741080817,-0.0089089124568176
15.231,0.104860442647907,-0.0089489232634748
15.232,0.104846554311,-0.0089978194325368
15.233,0.104856713903631,-0.00903539368863296
15.234,0.104856501504502,-0.0090798123607419
15.235,0.104844245434172,-0.00912455689928957
15.236,0.104816858534015,-0.00918437913011955
15.237,0.104812161479167,-0.00923492148341223
15.238,0.104785749030309,-0.00929351250003785
15.239,0.104782424694032,-0.00934276172249687
15.24,0.104775458546685,-0.00939611192272852
15.241,0.104762770966793,-0.00944737147123076
15.242,0.1047443322083,-0.00950823051572933
15.243,0.104744508202852,-0.00955993624676393
15.244,0.104736050724371,-0.00961657109405781
15.245,0.104732799899093,-0.00967258869248896
15.246,0.104716757318469,-0.00973348316064043
15.247,0.10471983923268,-0.00978517841914528
15.248,0.10469920799554,-0.00984919404845394
15.249,0.104714265820913,-0.00990045765469511
15.25,0.104716261485186,-0.00996055718759714
15.251,0.104726598735866,-0.0100139109033242
15.252,0.104726981175082,-0.0100744981159289
15.253,0.104736144424207,-0.0101263394353355
15.254,0.104731079184016,-0.0101839178172452
15.255,0.104712066070984,-0.0102565473071657
15.256,0.104703223295986,-0.0103257225012876
15.257,0.10467291209074,-0.0104058871416866
15.258,0.10467220723807,-0.0104744707266116
15.259,0.104656231640624,-0.0105471072105635
15.26,0.104650335399945,-0.0106155097651322
15.261,0.104629844509365,-0.0106876250485308
15.262,0.104608891579881,-0.0107680586592606
15.263,0.104604785061918,-0.0108389199811955
15.264,0.104585280264186,-0.0109191867281675
15.265,0.104580800734828,-0.0109893468659554
15.266,0.104562023304915,-0.0110670253142877
15.267,0.104564107623671,-0.0111357326810292
15.268,0.104550671624663,-0.0112061302989248
15.269,0.10452342302814,-0.011290521628663
15.27,0.104516267213465,-0.0113656097674273
15.271,0.104492768330884,-0.0114495499178422
15.272,0.104492074953343,-0.0115257179762625
15.273,0.104472811729946,-0.0116084277468154
15.274,0.10447166656804,-0.0116838950513713
15.275,0.104452146218125,-0.0117697169672821
15.276,0.104457581704627,-0.0118462038589453
15.277,0.104442851087186,-0.011929720806083
15.278,0.104444290425674,-0.0120040849628981
15.279,0.104436315865917,-0.0120866954643355
15.28,0.104435108670985,-0.0121604497414683
15.281,0.104417905882652,-0.0122519078747135
15.282,0.104395495196991,-0.0123463814822088
15.283,0.104402471195766,-0.0124283158464954
15.284,0.1043913044929,-0.0125188345239772
15.285,0.104384259756009,-0.0126036991128582
15.286,0.104360206489486,-0.0126958592265872
15.287,0.104356455752719,-0.0127792118083725
15.288,0.104341251703311,-0.0128757269199871
15.289,0.104337881361724,-0.0129652185506247
15.29,0.104318592173571,-0.0130640096898446
15.291,0.104313004960343,-0.0131532600613715
15.292,0.104289283517034,-0.013249780206957
15.293,0.104287018633087,-0.0133375319461076
15.294,0.104287650629341,-0.0134248850462829
15.295,0.104285883963741,-0.0135093850459299
15.296,0.104265584213835,-0.0136122435554885
15.297,0.10424638803966,-0.0137168471910407
15.298,0.104237799172709,-0.0138162077660007
15.299,0.104214087095,-0.0139212503283093
15.3,0.104205023470881,-0.0140221948752358
15.301,0.104173583467675,-0.0141281701076131
15.302,0.10416414100183,-0.0142252877212236
15.303,0.104151715385206,-0.0143256561895908
15.304,0.1041172379269,-0.014439807462849
15.305,0.104119425011104,-0.0145371721940441
15.306,0.104101769126106,-0.014644372882486
15.307,0.10409534706463,-0.0147503578860031
15.308,0.104081092025785,-0.0148582048409276
15.309,0.104053282073938,-0.0149710896405459
15.31,0.104047222124998,-0.0150723304742817
15.311,0.104041640070797,-0.0151697639906958
15.312,0.10402530871238,-0.015271906827557
15.313,0.103994614047107,-0.0153924867897839
15.314,0.103978880590396,-0.015503629976626
15.315,0.10394049459288,-0.0156260070989006
15.316,0.10392241482417,-0.0157401473751941
15.317,0.103900789130041,-0.0158589007196755
15.318,0.103863327543556,-0.0159812884348304
15.319,0.10385588235057,-0.0160924879811086
15.32,0.103830943879163,-0.0162072891292047
15.321,0.103818391354643,-0.0163163244659612
15.322,0.103786943539861,-0.0164399306716785
15.323,0.10377945533622,-0.0165530652851223
15.324,0.103759373611266,-0.0166773137162903
15.325,0.103752540931433,-0.0167923751004901
15.326,0.103734676354685,-0.0169154798803417
15.327,0.103727436198543,-0.0170283091134253
15.328,0.103709833424017,-0.0171478838264942
15.329,0.103707089218142,-0.0172601294933368
15.33,0.103687441310248,-0.0173740056030522
15.331,0.103655635164607,-0.0175072346001664
15.332,0.103605466676273,-0.0176496078124206
15.333,0.103583151634464,-0.0177797350478425
15.334,0.103539408092392,-0.0179187390695146
15.335,0.103515858767955,-0.0180514676667599
15.336,0.103471393350413,-0.0181896012774421
15.337,0.103447101705171,-0.0183199548404875
15.338,0.103422602081298,-0.018451699394977
15.339,0.103374142096986,-0.0185973509288325
15.34,0.103370840362304,-0.0187275649787416
15.341,0.103346778459881,-0.0188638766140373
15.342,0.10332759452435,-0.0190021834302035
15.343,0.103310573064152,-0.0191342300837592
15.344,0.103286395730709,-0.0192708227527547
15.345,0.103276737059615,-0.0194019853475262
15.346,0.103253249936366,-0.0195351490283611
15.347,0.103215634544399,-0.0196855188584668
15.348,0.103164890440142,-0.0198437217439392
15.349,0.103148337171416,-0.0199894637181137
15.35,0.103114046906877,-0.0201432583135582
15.351,0.103091156978743,-0.020292213728521
15.352,0.103052922812848,-0.0204471874032662
15.353,0.10302552973923,-0.0205975892785067
15.354,0.10298511642875,-0.0207513890986818
15.355,0.102944554180691,-0.0209149425491587
15.356,0.10292310961785,-0.0210690305603035
15.357,0.10288862575028,-0.0212329559409079
15.358,0.10286701939638,-0.0213881709045182
15.359,0.102833007406527,-0.021550551752514
15.36,0.102814154279459,-0.0217068972764163
15.361,0.102784824304421,-0.0218644872099262
15.362,0.1027685417199,-0.0220167676035793
15.363,0.102727866443103,-0.0221855650831318
15.364,0.102710544216323,-0.0223478104074954
15.365,0.102672241558273,-0.0225204456698177
15.366,0.102657057286542,-0.0226858563266296
15.367,0.102628289254306,-0.0228573077600903
15.368,0.102615914979189,-0.0230226363598284
15.369,0.102587088941944,-0.0231928324168593
15.37,0.102573967589601,-0.0233558226147402
15.371,0.102541329121664,-0.0235328340910243
15.372,0.102508703194328,-0.0237110103070675
15.373,0.102466912987696,-0.0238967215575443
15.374,0.102439770146894,-0.0240719028564927
15.375,0.102397799388884,-0.0242544177750399
15.376,0.102375811014349,-0.0244292845017923
15.377,0.102354843079592,-0.0246039209357845
15.378,0.102311188231709,-0.024793157473493
15.379,0.102285192549896,-0.0249780018645296
15.38,0.102240306850813,-0.0251731228376663
15.381,0.102215836171448,-0.0253616947330261
15.382,0.102174737178574,-0.0255556399290948
15.383,0.102149897115138,-0.0257439315935111
15.384,0.102110702151126,-0.0259337090159329
15.385,0.102062417853232,-0.0261373260133798
15.386,0.102032786990896,-0.0263320083792199
15.387,0.101991421976577,-0.0265356990016482
15.388,0.101958129954896,-0.0267309576390774
15.389,0.101915537745696,-0.0269337945492102
15.39,0.101886766687365,-0.0271311666666473
15.391,0.101843634720979,-0.0273301663169079
15.392,0.101793654712472,-0.0275447930352445
15.393,0.101748533873889,-0.0277580867723026
15.394,0.10168912351084,-0.0279809951375284
15.395,0.101654411122292,-0.0281939184957242
15.396,0.101608285837006,-0.0284106805546767
15.397,0.101579432631299,-0.02862254107513
15.398,0.10153610826423,-0.0288385961668398
15.399,0.101487419395637,-0.029065385940393
15.4,0.101449794499703,-0.0292831785635352
15.401,0.101399725005166,-0.0295079775203517
15.402,0.101363606016636,-0.0297244106104645
15.403,0.101323243198586,-0.0299379700215233
15.404,0.10128258783569,-0.0301461440090136
15.405,0.101236149322218,-0.0303536860745758
15.406,0.101168332850878,-0.0305751300373638
15.407,0.101079632135904,-0.0308072186048574
15.408,0.100974936140158,-0.0310542513874029
15.409,0.100902726825325,-0.0312868995245637
15.41,0.100827229941222,-0.0315239371150752
15.411,0.100752679662405,-0.0317623801310764
15.412,0.100670271386495,-0.0320065856873286
15.413,0.100566222671242,-0.0322707129523156
15.414,0.100495425365425,-0.0325221199377803
15.415,0.100408463508919,-0.0327855799412715
15.416,0.100349020690494,-0.0330375434353315
15.417,0.100291852762576,-0.0332961571943134
15.418,0.100244886456721,-0.033556645546535
15.419,0.100210735020898,-0.0338117495106514
15.42,0.100163739660845,-0.0340766586723093
15.421,0.10013536023116,-0.0343334924653312
15.422,0.100096312621745,-0.0345972344898445
15.423,0.100038891043402,-0.0348818869431742
15.424,0.0999899903990071,-0.0351660885127357
15.425,0.0999249247553102,-0.0354604201760227
15.426,0.0998803143914656,-0.0357500553092466
15.427,0.0998194102710243,-0.0360484960069496
15.428,0.0997765618016869,-0.0363411851075545
15.429,0.0997216597244974,-0.0366390492088954
15.43,0.099679175778014,-0.0369314378813969
15.431,0.0996325654397152,-0.0372362603902669
15.432,0.0996073955305258,-0.0375298406765277
15.433,0.0995728315459363,-0.0378318684671375
15.434,0.0995483322630953,-0.0381302076592009
15.435,0.0995183472183855,-0.0384351737294804
15.436,0.0994990073632204,-0.0387296492390147
15.437,0.0994647899838171,-0.0390409513597611
15.438,0.0994497914472473,-0.0393473020710369
15.439,0.0994199843869253,-0.0396606555041018
15.44,0.0994022242836012,-0.0399718004043585
15.441,0.0993723951953176,-0.040287941757425
15.442,0.0993577322801799,-0.0405990818085373
15.443,0.0993365109411978,-0.0409142144990111
15.444,0.0993110332766704,-0.0412390580278897
15.445,0.0992912731339559,-0.0415572468839261
15.446,0.0992636573358704,-0.041882026195835
15.447,0.0992364116416652,-0.0422071779000981
15.448,0.0992074394003633,-0.0425356858200032
15.449,0.0991871644509206,-0.0428528173033552
15.45,0.0991562808412858,-0.0431848619867269
15.451,0.0991415545129204,-0.0435110072529399
15.452,0.0991144707468521,-0.0438441149456448
15.453,0.0991003617356879,-0.0441756406536399
15.454,0.0990750492101463,-0.044509597255211
15.455,0.0990583337832752,-0.044840474522503
15.456,0.0990437824723479,-0.0451696430966116
15.457,0.0990279735404181,-0.0454998726162301
15.458,0.0990004800697131,-0.0458387906614163
15.459,0.0989652278050011,-0.046181777568133
15.46,0.098942866616981,-0.0465192133444038
15.461,0.0989182394651561,-0.0468610374493411
15.462,0.0989003239241943,-0.0471964827875509
15.463,0.0988792821741457,-0.047536750105989
15.464,0.0988644524292703,-0.0478671920101739
15.465,0.0988404631310323,-0.0482118527348626
15.466,0.0988130275589291,-0.0485580150192028
15.467,0.0987823534928957,-0.0489114328351977
15.468,0.0987704300197083,-0.049253052080518
15.469,0.0987534946174777,-0.0496018360836031
15.47,0.0987427055161576,-0.0499450339918498
15.471,0.0987275135185474,-0.0502922899307308
15.472,0.098718451171338,-0.0506342465998439
15.473,0.0987030515047017,-0.0509852170564675
15.474,0.0986763974230921,-0.0513391112351467
15.475,0.0986474287565791,-0.0516970741800905
15.476,0.0986293157649143,-0.0520462566332094
15.477,0.0986075371502484,-0.0523976740722729
15.478,0.0985775421604051,-0.0527592932441343
15.479,0.098555987240872,-0.0531163344086724
15.48,0.0985227990277917,-0.0534760251976971
15.481,0.0984996417136396,-0.0538315379601735
15.482,0.0984741472245224,-0.0541894528302817
15.483,0.0984533363657158,-0.0545428630786933
15.484,0.0984241754690206,-0.0548997676004455
15.485,0.0984031988273283,-0.0552509410959735
15.486,0.0983786199197567,-0.055603236984177
15.487,0.0983501031766938,-0.0559632903399238
15.488,0.0983171119213586,-0.0563257572150779
15.489,0.0982841370746099,-0.0566901494940661
15.49,0.0982550162640337,-0.0570527376142153
15.491,0.0982244871124477,-0.057418503190889
15.492,0.0981884126763684,-0.0577938234465969
15.493,0.0981638692761358,-0.0581667702449641
15.494,0.098132871225214,-0.058547916535558
15.495,0.0981127358800067,-0.0589244736226734
15.496,0.0980861678349647,-0.059306809446321
15.497,0.0980705663537597,-0.0596859680888775
15.498,0.0980494731375466,-0.0600669076873046
15.499,0.0980289307662593,-0.0604590697300968
15.5,0.0980185311755182,-0.0608463356679759
15.501,0.0980066957406523,-0.0612402964493609
15.502,0.0979929019315698,-0.061638105221291
15.503,0.0979827635778292,-0.0620359183672131
15.504,0.0979694472687518,-0.0624357854188167
15.505,0.0979544125323346,-0.0628473057253921
15.506,0.0979372850631972,-0.0632608671290225
15.507,0.0979141841398192,-0.0636794485739363
15.508,0.0979080982124208,-0.064093635673475
15.509,0.0978975199775157,-0.0645105119836228
15.51,0.097896170461869,-0.0649280069754235
15.511,0.097889472186144,-0.0653503785827308
15.512,0.0978840481424322,-0.0657805132350178
15.513,0.097891284724206,-0.0662018821695031
15.514,0.0978989620764853,-0.0666292326875045
15.515,0.0979106414542227,-0.067052877096912
15.516,0.0979257633301109,-0.0674819558177394
15.517,0.0979326672401157,-0.067917973641839
15.518,0.0979383260499735,-0.0683600210135742
15.519,0.09794711698117,-0.068806692834894
15.52,0.0979626599998828,-0.0692448892728392
15.521,0.0979757791610119,-0.0696890774258526
15.522,0.0979959724697499,-0.0701349134921047
15.523,0.0980125901294071,-0.0705790179077316
15.524,0.0980327213717011,-0.0710325227484697
15.525,0.0980498803249602,-0.071486554641975
15.526,0.0980701791148353,-0.0719463459532662
15.527,0.0980867696031739,-0.0724027793151283
15.528,0.0981133139562385,-0.0728604651741523
15.529,0.0981435297422385,-0.0733186533570745
15.53,0.0981787804951487,-0.073780751777999
15.531,0.0982177855047993,-0.0742342213087264
15.532,0.0982580633333403,-0.0746979277909924
15.533,0.0982977374605985,-0.0751665718419554
15.534,0.0983376916885688,-0.0756383937150869
15.535,0.0983781233982566,-0.0761122128523103
15.536,0.0984218224622215,-0.076586385769318
15.537,0.0984695712128636,-0.077061999960705
15.538,0.0985207100823567,-0.077538947159408
15.539,0.0985753900597583,-0.0780134388242784
15.54,0.0986322364175055,-0.078488889672327
15.541,0.0986924366467811,-0.0789707831860772
15.542,0.0987532975017903,-0.0794547068207419
15.543,0.0988174022793435,-0.0799418566402499
15.544,0.0988826401587039,-0.0804289033613076
15.545,0.0989518083021285,-0.080917725072565
15.546,0.0990235087328516,-0.081405621861969
15.547,0.0990993106287473,-0.0818938774305242
15.548,0.099176356897138,-0.0823881796318688
15.549,0.0992562102531026,-0.0828866247161351
15.55,0.0993389993808865,-0.083387348544522
15.551,0.0994255168662615,-0.0838896126501317
15.552,0.099516341421609,-0.0843931136231224
15.553,0.0996118350821045,-0.0848975740194748
15.554,0.0997122165305309,-0.0854027708905448
15.555,0.0998176391195941,-0.0859085466341007
15.556,0.0999294331234949,-0.0864191394130326
15.557,0.100047771925706,-0.0869329336215417
15.558,0.10017076408882,-0.0874473000906936
15.559,0.100299673317945,-0.0879628619608485
15.56,0.100433622057756,-0.0884781539125933
15.561,0.100573199986895,-0.0889932453462368
15.562,0.100718137011793,-0.0895073971284097
15.563,0.100868998903108,-0.0900260752110421
15.564,0.101025406951276,-0.0905469729816208
15.565,0.101187259086242,-0.0910688080299238
15.566,0.101354471333331,-0.0915907236760452
15.567,0.101527001619467,-0.0921121615025366
15.568,0.101704841341369,-0.0926327597963315
15.569,0.101887994591753,-0.0931522768225498
15.57,0.102076465437307,-0.0936705466136124
15.571,0.102270245703089,-0.0941874462516855
15.572,0.102469308521967,-0.0947028778119081
15.573,0.102673603851199,-0.095216756558451
15.574,0.102883054793762,-0.0957290018288767
15.575,0.103097546705621,-0.0962395202179568
15.576,0.103316932287164,-0.0967482066891253
15.577,0.103541072580338,-0.0972549742816296
15.578,0.10376991680854,-0.0977598073777506
15.579,0.104003522969636,-0.0982627510928863
15.58,0.10424198918152,-0.0987638513865033
15.581,0.104485478462551,-0.099263198482142
15.582,0.104734142754154,-0.0997608334336174
15.583,0.104987966988643,-0.10025659674802
15.584,0.105246851450446,-0.100750233378841
15.585,0.105510670143115,-0.101241452999715
15.586,0.105779361034328,-0.101730138234237
15.587,0.106053019586616,-0.102216456271076
15.588,0.106331852868185,-0.102700667939481
15.589,0.106615740447885,-0.103182746622886
15.59,0.106903825266127,-0.103662033636127
15.591,0.107196021958021,-0.104138562067759
15.592,0.1074922888574,-0.104612405215053
15.593,0.107792579206596,-0.105083632934035
15.594,0.108096845101941,-0.105552314748901
15.595,0.108405042673817,-0.106018524812299
15.596,0.108716606142382,-0.106481203480806
15.597,0.109030408111065,-0.106937836488992
15.598,0.109346691901926,-0.107388072157692
15.599,0.10965560973035,-0.10782352746692
15.6,0.109954566380391,-0.108242398981949
15.601,0.110244025139132,-0.108645489690903
15.602,0.110523741692712,-0.109032890229916
15.603,0.110795792741856,-0.109406816243067
15.604,0.111057684728541,-0.109765422148848
15.605,0.111315340896012,-0.110114378742397
15.606,0.111566607465937,-0.110451926741459
15.607,0.111812614723012,-0.110779551704754
15.608,0.112057983232866,-0.111101690060482
15.609,0.112300432153124,-0.111416399457793
15.61,0.112537500095262,-0.111721725783151
15.611,0.112770817032448,-0.112019325334651
15.612,0.113005603685669,-0.112314279487645
15.613,0.11323765251298,-0.112603034600827
15.614,0.11347091408194,-0.11288921701593
15.615,0.113700158801121,-0.113168282702731
15.616,0.113933320625316,-0.113447783785845
15.617,0.114165664766011,-0.113723539123415
15.618,0.114398156513591,-0.113996486429341
15.619,0.114627932705112,-0.114264000784031
15.62,0.114862891924967,-0.114533846055246
15.621,0.115094562396474,-0.114798009214973
15.622,0.115328196587571,-0.11506164552957
15.623,0.11556425433969,-0.115325390943892
15.624,0.115799505388863,-0.11558610073014
15.625,0.116039480008241,-0.115849361097004
15.626,0.116283346864592,-0.116114530261468
15.627,0.116528169699489,-0.116378787419752
15.628,0.116772709579934,-0.116641022766424
15.629,0.117022282302817,-0.116906522527405
15.63,0.11727324054894,-0.117171870048061
15.631,0.117529515951604,-0.117440929862704
15.632,0.117787259721164,-0.117710106636613
15.633,0.118051132250714,-0.117983983655737
15.634,0.118316189052269,-0.118257828897239
15.635,0.118585046809781,-0.118534218103234
15.636,0.11885654410198,-0.118812207059799
15.637,0.119132731263022,-0.119093756860303
15.638,0.119412696554779,-0.119378166263132
15.639,0.119696204774187,-0.11966517364379
15.64,0.119982967477514,-0.119954633231605
15.641,0.120275041115991,-0.120248580638466
15.642,0.12056998272816,-0.120544705117374
15.643,0.120870268257417,-0.120845480049145
15.644,0.121172271674916,-0.121147365177446
15.645,0.121479669505945,-0.121454038170485
15.646,0.121791685518561,-0.121764868933905
15.647,0.122107965503327,-0.122079483164705
15.648,0.122427370473654,-0.122396820083421
15.649,0.122754045720907,-0.1227210566311
15.65,0.123082921860853,-0.123047143069587
15.651,0.123417673890048,-0.123378796452763
15.652,0.123757651316675,-0.12371546331035
15.653,0.124102186435732,-0.124056456141118
15.654,0.124451672645434,-0.124402238105922
15.655,0.124806966679087,-0.124753670768667
15.656,0.125166903727709,-0.12510963301015
15.657,0.125533318798029,-0.125471988005517
15.658,0.12590325798099,-0.125837781058323
15.659,0.126280329204985,-0.126210663297968
15.66,0.126662794514237,-0.126588956570444
15.661,0.127050694005164,-0.12697267299904
15.662,0.127445234113387,-0.127363083984552
15.663,0.127844338502527,-0.127758073376318
15.664,0.128251623517479,-0.128161337020124
15.665,0.128663032650011,-0.128568784961
15.666,0.129082654693587,-0.128984574468156
15.667,0.129506270091359,-0.129404418417382
15.668,0.129937946229305,-0.129832455924304
15.669,0.130375276987683,-0.130266285110648
15.67,0.130819871435867,-0.130707546166167
15.671,0.131270289416917,-0.131154755380185
15.672,0.131729930319486,-0.131611371624929
15.673,0.132194908757894,-0.132073480565268
15.674,0.132668329902894,-0.13254422807209
15.675,0.133147345488584,-0.133020715712253
15.676,0.133635811852393,-0.133506849073763
15.677,0.134130509009855,-0.133999399066623
15.678,0.134632984712848,-0.134499924791152
15.679,0.1351432905085,-0.135008465450338
15.68,0.135662136890174,-0.135525744604883
15.681,0.13618810175462,-0.136050316230687
15.682,0.136723852284624,-0.136584875899222
15.683,0.137266009846051,-0.137126003934491
15.684,0.137818568002665,-0.137677724992414
15.685,0.138378407614313,-0.138236903357552
15.686,0.138947756395514,-0.138805774270563
15.687,0.139524543180962,-0.139382234578166
15.688,0.140112267749686,-0.139969809431805
15.689,0.140707406160026,-0.140564945310042
15.69,0.14131341594689,-0.141171117227354
15.691,0.141926923688187,-0.141784916808301
15.692,0.142551806614725,-0.14241023978254
15.693,0.143184942845084,-0.143043945961409
15.694,0.143828846132467,-0.143688554579982
15.695,0.144480874282479,-0.14434139133249
15.696,0.145144882690689,-0.145006327763429
15.697,0.145817591094963,-0.14568006607448
15.698,0.146501506125325,-0.146365117469653
15.699,0.147193997880746,-0.147058821477365
15.7,0.147898940129132,-0.147765064730479
15.701,0.14861301090378,-0.148480509444552
15.702,0.149338772544572,-0.149207721233434
15.703,0.15007351134859,-0.149943959000497
15.704,0.150821111379634,-0.150693115698281
15.705,0.151578270671406,-0.151451876766423
15.706,0.152347527484712,-0.152222781821932
15.707,0.153126188011817,-0.153003113817684
15.708,0.153918068771761,-0.153796694572382
15.709,0.154719852307089,-0.154600196396102
15.71,0.155534240774781,-0.155416321512029
15.711,0.156358414623898,-0.15624223199376
15.712,0.157196100055008,-0.157081655652249
15.713,0.158044053659777,-0.157931342047876
15.714,0.158904999451677,-0.158794013615458
15.715,0.159776150901409,-0.159666870196749
15.716,0.160661057107252,-0.160553459745049
15.717,0.161556527808439,-0.161450586937004
15.718,0.162465438910184,-0.162361124658026
15.719,0.163384977066938,-0.163282251233869
15.72,0.164318418090021,-0.164217238972176
15.721,0.165262731065176,-0.165163053539884
15.722,0.166220867448918,-0.166122641877191
15.723,0.167190041545499,-0.16709321452589
15.724,0.168173239893236,-0.168077752956898
15.725,0.169167644550159,-0.169073437317013
15.726,0.170176164836068,-0.170083171193377
15.727,0.17119608011953,-0.171104233154278
15.728,0.172230191389028,-0.172139418017289
15.729,0.173275863346496,-0.173186090390717
15.73,0.174335837961475,-0.174246985583739
15.731,0.175407537796978,-0.175319526943875
15.732,0.176493624342928,-0.17640636881841
15.733,0.177591603836755,-0.17750501889037
15.734,0.178704041394971,-0.178618034690232
15.735,0.179828534611492,-0.179743015706171
15.736,0.18096755524098,-0.180882425631913
15.737,0.182118790084298,-0.182033953503096
15.738,0.1832846143253,-0.183199965928864
15.739,0.184462810482681,-0.184378247867793
15.74,0.185655647344856,-0.185571058989732
15.741,0.18686101324925,-0.186776290107703
15.742,0.18808106173789,-0.18799608506829
15.743,0.189313795392236,-0.189228448788988
15.744,0.190561244726045,-0.190475401466026
15.745,0.191821535112644,-0.191735070497988
15.746,0.193096564534695,-0.193009342882419
15.747,0.194384592156408,-0.194296479313607
15.748,0.19568737130362,-0.195598221428366
15.749,0.197003308397824,-0.196912976471476
15.75,0.198333997653358,-0.198242326245161
15.751,0.199678008951305,-0.199584840508765
15.752,0.201036760560267,-0.200941924394854
15.753,0.202409004242852,-0.202312328322363
15.754,0.20379596347862,-0.203697261949502
15.755,0.205196592377852,-0.20509567650882
15.756,0.206611900106898,-0.206508566742081
15.757,0.208041062773272,-0.207935103984637
15.758,0.209484859477504,-0.209376052416468
15.759,0.210942699329872,-0.210830814090024
15.76,0.212415128496183,-0.212299919866153
15.761,0.213901779504945,-0.213782992609066
15.762,0.215402991010985,-0.215280355628984
15.763,0.216918560105548,-0.216791793838881
15.764,0.218448667723778,-0.218317472709187
15.765,0.219993212003329,-0.219857275901493
15.766,0.221552285279227,-0.221411279319546
15.767,0.223125845960626,-0.222979424671785
15.768,0.224713952607575,-0.224561752503064
15.769,0.226316588509977,-0.226158227301256
15.77,0.227933801344629,-0.227768876865122
15.771,0.229565581674524,-0.229393670852599
15.772,0.23121197689294,-0.231032634707164
15.773,0.232872975259101,-0.232685733637941
15.774,0.234548629432933,-0.234352996118095
15.775,0.236238918942165,-0.236034376432258
15.776,0.237943907005176,-0.237729911207495
15.777,0.239663556643832,-0.239439536009832
15.778,0.24139795037176,-0.241163304139573
15.779,0.243147022776321,-0.242901120573939
15.78,0.244910890446492,-0.244653069741359
15.781,0.24668943927908,-0.246419005989988
15.782,0.24848284628221,-0.248199070675719
15.783,0.250290912915402,-0.249993032326595
15.784,0.252113923382871,-0.251801134998348
15.785,0.253951531234752,-0.253622999149928
15.786,0.255804207646794,-0.255459049470208
15.787,0.257671356659252,-0.257308659078021
15.788,0.259553747498623,-0.259172541438022
15.789,0.261450429916212,-0.261049720598442
15.79,0.263362533350739,-0.262941258344196
15.791,0.265288820567242,-0.264845896814308
15.792,0.267230616586744,-0.266764883364485
15.793,0.26918661478468,-0.268696892213386
15.794,0.271158138276748,-0.270643162024496
15.795,0.273143840275186,-0.272602328863494
15.796,0.275145106079333,-0.274575684427592
15.797,0.277160552178193,-0.276561830076738
15.798,0.279191580968611,-0.278562066273709
15.799,0.281236773742708,-0.280574961655255
15.8,0.283297574060599,-0.282601848329443
15.801,0.285372535456211,-0.284641269578863
15.802,0.287463118129885,-0.286694565044276
15.803,0.289567848154189,-0.288760253332596
15.804,0.291688215362035,-0.290839693685074
15.805,0.293822724671743,-0.292931386276611
15.806,0.295972879622565,-0.295036694324119
15.807,0.298137163088085,-0.297154099173387
15.808,0.300317102314375,-0.299284977100179
15.809,0.302511163533497,-0.301427795954551
15.81,0.30472088492824,-0.303583932545834
15.811,0.306944713352454,-0.305751839103563
15.812,0.309184208452203,-0.30793290248516
15.813,0.311437803102083,-0.310125564605297
15.814,0.313707065580073,-0.312331209783346
15.815,0.315990409701613,-0.314548265288993
15.816,0.318289426049423,-0.316778125425132
15.817,0.32060251531576,-0.319019208748267
15.818,0.322931276373489,-0.321272905854263
15.819,0.325274089180378,-0.323537619913761
15.82,0.327632577408278,-0.325814752802034
15.821,0.330005108175212,-0.328102700010583
15.822,0.332393312692623,-0.330402858090436
15.823,0.334795533366465,-0.332713604404687
15.824,0.337213431941521,-0.335036350976934
15.825,0.339645338158506,-0.337369468550128
15.826,0.342092920057145,-0.339714361711727
15.827,0.34455447533925,-0.342069377491279
15.828,0.347031712659226,-0.344435943965383
15.829,0.349522919568342,-0.34681240485687
15.83,0.352029805718217,-0.349200174859219
15.831,0.354550613131214,-0.351597563100223
15.832,0.357087110129901,-0.354006022610476
15.833,0.359637538417181,-0.356423869105323
15.834,0.362203651326019,-0.358852526668233
15.835,0.364783617296052,-0.361290253296516
15.836,0.367379285151031,-0.363738542626487
15.837,0.36998885675433,-0.366195690279286
15.838,0.372614117655641,-0.368663116760846
15.839,0.375253132334507,-0.37113900568369
15.84,0.37790786385017,-0.373624917379982
15.841,0.380576520915346,-0.37611917068937
15.842,0.383260850256266,-0.378623117808487
15.843,0.385958782907966,-0.38113484695947
15.844,0.388672424934289,-0.383656005965214
15.845,0.391400162159921,-0.386185084507476
15.846,0.394143396266013,-0.388723102458115
15.847,0.396900269007582,-0.39126835281333
15.848,0.399672819719004,-0.393822386296489
15.849,0.402459387300153,-0.3963836701752
15.85,0.405261506462,-0.398953305720364
15.851,0.408077117318866,-0.401529437805189
15.852,0.410908401406647,-0.404113695517505
15.853,0.413753800546737,-0.406704652324193
15.854,0.416614559227829,-0.409303131659977
15.855,0.419489045632037,-0.41190766159403
15.856,0.422379208261565,-0.414519632213322
15.857,0.425282963324569,-0.417137207393111
15.858,0.428202491821233,-0.419761945009103
15.859,0.431135427139483,-0.422391797086735
15.86,0.434084193234025,-0.425028491878881
15.861,0.437046475381631,-0.427670042360228
15.862,0.440024607089925,-0.430318074384826
15.863,0.443015817588754,-0.432970258183685
15.864,0.446022774597272,-0.435628463544501
15.865,0.449043795904542,-0.438291234346274
15.866,0.45207975496575,-0.440958994794705
15.867,0.455130098524709,-0.443631196789254
15.868,0.458195570571171,-0.446308157837331
15.869,0.461274784683224,-0.448988670792143
15.87,0.464369618255327,-0.451673917382277
15.871,0.467477664785667,-0.454361927731682
15.872,0.470601486410389,-0.457054372696431
15.873,0.473738918332151,-0.459749493528994
15.874,0.476891977340893,-0.462448505025632
15.875,0.480057958784249,-0.465149279354921
15.876,0.483239427488723,-0.46785342481213
15.877,0.48643501812312,-0.470559801492607
15.878,0.489645071275991,-0.47326835609597
15.879,0.492870165847885,-0.475979385621075
15.88,0.496109510630277,-0.478692040952636
15.881,0.499363717112305,-0.481406576065032
15.882,0.502631991528583,-0.484122180352949
15.883,0.50591526605634,-0.486839302296636
15.884,0.509212403161971,-0.489556917815133
15.885,0.512524616963424,-0.492275635232955
15.886,0.515850792681214,-0.494994478998244
15.887,0.519192139017843,-0.49771401373024
15.888,0.522546921567908,-0.500432872084151
15.889,0.525917036864392,-0.503152042284032
15.89,0.529300983169826,-0.505870362756957
15.891,0.532700302443946,-0.508588517995996
15.892,0.536112491266519,-0.511304742088888
15.893,0.539540434122957,-0.514020552737446
15.894,0.542981860169732,-0.516734369173372
15.895,0.546438207485434,-0.519446702034661
15.896,0.549908594266329,-0.522156931701533
15.897,0.55339427184601,-0.52486543832982
15.898,0.556892733478641,-0.527570554802353
15.899,0.560406781752994,-0.530273624942133
15.9,0.563934524785233,-0.532973379245543
15.901,0.567476159179568,-0.535669489138372
15.902,0.571033262993912,-0.538362868289481
15.903,0.574604268107769,-0.541052161275816
15.904,0.578190033023033,-0.543737735541005
15.905,0.581789885573429,-0.5464188267446
15.906,0.585404280459607,-0.54909554440613
15.907,0.589032679387832,-0.551767190336446
15.908,0.592675484036694,-0.554433876913189
15.909,0.596332227876252,-0.557094890967022
15.91,0.600003582445293,-0.559750552253765
15.911,0.60368899564706,-0.562400050591826
15.912,0.607388837042605,-0.565043584634834
15.913,0.61110254630586,-0.567680276761598
15.914,0.614830975952111,-0.570310635583025
15.915,0.618573668592614,-0.572934343395863
15.916,0.622333267941295,-0.575554626700995
15.917,0.626112379421361,-0.578174086221857
15.918,0.629909880850036,-0.580792638763933
15.919,0.633725200087437,-0.583409151413938
15.92,0.637557240030745,-0.58602186857216
15.921,0.641405231696844,-0.588629505640161
15.922,0.645268853422446,-0.591231326891257
15.923,0.649147901420482,-0.593826735055174
15.924,0.653042152930934,-0.596415110802882
15.925,0.656951500563252,-0.598995957611484
15.926,0.660875932305433,-0.601568871852691
15.927,0.664815562620722,-0.604133572723447
15.928,0.66877053538402,-0.606689799364095
15.929,0.672741011453811,-0.609237301185652
15.93,0.676727151588873,-0.611775825091287
15.931,0.680729108445854,-0.614305109249609
15.932,0.684747028305013,-0.616824881865591
15.933,0.688781052894577,-0.619334853825625
15.934,0.692831329246178,-0.621834719128149
15.935,0.696898045854303,-0.624324169614544
15.936,0.700981483186742,-0.626802917701488
15.937,0.705081888340507,-0.62927068166637
15.938,0.709198753441851,-0.631726925737103
15.939,0.713332175233226,-0.634171278328808
15.94,0.717481467998878,-0.636603028668397
15.941,0.721647878427613,-0.639022325954195
15.942,0.725829697691508,-0.641428190790475
15.943,0.730027131182321,-0.643819930914982
15.944,0.734241268323551,-0.646197737710273
15.945,0.738470658707333,-0.648560789599174
15.946,0.742715208856637,-0.650908289708874
15.947,0.746976082536269,-0.653240412886829
15.948,0.751251921837951,-0.655556404513874
15.949,0.755543265523678,-0.65785573216227
15.95,0.759850443992276,-0.660138453431782
15.951,0.764172621704657,-0.662404008576479
15.952,0.768509875511327,-0.664651825319061
15.953,0.772863148603929,-0.666882132659175
15.954,0.777231316984356,-0.669094367990359
15.955,0.781615458704116,-0.671288532443752
15.956,0.78601667971489,-0.673464946563982
15.957,0.790433032883501,-0.675622802524264
15.958,0.794865700893435,-0.677761943560191
15.959,0.799315549538421,-0.679882567039961
15.96,0.803780758023426,-0.681983889000236
15.961,0.808262392070347,-0.684065656556922
15.962,0.812761079924663,-0.686127956126312
15.963,0.817275707574588,-0.688170178333511
15.964,0.821806973153972,-0.690191891165767
15.965,0.826354777918108,-0.692192742907122
15.966,0.83091803519564,-0.694171899181889
15.967,0.835497195633095,-0.696128744004984
15.968,0.840091908365798,-0.698062797843373
15.969,0.84470166928338,-0.699973398484515
15.97,0.849326306108172,-0.701859874953624
15.971,0.853965562351642,-0.703721601615138
15.972,0.858619214855558,-0.705557961375568
15.973,0.863286983399194,-0.70736831045696
15.974,0.86796853591755,-0.709151986393197
15.975,0.872663747162883,-0.710908549123386
15.976,0.877372449416379,-0.712637543073914
15.977,0.882094425358569,-0.714338487552487
15.978,0.88682940845072,-0.716010874978148
15.979,0.891577109555296,-0.717654197385718
15.98,0.896337228030638,-0.719267938908283
15.981,0.901109460676678,-0.720851570535529
15.982,0.905893502463764,-0.722404554371048
15.983,0.910689036299856,-0.723926347709357
15.984,0.915495712660539,-0.72541640666799
15.985,0.920313135950424,-0.726874191216854
15.986,0.925140976489341,-0.728299181477334
15.987,0.929979292278578,-0.729690901472421
15.988,0.934828172038138,-0.731048877405714
15.989,0.939687476922227,-0.732372630115595
15.99,0.944557218754432,-0.733661694177257
15.991,0.949437249032626,-0.734915629693955
15.992,0.954327724723381,-0.736133968285438
15.993,0.959228145394173,-0.73731637644577
15.994,0.964139771731015,-0.738462417029679
15.995,0.96906080112229,-0.73957208354783
15.996,0.973993641271148,-0.740644887345637
15.997,0.978936088214717,-0.741680765786987
15.998,0.983890288827683,-0.742679192549888
15.999,0.988854413173652,-0.743640184051654
16,0.993829714163713,-0.744563282528347
16.001,0.998815158059352,-0.745448629601105
16.002,1.00381277685578,-0.746295402586395
16.003,1.00882088017343,-0.747104108975919
16.004,1.01384059322868,-0.747874107205217
16.005,1.0188710401118,-0.748605568403519
16.006,1.02391410835921,-0.749297553598209
16.007,1.02896805237583,-0.749950613455599
16.008,1.03403442415145,-0.750563862747978
16.009,1.03911186609658,-0.751137682892429
16.01,1.04420247896932,-0.751670925500294
16.011,1.04930424952679,-0.752164232464358
16.012,1.05441924583243,-0.752616350891488
16.013,1.05954516264225,-0.753027994548952
16.014,1.06468420130281,-0.753397687891841
16.015,1.06983370034343,-0.753726262705013
16.016,1.07499620442679,-0.754012143333534
16.017,1.08016892908661,-0.754256338066863
16.018,1.0853549286216,-0.75445697504953
16.019,1.09055112872636,-0.754615234627477
16.02,1.09575958883506,-0.754729764598802
16.021,1.10097859554024,-0.754801247055396
16.022,1.10621025380039,-0.75482800262005
16.023,1.11145231268293,-0.754810769196986
16.024,1.11670617241854,-0.754748840108033
16.025,1.12197130869097,-0.754642143287907
16.026,1.12724681409236,-0.75449060632798
16.027,1.13253575352525,-0.754292464154178
16.028,1.13783322377059,-0.754049924398754
16.029,1.1431422545861,-0.75376048268895
16.03,1.14846409899272,-0.753423569438591
16.031,1.15379528760624,-0.753040916852891
16.032,1.15913856207624,-0.752610375928055
16.033,1.16449220927691,-0.752132786811874
16.034,1.16985749436445,-0.751606806383442
16.035,1.17523309266897,-0.751032847819343
16.036,1.18061923307438,-0.750410557785762
16.037,1.1860171379535,-0.749738716519661
16.038,1.19142511113656,-0.749018102095019
16.039,1.19684381453394,-0.748247743591842
16.04,1.20227370819431,-0.747427227868218
16.041,1.20771363434818,-0.746556734625327
16.042,1.21316442852887,-0.745635262932043
16.043,1.21862480603081,-0.744663370866272
16.044,1.22409654621987,-0.743639486159988
16.045,1.22957795952638,-0.742564542981705
16.046,1.23507022721326,-0.741437123145972
16.047,1.24057153078381,-0.740257941306282
16.048,1.24608324960549,-0.739025130290283
16.049,1.25160331940828,-0.737739535844871
16.05,1.25713332888213,-0.736399333091488
16.051,1.26267177979905,-0.735005944468744
16.052,1.26822052145378,-0.733558073071022
16.053,1.27377851689543,-0.732056990864362
16.054,1.27934749601645,-0.730501756017952
16.055,1.28492732725792,-0.728892967936871
16.056,1.29051893050621,-0.727230247993201
16.057,1.2961228634017,-0.72551332726664
16.058,1.30173950286159,-0.723741889203781
16.059,1.3073690983932,-0.721915603268729
16.06,1.31301185567052,-0.720034106314124
16.061,1.31866796312045,-0.718096923179981
16.062,1.32433772844177,-0.716103360639829
16.063,1.33002176696325,-0.714052419056222
16.064,1.33571801378625,-0.711945172816777
16.065,1.34142649987848,-0.709780060926419
16.066,1.34714799721837,-0.707556586225233
16.067,1.35288261862906,-0.705273914443096
16.068,1.35863059761231,-0.702931520636233
16.069,1.36439145403599,-0.700529482870334
16.07,1.3701647521987,-0.698067903160051
16.071,1.37595113881621,-0.695545456535129
16.072,1.38174834645855,-0.692964523681885
16.073,1.38755704847898,-0.6903230661985
16.074,1.39337730714883,-0.687620721937139
16.075,1.39920903661083,-0.684857196071106
16.076,1.40505214061083,-0.682032182596414
16.077,1.41090652581226,-0.679145374948246
16.078,1.4167721020222,-0.676196470956349
16.079,1.42264878156813,-0.673185173113267
16.08,1.428536480016,-0.670111189506162
16.081,1.43443511507033,-0.666974232612186
16.082,1.44034460701382,-0.663774019860064
16.083,1.44626487852333,-0.660510273524043
16.084,1.45219585434869,-0.657182720474836
16.085,1.45813746163502,-0.653791092638639
16.086,1.46408962948688,-0.650335126643727
16.087,1.47005228808116,-0.646814562952378
16.088,1.47602663373351,-0.643230003922014
16.089,1.4820165192701,-0.639583768220471
16.09,1.488026308928,-0.635878302527022
16.091,1.4940548462355,-0.632118330624944
16.092,1.50010021760581,-0.628304837007756
16.093,1.50615996969801,-0.62443901602529
16.094,1.51223498759568,-0.620518471016375
16.095,1.51832527311451,-0.616541867510024
16.096,1.52442911165261,-0.612510222100793
16.097,1.53054603568268,-0.608422769324865
16.098,1.53667736119614,-0.604277416946361
16.099,1.5428236647905,-0.600072083840901
16.1,1.54898258119399,-0.595808760049855
16.101,1.55515522600747,-0.591485284519491
16.102,1.56133989531751,-0.587102629677781
16.103,1.56754007775618,-0.582656179889582
16.104,1.57375125624126,-0.578149805705456
16.105,1.57997477332153,-0.573581935604774
16.106,1.58621384786494,-0.568948082081982
16.107,1.59246511253612,-0.564250830430087
16.108,1.59872873484835,-0.55948972657314
16.109,1.60500312177572,-0.554666257307251
16.11,1.6112924124275,-0.549775098905619
16.111,1.61759253190034,-0.544820279854094
16.112,1.62390461489539,-0.539800594044899
16.113,1.63023024866775,-0.534713509630568
16.114,1.63656828104198,-0.52955940552309
16.115,1.64291910948884,-0.524337750697888
16.116,1.64928099373468,-0.519050120194479
16.117,1.65565661876299,-0.513692945254994
16.118,1.6620436314454,-0.508268495076743
16.119,1.66844325795169,-0.502775251566492
16.12,1.67485408173005,-0.497214487841596
16.121,1.68127847546458,-0.491583106438732
16.122,1.68771355177357,-0.485884255225482
16.123,1.69416163527149,-0.480115108638593
16.124,1.7006205362062,-0.474277942750557
16.125,1.70709186228949,-0.468370908952364
16.126,1.71357418775431,-0.462395454504817
16.127,1.72006980751846,-0.456348343831766
16.128,1.72657616818759,-0.450232543568071
16.129,1.7330953294084,-0.444045319734452
16.13,1.73962530083106,-0.437788935848966
16.131,1.74616762099739,-0.431461358551178
16.132,1.75272074639628,-0.42506434168925
16.133,1.75928626526665,-0.418595704171665
16.134,1.76586264224601,-0.412057166314788
16.135,1.77245133570534,-0.405446718315499
16.136,1.77905072670883,-0.398766324641367
16.137,1.78566223599743,-0.392014017874408
16.138,1.7922844277812,-0.385191511844916
16.139,1.79891903260489,-0.378296321388045
16.14,1.80556423281383,-0.371330765316034
16.141,1.81222133915881,-0.364292998473973
16.142,1.81888885158465,-0.357184987899458
16.143,1.82556871935042,-0.350003859528657
16.144,1.83225930770581,-0.342751638338584
16.145,1.83896166288001,-0.335426890678986
16.146,1.84567475683593,-0.32803085632004
16.147,1.85239958465562,-0.320562131929119
16.148,1.85913491243986,-0.313022385320429
16.149,1.86588207413807,-0.305409629375134
16.15,1.87263947313867,-0.297726174336488
16.151,1.87940862179941,-0.289969766436734
16.152,1.88618860658654,-0.282141437363726
16.153,1.89298007276072,-0.274240264556616
16.154,1.89978217257993,-0.266267293956484
16.155,1.90659571540949,-0.258221290923931
16.156,1.91341961180773,-0.250103782960147
16.157,1.92025513109503,-0.241912712382572
16.158,1.92710065294464,-0.233650551436119
16.159,1.93395753173342,-0.225315180487786
16.16,1.94082520291662,-0.216907115371529
16.161,1.94770380216179,-0.208426234715507
16.162,1.95459329351644,-0.199872300612652
16.163,1.96149304619292,-0.191246536477739
16.164,1.9684043298206,-0.182546535577542
16.165,1.97532521560413,-0.173775632449785
16.166,1.98225806622445,-0.164929576874921
16.167,1.98920014502982,-0.156013130595618
16.168,1.99615427833027,-0.147021276999303
16.169,2.00311746705472,-0.137959196434696
16.17,2.01009204872004,-0.128822747653365
16.171,2.01707549494839,-0.119616590034024
16.172,2.02407102875695,-0.110334885038387
16.173,2.03107537634797,-0.100983418119833
16.174,2.03809053054237,-0.0915586873381401
16.175,2.04511414918119,-0.0820650706243873
16.176,2.0521492869976,-0.072496965424859
16.177,2.0591959837609,-0.0628539277221367
16.178,2.06625170916673,-0.0531405487598591
16.179,2.0733192614518,-0.043351726429589
16.18,2.08039660884043,-0.0334910779297195
16.181,2.0874842535144,-0.0235577494097126
16.182,2.09458275966763,-0.0135505995558018
16.183,2.10169089283325,-0.00347211818150905
16.184,2.10881017823553,0.00668055768683157
16.185,2.11593899872105,0.0169044325388585
16.186,2.12307793346853,0.0272005272209028
16.187,2.13022742399101,0.0375697439019065
16.188,2.13738639576696,0.0480098497639589
16.189,2.14455680652839,0.0585246528521469
16.19,2.15173615647109,0.0691092625778847
16.191,2.15892573306633,0.079766061000708
16.192,2.16612421208399,0.0904921931618585
16.193,2.17333390235198,0.101292208485019
16.194,2.18055186408246,0.112160272761416
16.195,2.18778088225977,0.12310186149864
16.196,2.1950201239296,0.134115519721613
16.197,2.20226785513937,0.145197307875183
16.198,2.20952667901549,0.156352452944428
16.199,2.21679616654762,0.16758045019599
16.2,2.2240748432548,0.178878162072388
16.201,2.2313643802068,0.190248915473624
16.202,2.23866297794171,0.20168897025911
16.203,2.2459715936525,0.21320021480349
16.204,2.25328934092569,0.224780563281048
16.205,2.26061807945703,0.23643386795723
16.206,2.26795569336012,0.248155517336871
16.207,2.27530397929205,0.25994911292714
16.208,2.28266132217728,0.271811204888433
16.209,2.29002831323544,0.283742911650798
16.21,2.2974047890532,0.295743707553395
16.211,2.30479122439907,0.307814540825618
16.212,2.31218613363871,0.319951834687803
16.213,2.31959188751819,0.33216060400417
16.214,2.32700745630879,0.344438763485263
16.215,2.33443219537664,0.356784681355102
16.216,2.3418671639475,0.369200548064023
16.217,2.34931076719601,0.38168253831519
16.218,2.35676492230267,0.394234705710735
16.219,2.36422768115204,0.406852622575421
16.22,2.37169995104354,0.419538147894885
16.221,2.37918067548385,0.432288539507551
16.222,2.38667191596376,0.445108286440218
16.223,2.39417094800744,0.457991127002879
16.224,2.40168040997668,0.470942818017151
16.225,2.40919970569311,0.483962096475011
16.226,2.41672740539292,0.497045356299522
16.227,2.42426560991105,0.510197155705587
16.228,2.43181216165546,0.523412395229593
16.229,2.43936776118053,0.536692451340613
16.23,2.44693151450776,0.550034736093965
16.231,2.45450574669066,0.563444475018169
16.232,2.46208725278332,0.576914113363606
16.233,2.46967884009693,0.590449957116008
16.234,2.47728031425531,0.604051566088969
16.235,2.48488903936705,0.617712291811917
16.236,2.49250782975146,0.631438506837263
16.237,2.50013653191653,0.645229891607898
16.238,2.50777264585673,0.659080199809543
16.239,2.51541875638095,0.672995277915344
16.24,2.52307466967462,0.686974655105035
16.241,2.53073855903501,0.701013616270618
16.242,2.53841261875121,0.715117117043928
16.243,2.54609517040894,0.729280915844408
16.244,2.55378682751635,0.743506314125344
16.245,2.56148659128079,0.757790484756141
16.246,2.56919625334256,0.772137525201804
16.247,2.57691340780514,0.786541195803446
16.248,2.58464048823014,0.801007118908723
16.249,2.59237701400336,0.815534016040263
16.25,2.60012194838251,0.830118994610097
16.251,2.60787629849046,0.844764206454695
16.252,2.61563897613028,0.859466514598925
16.253,2.62341121580323,0.874228578461062
16.254,2.63119171293227,0.889046721641087
16.255,2.63898171669293,0.90392369361446
16.256,2.64677996195882,0.918855893997508
16.257,2.65458776144782,0.933846250099149
16.258,2.66240373614139,0.94889093023131
16.259,2.67022912418785,0.963992745147854
16.26,2.67806271898398,0.979148283245933
16.261,2.6859056973667,0.99436018600949
16.262,2.69375682508994,1.00962500364303
16.263,2.70161714870481,1.02494509785511
16.264,2.70948569233214,1.04031762961602
16.265,2.71736336833644,1.05574458454508
16.266,2.72524921755847,1.07122317924788
16.267,2.7331440586318,1.08675518437809
16.268,2.74104710400769,1.10233821333327
16.269,2.74895903769542,1.11797367344543
16.27,2.75687916381816,1.13365940473725
16.271,2.76480807343271,1.14939657283395
16.272,2.77274518146107,1.16518327886004
16.273,2.78069097578338,1.18102041157996
16.274,2.78864496722182,1.19690630231786
16.275,2.79660755895154,1.21284161065171
16.276,2.80457834050704,1.22882485410767
16.277,2.81255764886176,1.24485651001526
16.278,2.82054513143418,1.26093523005682
16.279,2.82854107987997,1.27706136337771
16.28,2.83654517879079,1.29323364329671
16.281,2.84455769361997,1.30945234080696
16.282,2.85257832818076,1.32571622511732
16.283,2.86060733762022,1.34202553108738
16.284,2.86864443051554,1.35837902672253
16.285,2.87668986416584,1.37477694406888
16.286,2.88474334062111,1.39121802083862
16.287,2.89280512910135,1.40770251267483
16.288,2.90087491624343,1.42422910397347
16.289,2.9089529906739,1.44079809442163
16.29,2.91703901724203,1.45740809860747
16.291,2.92513330885632,1.47405947372166
16.292,2.93323550488463,1.49075075506655
16.293,2.94134594471216,1.50748236357017
16.294,2.94946424146521,1.52425275364765
16.295,2.95759076023346,1.5410624080983
16.296,2.96572508980955,1.55790970593142
16.297,2.97386761802702,1.57479518396557
16.298,2.98201791287434,1.59171715571655
16.299,2.99017638106688,1.60867620160875
16.3,2.99834257315482,1.62567058001299
16.301,3.00651691074031,1.64270090513893
16.302,3.01469893086778,1.65976538910508
16.303,3.0228890681628,1.67686467265044
16.304,3.03108684763513,1.69399692812343
16.305,3.03929271409234,1.71116281717964
16.306,3.04750618285466,1.72836047664826
16.307,3.05572770884864,1.74559058647655
16.308,3.06395679760003,1.76285125035811
16.309,3.07219391251448,1.7801431642193
16.31,3.08043855086566,1.79746440061336
16.311,3.08869118503649,1.81481567032852
16.312,3.0969513033953,1.83219501564572
16.313,3.10521938633406,1.84960316152051
16.314,3.11349491361265,1.8670381202594
16.315,3.12177837402134,1.88450063099753
16.316,3.1300692391089,1.90198867628216
16.317,3.13836800651342,1.91950300977145
16.318,3.14667413901776,1.93704158386755
16.319,3.15498814316031,1.95460516720513
16.32,3.16330947266215,1.97219168141062
16.321,3.17163864341282,1.98980191104996
16.322,3.17997509963038,2.00743374604913
16.323,3.18831936704919,2.02508798802756
16.324,3.19667087983446,2.04276249404535
16.325,3.20503017417657,2.06045808422318
16.326,3.21339667358977,2.07817258146247
16.327,3.22177092533233,2.09590682576562
16.328,3.23015234180282,2.11365860428957
16.329,3.23854148236994,2.13142877914784
16.33,3.24693774733236,2.14921509970579
16.331,3.25534170904024,2.16701845233858
16.332,3.26375275453043,2.18483654639741
16.333,3.27217147000867,2.20267029489783
16.334,3.28059722851208,2.22051736483683
16.335,3.28903063130619,2.2383786986356
16.336,3.29747103605375,2.25625191791608
16.337,3.30591906041923,2.27413799783977
16.338,3.31437404557593,2.29203451209142
16.339,3.3228366266399,2.30994247110176
16.34,3.33130612676552,2.32785939702153
16.341,3.33978320018039,2.3457863397034
16.342,3.34826715102828,2.36372076750514
16.343,3.35675865346177,2.38166377151326
16.344,3.36525699070179,2.39961276209332
16.345,3.37376285868852,2.41756887627739
16.346,3.38227551974928,2.43552946639079
16.347,3.39079569164028,2.45349571493165
16.348,3.3993226130432,2.47146490981929
16.349,3.40785702620283,2.48943828591526
16.35,3.41639814869973,2.5074130736871
16.351,3.42494674445224,2.52539055207015
16.352,3.43350200313652,2.54336787737585
16.353,3.44206471687625,2.56134639025752
16.354,3.450634061492,2.57932320912987
16.355,3.45921084374777,2.59729969815985
16.356,3.46779419481761,2.61527286073436
16.357,3.47638496318319,2.63324415992744
16.358,3.4849823127328,2.65121068033611
16.359,3.49358706186005,2.66917378358595
16.36,3.50219823559556,2.68713020494441
16.361,3.51081674936395,2.70508156624005
16.362,3.51944196753693,2.7230254541613
16.363,3.52807431782286,2.74096217316984
16.364,3.53671331101471,2.7588897344839
16.365,3.54535952549883,2.77680882136823
16.366,3.5540121705158,2.79471667653193
16.367,3.56267206314557,2.81261460218627
16.368,3.57133850545611,2.83050005417242
16.369,3.58001215165011,2.84837387279805
16.37,3.58869203393993,2.86623285631205
16.371,3.59737900608409,2.88407839842679
16.372,3.60607263933317,2.901908612106
16.373,3.61477314593287,2.9197232025972
16.374,3.62348051464355,2.937521350225
16.375,3.63219463028702,2.9553019299806
16.376,3.64091554117937,2.97306429295496
16.377,3.64964319245855,2.99080747463872
16.378,3.65837759383189,3.00853071339985
16.379,3.66711871966088,3.02623311721922
16.38,3.67586655740091,3.04391386015815
16.381,3.68462110394059,3.06157210064135
16.382,3.69338232129067,3.0792069456942
16.383,3.70215024421934,3.09681763719468
16.384,3.71092477482584,3.1144031370456
16.385,3.7197060507902,3.13196292142746
16.386,3.72849378690058,3.14949551082831
16.387,3.7372884230024,3.16700108434035
16.388,3.74608913218338,3.1844768874699
16.389,3.75489681007689,3.20192421147535
16.39,3.76371082789428,3.21934076107508
16.391,3.77253145118886,3.23672619979553
16.392,3.78135873161583,3.25407991944267
16.393,3.79019266866355,3.27140091440674
16.394,3.79903280300706,3.28868739925419
16.395,3.80787975158636,3.30593989129598
16.396,3.81673302327777,3.32315648013976
16.397,3.82559306136644,3.34033719913853
16.398,3.83445915560544,3.35747967270147
16.399,3.84333206514606,3.37458472658009
16.4,3.8522112926649,3.39165042612459
16.401,3.86109692399092,3.40867593960145
16.402,3.86998933078632,3.42566141235572
16.403,3.8788880433772,3.44260468302782
16.404,3.88779332922775,3.459505711815
16.405,3.89670510417147,3.47636321406511
16.406,3.90562309442106,3.49317594586562
16.407,3.91454787976418,3.50994413343896
16.408,3.92347839580539,3.52666468522915
16.409,3.93241560415712,3.54333883335709
16.41,3.94135896040726,3.55996450459386
16.411,3.95030876978191,3.57654136504349
16.412,3.9592653508475,3.59306930606763
16.413,3.96822813284753,3.60954603653861
16.414,3.97719733554678,3.62597128302054
16.415,3.98617286375084,3.64234387499402
16.416,3.99515475472619,3.65866306594339
16.417,4.00414297421584,3.67492784139905
16.418,4.01313764461953,3.69113759274892
16.419,4.02213866824004,3.70729118735746
16.42,4.03114573606427,3.72338708240204
16.421,4.04015902191372,3.73942483929916
16.422,4.04917932143784,3.75540507182229
16.423,4.05820490218941,3.77132341161734
16.424,4.06723708769425,3.78718174398646
16.425,4.07627485556746,3.8029770458135
16.426,4.08531969040305,3.81871141163913
16.427,4.09436998046645,3.83438050004173
16.428,4.10342631566471,3.84998501808531
16.429,4.11248891839191,3.86552429268152
16.43,4.12155737787638,3.88099646555718
16.431,4.13063259627553,3.89640252243079
16.432,4.13971316924053,3.9117387101799
16.433,4.1488006625569,3.92700726805344
16.434,4.15789502903198,3.94220684747291
16.435,4.1669950890161,3.95733449091987
16.436,4.17610179011786,3.97239103520359
16.437,4.18521466779549,3.98737466912872
16.438,4.19433417703515,4.00228527631607
16.439,4.20345998901981,4.01712134979367
16.44,4.21259234739659,4.03188234819433
16.441,4.22173065568253,4.04656638167951
16.442,4.2308752813261,4.06117315118497
16.443,4.24002665473373,4.07570252299218
16.444,4.24918465728446,4.09015244116435
16.445,4.25835177664132,4.10452538939375
16.446,4.26752946729048,4.11882155407852
16.447,4.27671821170393,4.13304027190381
16.448,4.28591797447253,4.14718045064367
16.449,4.29512796245741,4.16124041315266
16.45,4.30434730423768,4.17521847756154
16.451,4.31357521740191,4.18911304080912
16.452,4.32281117403293,4.20292271985523
16.453,4.33205487015682,4.21664634217349
16.454,4.34130615119181,4.23028288287754
16.455,4.35056498118455,4.24383144703129
16.456,4.35983144017178,4.2572912763588
16.457,4.36910564948828,4.27066159792174
16.458,4.37838751729722,4.28394126017357
16.459,4.38767702969121,4.29712944720194
16.46,4.39697391046757,4.31022472071528
16.461,4.4062782330544,4.32322665118143
16.462,4.41558947945066,4.33613324981381
16.463,4.42490773802244,4.3489442934474
16.464,4.43423252205594,4.36165780296578
16.465,4.44356376377908,4.37427325613434
16.466,4.45290103890235,4.38678885883617
16.467,4.46224433384017,4.39920416435374
16.468,4.47159331661016,4.41151746302293
16.469,4.48094784600471,4.42372806994495
16.47,4.49030768923128,4.43583448724531
16.471,4.49967280216463,4.44783612327935
16.472,4.50904299504344,4.45973151922299
16.473,4.51841819305889,4.4715200024744
16.474,4.52779827443809,4.48320025241806
16.475,4.53718319811252,4.49477157865465
16.476,4.54657289330531,4.50623276828274
16.477,4.55596732990755,4.51758308187317
16.478,4.56536649353795,4.52882143231964
16.479,4.57477037139623,4.53994703157829
16.48,4.5841790037578,4.55095891681634
16.481,4.59359241810854,4.56185628093303
16.482,4.60301071060983,4.57263827400252
16.483,4.61243398250915,4.58330412599243
16.484,4.62186236612585,4.59385305162993
16.485,4.63129592959284,4.60428422210626
16.486,4.64073468283838,4.61459670201516
16.487,4.65017858230584,4.62478957152855
16.488,4.65962765632127,4.63486187625376
16.489,4.66908175015425,4.64481270601961
16.49,4.67854101195482,4.65464103999947
16.491,4.68800508440099,4.66434601611996
16.492,4.69747417875511,4.6739265954539
16.493,4.70694861579857,4.6833823133477
16.494,4.71642801899619,4.69271203159136
16.495,4.72591273238388,4.70191491987592
16.496,4.7354025933776,4.71099028036971
16.497,4.74489791386614,4.71993713021785
16.498,4.75439842043359,4.72875477707836
16.499,4.76390449508324,4.73744222918503
16.5,4.77341595242759,4.74599894214866
16.501,4.78293310980235,4.75442376642269
16.502,4.79245544217699,4.76271609749922
16.503,4.80198340119316,4.77087479437591
16.504,4.81151728726823,4.77889959286702
16.505,4.8210564451225,4.78678894928748
16.506,4.83060146949684,4.79454264407254
16.507,4.84015220214685,4.80215935743044
16.508,4.84970877156351,4.80963900269277
16.509,4.85927111115078,4.81697993518297
16.51,4.86883935122735,4.82418211752933
16.511,4.87841332242597,4.83124388529823
16.512,4.88799331769073,4.83816524594583
16.513,4.89757901294157,4.84494449532263
16.514,4.90717058591878,4.85158158578631
16.515,4.91676784279962,4.85807490564483
16.516,4.92637115853894,4.86442443127902
16.517,4.93598005956454,4.87062849161065
16.518,4.94559481123667,4.87668696583111
16.519,4.9552151114803,4.88259829876641
16.52,4.96484132467189,4.88836237333797
16.521,4.97447299067322,4.89397764137995
16.522,4.98411039738189,4.89944388530779
16.523,4.99375321369795,4.90475965842757
16.524,5.00340172996169,4.9099247222908
16.525,5.01305555772633,4.91493767033446
16.526,5.02271498269138,4.91979818883523
16.527,5.03237962026151,4.9245049522318
16.528,5.0420497916538,4.92905758959323
16.529,5.05172503151354,4.93345484765329
16.53,5.06140573370713,4.93769626076068
16.531,5.07109136098296,4.94178068822205
16.532,5.080782372238,4.94570755338342
16.533,5.090478194013,4.94947586170465
16.534,5.10017936802297,4.95308494047265
16.535,5.10988535726774,4.95653399384303
16.536,5.11959672073231,4.95982223045633
16.537,5.12931299079701,4.96294908940867
16.538,5.1390347022742,4.96591362263273
16.539,5.14876135766878,4.9687155162585
16.54,5.15849344102344,4.97135377257818
16.541,5.16823081590725,4.97382777877915
16.542,5.17797349093054,4.97613678727007
16.543,5.18772146076615,4.9782801186288
16.544,5.1974747862926,4.98025703872819
16.545,5.20723349478865,4.98206684011584
16.546,5.21699761867877,4.98370877158526
16.547,5.22676720193728,4.98518206469486
16.548,5.23654224047163,4.98648587019576
16.549,5.24632248840006,4.98761931459053
16.55,5.25610758153597,4.98858132093189
16.551,5.26589720804381,4.9893710831668
16.552,5.27569143718555,4.98998737699191
16.553,5.28548935052287,4.99042962365352
16.554,5.29529111363245,4.99069640284019
16.555,5.30509663308513,4.99078675650763
16.556,5.31490595708731,4.99069984945891
16.557,5.32471930118441,4.99043491112603
16.558,5.33453592568893,4.98999175204802
16.559,5.34435598860603,4.98936916952
16.56,5.35417979336402,4.98856660778791
16.561,5.36400759965015,4.98758349308867
16.562,5.37383974779797,4.98641923209999
16.563,5.38367648045723,4.98507337788051
16.564,5.39351751717636,4.98354553480824
16.565,5.40336322780555,4.98183505733701
16.566,5.41321355709195,4.97994126792317
16.567,5.42306821681011,4.97786431739972
16.568,5.43292707292726,4.97560290956587
16.569,5.4427903204416,4.97315646452224
16.57,5.45265803947944,4.97052443723781
16.571,5.46253027447691,4.96770627592877
16.572,5.47240706125441,4.9647014221998
16.573,5.48228843270867,4.96150931598284
16.574,5.49217441930041,4.95812939895709
16.575,5.50206504892194,4.95456111601465
16.576,5.51196036854666,4.95080393807367
16.577,5.52186041929504,4.94685733616306
16.578,5.53176523522879,4.94272078060167
16.579,5.54167484389683,4.93839374176296
16.58,5.55158926692528,4.93387569078871
16.581,5.56150852059919,4.92916610025796
16.582,5.57143261640718,4.92426444480048
16.583,5.58136156148917,4.91917020161804
16.584,5.59129535907457,4.91388285098292
16.585,5.60123400883298,4.90840187665761
16.586,5.61117750719187,4.90272676627706
16.587,5.6211258476478,4.89685701172006
16.588,5.6310790209878,4.89079210939931
16.589,5.64103823074912,4.88453259470441
16.59,5.65100855880177,4.87808225715373
16.591,5.660995678341,4.87144518792469
16.592,5.67099873521751,4.86462532897953
16.593,5.68101673160343,4.85762220074131
16.594,5.69104768492143,4.85043569017334
16.595,5.70109240270703,4.84306346527011
16.596,5.71114954778795,4.83550501498206
16.597,5.72121926211395,4.82775826397696
16.598,5.73130051579577,4.81982256918845
16.599,5.74139345706566,4.81169621572277
16.6,5.75149688778132,4.8033794576502
16.601,5.76161152196248,4.79487039492422
16.602,5.77173637411054,4.78616848288771
16.603,5.78187154184517,4.77727246705699
16.604,5.7920161689969,4.76818225590173
16.605,5.80217165299622,4.75889503534088
16.606,5.81233551447494,4.74941255298968
16.607,5.82250978654679,4.73973149913841
16.608,5.83269181901846,4.72985426259202
16.609,5.84288312643873,4.71977831950708
16.61,5.85308325974453,4.7095035858967
16.611,5.8632929474936,4.69902798141032
16.612,5.87350991725523,4.68835383989433
16.613,5.88373623704541,4.67747789831573
16.614,5.89397047117912,4.66640139031047
16.615,5.90421329548074,4.65512277088711
16.616,5.91446368818965,4.64364333432725
16.617,5.92472322218707,4.63196006286703
16.618,5.93499035686678,4.62007458963619
16.619,5.94526591340852,4.60798521889829
16.62,5.95554898141773,4.59569307899819
16.621,5.96584057763126,4.58319614144997
16.622,5.97613978485216,4.57049545156328
16.623,5.9864473403468,4.55758935351542
16.624,5.99676242501804,4.54447899300957
16.625,6.00708581140351,4.53116266200299
16.626,6.01741667969353,4.51764157868133
16.627,6.02775585008244,4.50391394627093
16.628,6.03810241411978,4.48998118419831
16.629,6.0484572525354,4.47584143559518
16.63,6.05881951240465,4.46149602752711
16.631,6.06919019341493,4.44694284103084
16.632,6.07956824997203,4.43218361750313
16.633,6.08995448478785,4.41721664870068
16.634,6.10034804085319,4.40204348190617
16.635,6.11075011999055,4.38666162885039
16.636,6.12115965901196,4.37107285754765
16.637,6.13157740870244,4.35527548427077
16.638,6.14200271108618,4.33927082071759
16.639,6.15243617492845,4.32305740773704
16.64,6.16287728297127,4.30663639532364
16.641,6.17332654792638,4.29000648844374
16.642,6.18378353977912,4.27316872870412
16.643,6.19424866455528,4.25612202226396
16.644,6.20472164605104,4.23886716001814
16.645,6.21520261733849,4.22140356551946
16.646,6.22569166055503,4.20373136621606
16.647,6.2361885703438,4.18585060071686
16.648,6.2466937664549,4.16776063467345
16.649,6.2572066090336,4.14946248009982
16.65,6.26772804766818,4.13095431379511
16.651,6.27825668882207,4.11223886742114
16.652,6.28879417767257,4.09331291152971
16.653,6.29933910199803,4.07417914207054
16.654,6.3098923418394,4.05483568964126
16.655,6.32045340413592,4.03528363739897
16.656,6.33102307325889,4.01552125519364
16.657,6.34160023719524,3.99555112072254
16.658,6.3521861158696,3.97537059785287
16.659,6.36277954394073,3.95498236551569
16.66,6.37338171763898,3.93438366826149
16.661,6.38399129669204,3.91357773464828
16.662,6.39460950314969,3.892562059592
16.663,6.40523562414164,3.87133819950292
16.664,6.41586969811162,3.84990615322255
16.665,6.42651262534231,3.82826376261921
16.666,6.43716298655441,3.80641452047867
16.667,6.44782184537725,3.78435640586559
16.668,6.45848920572583,3.76208920193064
16.669,6.46916460631384,3.73961415137568
16.67,6.47984846207284,3.71693029863259
16.671,6.49054021738178,3.6940393995394
16.672,6.50124069764527,3.67093960652565
16.673,6.511949230735,3.64763288782907
16.674,6.5226664024629,3.62411784661591
16.675,6.53339152721486,3.60039669787772
16.676,6.54412548823699,3.5764674641775
16.677,6.55486773396336,3.5523318691677
16.678,6.56561850554288,3.52798934332194
16.679,6.57637770160741,3.50344059524821
16.68,6.58714549355252,3.4786852906315
16.681,6.59792159055654,3.45372458709878
16.682,6.60870660900623,3.42855702956157
16.683,6.61949965835849,3.40318541006044
16.684,6.63030178739636,3.37760724673727
16.685,6.64111217643999,3.35182502924422
16.686,6.65193122351044,3.3258378706199
16.687,6.6627590184605,3.29964590142033
16.688,6.67359528851245,3.27325027563634
16.689,6.68444059937853,3.24664984226551
16.69,6.69529409111594,3.21984743178444
16.691,6.70615694042638,3.19284019098084
16.692,6.71702795195669,3.16563184354125
16.693,6.72790779539511,3.1382208329588
16.694,6.73879592529983,3.11060917929312
16.695,6.74969359039464,3.08279355084233
16.696,6.76059925736236,3.05477878373982
16.697,6.77151447080921,3.02656074470342
16.698,6.78243764727467,2.99814457799804
16.699,6.79336981747313,2.96952760951553
16.7,6.80430972138649,2.9407142707836
16.701,6.8152590638727,2.91169985145973
16.702,6.82621789813007,2.88248417311535
16.703,6.83718488249883,2.85307173702034
16.704,6.84816141328421,2.8234584926535
16.705,6.85914645964773,2.79364813910611
16.706,6.87014094075787,2.7636382293468
16.707,6.88114385351972,2.7334325162947
16.708,6.89215621369752,2.70302835034336
16.709,6.90317702006494,2.67242951935129
16.71,6.91420739943053,2.64163309725844
16.711,6.92524632934933,2.61064293595488
16.712,6.93629463654755,2.57945696224385
16.713,6.94735146013738,2.54807861061844
16.714,6.95841806860095,2.51650461781034
16.715,6.96949320884741,2.48473980950694
16.716,6.98057745790517,2.45278301785511
16.717,6.9916701624515,2.42063722213444
16.718,7.00277288036438,2.38829808711131
16.719,7.01388419396624,2.35577080395414
16.72,7.02500549895211,2.32305079147233
16.721,7.03613499816077,2.29014539685572
16.722,7.04727435250348,2.25704922289138
16.723,7.05842336460187,2.22376355396085
16.724,7.06958067794506,2.19029391806055
16.725,7.08074797001108,2.15663551719129
16.726,7.091925173903,2.12278884537461
16.727,7.10311079840311,2.08875985308157
16.728,7.11430638635949,2.05454387079376
16.729,7.12551180080385,2.02014191930036
16.73,7.13672572064026,1.98555949136925
16.731,7.14794972922404,1.9507919981817
16.732,7.1591838175571,1.91583988748916
16.733,7.17042721781163,1.8807066033636
16.734,7.18168052577286,1.84539081364364
16.735,7.19294311781922,1.80989577704747
16.736,7.20421586891264,1.77421926411321
16.737,7.21549797185963,1.73836519285257
16.738,7.22679027072817,1.70233141695734
16.739,7.23809196178609,1.66612184521254
16.74,7.24940403484509,1.62973382414305
16.741,7.26072560674517,1.59317160920932
16.742,7.27205744913971,1.55643326351821
16.743,7.2833988115326,1.51952253448517
16.744,7.29475077624124,1.48243633170987
16.745,7.30611227632538,1.44517966487944
16.746,7.31748388747871,1.40775122578246
16.747,7.32886482733704,1.3701549067179
16.748,7.3402565288589,1.33238616838
16.749,7.3516574285578,1.29445195160107
16.75,7.36306902678444,1.25634711492959
16.751,7.37449063921864,1.21807519032989
16.752,7.38592217441638,1.17963739281237
16.753,7.39736371843625,1.14103436548888
16.754,7.40881472221931,1.10226935932283
16.755,7.42027667947789,1.06333745844894
16.756,7.43174793786603,1.02424615197525
16.757,7.44323000554512,0.984990323396994
16.758,7.45472115172426,0.94557797920139
16.759,7.46622297323398,0.906003568002165
16.76,7.47773543866153,0.866268120581966
16.761,7.4892570782729,0.826378713965781
16.762,7.50078948577757,0.786330112785261
16.763,7.51233261729995,0.746123308508731
16.764,7.52388497737339,0.705765556691763
16.765,7.53544813060342,0.665251584529799
16.766,7.547022074818,0.624582357147384
16.767,7.55860533165212,0.583765185443909
16.768,7.57019945979476,0.542794848471194
16.769,7.58180445638938,0.501672345437407
16.77,7.5934188311501,0.460405136207535
16.771,7.60504415198639,0.418987919979068
16.772,7.61668044593411,0.377421615134053
16.773,7.62832618180352,0.335713959396562
16.774,7.63998294521828,0.29385953876079
16.775,7.6516508075401,0.25185911324582
16.776,7.6633282067558,0.209720651578389
16.777,7.67501671679706,0.167438695915347
16.778,7.68671641757974,0.125014036000364
16.779,7.69842573547402,0.082454784461814
16.78,7.71014625898015,0.0397554462485216
16.781,7.72187808960371,-0.00308329497398374
16.782,7.73361970074616,-0.0460534547753212
16.783,7.74537262679358,-0.0891604775061051
16.784,7.75713682811098,-0.132402928100122
16.785,7.76891099187123,-0.175773709280635
16.786,7.78069658376785,-0.219277755238919
16.787,7.79249357028772,-0.262913755276668
16.788,7.80430053748964,-0.306674130085977
16.789,7.8161189909653,-0.350564068359271
16.79,7.8279490150166,-0.39458274877791
16.791,7.83978903164311,-0.438721739972539
16.792,7.85164059567468,-0.482986619118061
16.793,7.86350383226855,-0.52737664570771
16.794,7.8753771642554,-0.571883303038293
16.795,7.88726213398081,-0.616512122913887
16.796,7.89915886671281,-0.661262350331959
16.797,7.9110657704931,-0.706125339257989
16.798,7.92298438900398,-0.751106631260254
16.799,7.93491484430612,-0.796205449567457
16.8,7.94685564177232,-0.841413530457088
16.801,7.95880827257767,-0.886736297511943
16.802,7.97077270587395,-0.932172181446554
16.803,7.98274768614564,-0.977714000569137
16.804,7.99473460033098,-1.02336653717461
16.805,8.00673324474484,-1.06912746805652
16.806,8.01874244341595,-1.11498998302943
16.807,8.03076360977862,-1.16095894538541
16.808,8.04279684740564,-1.20703347105998
16.809,8.05484059282498,-1.25320482601687
16.81,8.06689634587607,-1.29947846935048
16.811,8.07896423110975,-1.34585351940127
16.812,8.09104278992194,-1.39232165827654
16.813,8.10313347882903,-1.4388882054492
16.814,8.11523622700753,-1.48555130339364
16.815,8.12734982446816,-1.53230380341197
16.816,8.13947562190203,-1.57915039821584
16.817,8.1516135050274,-1.62608904193778
16.818,8.16376226693762,-1.67311258407337
16.819,8.17592327172595,-1.72022576891589
16.82,8.18809657314955,-1.76742732794321
16.821,8.20028078112581,-1.81470917217693
16.822,8.21247728496405,-1.86207622280098
16.823,8.22468615318681,-1.90952724554209
16.824,8.23690594921031,-1.95705387864882
16.825,8.24913809495224,-2.00466121116264
16.826,8.26138269576705,-2.05234815865121
16.827,8.27363826809798,-2.10010607553431
16.828,8.28590625142599,-2.14794018664788
16.829,8.29818676355993,-2.19584941995387
16.83,8.31047831950377,-2.24382508394028
16.831,8.32278234522081,-2.29187232899205
16.832,8.33509896096514,-2.33999007042331
16.833,8.34742669847922,-2.38816965632802
16.834,8.3597669748045,-2.43641621240107
16.835,8.37211990494621,-2.48472859343333
16.836,8.38448403837763,-2.5330982122847
16.837,8.39686076590519,-2.58153004190239
16.838,8.40925020199492,-2.63002291194007
16.839,8.4216509033296,-2.67856823394899
16.84,8.43406426776263,-2.72717102522743
16.841,8.4464904059774,-2.7758300694427
16.842,8.45892788842423,-2.82453682794282
16.843,8.47137808845283,-2.87329618366036
16.844,8.48384111871597,-2.92210689994405
16.845,8.49631555627671,-2.9709604405296
16.846,8.50880277917107,-3.0198617076157
16.847,8.52130289492202,-3.06880941695711
16.848,8.5338144943289,-3.11779508702831
16.849,8.5463389341766,-3.16682350558696
16.85,8.55887632362462,-3.21589336314258
16.851,8.57142526220227,-3.26499619832526
16.852,8.58398710735776,-3.31413678822943
16.853,8.59656196163943,-3.36331377146623
16.854,8.60914843957388,-3.41251875185274
16.855,8.62174788054967,-3.46175640775435
16.856,8.63436038661392,-3.5110253424295
16.857,8.64698458364344,-3.56031720067535
16.858,8.65962180771912,-3.60963662422968
16.859,8.67227215363606,-3.65898216146189
16.86,8.6849342631182,-3.70834553030031
16.861,8.69760945755488,-3.7577312876837
16.862,8.71029782811016,-3.80713793407838
16.863,8.72299803088383,-3.85655725070429
16.864,8.73571138059099,-3.90599373783609
16.865,8.74843796064152,-3.9554458372657
16.866,8.76117644362952,-4.00490541016551
16.867,8.77392813252949,-4.05437688120352
16.868,8.78669310441665,-4.10385863469768
16.869,8.79947004813616,-4.15334261076471
16.87,8.81226025823814,-4.20283316768865
16.871,8.82506380354186,-4.25232862809729
16.872,8.83787938957503,-4.30182101723661
16.873,8.85070830101628,-4.3513146220063
16.874,8.8635505989676,-4.40080770406346
16.875,8.87640500558267,-4.45029237425169
16.876,8.88927279703112,-4.49977285068128
16.877,8.90215402603264,-4.54924733348744
16.878,8.91504743109898,-4.59870802085981
16.879,8.92795427960958,-4.64815906106016
16.88,8.94087461621641,-4.6975985945511
16.881,8.95380719537289,-4.74701890656992
16.882,8.96675327643175,-4.79642407625697
16.883,8.9797128960201,-4.84581218585934
16.884,8.99268482412933,-4.89517560799511
16.885,9.00567031210551,-4.94451835211518
16.886,9.01866938872986,-4.99383844432583
16.887,9.03168083918522,-5.0431283448665
16.888,9.04470590709346,-5.0923919930738
16.889,9.05774461334215,-5.14162736022548
16.89,9.07079575815921,-5.1908269954404
16.891,9.08386057748998,-5.23999476690764
16.892,9.09693908440637,-5.28912859263884
16.893,9.11003009409275,-5.33822111210512
16.894,9.12313483490061,-5.38727612115201
16.895,9.13625331191744,-5.43629148536535
16.896,9.14938435543402,-5.48525993699897
16.897,9.16252918614862,-5.53418519798323
16.898,9.17568780097607,-5.58306508205068
16.899,9.1888590455696,-5.631892417244
16.9,9.20204413292456,-5.68067084980486
16.901,9.21524305141309,-5.72939814171401
16.902,9.22845466253467,-5.7780672205049
16.903,9.24168017138901,-5.82668165466689
16.904,9.25491955741966,-5.87523915419843
16.905,9.26817169858434,-5.92373275058951
16.906,9.28143779190929,-5.97216593224132
16.907,9.29471780722448,-6.02053635623102
16.908,9.30801063991169,-6.06883716339854
16.909,9.32131747853857,-6.11707175938038
16.91,9.33463828269492,-6.165237747148
16.911,9.34797196621181,-6.21332838298169
16.912,9.36131970891714,-6.26134698685535
16.913,9.3746814590026,-6.3092911050362
16.914,9.38805615007606,-6.35715411711302
16.915,9.4014449523875,-6.40493925371299
16.916,9.41484780146741,-6.4526440014156
16.917,9.42826365311894,-6.50026187255812
16.918,9.44169366759421,-6.54779600442928
16.919,9.45513776599046,-6.59524381845624
16.92,9.46859492904556,-6.64259897238365
16.921,9.48206630590516,-6.68986450494186
16.922,9.49555180094669,-6.73703776515161
16.923,9.50905042368037,-6.78411257277317
16.924,9.52256331080762,-6.83109186121058
16.925,9.53609034584255,-6.87797289334092
16.926,9.54963057375877,-6.92474967793451
16.927,9.56318511622306,-6.97142503256527
16.928,9.57675382945403,-7.01799611052823
16.929,9.59033580533827,-7.0644571555695
16.93,9.60393214635061,-7.11081085181837
16.931,9.61754266666013,-7.15705418848507
16.932,9.63116653265506,-7.20318175160144
16.933,9.64480481698164,-7.2491960511452
16.934,9.65845724727326,-7.29509374092544
16.935,9.67212316690444,-7.34087014781848
16.936,9.68580357915532,-7.38652745370011
16.937,9.69949786126069,-7.43206096185095
16.938,9.71320670050093,-7.47747051534007
16.939,9.72693077402417,-7.52275212646635
16.94,9.74067278282384,-7.56790782413552
16.941,9.75443410271147,-7.61293597390677
16.942,9.7682151415507,-7.65783446061645
16.943,9.78201537485044,-7.70260082972947
16.944,9.79583386778317,-7.74723251468989
16.945,9.80966966723757,-7.79172697805075
16.946,9.82352211895418,-7.83608186206602
16.947,9.83739084637121,-7.88029501183014
16.948,9.85127564549497,-7.92436441231634
16.949,9.86517642551463,-7.96828814871607
16.95,9.87909317281311,-8.01206438126692
16.951,9.89302592985807,-8.05569133526828
16.952,9.90697479117843,-8.09916731705988
16.953,9.92093989362235,-8.14249073632002
16.954,9.93492141143852,-8.18566009217308
16.955,9.94891948019114,-8.22867370533591
16.956,9.96293408458604,-8.2715294717842
16.957,9.97696510493394,-8.31422512179438
16.958,9.99101244858271,-8.35675883458664
16.959,10.0050758123887,-8.39912803151452
16.96,10.0191551443552,-8.44133154412319
16.961,10.0332499364951,-8.4833656376505
16.962,10.0473600877548,-8.52522971383852
16.963,10.0614850616903,-8.56691982998997
16.964,10.0756247418079,-8.60843525233673
16.965,10.0897787511055,-8.64977248222954
16.966,10.103946804877,-8.69092999400156
16.967,10.1181285669307,-8.73190476296094
16.968,10.132323959987,-8.77269567896541
16.969,10.1465327491454,-8.81329960350013
16.97,10.1607547593183,-8.85371507081312
16.971,10.1749898142223,-8.89393926763826
16.972,10.1892378121538,-8.93397074370076
16.973,10.2034986147853,-8.97380674158964
16.974,10.217772176183,-9.01344582716443
16.975,10.2320583945322,-9.0528853513706
16.976,10.2463572612285,-9.09212382575463
16.977,10.2606687182941,-9.13115877480597
16.978,10.2749927760681,-9.16998859467922
16.979,10.2893294245929,-9.2086110193264
16.98,10.3036786865239,-9.24702431668239
16.981,10.3180405967229,-9.28522642303342
16.982,10.3324151960075,-9.32321551714372
16.983,10.3468025552129,-9.36098969014009
16.984,10.3612027505365,-9.39854711920331
16.985,10.3756158922174,-9.43588601328351
16.986,10.3900421171121,-9.47300464854971
16.987,10.4044815926443,-9.5099013455156
16.988,10.4189344660521,-9.5465743398502
16.989,10.4334008091916,-9.58302168248101
16.99,10.4478806434715,-9.61924139394682
16.991,10.4623739792912,-9.6552315138989
16.992,10.4768808354049,-9.6909901064472
16.993,10.4914012235643,-9.72651522384439
16.994,10.5059351951329,-9.76180501186863
16.995,10.5204827307203,-9.79685744292691
16.996,10.535044004165,-9.8316709580489
16.997,10.5496187092275,-9.86624282520939
16.998,10.5642072422322,-9.90057208537064
16.999,10.5788095662276,-9.93465678834715
17,10.5934259041731,-9.96849503355094
17.001,10.6080557075783,-10.0020840675536
17.002,10.6226994876428,-10.0354228406315
17.003,10.6373573997352,-10.06851019792
17.004,10.6520291596373,-10.1013427824474
17.005,10.6667150853788,-10.1339202857428
17.006,10.6814150204025,-10.1662395154605
17.007,10.6961291719163,-10.1982999952486
17.008,10.7108575124549,-10.230098683271
17.009,10.7255999043307,-10.2616345305046
17.01,10.7403566582748,-10.2929052815337
17.011,10.755127507834,-10.3239095090308
17.012,10.7699127172787,-10.3546449182714
17.013,10.784712207955,-10.3851105439318
17.014,10.7995260446159,-10.4153035502656
17.015,10.8143540170497,-10.4452228811928
17.016,10.8291963146177,-10.4748660259167
17.017,10.8440528761516,-10.5042321569176
17.018,10.8589237196744,-10.5333183639466
17.019,10.8738086776157,-10.5621237366329
17.02,10.8887078847955,-10.5906456802434
17.021,10.9036212300838,-10.6188833070773
17.022,10.9185487494961,-10.6468338494759
17.023,10.9334903056704,-10.6744964257671
17.024,10.9484459681165,-10.7018683930088
17.025,10.9634156208032,-10.7289488617921
17.026,10.9783992598792,-10.7557351038669
17.027,10.9933968228449,-10.7822263398621
17.028,11.0084082372436,-10.8084197606524
17.029,11.0234334947048,-10.8343146694069
17.03,11.0384724531639,-10.8599081970719
17.031,11.0535251845407,-10.8851997495992
17.032,11.0685914576678,-10.9101863842545
17.033,11.0836714018343,-10.9348675412457
17.034,11.0987647542677,-10.9592403550045
17.035,11.1138716559373,-10.9833041329566
17.036,11.1289918462943,-11.0070562393812
17.037,11.1441254327903,-11.0304956510225
17.038,11.1592719537992,-11.0536198126783
17.039,11.1744318202951,-11.0764279147677
17.04,11.1896046311067,-11.0989175363024
17.041,11.20479072726,-11.1210876784849
17.042,11.2199896325534,-11.1429359611812
17.043,11.2352019245998,-11.1644616717421
17.044,11.2504275064292,-11.1856628908408
17.045,11.2656664065691,-11.206538078674
17.046,11.2809185825435,-11.2270855778472
17.047,11.296184149357,-11.2473039708255
17.048,11.3114631477446,-11.2671917373939
17.049,11.3267557007969,-11.2867474911184
17.05,11.3420618640942,-11.3059697739218
17.051,11.3573816244995,-11.3248570582796
17.052,11.3727150502948,-11.3434078713251
17.053,11.388062178103,-11.3616207159382
17.054,11.4034229901853,-11.3794940540259
17.055,11.4187974087954,-11.3970262983344
17.056,11.4341853032811,-11.4142158147191
17.057,11.4495865033734,-11.4310609328416
17.058,11.4650008084469,-11.4475599550207
17.059,11.4804279969442,-11.4637111662294
17.06,11.4958678343954,-11.4795128432341
17.061,11.5113200556524,-11.4949632380193
17.062,11.5267845502377,-11.510060757946
17.063,11.5422612028916,-11.5248038136141
17.064,11.5577498917529,-11.5391908183498
17.065,11.5732504913718,-11.5532201919675
17.066,11.5887629446836,-11.5668904352211
17.067,11.6042873056838,-11.5802001740142
17.068,11.619823629938,-11.5931480470763
17.069,11.6353719723428,-11.605732703089
17.07,11.6509323860969,-11.6179527994915
17.071,11.6665049219996,-11.6298070017717
17.072,11.6820896281292,-11.6412939831985
17.073,11.6976865494756,-11.6524124245277
17.074,11.7132957278107,-11.6631610139573
17.075,11.7289172013918,-11.6735384469155
17.076,11.74455100497,-11.6835434261585
17.077,11.7601971695569,-11.6931746616233
17.078,11.7758557225351,-11.7024308706309
17.079,11.7915266874243,-11.711310777737
17.08,11.8072100841019,-11.7198131150484
17.081,11.8229059285633,-11.7279366220659
17.082,11.838614233244,-11.7356800461053
17.083,11.8543350067259,-11.7430421420847
17.084,11.8700682541648,-11.7500216730541
17.085,11.8858139769491,-11.7566174099322
17.086,11.9015721732271,-11.7628281321402
17.087,11.9173428374681,-11.7686526272371
17.088,11.9331259611471,-11.7740896917155
17.089,11.9489215321407,-11.7791381304678
17.09,11.9647317505982,-11.7837989026889
17.091,11.9805623197824,-11.7880763504027
17.092,11.9964181695403,-11.7919740836391
17.093,12.0122982372455,-11.7954917491978
17.094,12.0282007160264,-11.7986267800084
17.095,12.0441239726904,-11.801377204385
17.096,12.0600689897567,-11.8037419531786
17.097,12.0760333461494,-11.8057189415832
17.098,12.0920181510247,-11.8073070619694
17.099,12.1080225105542,-11.8085044235391
17.1,12.1240460398346,-11.8093095141053
17.101,12.1400882255453,-11.8097211780551
17.102,12.1561485364874,-11.8097376555975
17.103,12.1722269255693,-11.8093580231775
17.104,12.1883236460644,-11.8085806176807
17.105,12.204437453514,-11.8074041656856
17.106,12.220567999021,-11.805827406088
17.107,12.2367161365412,-11.8038492612279
17.108,12.2528806423246,-11.801468078556
17.109,12.2690625285906,-11.7986829266117
17.11,12.2852605072462,-11.7954923154598
17.111,12.3014748821978,-11.7918956104583
17.112,12.3177047338708,-11.7878915674588
17.113,12.3339514495986,-11.7834790914547
17.114,12.350213531583,-11.7786570115214
17.115,12.3664914308663,-11.7734245287083
17.116,12.3827843949801,-11.7677805981546
17.117,12.399093750066,-11.7617241077102
17.118,12.4154179080142,-11.7552541811671
17.119,12.4317579960043,-11.7483698755437
17.12,12.4481127507943,-11.7410703141865
17.121,12.4644830756628,-11.7333546955379
17.122,12.4808680982639,-11.7252220949661
17.123,12.4972683124777,-11.7166719265881
17.124,12.5136831060884,-11.7077033916287
17.125,12.530113538406,-11.6983153543556
17.126,12.5465584054611,-11.688507248781
17.127,12.5630184674467,-11.6782782071176
17.128,12.579492893705,-11.6676276639595
17.129,12.5959823500559,-11.6565547716262
17.13,12.6124860687577,-11.6450590380088
17.131,12.6290049455358,-11.6331394429484
17.132,12.645538075724,-11.6207955475605
17.133,12.6620860763298,-11.6080265354939
17.134,12.6786481956242,-11.5948320921965
17.135,12.6952251752265,-11.5812113103897
17.136,12.7118163464003,-11.5671637887453
17.137,12.7284223895079,-11.5526886251311
17.138,12.7450424360831,-11.537785716746
17.139,12.7616771204874,-11.5224542391001
17.14,12.7783258079057,-11.5066939642002
17.141,12.7949895064461,-11.4905036724291
17.142,12.8116669964899,-11.4738836764311
17.143,12.8283591943262,-11.4568328961911
17.144,12.8450653197924,-11.439351321744
17.145,12.861786021487,-11.4214380696205
17.146,12.878520550859,-11.4030932403381
17.147,12.8952697382766,-11.3843157898781
17.148,12.9120328814061,-11.3651057298698
17.149,12.9288104902225,-11.3454622979064
17.15,12.9456018198033,-11.3253858136088
17.151,12.9624075542108,-11.3048754066927
17.152,12.9792274141789,-11.2839307053747
17.153,12.9960614039936,-11.2625514671227
17.154,13.012909534889,-11.2407371636616
17.155,13.0297714035386,-11.2184880523164
17.156,13.0466476954595,-11.1958029727205
17.157,13.0635375244575,-11.1726825502962
17.158,13.0804417548664,-11.1491254157473
17.159,13.0973592010158,-11.1251328377284
17.16,13.1142908456083,-11.1007034037859
17.161,13.1312365954807,-11.0758367587111
17.162,13.1481958995596,-11.0505332152674
17.163,13.1651692488406,-11.0247919986491
17.164,13.1821559498117,-10.9986138009725
17.165,13.1991566678399,-10.9719977436046
17.166,13.2161711128213,-10.9449438606856
17.167,13.2331992148953,-10.9174522344979
17.168,13.2502411348305,-10.8895224736361
17.169,13.2672965588338,-10.861155002699
17.17,13.2843660191122,-10.8323488972405
17.171,13.3014485525578,-10.803105579356
17.172,13.3185453943031,-10.7734231892234
17.173,13.3356552008018,-10.7433035198038
17.174,13.3527786026644,-10.7127457039633
17.175,13.3699152555645,-10.6817502673956
17.176,13.3870659083111,-10.6503159308544
17.177,13.4042290876615,-10.6184451913527
17.178,13.4214064876049,-10.5861354194005
17.179,13.438597822483,-10.5533865924277
17.18,13.455802046474,-10.5202004295224
17.181,13.4730199975983,-10.4865756194035
17.182,13.4902507255995,-10.4525140367631
17.183,13.5074953956397,-10.4180138681405
17.184,13.5247527916344,-10.3830772546982
17.185,13.5420235435784,-10.3477032645371
17.186,13.5593067354772,-10.3118939898193
17.187,13.5766038974243,-10.2756468954439
17.188,13.5939143914917,-10.2389627944806
17.189,13.6112372907736,-10.201843814464
17.19,13.6285740230313,-10.1642876058032
17.191,13.6459237241856,-10.1262955286774
17.192,13.6632863041552,-10.0878682847045
17.193,13.6806622660287,-10.0490051731876
17.194,13.6980508611714,-10.0097075935483
17.195,13.7154528926968,-9.96997444582291
17.196,13.7328671319137,-9.92980831353522
17.197,13.7502949659594,-9.8892066979762
17.198,13.767735220093,-9.84817232747001
17.199,13.7851890856536,-9.8067031951004
17.2,13.8026548247232,-9.76480342651202
17.201,13.8201340320804,-9.72247010436434
17.202,13.8376265371265,-9.67970372861804
17.203,13.8551309524955,-9.63650802138955
17.204,13.8726488469787,-9.5928801395111
17.205,13.8901799992942,-9.54882061575002
17.206,13.9077228979452,-9.5043334908213
17.207,13.9252791541901,-9.45941575480852
17.208,13.9428487397964,-9.41406763233511
17.209,13.9604302229764,-9.36829286554088
17.21,13.9780250784452,-9.32208862744278
17.211,13.9956320408504,-9.27545844578902
17.212,14.0132524979127,-9.22839962371224
17.213,14.0308846330618,-9.18091723873194
17.214,14.0485300012997,-9.13300821068738
17.215,14.066188420196,-9.08467322348748
17.216,14.0838584405249,-9.03591673855085
17.217,14.1015416246845,-8.98673565947752
17.218,14.1192379017486,-8.93713044955869
17.219,14.1369457024906,-8.88710576991478
17.22,14.1546665351333,-8.8366585720775
17.221,14.1724003933773,-8.78578933637016
17.222,14.1901457464705,-8.73450306695382
17.223,14.207904148353,-8.68279662093414
17.224,14.225675513048,-8.63067064297384
17.225,14.2434582279542,-8.57813040261529
17.226,14.261253896306,-8.52517252209323
17.227,14.2790625370771,-8.47179746652902
17.228,14.2968827956586,-8.41800967495215
17.229,14.3147161564042,-8.36380594060204
17.23,14.3325607845188,-8.30919242108831
17.231,14.3504182494256,-8.25416568291599
17.232,14.3682885990585,-8.1987261970271
17.233,14.3861703266206,-8.14287915564071
17.234,14.4040649055231,-8.08662131069561
17.235,14.4219716903158,-8.02995530356541
17.236,14.4398900372915,-7.97288437584636
17.237,14.4578212545792,-7.91540571049939
17.238,14.4757648762858,-7.85752111001248
17.239,14.493719712693,-7.79923547763215
17.24,14.5116872597461,-7.74054553044001
17.241,14.5296674798354,-7.68145203172974
17.242,14.5476587400165,-7.62196100079675
17.243,14.565662546138,-7.56206895689507
17.244,14.5836790026665,-7.50177646672625
17.245,14.6017064378869,-7.44109007781101
17.246,14.6197463926113,-7.38000618183395
17.247,14.6377988819167,-7.31852554253334
17.248,14.6558623222327,-7.25665436770509
17.249,14.6739381953072,-7.19438913617093
17.25,14.6920264673588,-7.13173090463903
17.251,14.7101256993842,-7.06868577996291
17.252,14.7282373387541,-7.00525034603386
17.253,14.7463611840792,-6.94142611627934
17.254,14.7644958444602,-6.87721918239166
17.255,14.7826428051782,-6.81262596164101
17.256,14.8008020640888,-6.74764739582541
17.257,14.8189719577153,-6.68229046113057
17.258,14.8371540122801,-6.61655134101261
17.259,14.8553483131633,-6.55043086319814
17.26,14.8735532069294,-6.48393619327754
17.261,14.8917702073941,-6.41706352339944
17.262,14.9099993953789,-6.34981372432394
17.263,14.9282390744221,-6.28219431143831
17.264,14.9464907948062,-6.21420130446601
17.265,14.9647546106529,-6.14583571643443
17.266,14.9830291910956,-6.07710370217033
17.267,15.0013160217967,-6.00800138348702
17.268,15.0196132570344,-5.93853714425601
17.269,15.037922435461,-5.86870692868824
17.27,15.0562436003033,-5.79851188597517
17.271,15.0745757653584,-5.72795703989543
17.272,15.0929198252352,-5.65704083722497
17.273,15.1112743030861,-5.58577036060814
17.274,15.1296405853057,-5.51414182889749
17.275,15.1480188425108,-5.44215615104162
17.276,15.1664073921478,-5.3698215706961
17.277,15.1848077526133,-5.29713401662229
17.278,15.2032199635345,-5.22409472614959
17.279,15.2216426395015,-5.15071065305201
17.28,15.2400772453863,-5.07697778186124
17.281,15.2585221949079,-5.00290413135809
17.282,15.2769788853302,-4.92848595361085
17.283,15.295447339237,-4.85372465268354
17.284,15.3139261735824,-4.77862756935297
17.285,15.3324167503308,-4.7031910926865
17.286,15.3509182160917,-4.6274201665568
17.287,15.3694307829821,-4.55131606766708
17.288,15.3879548582317,-4.47487857885424
17.289,15.4064895172348,-4.39811340786195
17.29,15.4250359652046,-4.32101785491556
17.291,15.4435929199632,-4.24359835697872
17.292,15.4621615042932,-4.1658520969857
17.293,15.4807400713797,-4.08778797122307
17.294,15.4993300129509,-4.00940196339491
17.295,15.5179314309115,-3.93069548395156
17.296,15.5365427408693,-3.85167725211027
17.297,15.5551654067988,-3.77234307168555
17.298,15.5737994882653,-3.69269444490576
17.299,15.5924433750296,-3.61274024411013
17.3,15.6110985214298,-3.5324762309681
17.301,15.6297650046203,-3.4519039249146
17.302,15.648441287988,-3.37103199072992
17.303,15.6671287811953,-3.28985633230946
17.304,15.6858275086366,-3.20837873233551
17.305,15.7045360633507,-3.12660748656472
17.306,15.7232557701688,-3.04453887245283
17.307,15.7419865061656,-2.96217531103856
17.308,15.7607269541817,-2.87952481787605
17.309,15.7794784566162,-2.79658357512387
17.31,15.7982410382663,-2.7133534129381
17.311,15.8170131822738,-2.62984331830766
17.312,15.8357962777303,-2.54604919102973
17.313,15.8545903872122,-2.46197278135938
17.314,15.8733939946513,-2.37762315524787
17.315,15.8922084835123,-2.29299618093235
17.316,15.9110338978264,-2.20809374543483
17.317,15.9298687892077,-2.12292477647482
17.318,15.9487144818913,-2.03748541572452
17.319,15.9675709952557,-1.9517776847549
17.32,15.9864368561369,-1.86581072545395
17.321,16.0053134251903,-1.77958047460036
17.322,16.024200762659,-1.69308882949833
17.323,16.0430973622381,-1.60634516924351
17.324,16.0620045896937,-1.51934535501258
17.325,16.0809225106134,-1.43209131673811
17.326,16.0998496287457,-1.34459252377945
17.327,16.1187872880488,-1.25684492782106
17.328,16.1377355550741,-1.16885049767326
17.329,16.1566929436535,-1.08061873798951
17.33,16.1756607991263,-0.99214555241542
17.331,16.1946391828748,-0.903432980426168
17.332,16.2136266321125,-0.814490538409919
17.333,16.2326244607579,-0.725314275726054
17.334,16.2516327306444,-0.635906276560875
17.335,16.2706499733319,-0.546276176045101
17.336,16.2896775181633,-0.456419915598159
17.337,16.3087154316784,-0.366339601013636
17.338,16.3277622493531,-0.276044947705516
17.339,16.346819284301,-0.185531959779481
17.34,16.3658866065957,-0.0948027773711622
17.341,16.3849627639544,-0.00386715059458237
17.342,16.4040490656674,0.0872789179088371
17.343,16.4231455757708,0.17863321969354
17.344,16.4422508574581,0.270185991401572
17.345,16.4613661988819,0.361941138161561
17.346,16.4804916657623,0.45389640829728
17.347,16.499625830845,0.546041996192573
17.348,16.5187699827384,0.638381828195714
17.349,16.537924181238,0.730913584711939
17.35,16.5570870149322,0.823627459833771
17.351,16.5762597534854,0.916527290420958
17.352,16.5954424582856,1.00961070995602
17.353,16.614633728262,1.10286787934002
17.354,16.6338348307161,1.19630263918894
17.355,16.6530458203052,1.28991255264961
17.356,16.6722653130577,1.38368779241122
17.357,16.6914945597491,1.47763212243539
17.358,16.7107336128593,1.57174304837619
17.359,16.7299811009993,1.66601073324146
17.36,16.7492382695439,1.76043891946388
17.361,16.7685051644504,1.85502503783696
17.362,16.7877804312339,1.94975927390395
17.363,16.80706530269,2.04464530559048
17.364,16.8263598210208,2.1396804936046
17.365,16.8456626477788,2.23485503736473
17.366,16.8649750068184,2.33017257523422
17.367,16.8842969323888,2.42563038883076
17.368,16.9036271033387,2.52121870862086
17.369,16.9229667333358,2.6169411161504
17.37,16.942315850872,2.71279481481794
17.371,16.9616731521201,2.80877006519788
17.372,16.9810398408253,2.90487040060086
17.373,17.0004159373441,3.00109294281963
17.374,17.0198001550879,3.09742799010828
17.375,17.0391936890258,3.19387902204406
17.376,17.0585965529043,3.29044307958517
17.377,17.0780074775414,3.38711049968661
17.378,17.0974276480794,3.4838847106389
17.379,17.1168570706948,3.58076267214147
17.38,17.1362944938557,3.67773476352209
17.381,17.1557410939974,3.7748043597953
17.382,17.1751968691644,3.87196834082583
17.383,17.194660583921,3.96921713009675
17.384,17.2141334060104,4.06655404940023
17.385,17.2336153271535,4.16397589912762
17.386,17.2531051289903,4.26147315001175
17.387,17.2726039710417,4.35904906919773
17.388,17.2921118369442,4.45670037857234
17.389,17.3116275246593,4.5544175991711
17.39,17.3311521858823,4.65220394232259
17.391,17.3506857972413,4.75005605173628
17.392,17.3702271724154,4.84796450281276
17.393,17.3897774545627,4.94593244918411
17.394,17.409336613496,5.04395645662515
17.395,17.4289034798965,5.14202715939442
17.396,17.4484791877093,5.24014765148499
17.397,17.4680636989249,5.33831442019147
17.398,17.4876558620316,5.43651816426252
17.399,17.5072568025926,5.53476191566108
17.4,17.5268664737877,5.63304208223587
17.401,17.546483741713,5.73134943365606
17.402,17.5661097240046,5.82968693712623
17.403,17.5857443653595,5.9280509198369
17.404,17.6053865495641,6.02643222945094
17.405,17.6250373844876,6.12483376531307
17.406,17.6446968057533,6.22325177166408
17.407,17.6643637169413,6.32167718287449
17.408,17.6840392166318,6.42011282701837
17.409,17.7037232311039,6.51855486250345
17.41,17.7234146852583,6.61699432031658
17.411,17.7431146678731,6.71543395321287
17.412,17.7628230935274,6.81386982953831
17.413,17.7825389087702,6.9122930887004
17.414,17.8022631921012,7.01070640337535
17.415,17.8219958462543,7.1091057460801
17.416,17.8417358430794,7.20748237987531
17.417,17.8614842498222,7.30583889147063
17.418,17.8812409541005,7.40417114814993
17.419,17.9010049548188,7.50247055674296
17.42,17.9207773070157,7.60073961021294
17.421,17.9405578811044,7.69897405755218
17.422,17.9603457086472,7.79716547735934
17.423,17.9801418307817,7.89531625837814
17.424,17.9999460957362,7.99342200712197
17.425,18.0197575759217,8.09147452045416
17.426,18.0395772947661,8.18947606551072
17.427,18.0594050692385,8.28742206071202
17.428,18.0792400287276,8.38530460946946
17.429,18.0990831743529,8.48312582522396
17.43,18.1189342692064,8.58088081981024
17.431,18.138792544504,8.67856224621728
17.432,18.1586589612753,8.77617197625366
17.433,18.1785331388119,8.87370433150826
17.434,18.198414659104,8.97115383132713
17.435,18.2183043217546,9.06852148525499
17.436,18.2382010785332,9.16579804895371
17.437,18.2581060411248,9.26298588207623
17.438,18.2780185954951,9.36007694792495
17.439,18.2979410506283,9.4570724852439
17.44,18.3178743888565,9.55396422889193
17.441,18.3378205438913,9.65075243826744
17.442,18.3577797918907,9.74743338846192
17.443,18.3777515508809,9.84400317874174
17.444,18.3977348892302,9.94045792494989
17.445,18.4177288674899,10.0367937970997
17.446,18.4377328373097,10.1330070635619
17.447,18.4577464071295,10.2290941247303
17.448,18.4777693486834,10.3250514809279
17.449,18.4978015421189,10.4208757082457
17.45,18.5178429417555,10.5165634418667
17.451,18.5378935591796,10.6121113756942
17.452,18.5579534410788,10.707516275738
17.453,18.5780226712303,10.8027750167295
17.454,18.5981013742842,10.8978845714437
17.455,18.6181896441334,10.9928416732218
17.456,18.6382874383794,11.0876426264745
17.457,18.6583946308399,11.1822835888731
17.458,18.6785111491423,11.2767611192271
17.459,18.6986368940906,11.3710715458442
17.46,18.7187717168623,11.4652112724581
17.461,18.7389154249461,11.5591769488909
17.462,18.7590675711135,11.6529637394903
17.463,18.7792280959406,11.7465703271029
17.464,18.799396550178,11.8399903968267
17.465,18.819572554614,11.933221522657
17.466,18.8397556216752,12.0262586563523
17.467,18.8599457356224,12.1191001885932
17.468,18.8801424422128,12.2117399581697
17.469,18.9003455119717,12.3041761046337
17.47,18.9205546423514,12.3964031180044
17.471,18.9407696228295,12.4884187722216
17.472,18.9609902126514,12.5802178164395
17.473,18.9812162894925,12.6717980779606
17.474,19.0014476496052,12.7631543259499
17.475,19.0216842285151,12.8542843385598
17.476,19.0419258636351,12.9451830969542
17.477,19.0621725299203,13.0358481618876
17.478,19.0824241174966,13.1262748685379
17.479,19.102680616774,13.2164604421276
17.48,19.122941974272,13.3064006327473
17.481,19.1432081912913,13.3960923314582
17.482,19.1634792647527,13.4855316662454
17.483,19.1837552118822,13.5747152806821
17.484,19.2040360676999,13.6636395681793
17.485,19.2243218783427,13.7523010838085
17.486,19.2446127152526,13.840696381668
17.487,19.2649086780099,13.9288221111194
17.488,19.2852099124131,14.0166750443773
17.489,19.3055166011345,14.1042520265985
17.49,19.3258288574413,14.1915495516269
17.491,19.3461467000602,14.2785638347992
17.492,19.3664700949955,14.3652912262408
17.493,19.3867990679811,14.4517281767136
17.494,19.4071335238301,14.5378708677896
17.495,19.4274736254682,14.6237161237044
17.496,19.4478190253068,14.7092593888489
17.497,19.4681700228321,14.7944979148955
17.498,19.4885267750549,14.8794291543464
17.499,19.5088891730689,14.9640479171221
17.5,19.5292574182937,15.0483524505866
17.501,19.5496312785449,15.1323371058255
17.502,19.5700110140015,15.216000629277
17.503,19.5903963307463,15.2993369323641
17.504,19.6107874880624,15.3823450081355
17.505,19.6311843674755,15.4650192095021
17.506,19.6515871764076,15.547358453945
17.507,19.6719957466708,15.6293563906754
17.508,19.6924102372698,15.7110126177845
17.509,19.7128307026687,15.7923207453111
17.51,19.733257078864,15.8732796025967
17.511,19.753689935909,15.9538844919213
17.512,19.7741291303583,16.0341333025053
17.513,19.7945754344579,16.1140223685129
17.514,19.8150283875525,16.1935479343627
17.515,19.835488927073,16.2727080129048
17.516,19.8559566282026,16.3514977799289
17.517,19.8764319552391,16.4299147887061
17.518,19.8969145925557,16.5079545292369
17.519,19.917405194027,16.5856156217595
17.52,19.9379033300431,16.6628922831706
17.521,19.9584095606942,16.7397836033616
17.522,19.9789233827515,16.8162841652337
17.523,19.9994453131251,16.89239246892
17.524,20.0199744475311,16.9681021368987
17.525,20.0405115376231,17.0434139227814
17.526,20.0610558093576,17.1183210667431
17.527,20.0816075859109,17.1928221614919
17.528,20.1021661029341,17.2669114753007
17.529,20.1227319247889,17.3405879722237
17.53,20.143304894499,17.4138479571413
17.531,20.1638849563566,17.4866873162126
17.532,20.1844720333425,17.559103150367
17.533,20.2050660344101,17.6310916942869
17.534,20.2256670086324,17.7026503564569
17.535,20.2462741591158,17.7737737744431
17.536,20.2668882227863,17.8444612130358
17.537,20.2875091506701,17.9147094901717
17.538,20.3081361173905,17.9845132760376
17.539,20.3287689198143,18.0538690999178
17.54,20.3494080231032,18.1227756370161
17.541,20.3700521012163,18.1912258260642
17.542,20.3907024346799,18.2592206564377
17.543,20.4113571688051,18.3267517914866
17.544,20.4320177538716,18.3938208113754
17.545,20.4526829332316,18.4604209694877
17.546,20.4733534034566,18.5265521206614
17.547,20.4940277446119,18.5922075749805
17.548,20.5147067952142,18.6573869856071
17.549,20.5353891572918,18.7220837044487
17.55,20.5560754699741,18.7862964967087
17.551,20.5767652320703,18.8500214446901
17.552,20.5974586871317,18.9132561322871
17.553,20.6181556291045,18.975997138175
17.554,20.6388557618757,19.038240682772
17.555,20.6595589177349,19.0999835930389
17.556,20.6802655424646,19.1612236562484
17.557,20.7009756843324,19.2219582451795
17.558,20.7216888218182,19.282183338936
17.559,20.7424049143185,19.3418960385484
17.56,20.7631238451816,19.401093090007
17.561,20.7838452683099,19.4597707589553
17.562,20.8045689781916,19.5179259262339
17.563,20.8252952385861,19.5755561012074
17.564,20.8460239567101,19.6326582726616
17.565,20.8667552700748,19.6892295960093
17.566,20.8874893409984,19.7452672807368
17.567,20.9082263685982,19.8007686276264
17.568,20.9289665237123,19.8557308649809
17.569,20.9497098171454,19.9101508146508
17.57,20.970456314202,19.9640255100579
17.571,20.9912060814817,20.0173520727116
17.572,21.0119592505294,20.0701276539216
17.573,21.0327156263731,20.1223490671546
17.574,21.0534751449427,20.1740129961782
17.575,21.0742381820291,20.2251173974148
17.576,21.095004997894,20.2756598642286
17.577,21.1157755717566,20.3256373067424
17.578,21.1365499041343,20.3750467262048
17.579,21.157328019703,20.4238854322479
17.58,21.1781100360897,20.4721505056107
17.581,21.1988956291784,20.5198389231688
17.582,21.2196846804679,20.566947479848
17.583,21.2404773028254,20.6134736652185
17.584,21.2612735421867,20.6594148179664
17.585,21.2820734179576,20.7047682376094
17.586,21.3028769398626,20.7495312256504
17.587,21.323684112624,20.793701094753
17.588,21.3444949371589,20.8372751702587
17.589,21.3653094109263,20.8802507905184
17.59,21.3861275282257,20.9226253072328
17.591,21.4069492805369,20.9643960858567
17.592,21.4277746566679,21.0055605058295
17.593,21.4486054865095,21.046117702703
17.594,21.4694468773526,21.086069979704
17.595,21.4903036739253,21.1254196284785
17.596,21.5111750664014,21.1641631393008
17.597,21.5320599304826,21.2022965634278
17.598,21.5529574971586,21.2398167894258
17.599,21.5738670771266,21.2767208744557
17.6,21.5947881151709,21.313006083899
17.601,21.6157202844165,21.3486691895723
17.602,21.6366636546987,21.3837089727017
17.603,21.6576173362647,21.4181221291396
17.604,21.6785801216983,21.4519040618994
17.605,21.6995527007645,21.4850545645609
17.606,21.7205352706725,21.5175709812882
17.607,21.7415260602782,21.5494497164865
17.608,21.7625263581855,21.580689459063
17.609,21.7835348717996,21.6112867267906
17.61,21.8045513149239,21.641238946675
17.611,21.8255752855208,21.6705435781242
17.612,21.8466084918727,21.6992004401523
17.613,21.8676484869898,21.7272043621246
17.614,21.8886958003465,21.7545542682267
17.615,21.9097514512116,21.7812488048144
17.616,21.930813984913,21.8072838838486
17.617,21.9518839947758,21.832658898767
17.618,21.9729606182222,21.8573697907271
17.619,21.9940446061102,21.8814163473627
17.62,22.0151348561954,21.9047943863513
17.621,22.0362325847078,21.9275038047271
17.622,22.0573368339148,21.9495408482128
17.623,22.0784479222753,21.9709046577136
17.624,22.099565509217,21.9915920248475
17.625,22.1206899584246,22.0116021655344
17.626,22.1418206994459,22.0309317269911
17.627,22.1629583843737,22.0495801646324
17.628,22.1841020972369,22.0675439564899
17.629,22.2052527286206,22.084822687683
17.63,22.2264096451124,22.1014132082829
17.631,22.2475733843747,22.1173147271806
17.632,22.268743111752,22.1325240614234
17.633,22.2899195149147,22.1470406447715
17.634,22.3111021556756,22.1608616792734
17.635,22.3322917873999,22.1739862805631
17.636,22.3534872851956,22.1864115659654
17.637,22.3746897716545,22.1981368568212
17.638,22.3958980505199,22.2091593198715
17.639,22.4171133422642,22.219478297421
17.64,22.4383344028734,22.229091087601
17.641,22.4595624749808,22.237996950109
17.642,22.4807962846646,22.2461933514516
17.643,22.5020371265691,22.2536794774256
17.644,22.5232836050966,22.2604529203107
17.645,22.5445372021458,22.2665128236901
17.646,22.5657963660717,22.271857038681
17.647,22.5870625675544,22.2764845294462
17.648,22.6083342874939,22.2803931869376
17.649,22.6296121748191,22.2835821491493
17.65,22.6508967970182,22.2860498882538
17.651,22.6721873754828,22.2877944669003
17.652,22.6934846858986,22.2888150652147
17.653,22.7147878801587,22.2891095662708
17.654,22.7360978571562,22.2886771956254
17.655,22.7574138310213,22.2875160352188
17.656,22.7787365043494,22.2856252345051
17.657,22.800065384463,22.2830030216195
17.658,22.8214008793143,22.2796484316017
17.659,22.8427428544845,22.2755598395066
17.66,22.8640909550579,22.2707362972698
17.661,22.8854457960204,22.2651763826864
17.662,22.9068067260047,22.258879000527
17.663,22.9281742793893,22.2518428885535
17.664,22.9495479950579,22.2440671461379
17.665,22.9709285197238,22.2355504996471
17.666,22.9923154794098,22.2262918585818
17.667,23.0137086939502,22.2162901682197
17.668,23.0351090437105,22.2055442246634
17.669,23.0565152275694,22.1940532886714
17.67,23.0779286485413,22.1818160372188
17.671,23.0993479658647,22.1688318215339
17.672,23.1207744818196,22.155099290749
17.673,23.1422069849703,22.1406179498628
17.674,23.1636463427473,22.125386603724
17.675,23.1850923800839,22.1094043234375
17.676,23.2065449021619,22.0926702180382
17.677,23.2280041423926,22.0751833899927
17.678,23.2494696953639,22.0569432165366
17.679,23.2709421875833,22.0379486766045
17.68,23.2924210310878,22.0181992259018
17.681,23.313906819575,21.9976938635993
17.682,23.3353988566029,21.9764323132107
17.683,23.3568979345998,21.9544135018465
17.684,23.3784035222211,21.9316369427263
17.685,23.3999158078814,21.9081019311773
17.686,23.4214349496304,21.8838077163455
17.687,23.4429604740404,21.8587541011484
17.688,23.4644932007175,21.8329399156996
17.689,23.4860320758385,21.8063653846862
17.69,23.5075782070318,21.7790291056074
17.691,23.5291305168047,21.7509315171338
17.692,23.5506897919797,21.7220715710182
17.693,23.5722560959944,21.6924486029564
17.694,23.5938288521013,21.6620626567865
17.695,23.6154087004345,21.6309127476183
17.696,23.6369948486875,21.5989993195612
17.697,23.658588267399,21.5663211271181
17.698,23.6801879353625,21.5328788094643
17.699,23.7017945147398,21.4986714290298
17.7,23.7234072993656,21.4636995713643
17.701,23.7450275455256,21.4279616648418
17.702,23.7666546027539,21.3914579241203
17.703,23.7882882641435,21.3541883746993
17.704,23.8099289586175,21.3161523460636
17.705,23.8315760511155,21.2773505093573
17.706,23.8532304367808,21.23778172007
17.707,23.8748911414394,21.1974470821777
17.708,23.8965589506828,21.1563455510267
17.709,23.9182330202441,21.1144782929917
17.71,23.9399145995624,21.0718437181333
17.711,23.9616023716801,21.0284435559517
17.712,23.9832970504238,20.9842769606295
17.713,24.004997771465,20.9393453952917
17.714,24.0267058987102,20.8936470494907
17.715,24.0484213900243,20.8471817932439
17.716,24.0701428561484,20.7999518927006
17.717,24.0918716820709,20.7519554910861
17.718,24.1136078511538,20.7031925818585
17.719,24.1353503153789,20.6536650999557
17.72,24.1571003237126,20.6033714023834
17.721,24.1788570974134,20.5523130113052
17.722,24.2006209565566,20.5004896786105
17.723,24.222391400515,20.4479026740988
17.724,24.2441694433618,20.3945507078973
17.725,24.2659543593508,20.3404353475454
17.726,24.2877465226626,20.2855563609138
17.727,24.3095455218101,20.2299150589877
17.728,24.3313520157787,20.173510796491
17.729,24.3531653080744,20.1163454789107
17.73,24.3749861960094,20.0584181883513
17.731,24.3968138907735,19.9997310550815
17.732,24.4186492746959,19.9402830125976
17.733,24.4404914988891,19.8800763638517
17.734,24.4623413004332,19.8191102759966
17.735,24.484197954681,19.7573869219946
17.736,24.5060623854297,19.6949051838814
17.737,24.5279336256072,19.631667821504
17.738,24.5498120636593,19.5676747924814
17.739,24.5716972231972,19.5029280712684
17.74,24.5935903930332,19.4374257458565
17.741,24.6154899559558,19.3711721413945
17.742,24.6373972594896,19.3041649487808
17.743,24.6593123426523,19.2364048450214
17.744,24.681233919344,19.1678958571975
17.745,24.7031633513768,19.0986359028664
17.746,24.7251005522687,19.0286259009477
17.747,24.7470444926237,18.9578693433623
17.748,24.7689963562473,18.8863644426607
17.749,24.7909558957577,18.8141127277686
17.75,24.812922670769,18.7411163602953
17.751,24.8348972348433,18.6673751599527
17.752,24.8568790651148,18.5928916919668
17.753,24.8788687443396,18.5176657392355
17.754,24.9008657657772,18.4416999480597
17.755,24.9228707550799,18.36499408338
17.756,24.9448831677593,18.2875509932799
17.757,24.9669036364567,18.209370417012
17.758,24.988931623212,18.1304552811225
17.759,25.0109677772643,18.0508052978219
17.76,25.0330115215214,17.9704235730767
17.761,25.055063501567,17.8893098002393
17.762,25.0771231453762,17.8074670945691
17.763,25.099191079966,17.7248951579701
17.764,25.1212667052152,17.6415972375809
17.765,25.1433506263705,17.5575730434567
17.766,25.1654422888946,17.472825745245
17.767,25.1875422476686,17.3873552176397
17.768,25.2096499671293,17.301164662935
17.769,25.2317659663409,17.2142540462606
17.77,25.2538897766651,17.1266264446831
17.771,25.2760218522695,17.0382820746465
17.772,25.2981617696229,16.9492239638506
17.773,25.3203099400603,16.8594524785921
17.774,25.3424660012592,16.7689705371012
17.775,25.3646303065049,16.6777787489298
17.776,25.3868025476451,16.5858799389338
17.777,25.4089830325276,16.4932749086082
17.778,25.4311715022702,16.3999664007978
17.779,25.4533682235409,16.3059554089114
17.78,25.4755729777655,16.2112446167764
17.781,25.4977860012404,16.1158351742388
17.782,25.5200071042174,16.0197297412535
17.783,25.5422365035683,15.9229295884578
17.784,25.564474027262,15.8254373871939
17.785,25.5867198826082,15.7272544939679
17.786,25.6089739056988,15.6283836234785
17.787,25.6312363023429,15.5288261879206
17.788,25.6535069093092,15.4285849711078
17.789,25.6757859366877,15.327661417774
17.79,25.6980732167143,15.22605839958
17.791,25.72036896749,15.1237773773902
17.792,25.7426730135441,15.0208213227142
17.793,25.7649855828196,14.9171917028748
17.794,25.7873064907883,14.8128915947917
17.795,25.8096359754459,14.7079224685833
17.796,25.831973843355,14.6022875067862
17.797,25.8543203415992,14.4959881834711
17.798,25.876675268865,14.3890277833855
17.799,25.8990388798048,14.2814077881233
17.8,25.9214109665383,14.1731315802033
17.801,25.943791789853,14.0642006524516
17.802,25.966181136479,13.9546184809054
17.803,25.9885792721027,13.8443865729085
17.804,26.010985978961,13.7335084949087
17.805,26.0334015263394,13.6219857703974
17.806,26.055825692139,13.5098220537417
17.807,26.0782587496887,13.3970188864908
17.808,26.1007004739125,13.2835800106448
17.809,26.1231511408572,13.1695069850921
17.81,26.1456105216604,13.0548036383617
17.811,26.1680788959275,12.939471547178
17.812,26.190556032122,12.8235146272561
17.813,26.2130422123016,12.7069344717843
17.814,26.2355372013422,12.5897350835234
17.815,26.2580412841954,12.4719180711678
17.816,26.2805542224349,12.3534875258396
17.817,26.3030763040814,12.2344450701544
17.818,26.32560728735,12.1147948844338
17.819,26.3481474633531,11.9945386039477
17.82,26.3706965867348,11.8736804997598
17.821,26.3932549524031,11.7522222175518
17.822,26.4158223114512,11.6301681208913
17.823,26.4383989622969,11.5075198637052
17.824,26.4609846519736,11.3842819038066
17.825,26.4835796831787,11.260455900924
17.826,26.5061837987934,11.1360464092525
17.827,26.5287973059586,11.0110550917247
17.828,26.5514199430424,10.8854866012244
17.829,26.5740520217117,10.7593426007465
17.83,26.5966932753446,10.6326278441116
17.831,26.6193440208558,10.5053439916167
17.832,26.6420039863172,10.3774959011129
17.833,26.6646734942842,10.2490852262767
17.834,26.6873522670688,10.1201169319603
17.835,26.7100406333039,9.99059266170499
17.836,26.7327383089871,9.86051749097095
17.837,26.7554456294253,9.72989304858508
17.838,26.7781623037756,9.59872452424899
17.839,26.8008886743628,9.46701352783865
17.84,26.823624442758,9.33476536774357
17.841,26.8463699593428,9.2019816294897
17.842,26.8691249176362,9.06866774408695
17.843,26.891889676483,8.93482526835752
17.844,26.9146639204197,8.80045976172461
17.845,26.9374480177269,8.66557274539395
17.846,26.9602416436636,8.53016991016275
17.847,26.9830451762155,8.39425273856038
17.848,27.0058582799985,8.25782706086902
17.849,27.0286813440437,8.12089431161552
17.85,27.0515140230484,7.98346045831587
17.851,27.0743567164212,7.84552689016253
17.852,27.0972090657723,7.70709972935437
17.853,27.1200714836712,7.56818030108362
17.854,27.1429436039669,7.42877485570881
17.855,27.1658258479254,7.2888846815415
17.856,27.1887178288768,7.14851622465459
17.857,27.2116199866638,7.00767067095019
17.858,27.2345319441421,6.86635450366219
17.859,27.2574541360178,6.72456896039921
17.86,27.2803861252922,6.58232093152961
17.861,27.3033283859613,6.43961139998824
17.862,27.3262806116943,6.29644662771549
17.863,27.3492431295422,6.15282854460846
17.864,27.3722155403721,6.00876392525051
17.865,27.3951982730798,5.86425403828243
17.866,27.418191155613,5.71930449597901
17.867,27.441194300951,5.57391857671697
17.868,27.4642076999796,5.42810083544344
17.869,27.4872314192879,5.28185497211534
17.87,27.5102653871613,5.13518584200386
17.871,27.5333097875526,4.98809648870754
17.872,27.5563643604469,4.84059297572237
17.873,27.5794294798535,4.69267710633945
17.874,27.6025048061666,4.54435566017848
17.875,27.6255907739383,4.39562998241399
17.876,27.6486868748676,4.24650801513103
17.877,27.6717936347688,4.09699042110925
17.878,27.6949108007206,3.94708377274663
17.879,27.7180384956704,3.79679139347103
17.88,27.7411768200866,3.64611759065332
17.881,27.764325701573,3.49506712932878
17.882,27.7874852262467,3.34364415812269
17.883,27.8106553745843,3.1918532352959
17.884,27.8338361993742,3.03969871176672
17.885,27.8570277051529,2.88718506770368
17.886,27.8802299283731,2.7343167809854
17.887,27.9034428860868,2.58109830143305
17.888,27.9266666057178,2.42753420511478
17.889,27.9499011119284,2.27362892626566
17.89,27.9731464257316,2.11938713541652
17.891,27.9964025782122,1.96481324406113
17.892,28.0196695831351,1.80991203641154
17.893,28.0429474807699,1.65468786547456
17.894,28.0662362712736,1.49914568828478
17.895,28.0895360159409,1.34328969718014
17.896,28.112846680248,1.18712519103724
17.897,28.1361683887837,1.03065588861178
17.898,28.1595009860595,0.873888034721251
17.899,28.1828448059197,0.716823853447337
17.9,28.2061992806531,0.559472468738686
17.901,28.2295649378579,0.401834422434626
17.902,28.2529415116398,0.24391709289547
17.903,28.2763293840655,0.085722514039841
17.904,28.2997282121055,-0.0727414751140639
17.905,28.3231380015574,-0.231470557723966
17.906,28.3465593445624,-0.390463259040497
17.907,28.3699917644529,-0.549711082056994
17.908,28.3934351805097,-0.709209330027197
17.909,28.4168904214862,-0.8689573913834
17.91,28.4403567751873,-1.02894561554177
17.911,28.4638344149641,-1.18917062201006
17.912,28.4873237356581,-1.34962928540424
17.913,28.5108241966921,-1.51031311806626
17.914,28.5343364190668,-1.67122119224568
17.915,28.557859795081,-1.83234405762062
17.916,28.5813949569506,-1.99368148098779
17.917,28.6049411461933,-2.15522252333752
17.918,28.6284988378487,-2.31696612195112
17.919,28.6520676149149,-2.47890400052261
17.92,28.6756481999615,-2.6410362853596
17.921,28.6992406430434,-2.80335705754684
17.922,28.722844521905,-2.96585757555897
17.923,28.7464602976475,-3.12853671379485
17.924,28.770087730453,-3.29138666065533
17.925,28.7937270553456,-3.45440426592369
17.926,28.8173779990916,-3.61758176328913
17.927,28.8410409484287,-3.78091731837921
17.928,28.8647154485004,-3.94440168002006
17.929,28.8884020028894,-4.108033935943
17.93,28.9121002766421,-4.27180550748242
17.931,28.9358107216943,-4.43571461933812
17.932,28.9595326153351,-4.59975041597967
17.933,28.983266517061,-4.76391258558662
17.934,29.0070121124318,-4.92819285684244
17.935,29.0307701132061,-5.09259066945039
17.936,29.0545395150744,-5.25709343921982
17.937,29.0783207282386,-5.42169922602541
17.938,29.1021138575006,-5.58640406368502
17.939,29.1259189355467,-5.7512017323256
17.94,29.1497360298222,-5.91608675551188
17.941,29.1735652216578,-6.08105477954449
17.942,29.1974063262969,-6.24609842985773
17.943,29.2212598371057,-6.41121584207198
17.944,29.2451257040132,-6.5763973867377
17.945,29.2690061820295,-6.74164262283491
17.946,29.2929025761338,-6.90694307480917
17.947,29.3168162929301,-7.07229509214883
17.948,29.3407474436263,-7.23769161855297
17.949,29.3646955216388,-7.40312733601792
17.95,29.388659699337,-7.5685967846567
17.951,29.4126391531094,-7.73409454464649
17.952,29.4366332217865,-7.89961518842817
17.953,29.4606414201665,-8.06515326972682
17.954,29.4846633830564,-8.23070334091385
17.955,29.508698833457,-8.3962599681103
17.956,29.5327475612856,-8.56181773781317
17.957,29.5568094119859,-8.7273712651503
17.958,29.5808842695758,-8.89291519732511
17.959,29.604972064103,-9.05844419081766
17.96,29.6290727326135,-9.22395284096131
17.961,29.6531861956646,-9.38943561864093
17.962,29.6773123589412,-9.5548869463618
17.963,29.7014511335251,-9.72030126894885
17.964,29.7256024439716,-9.88567304547639
17.965,29.7497662290737,-10.0509967469381
17.966,29.7739424304332,-10.216266837389
17.967,29.7981309893457,-10.3814777802213
17.968,29.8223318470249,-10.5466240083067
17.969,29.8465449472672,-10.7116999410458
17.97,29.8707702380686,-10.8766999801506
17.971,29.8950076737019,-11.0416185204322
17.972,29.9192572171016,-11.2064499519305
17.973,29.9435188397701,-11.3711886577765
17.974,29.9677925213944,-11.5358290107121
17.975,29.9920782464998,-11.7003653624936
17.976,30.0163760026481,-11.864792043458
17.977,30.0406857783919,-12.0291033621051
17.978,30.0650075655289,-12.1932936192844
17.979,30.0893413589356,-12.3573571063242
17.98,30.1136871618088,-12.5212881250345
17.981,30.1380449797566,-12.6850809582017
17.982,30.1624148342426,-12.8487299317695
17.983,30.1867967348532,-13.012229285413
17.984,30.2111907357394,-13.1755734435752
17.985,30.2355968055993,-13.3387563924569
17.986,30.2600150746291,-13.5017728741515
17.987,30.2844453195228,-13.6646159986886
17.988,30.3088877372816,-13.8272807157819
17.989,30.3333424779626,-13.989762666272
17.99,30.3578094640908,-14.1520540949925
17.991,30.3822888803418,-14.3141509084491
17.992,30.406780675686,-14.4760465106801
17.993,30.4312850325836,-14.6377356532593
17.994,30.4558019289936,-14.7992127855126
17.995,30.4803315454151,-14.9604719219528
17.996,30.504873758209,-15.1215074043744
17.997,30.5294287797791,-15.2823133831463
17.998,30.5539967812786,-15.4428857699146
17.999,30.5785776620328,-15.6032165725921
18,30.6031716965171,-15.7633026941255
18.001,30.6277786634522,-15.9231354509933
18.002,30.6523988579219,-16.0827119716629
18.003,30.6770320327207,-16.2420238968761
18.004,30.7016784467241,-16.4010671570262
18.005,30.7263382015655,-16.5598367160035
18.006,30.7510110273779,-16.718323540655
18.007,30.7756973771325,-16.8765267798261
18.008,30.8003970517026,-17.0344364756768
18.009,30.8251102906663,-17.1920505042709
18.01,30.8498370491659,-17.349359659888
18.011,30.8745771582015,-17.5063607733492
18.012,30.8993308771706,-17.663046271396
18.013,30.9240981234558,-17.819412747986
18.014,30.9488789516112,-17.9754515446963
18.015,30.9736732971966,-18.1311600877325
18.016,30.99848118042,-18.2865292826139
18.017,31.023302485276,-18.4415564977455
18.018,31.0481372978621,-18.596233030722
18.019,31.0729855193725,-18.7505561755053
18.02,31.0978471955688,-18.9045170492282
18.021,31.1227222156113,-19.058113035399
18.022,31.1476106163099,-19.2113352389855
18.023,31.1725122796403,-19.3641810366486
18.024,31.1974272461129,-19.5166416142695
18.025,31.2223553785674,-19.6687142178289
18.026,31.2472967317833,-19.8203902242002
18.027,31.2722511684679,-19.9716667804627
18.028,31.2972187230844,-20.1225352746363
18.029,31.3221992822394,-20.2729929475529
18.03,31.3471928372085,-20.4230310422339
18.031,31.3721993216409,-20.5726470277843
18.032,31.3972186718164,-20.7218319334853
18.033,31.4222508788185,-20.8705834735217
18.034,31.4472958361648,-21.0188925455593
18.035,31.4723535903653,-21.1667569218012
18.036,31.4974240030537,-21.3141676399997
18.037,31.5225071494261,-21.4611221228933
18.038,31.5476028179439,-21.6076117468834
18.039,31.5727111673618,-21.753633375408
18.04,31.5978318958861,-21.8991788440587
18.041,31.622965348225,-22.0442449627008
18.042,31.6481113931198,-22.1888244068379
18.043,31.6732701301473,-22.3329125154443
18.044,31.6984413519688,-22.476502056651
18.045,31.723625540573,-22.6195898920893
18.046,31.7488226679647,-22.7621689070837
18.047,31.7740328640665,-22.904234450078
18.048,31.7992560549854,-23.0457804504481
18.049,31.8244921738749,-23.1868018122969
18.05,31.8497410895882,-23.3272931911052
18.051,31.8750028351674,-23.4672496543983
18.052,31.9002775185795,-23.6066665276781
18.053,31.9255643696377,-23.7455354467835
18.054,31.9508636781777,-23.8838526960642
18.055,31.9761757870561,-24.0216139938071
18.056,32.0015000280832,-24.1588109238616
18.057,32.0268363404338,-24.2954392980518
18.058,32.0521849657012,-24.4314941399144
18.059,32.0775459287108,-24.5669702782528
18.06,32.1029192150964,-24.7018625897811
18.061,32.1283048397976,-24.8361661521728
18.062,32.1537029357801,-24.9698760272164
18.063,32.1791134386442,-25.1029859639968
18.064,32.2045364898099,-25.2354909087642
18.065,32.2299718474373,-25.3673840753893
18.066,32.2554194369897,-25.4986602869722
18.067,32.2808795488665,-25.6293150651717
18.068,32.3063523991933,-25.7593435385768
18.069,32.3318382332354,-25.8887409058078
18.07,32.3573370103154,-26.017501117964
18.071,32.3828488587499,-26.1456191358443
18.072,32.4083733357536,-26.2730873704846
18.073,32.4339103918107,-26.3999013371325
18.074,32.4594601293853,-26.526056035736
18.075,32.4850225857455,-26.6515462460181
18.076,32.5105977780384,-26.7763667195215
18.077,32.5361857157682,-26.900512215054
18.078,32.5617864047378,-27.0239775035801
18.079,32.5873998468408,-27.1467573683388
18.08,32.6130260412579,-27.2688466059212
18.081,32.6386649854876,-27.3902400272167
18.082,32.6643166750808,-27.5109324574174
18.083,32.6899811030966,-27.6309187358215
18.084,32.7156582610379,-27.7501937166567
18.085,32.7413481378155,-27.868752268519
18.086,32.7670507205663,-27.9865892751148
18.087,32.7927659953568,-28.1036996359377
18.088,32.8184939469781,-28.2200782662905
18.089,32.8442362663088,-28.3357216137435
18.09,32.869997967652,-28.4506291742673
18.091,32.895783961393,-28.5648005998499
18.092,32.921593635291,-28.678226259315
18.093,32.9474259361405,-28.7908992415769
18.094,32.9732796354634,-28.902812496617
18.095,32.9991545343116,-29.0139621368157
18.096,33.0250504298685,-29.1243440287813
18.097,33.050966996276,-29.2339543078839
18.098,33.0769029774828,-29.3427862133342
18.099,33.1028581018813,-29.4508343698897
18.1,33.1288322025131,-29.5580952606946
18.101,33.1548262636041,-29.6645680411872
18.102,33.1808378714961,-29.7702419318493
18.103,33.2068674688959,-29.8751139056689
18.104,33.23291485084,-29.9791798181998
18.105,33.2589794265968,-30.0824337064658
18.106,33.2850610908651,-30.1848709027558
18.107,33.3111601714797,-30.2864883970209
18.108,33.3372763364657,-30.3872811422688
18.109,33.3634095184658,-30.487245204683
18.11,33.3895589328423,-30.5863736433533
18.111,33.41572490066,-30.6846637449477
18.112,33.4419072917296,-30.7821101424379
18.113,33.4681067372845,-30.8787109253435
18.114,33.4943211341514,-30.9744561103206
18.115,33.5205523100986,-31.0693460033938
18.116,33.5467992009044,-31.16337352337
18.117,33.5730623773855,-31.2565363656122
18.118,33.5993411240307,-31.3488277775721
18.119,33.6256358400902,-31.4402451208159
18.12,33.6519460099944,-31.5307821246219
18.121,33.6782722452584,-31.6204366551751
18.122,33.7046138635119,-31.7092021560463
18.123,33.7309713216632,-31.7970760912375
18.124,33.7573440586872,-31.884052261174
18.125,33.7837327512484,-31.9701286296931
18.126,33.8101367230007,-32.0552988465815
18.127,33.8365564263073,-32.1395603721808
18.128,33.8629913272022,-32.2229072203479
18.129,33.8894420184414,-32.3053371479057
18.13,33.9159078707748,-32.3868440807157
18.131,33.9423894170486,-32.4674256221196
18.132,33.9688860662394,-32.5470758765684
18.133,33.9953984579907,-32.6257926750735
18.134,34.0219259764347,-32.7035701691073
18.135,34.0484691292529,-32.780405911785
18.136,34.0750273329551,-32.856294185368
18.137,34.1016012059189,-32.9312327386205
18.138,34.1281902458333,-33.005216143602
18.139,34.1547949490493,-33.0782419772838
18.14,34.1814147074755,-33.150304644637
18.141,34.2080500453269,-33.2214017112033
18.142,34.2347004439096,-33.2915279008321
18.143,34.2613667055688,-33.360681390209
18.144,34.2880479750192,-33.4288563449161
18.145,34.314744906336,-33.4960506019073
18.146,34.341456850546,-33.5622588626253
18.147,34.3681843622959,-33.6274787696213
18.148,34.3949271844561,-33.6917058109313
18.149,34.4216854733943,-33.7549370870162
18.15,34.4484590408086,-33.8171681935718
18.151,34.4752478117183,-33.8783958460637
18.152,34.5020520880476,-33.9386166035126
18.153,34.5288714328471,-33.9978265007971
18.154,34.5557064380449,-34.0560228076085
18.155,34.5825560994546,-34.1132005668752
18.156,34.6094216391016,-34.1693582027266
18.157,34.6363020106735,-34.2244905983575
18.158,34.6631975207446,-34.2785949294755
18.159,34.6901087075982,-34.3316686500515
18.16,34.7170345240999,-34.3837069184022
18.161,34.7439757775183,-34.4347074661919
18.162,34.7709326281315,-34.484667486641
18.163,34.7979044637671,-34.5335826002002
18.164,34.8248915359455,-34.5814502031833
18.165,34.8518939285956,-34.6282670179091
18.166,34.8789112120301,-34.6740294355894
18.167,34.905944226745,-34.7187353649566
18.168,34.9329919148038,-34.7623802997912
18.169,34.9600552939314,-34.8049625072622
18.17,34.9871333518624,-34.8464777332393
18.171,35.0142272936493,-34.8869244316583
18.172,35.0413359910292,-34.9262982548531
18.173,35.0684599500941,-34.9645968385469
18.174,35.095598724944,-35.0018169711969
18.175,35.1227534780272,-35.0379570673214
18.176,35.1499228977424,-35.0730125059934
18.177,35.1771080808229,-35.10698215398
18.178,35.2043078375642,-35.1398616049802
18.179,35.2315233632658,-35.1716496449514
18.18,35.2587534374625,-35.202342154751
18.181,35.2859992688979,-35.231937805484
18.182,35.3132604678641,-35.2604334145898
18.183,35.3405363794971,-35.2878258322909
18.184,35.3678279557956,-35.3141133437381
18.185,35.3951341585675,-35.3392924056434
18.186,35.4224558100111,-35.3633612612627
18.187,35.449791967383,-35.3863167093477
18.188,35.4771438856945,-35.4081573337765
18.189,35.5045102756262,-35.4288796251457
18.19,35.5318919953149,-35.4484819233372
18.191,35.5592879827084,-35.4669611655994
18.192,35.5866996191523,-35.4843160816203
18.193,35.6141267077249,-35.5005441534036
18.194,35.6415679730108,-35.5156422319091
18.195,35.6690247255198,-35.5296091015906
18.196,35.6964968606496,-35.5424423918437
18.197,35.7239831528338,-35.5541392913408
18.198,35.751484969829,-35.5646985425028
18.199,35.7790022753377,-35.5741179316946
18.2,35.8065343386842,-35.5823949657272
18.201,35.8340815409076,-35.5895278644206
18.202,35.8616434715339,-35.595514520645
18.203,35.889220833291,-35.6003533373539
18.204,35.9168127961622,-35.6040420560371
18.205,35.9444202146748,-35.6065791678653
18.206,35.9720421426384,-35.6079625642784
18.207,35.9996795655235,-35.6081908290935
18.208,36.0273315716161,-35.6072618510902
18.209,36.0549984643253,-35.6051740492397
18.21,36.082680012387,-35.6019258265365
18.211,36.1103769694348,-35.5975156562206
18.212,36.1380881089442,-35.591941733186
18.213,36.1658147379985,-35.585202769497
18.214,36.1935562039304,-35.5772969184867
18.215,36.2213120398762,-35.5682229390548
18.216,36.2490834589021,-35.5579794119543
18.217,36.2768691768523,-35.5465645100472
18.218,36.3046702697843,-35.5339771306575
18.219,36.3324853890209,-35.5202157584092
18.22,36.3603158064335,-35.5052791979897
18.221,36.388160964132,-35.4891661105902
18.222,36.4160203596546,-35.4718755178155
18.223,36.4438951798487,-35.4534060824799
18.224,36.4717843081378,-35.4337564986652
18.225,36.4996887042031,-35.4129257574387
18.226,36.5276070974123,-35.3909127570445
18.227,36.5555406871018,-35.3677163516117
18.228,36.583488991937,-35.3433355928402
18.229,36.6114513678177,-35.3177699107708
18.23,36.6394290153969,-35.2910179989806
18.231,36.6674216160429,-35.263078828395
18.232,36.6954280845839,-35.2339521423384
18.233,36.7234497218622,-35.2036366345897
18.234,36.7514864694039,-35.1721313719697
18.235,36.7795369379716,-35.1394362712009
18.236,36.8076024519599,-35.1055500772628
18.237,36.8356830702842,-35.070471965992
18.238,36.8637774106305,-35.034202123636
18.239,36.8918867788413,-34.9967392961081
18.24,36.9200112236764,-34.9580827621371
18.241,36.9481493258569,-34.9182330254314
18.242,36.9763024347928,-34.8771887856292
18.243,37.0044705714994,-34.8349494502158
18.244,37.0326526187759,-34.7915153843142
18.245,37.06084983346,-34.7468853511447
18.246,37.0890606636704,-34.7010603540254
18.247,37.1172864430223,-34.6540390850224
18.248,37.1455272031522,-34.605821139297
18.249,37.1737819455332,-34.5564071293328
18.25,37.2020518489649,-34.5057959080937
18.251,37.2303354703905,-34.4539887895
18.252,37.2586340450491,-34.4009845122282
18.253,37.2869472298436,-34.3467831882546
18.254,37.3152740755285,-34.2913860732924
18.255,37.3436158435353,-34.2347918976305
18.256,37.3719725160688,-34.1770005493448
18.257,37.4003427413408,-34.1180136594941
18.258,37.428727770884,-34.0578299949978
18.259,37.4571276740293,-33.9964495520649
18.26,37.4855411695987,-33.9338743078888
18.261,37.513969493961,-33.8701030436317
18.262,37.5424125494611,-33.8051360018731
18.263,37.5708691202572,-33.7389753300311
18.264,37.5993404747768,-33.6716197707242
18.265,37.6278266251982,-33.6030695657489
18.266,37.6563261836286,-33.5333272477119
18.267,37.6848404528472,-33.4623915093847
18.268,37.7133695043544,-33.3902626792938
18.269,37.7419119995178,-33.3169434677588
18.27,37.7704691981988,-33.2424326237032
18.271,37.7990411500776,-33.1667306099425
18.272,37.8276265686168,-33.0898403885059
18.273,37.8562266836648,-33.0117607536679
18.274,37.8848414800801,-32.9324923504393
18.275,37.9134696356382,-32.852038435386
18.276,37.9421124348129,-32.7703977058638
18.277,37.9707699168678,-32.6875708630888
18.278,37.9994408520765,-32.603561109247
18.279,38.0281264658252,-32.5183672100762
18.28,38.0568261171581,-32.4319913865314
18.281,38.0855397351499,-32.3444350809679
18.282,38.1142682145282,-32.2556975523219
18.283,38.1430101064994,-32.1657828397902
18.284,38.1717665865899,-32.0746898375031
18.285,38.200537412254,-31.9824200980023
18.286,38.2293215371249,-31.8889772785744
18.287,38.2581201856428,-31.7943601892158
18.288,38.286933387889,-31.6985699513508
18.289,38.3157598225846,-31.6016108580487
18.29,38.3446006997464,-31.5034816878193
18.291,38.3734560543506,-31.4041837539818
18.292,38.4023246821404,-31.3037214775135
18.293,38.4312077449229,-31.2020937847931
18.294,38.4601051337133,-31.0993023616024
18.295,38.4890157015445,-30.9953517237808
18.296,38.517940633644,-30.8902407480188
18.297,38.546879955306,-30.7839709387528
18.298,38.5758323260767,-30.6765474747701
18.299,38.6047989768241,-30.5679690853654
18.3,38.6337799681628,-30.4582373537876
18.301,38.6627740467961,-30.3473574449169
18.302,38.691782393314,-30.2353281923892
18.303,38.720804838374,-30.1221519157514
18.304,38.7498403504092,-30.0078335308151
18.305,38.7788900561331,-29.8923720691657
18.306,38.8079539838443,-29.775769390243
18.307,38.837030844447,-29.6580313042378
18.308,38.8661218151686,-29.539156673385
18.309,38.8952269464453,-29.4191474449419
18.31,38.9243449438188,-29.2980096680758
18.311,38.9534769898772,-29.1757421731703
18.312,38.9826231370016,-29.0523470304734
18.313,39.0117821089474,-28.9278305222411
18.314,39.0409550636223,-28.8021915676489
18.315,39.0701420480555,-28.6754323569715
18.316,39.0993417707619,-28.5475594321283
18.317,39.128555404568,-28.4185716485403
18.318,39.1577830102638,-28.2884712877721
18.319,39.1870232906287,-28.1572651771962
18.32,39.2162774114872,-28.0249522027319
18.321,39.2455454339258,-27.8915347636085
18.322,39.2748260938071,-27.7570197980206
18.323,39.3041205369109,-27.6214062413321
18.324,39.3334288029695,-27.484696682166
18.325,39.3627496858126,-27.3468981315683
18.326,39.3920842834941,-27.208009719459
18.327,39.4214326128113,-27.068034222001
18.328,39.4507934586284,-26.9269789151661
18.329,39.4801679434153,-26.7848428474
18.33,39.5095561154986,-26.6416288116926
18.331,39.5389567222551,-26.4973444417431
18.332,39.5683708953941,-26.3519887377196
18.333,39.5977986925837,-26.2055645879954
18.334,39.6272388627465,-26.0580798635859
18.335,39.6566925270633,-25.9095336100713
18.336,39.6861597452659,-25.7599288294439
18.337,39.7156392756167,-25.6092735898402
18.338,39.74513223178,-25.4575669658008
18.339,39.7746386706722,-25.3048120879888
18.34,39.8041573613526,-25.1510172180467
18.341,39.8336894041727,-24.9961814931456
18.342,39.8632348568567,-24.8403081636093
18.343,39.8927924981408,-24.6834056818065
18.344,39.9223634242446,-24.5254732046399
18.345,39.951947687678,-24.3665141177994
18.346,39.9815440802035,-24.2065370462068
18.347,40.0111536827016,-24.0455412211565
18.348,40.0407765484324,-23.8835301503891
18.349,40.0704114779179,-23.7205126492729
18.35,40.1000595494513,-23.5564879674989
18.351,40.1297208106081,-23.3914597499777
18.352,40.159394075365,-23.2254369718169
18.353,40.1890804077502,-23.058418954728
18.354,40.2187798546298,-22.890409472208
18.355,40.2484912402747,-22.7214176752388
18.356,40.2782156240819,-22.5514429175464
18.357,40.3079530469132,-22.3804891132518
18.358,40.3377023469433,-22.2085655622846
18.359,40.367464571706,-22.0356716836563
18.36,40.3972397589117,-21.8618115297988
18.361,40.4270267595031,-21.6869945559744
18.362,40.4568266141993,-21.5112202272758
18.363,40.4866393545113,-21.3344927415383
18.364,40.516463845553,-21.156821693083
18.365,40.5463011181362,-20.9782066071309
18.366,40.5761511985995,-20.7986518275569
18.367,40.6060129660166,-20.6181670869835
18.368,40.6358874434237,-20.4367519643203
18.369,40.6657746507366,-20.2544109530361
18.37,40.6956734813062,-20.0711539155109
18.371,40.7255849495747,-19.886980488884
18.372,40.7555090694537,-19.7018953166286
18.373,40.7854447482775,-19.5159083882609
18.374,40.8153929927539,-19.3290193973651
18.375,40.8453538104411,-19.141233138586
18.376,40.8753261225772,-18.9525597236848
18.377,40.9053109280527,-18.7629989042034
18.378,40.9353082283637,-18.5725556255182
18.379,40.9653169583894,-18.3812401188047
18.38,40.9953381096779,-18.1890521934751
18.381,41.0253716775963,-17.9959969456633
18.382,41.0554166103844,-17.8020847218083
18.383,41.0854738922594,-17.6073153901848
18.384,41.1155435125982,-17.4116941973123
18.385,41.1456244328559,-17.2152316009435
18.386,41.1757176300716,-17.0179275290318
18.387,41.2058230875541,-16.8197873787264
18.388,41.2359397799736,-16.6208217140819
18.389,41.2660686772355,-16.4210305241417
18.39,41.296209756521,-16.2204193568316
18.391,41.3263620058157,-16.0189988771678
18.392,41.3565263878895,-15.8167691367997
18.393,41.3867028736191,-15.6137358352165
18.394,41.4168904645397,-15.4099097320268
18.395,41.447090116238,-15.2052909434412
18.396,41.4773017930296,-14.999885321475
18.397,41.5075245103892,-14.7937037133522
18.398,41.5377592166156,-14.5867463019587
18.399,41.5680058690573,-14.3790190936855
18.4,41.5982634976907,-14.1705330150085
18.401,41.6285330433647,-13.9612883181557
18.402,41.6588144559844,-13.7512911659284
18.403,41.6891067807642,-13.5405525550166
18.404,41.7194109508604,-13.3290728098441
18.405,41.749726908103,-13.1168582527828
18.406,41.7800537138681,-12.9039199399388
18.407,41.8103922933446,-12.6902582715241
18.408,41.8407425794926,-12.4758797331185
18.409,41.8711036511051,-12.2607954281479
18.41,41.9014764249703,-12.0450058365598
18.411,41.931860824096,-11.8285176130036
18.412,41.9622559463279,-11.6113418927943
18.413,41.9926626995404,-11.3934792408387
18.414,42.0230809953484,-11.1749364881125
18.415,42.0535099529574,-10.9557247834186
18.416,42.0839504705021,-10.7358447828448
18.417,42.1144024462118,-10.515303505268
18.418,42.1448650238552,-10.2941120875055
18.419,42.1753390907739,-10.0722712856907
18.42,42.2058245286234,-9.84978832407158
18.421,42.2363205110126,-9.62667429118828
18.422,42.2668279125245,-9.40293005583326
18.423,42.2973465925089,-9.17856307954794
18.424,42.3278757633042,-8.95358433996538
18.425,42.3584162832338,-8.72799484050545
18.426,42.3889679786031,-8.50180234827714
18.427,42.4195301219304,-8.27501759654124
18.428,42.4501035476236,-8.0476417705506
18.429,42.4806880150412,-7.81968315073249
18.43,42.5112829316733,-7.59115176246898
18.431,42.5418890801086,-7.36204913456653
18.432,42.5725059633591,-7.13238523971842
18.433,42.603133784604,-6.90216538350246
18.434,42.6337721549844,-6.67139849004765
18.435,42.6644218773682,-6.44008674275472
18.436,42.6950818242462,-6.20824336929185
18.437,42.72575299713,-5.97586914125716
18.438,42.7564345543029,-5.74297588666722
18.439,42.7871272223463,-5.50956566391833
18.44,42.817830345542,-5.27565172324493
18.441,42.8485462510137,-5.04123634752251
18.442,42.879276929911,-4.80632673682468
18.443,42.9100233788748,-4.57093308564223
18.444,42.9407860391525,-4.33506149930779
18.445,42.9715641899994,-4.09871964766957
18.446,43.0023568149317,-3.86191436781138
18.447,43.033162944776,-3.62465245279863
18.448,43.0639819249175,-3.38694083226168
18.449,43.0948133667713,-3.148786489979
18.45,43.1256570468079,-2.91019642934343
18.451,43.1565128498569,-2.67117765653696
18.452,43.1873807365396,-2.43173716284582
18.453,43.2182607325046,-2.19188188809271
18.454,43.2491529111602,-1.95161866916293
18.455,43.280057384677,-1.71095428317461
18.456,43.3109742237799,-1.46989587143686
18.457,43.3419033852014,-1.22845092390023
18.458,43.3728447640196,-0.986627072109184
18.459,43.4037982876292,-0.744431249867912
18.46,43.4347636556993,-0.501871845960045
18.461,43.4657407952002,-0.258953921208103
18.462,43.4967292962468,-0.015687839134674
18.463,43.527728882359,0.227921409119052
18.464,43.558739003347,0.471863419168499
18.465,43.5897595117032,0.716133976950016
18.466,43.620790082481,0.960722645682439
18.467,43.6518304704431,1.2056244281949
18.468,43.682880377699,1.45082926694863
18.469,43.7139394723702,1.69633108229435
18.47,43.74500749605,1.94212060822591
18.471,43.7760842962138,2.18819215926867
18.472,43.8071696798918,2.43453597253311
18.473,43.8382634700824,2.68114601055541
18.474,43.8693655122252,2.9280128516616
18.475,43.9004756991771,3.17513031125125
18.476,43.9315939147589,3.4224890736078
18.477,43.9627200898877,3.67008267727483
18.478,43.9938541488046,3.91790210004271
18.479,44.0249960476472,4.16594048628415
18.48,44.0561457524873,4.41418919541418
18.481,44.087303239247,4.66264094915385
18.482,44.1184685123872,4.91128749082727
18.483,44.1496415728253,5.16012120166024
18.484,44.1808224569757,5.40913411489839
18.485,44.212011206471,5.65831847497442
18.486,44.2432078996651,5.9076665169897
18.487,44.2744126465176,6.15717059703814
18.488,44.3056255839762,6.40682307138733
18.489,44.336846803377,6.65661594481616
18.49,44.3680763198298,6.90654094801445
18.491,44.3993141049206,7.15658993836404
18.492,44.4305601543561,7.40675482300889
18.493,44.461814412224,7.65702733452023
18.494,44.4930769498758,7.9073996441358
18.495,44.5243475416997,8.15786267264701
18.496,44.5556263821148,8.40840914447102
18.497,44.5869134007281,8.65903111270202
18.498,44.6182088439421,8.90972038458154
18.499,44.6495122648939,9.16046738047855
18.5,44.6808239833203,9.41126506642952
18.501,44.7121441473464,9.6621069372334
18.502,44.743472577579,9.91298146872834
18.503,44.7748094793257,10.1638839749196
18.504,44.8061546578935,10.4148025945262
18.505,44.8375082994953,10.6657327403831
18.506,44.8688702816751,10.9166626276318
18.507,44.900240764495,11.1675879217524
18.508,44.9316196247275,11.4184959706235
18.509,44.9630069425349,11.6693831381867
18.51,44.994402820323,11.9202367431573
18.511,45.0258071407958,12.171051835284
18.512,45.0572204581859,12.421818025568
18.513,45.0886426322841,12.6725289109562
18.514,45.120074322227,12.9231751034529
18.515,45.1515151987517,13.1737484100402
18.516,45.1829661220306,13.4242422292614
18.517,45.2144265381253,13.6746450747237
18.518,45.245897090153,13.9249517185779
18.519,45.277377376036,14.1751509015249
18.52,45.3088680004968,14.4252376608026
18.521,45.3403689841215,14.6752017639799
18.522,45.3718796564089,14.9250320731582
18.523,45.4034005895507,15.1747256666757
18.524,45.4349311240463,15.4242691166086
18.525,45.4664715554869,15.673657947969
18.526,45.498021513365,15.9228811725011
18.527,45.5295808278098,16.1719313798943
18.528,45.5611498063331,16.4208015356765
18.529,45.5927282198207,16.6694823040532
18.53,45.6243159583273,16.9179640388425
18.531,45.6559131019958,17.1662405769637
18.532,45.687518952178,17.4142995482493
18.533,45.7191344375418,17.6621386799342
18.534,45.7507589955734,17.9097452436852
18.535,45.7823927429309,18.1571132142692
18.536,45.8140347925567,18.4042304468937
18.537,45.8456858196587,18.6510931580861
18.538,45.877344913189,18.8976887445605
18.539,45.9090125321454,19.1440122944536
18.54,45.9406876007989,19.3900509541665
18.541,45.9723705168166,19.6357998448905
18.542,46.0040607047132,19.8812473390587
18.543,46.035758960509,20.1263906638176
18.544,46.0674639123149,20.3712150954792
18.545,46.099176344517,20.6157180508283
18.546,46.1308942791566,20.8598823090379
18.547,46.1626189488513,21.1037070027859
18.548,46.1943493895647,21.3471807677578
18.549,46.2260859172601,21.5902967999608
18.55,46.2578279283031,21.8330453121581
18.551,46.2895752247885,22.075416336524
18.552,46.3213277717566,22.3174028928033
18.553,46.3530859075809,22.5589979090952
18.554,46.3848494372599,22.8001928919867
18.555,46.4166180493964,23.0409784595995
18.556,46.4483916150461,23.2813452894905
18.557,46.4801697730691,23.521285081694
18.558,46.5119529437472,23.7607906185227
18.559,46.5437411628618,23.9998543503948
18.56,46.5755341179536,24.238467586296
18.561,46.6073315328676,24.4766214799493
18.562,46.6391331808243,24.7143068659507
18.563,46.6709388290296,24.95151504562
18.564,46.7027488040442,25.1882388878544
18.565,46.7345632764374,25.4244702851083
18.566,46.766382371477,25.660200868526
18.567,46.7982061411578,25.8954218160697
18.568,46.8300344353864,26.1301237526707
18.569,46.8618672085082,26.3642979762766
18.57,46.8937048431776,26.5979376734343
18.571,46.9255475081247,26.8310346865165
18.572,46.9573951153206,27.0635796423614
18.573,46.989247824351,27.2955645546392
18.574,47.0211053205313,27.5269794489844
18.575,47.0529674690558,27.7578158355761
18.576,47.0848343808647,27.9880658110441
18.577,47.1167060977006,28.2177210969158
18.578,47.1485826359518,28.4467733316593
18.579,47.1804640054818,28.6752141594881
18.58,47.2123502140492,28.9030352416767
18.581,47.2442412681589,29.1302282533819
18.582,47.2761371902628,29.356784889364
18.583,47.3080379974793,29.5826968551818
18.584,47.3399437013692,29.807955865599
18.585,47.3718543075799,30.0325536440616
18.586,47.4037698171789,30.2564819232862
18.587,47.4356902258978,30.479732445078
18.588,47.4676155252761,30.7022969610345
18.589,47.4995457035721,30.9241672331713
18.59,47.531480745875,31.1453350341964
18.591,47.5634208627406,31.3657922975977
18.592,47.5953694743032,31.5855331109658
18.593,47.6273322886701,31.8045533656289
18.594,47.6593133993898,32.0228505769303
18.595,47.6913095888846,32.240405331253
18.596,47.7233201971592,32.4572091020378
18.597,47.7553446162628,32.6732536945167
18.598,47.787382285795,32.8885309850439
18.599,47.8194326439122,33.1030327409915
18.6,47.8514950763143,33.3167504426373
18.601,47.8835695708194,33.5296766708066
18.602,47.9156561040244,33.7418062247408
18.603,47.9477538277364,33.9531305580788
18.604,47.9798613095116,34.1636362474597
18.605,48.011979230898,34.3733193891038
18.606,48.044108811876,34.5821781687561
18.607,48.0762469365819,34.7901941625956
18.608,48.1083943670051,34.9973633439559
18.609,48.1405525575369,35.2036841784221
18.61,48.1727187290283,35.4091395523021
18.611,48.2048936811666,35.6137261587998
18.612,48.2370783500492,35.817439221022
18.613,48.2692713337783,36.0202665006377
18.614,48.3014725615235,36.2222020393955
18.615,48.3336814558662,36.4232353686425
18.616,48.3658994137723,36.6233647022178
18.617,48.3981243811473,36.8225748596092
18.618,48.4303572927518,37.0208626100949
18.619,48.4625982637641,37.2182198927539
18.62,48.494847337798,37.4146403706106
18.621,48.5271034551207,37.6101133268042
18.622,48.5593675281116,37.8046338139257
18.623,48.5916389622101,37.9981933864429
18.624,48.6239176204127,38.1907829976593
18.625,48.6562040166539,38.382398728258
18.626,48.6884976101306,38.5730296202186
18.627,48.720798549766,38.7626708241511
18.628,48.7531064451956,38.9513114839873
18.629,48.7854219716159,39.1389484698551
18.63,48.8177441741663,39.3255694398528
18.631,48.8500736656952,39.5111711070295
18.632,48.8824100307318,39.6957426064882
18.633,48.9147540590207,39.8792808233576
18.634,48.9471046802766,40.0617740506494
18.635,48.9794627059711,40.2432185554565
18.636,49.0118275032718,40.423603904069
18.637,49.0441995008696,40.6029256151398
18.638,49.0765782332446,40.7811735307134
18.639,49.1089642611063,40.9583436173769
18.64,49.1413569708649,41.1344254228117
18.641,49.1737569144018,41.3094147390087
18.642,49.2061635395673,41.4833014704774
18.643,49.2385775572675,41.6560819582458
18.644,49.2709982436964,41.8277457015227
18.645,49.3034261433932,41.9982884548714
18.646,49.335860653544,42.16770026209
18.647,49.3683024963626,42.3359773495896
18.648,49.4007511809806,42.5031101254939
18.649,49.4332068867285,42.6690936015689
18.65,49.4656694794951,42.8339191209971
18.651,49.4981389214852,42.9975811121279
18.652,49.530615373106,43.160071945499
18.653,49.5630985088502,43.3213849934492
18.654,49.595588770813,43.4815139691724
18.655,49.6280854575873,43.6404507651515
18.656,49.660589437885,43.7981908087898
18.657,49.6930994778308,43.9547242761146
18.658,49.7256169191271,44.1100480201388
18.659,49.7581405044745,44.264151813136
18.66,49.7906707035457,44.4170307650381
18.661,49.8232078131928,44.568678629343
18.662,49.8557508911982,44.7190868307152
18.663,49.8883013097571,44.8682522479297
18.664,49.9208587907697,45.0161678486093
18.665,49.953422395725,45.1628249736764
18.666,49.9859931127424,45.3082197671944
18.667,50.0185697380976,45.4523427653613
18.668,50.0511535392267,45.5951908565229
18.669,50.0837434203517,45.7367548292478
18.67,50.1163403088417,45.8770309612533
18.671,50.1489431719786,46.0160105107038
18.672,50.18155284946,46.1536889677152
18.673,50.214169145604,46.2900600263339
18.674,50.246791885422,46.4251168120683
18.675,50.2794212635777,46.5588541916143
18.676,50.3120569023547,46.6912648009898
18.677,50.3446993204149,46.8223442009557
18.678,50.3773479198986,46.9520846122715
18.679,50.4100033338948,47.0804819268777
18.68,50.4426649486037,47.2075283945998
18.681,50.4753333925646,47.3332199532729
18.682,50.5080079497013,47.4575488203417
18.683,50.540689395853,47.5805111922201
18.684,50.573377035522,47.7020993924785
18.685,50.6060713952062,47.8223091793617
18.686,50.6387719356637,47.9411335859157
18.687,50.6714793743259,48.0585685862646
18.688,50.7041928634709,48.174606544047
18.689,50.7369131843919,48.2892437246289
18.69,50.7696394676935,48.4024728651166
18.691,50.8023725254023,48.5142899440554
18.692,50.8351120094257,48.6246888971588
18.693,50.8678578228181,48.7336639755529
18.694,50.9006102957567,48.8412107600681
18.695,50.9333687995275,48.947322555552
18.696,50.9661341101598,49.0519956830629
18.697,50.998905403167,49.1552230540443
18.698,51.0316831557419,49.2570005337369
18.699,51.06446694972,49.357322195868
18.7,51.0972576526676,49.4561846208786
18.701,51.1300541966981,49.5535806042717
18.702,51.1628575304033,49.6495069398339
18.703,51.1956666595955,49.7439567950386
18.704,51.2284825796216,49.8369270281056
18.705,51.2613042837099,49.9284107907166
18.706,51.2941324111065,50.0184043783412
18.707,51.3269662111632,50.1069017957458
18.708,51.3598068688907,50.1939002455088
18.709,51.3926539062396,50.279394051748
18.71,51.4255070285278,50.3633780807665
18.711,51.45836657169,50.445848212972
18.712,51.4912320902057,50.526799134619
18.713,51.5241042478474,50.6062273193688
18.714,51.5569822698883,50.6841269579337
18.715,51.5898669529856,50.760494805123
18.716,51.6227574803783,50.8353252343694
18.717,51.6556547328362,50.9086151491588
18.718,51.6885578654317,50.9803587987201
18.719,51.721467203875,51.0505523881026
18.72,51.7543825215245,51.1191914838689
18.721,51.7873045217706,51.1862727837685
18.722,51.8202321172081,51.2517906198685
18.723,51.8531665363875,51.3157426344625
18.724,51.8861067817517,51.3781231077
18.725,51.9190537839413,51.4389297628383
18.726,51.9520062348778,51.4981564323972
18.727,51.9849653829465,51.5558010878414
18.728,52.0179310489149,51.6118594764674
18.729,52.0509021693264,51.6663266142629
18.73,52.0838800353958,51.7192001815793
18.731,52.1168645145581,51.7704762053147
18.732,52.1498544427382,51.8201496706475
18.733,52.1828510490709,51.8682183929473
18.734,52.2158542702083,51.9146785857888
18.735,52.2488630262272,51.9595256045125
18.736,52.2818785153015,52.0027572299426
18.737,52.3149006841472,52.0443698307986
18.738,52.347928816951,52.0843593149463
18.739,52.380963732409,52.1227231824907
18.74,52.4140046843034,52.1594573099937
18.741,52.4470520585175,52.194558759936
18.742,52.4801053489387,52.2280240316044
18.743,52.5131655069677,52.2598507375587
18.744,52.5462315877752,52.2900348965397
18.745,52.5793045317819,52.3185742739514
18.746,52.6123834442618,52.3454651611657
18.747,52.6454692685941,52.3707053354293
18.748,52.6785612181971,52.3942912411513
18.749,52.7116596271956,52.4162202020466
18.75,52.7447640675191,52.4364892349643
18.751,52.7778753501899,52.4550960543853
18.752,52.8109925358603,52.4720374344506
18.753,52.8441166583634,52.4873113338612
18.754,52.8772468291214,52.5009145922498
18.755,52.9103833827077,52.5128447870993
18.756,52.9435256816928,52.523099351502
18.757,52.9766749103406,52.5316763179495
18.758,53.0098300074614,52.5385726158147
18.759,53.042992058929,52.5437866247258
18.76,53.0761597539322,52.5473154065982
18.761,53.1093342588073,52.549157212218
18.762,53.1425152497691,52.5493096404208
18.763,53.1757018601054,52.547770569952
18.764,53.2088953452234,52.5445381589483
18.765,53.2420956819255,52.539610285782
18.766,53.2753016072564,52.5329847659189
18.767,53.3085143498192,52.524659941275
18.768,53.3417339474413,52.5146338557368
18.769,53.3749591886753,52.5029047058356
18.77,53.4081913075833,52.4894708287308
18.771,53.4414303192029,52.4743304258322
18.772,53.4746750250075,52.4574819423257
18.773,53.5079266358044,52.4389237794424
18.774,53.5411851618036,52.4186542994954
18.775,53.5744494153504,52.3966722741722
18.776,53.6077206252528,52.3729761256096
18.777,53.6409988256265,52.3475643807225
18.778,53.6742828140761,52.320436038471
18.779,53.7075737863542,52.2915895958943
18.78,53.7408717604103,52.2610237453219
18.781,53.7741755731594,52.2287378310902
18.782,53.8074864285374,52.1947303646636
18.783,53.8408043618442,52.1590001950575
18.784,53.8741281645456,52.1215469063583
18.785,53.907459030042,52.0823690791646
18.786,53.9407970091665,52.0414657270717
18.787,53.9741409020875,51.9988367699933
18.788,54.007491908412,51.9544808150899
18.789,54.0408500841052,51.9083970335529
18.79,54.0742142398812,51.8605855762829
18.791,54.107585542576,51.8110451226969
18.792,54.1409640166919,51.7597750327237
18.793,54.1743485546415,51.7067757554744
18.794,54.2077402937816,51.6520460302251
18.795,54.2411392479887,51.5955853765275
18.796,54.2745442551754,51.5373945561128
18.797,54.3079564828556,51.4774723311831
18.798,54.3413759939193,51.4158183624798
18.799,54.3748016096698,51.3524336883902
18.8,54.4082344799358,51.2873171306141
18.801,54.4416746505963,51.2204685383686
18.802,54.4751209987184,51.1518892299105
18.803,54.5085746446982,51.0815781107077
18.804,54.5420356287326,51.0095351912186
18.805,54.5755027849577,50.9357621169691
18.806,54.6089772610099,50.8602578062281
18.807,54.6424591280555,50.7830224140687
18.808,54.6759472199617,50.7040578693765
18.809,54.709442667918,50.6233631505664
18.81,54.7429455335978,50.5409385966953
18.811,54.7764546849173,50.4567864119319
18.812,54.8099712280019,50.3709056694525
18.813,54.8434952235029,50.2832968713055
18.814,54.877025516023,50.1939625425058
18.815,54.9105632288156,50.1029017725731
18.816,54.9441084380486,50.0101152179231
18.817,54.9776599869214,49.9156057073969
18.818,55.0112189900997,49.8193723912344
18.819,55.04478552693,49.7214160918921
18.82,55.0783584466739,49.6217399308678
18.821,55.1119388550794,49.5203431239722
18.822,55.1455268333745,49.4172266612199
18.823,55.1791212402392,49.3123939472861
18.824,55.2127231722913,49.2058442634669
18.825,55.2463327108989,49.0975787710292
18.826,55.2799487223626,48.987601158572
18.827,55.3135722922222,48.8759107800947
18.828,55.3472035020429,48.7625089658949
18.829,55.3808412294698,48.6473996823094
18.83,55.414486552878,48.5305823499728
18.831,55.448139552684,48.4120584753968
18.832,55.4817991180317,48.2918323006933
18.833,55.5154663153853,48.1699033310383
18.834,55.5491412261554,48.0462732457015
18.835,55.5828227497265,47.9209465626252
18.836,55.61651194769,47.7939228514086
18.837,55.6502088988081,47.6652039707114
18.838,55.6839125154021,47.5347947034385
18.839,55.7176238458109,47.4026947099469
18.84,55.7513429690307,47.2689060255647
18.841,55.7850688073988,47.1334337047348
18.842,55.8188024047222,46.9962774761256
18.843,55.8525438368213,46.8574395569042
18.844,55.8862920392115,46.716925258316
18.845,55.920048043484,46.5747343992215
18.846,55.9538119240555,46.4308693800065
18.847,55.9875826287368,46.2853357710925
18.848,56.0213611824661,46.1381334700792
18.849,56.0551476555736,45.9892650641728
18.85,56.0889410098207,45.8387363717135
18.851,56.1227422596809,45.686547379451
18.852,56.1565514717416,45.5327008655089
18.853,56.1903676222838,45.3772028925682
18.854,56.2241917174915,45.2200535342365
18.855,56.258023818711,45.061255762948
18.856,56.2918629173321,44.9008158784281
18.857,56.3257100102997,44.7387340444715
18.858,56.3595651533953,44.5750134318311
18.859,56.393427353642,44.4096605721486
18.86,56.4272975994764,44.2426757197784
18.861,56.4611759404432,44.0740622465749
18.862,56.4950613991513,43.903826911315
18.863,56.5289549556696,43.7319700598066
18.864,56.5628566534159,43.5584952671412
18.865,56.5967655303542,43.3834095161419
18.866,56.6306825586851,43.2067132442132
18.867,56.6646077758144,43.0284102301321
18.868,56.6985402342425,42.8485076788355
18.869,56.7324808986871,42.6670061192927
18.87,56.7664298010532,42.4839095334535
18.871,56.8003860076366,42.2992253475262
18.872,56.8343504761485,42.1129541820813
18.873,56.8683232335178,41.9251002211244
18.874,56.9023033588948,41.7356711112131
18.875,56.9362918032124,41.5446675645697
18.876,56.9702885888426,41.3520939661685
18.877,57.0042928071393,41.1579581815739
18.878,57.0383054026348,40.9622610152005
18.879,57.0723263934787,40.765007052405
18.88,57.1063548827579,40.5662043755385
18.881,57.1403918086665,40.3658538818294
18.882,57.1744371853265,40.1639603564525
18.883,57.2084901272642,39.9605320957825
18.884,57.2425515664504,39.7555700907957
18.885,57.2766215129212,39.5490793267523
18.886,57.31069909265,39.3410683101507
18.887,57.3447852313661,39.1315381268793
18.888,57.3788799348791,38.9204939625674
18.889,57.4129823405735,38.707944529402
18.89,57.4470933679811,38.4938910096018
18.891,57.4812130187368,38.2783387901009
18.892,57.5153404420943,38.0612967838322
18.893,57.5494765512418,37.8427662708535
18.894,57.5836213431928,37.6227528406426
18.895,57.6177739793197,37.4012656007346
18.896,57.6519353663767,37.1783059308415
18.897,57.6861054964011,36.9538796243053
18.898,57.7202835434232,36.7279959767801
18.899,57.7544704075812,36.5006564696547
18.9,57.7886660754355,36.27186710241
18.901,57.8228697343641,36.0416373508963
18.902,57.8570822774789,35.8099688004182
18.903,57.8913036851629,35.5768676591348
18.904,57.925533159027,35.34234357427
18.905,57.9597715852399,35.1063982380877
18.906,57.9940189372311,34.8690380710783
18.907,58.0282744320859,34.6302728813603
18.908,58.0625389484515,34.390104471294
18.909,58.096812451797,34.1485394783287
18.91,58.131094176207,33.905587858926
18.911,58.1653849923139,33.6612515296089
18.912,58.1996848561696,33.4155373513299
18.913,58.2339930210436,33.1684554130538
18.914,58.2683103487689,32.9200077505972
18.915,58.3026367840363,32.6702014580006
18.916,58.3369716024311,32.4190467354143
18.917,58.3713156559065,32.1665457450931
18.918,58.4056688746068,31.9127058295356
18.919,58.4400305616241,31.6575372685747
18.92,58.4744015571134,31.4010423615711
18.921,58.5087817711707,31.1432287278292
18.922,58.5431705439558,30.8841066716912
18.923,58.5775687003507,30.623678648689
18.924,58.6119761179124,30.3619526187464
18.925,58.6463921976504,30.0989387834836
18.926,58.6808177401398,29.8346397992276
18.927,58.7152525487785,29.5690641829656
18.928,58.7496961858874,29.3022215118452
18.929,58.7841493897675,29.034114831625
18.93,58.818611613249,28.7647546465203
18.931,58.8530835580358,28.4941449085374
18.932,58.8875643220781,28.2222974496024
18.933,58.9220548114453,27.9492150318342
18.934,58.9565543136126,27.6749091251476
18.935,58.9910636604406,27.3993828924425
18.936,59.0255819180723,27.1226489524905
18.937,59.0601099287155,26.8447102015527
18.938,59.0946474546698,26.5655759301513
18.939,59.129194180396,26.2852557079015
18.94,59.1637507346289,26.0037534478455
18.941,59.1983164019931,25.7210812352993
18.942,59.2328920821245,25.4372423388954
18.943,59.2674770372112,25.1522487746853
18.944,59.302072607971,24.8661048040761
18.945,59.3366794440126,24.5788244345316
18.946,59.371299713131,24.2904127057571
18.947,59.4059344364614,24.0008788070004
18.948,59.4405837713872,23.710231269643
18.949,59.4752472472474,23.4184780793088
18.95,59.5099241268777,23.1256270029165
18.951,59.5446136519396,22.8316857873319
18.952,59.5793151752995,22.536662274553
18.953,59.6140282190138,22.240564458293
18.954,59.6487524143742,21.9434004365653
18.955,59.6834874767842,21.6451783913753
18.956,59.7182331901943,21.3459065686077
18.957,59.7529893833212,21.0455932596955
18.958,59.7877559188743,20.7442467931168
18.959,59.8225327125596,20.4418755330002
18.96,59.8573197086337,20.138487863808
18.961,59.8921168709255,19.8340922232828
18.962,59.926924161174,19.5286971794118
18.963,59.9617415211445,19.2223114453371
18.964,59.9965688718792,18.9149437897502
18.965,60.0314061364701,18.6066030151153
18.966,60.0662532532773,18.2972979458791
18.967,60.1011101745849,17.9870374594779
18.968,60.1359768553834,17.6758304604262
18.969,60.1708532494109,17.3636859086096
18.97,60.2057393121418,17.0506127961143
18.971,60.2406350020679,16.7366201941413
18.972,60.2755402830713,16.4217171855709
18.973,60.310455126693,16.10591293892
18.974,60.3453795090644,15.7892166255076
18.975,60.3803134218027,15.4716374888397
18.976,60.4152568541844,15.1531847944782
18.977,60.4502098220688,14.8338678405093
18.978,60.4851723266478,14.5136959934574
18.979,60.5201444066806,14.192678603803
18.98,60.5551260720275,13.8708251406816
18.981,60.5901173771947,13.5481450262297
18.982,60.6251183339176,13.2246478347006
18.983,60.6601290059642,12.9003430705513
18.984,60.6951493956988,12.5752404297791
18.985,60.7301795828547,12.2493494588453
18.986,60.7652195353294,11.9226800630854
18.987,60.8002693720933,11.5952417474497
18.988,60.8353289728447,11.2670447862741
18.989,60.8703985028057,10.9380987163773
18.99,60.9054779215199,10.6084129976416
18.991,60.9405674367701,10.2779977715247
18.992,60.9756668695411,9.94686331543462
18.993,61.0107764381518,9.61501939319974
18.994,61.0458962395156,9.28247477255679
18.995,61.0810263495431,8.94924082453589
18.996,61.1161667978451,8.61532666299031
18.997,61.1513177279834,8.2807428363975
18.998,61.1864789153529,7.94550012732336
18.999,61.2216505957212,7.60960809760957
19,61.2568329873093,7.27307509663715
19.001,61.2920258686897,6.93591450545901
19.002,61.3272294382127,6.59813464992525
19.003,61.3624438494259,6.25974494400695
19.004,61.3976689528801,5.92075861203985
19.005,61.4329049984081,5.58118259655617
19.006,61.4681520415431,5.24102897239058
19.007,61.5034102030538,4.90030728645717
19.008,61.5386792465471,4.55902991452207
19.009,61.5739594785444,4.21720491137792
19.01,61.6092506140315,3.87484495354862
19.011,61.6445529007224,3.53196007670812
19.012,61.6798665610956,3.18855736046738
19.013,61.7151911846743,2.84465413127279
19.014,61.7505266132605,2.50025590817635
19.015,61.7858734994312,2.15537399690636
19.016,61.8212312753977,1.81002081874965
19.017,61.8566003296898,1.4642065678998
19.018,61.8919808542441,1.11793822518745
19.019,61.9273724680416,0.771233034255001
19.02,61.9627751811563,0.424096182344844
19.021,61.9981891279246,0.0765421951101478
19.022,62.0336140608733,-0.271420594103222
19.023,62.0690502330662,-0.619779193355228
19.024,62.1044972738456,-0.968524509544107
19.025,62.1399554921045,-1.31764408854284
19.026,62.1754246174615,-1.6671290530673
19.027,62.2109047872563,-2.01696568792763
19.028,62.2463957292242,-2.36714587796474
19.029,62.2818976093141,-2.71765583361059
19.03,62.3174102236223,-3.06848752927388
19.031,62.3529336379231,-3.41962652501403
19.032,62.3884677263344,-3.77106554399566
19.033,62.4240124888035,-4.12278951010217
19.034,62.459567845377,-4.47479139096372
19.035,62.4951337791711,-4.82705608123194
19.036,62.5307102456966,-5.1795762948329
19.037,62.5662972137398,-5.5323373289736
19.038,62.6018946656189,-5.88533092950922
19.039,62.6375024695784,-6.23854278071282
19.04,62.6731208987013,-6.59196471682747
19.041,62.7087497878773,-6.94558259647083
19.042,62.7443894248523,-7.29938781775379
19.043,62.7800396728928,-7.65336643604644
19.044,62.8157008301729,-8.00750955823564
19.045,62.8513729180812,-8.36180434240903
19.046,62.8870560339365,-8.71624037547617
19.047,62.9227502140827,-9.07080637557293
19.048,62.9584555058796,-9.42549171267751
19.049,62.9941717923455,-9.78028504744288
19.05,63.0298986116787,-10.1351738790469
19.051,63.0656358321345,-10.4901480362579
19.052,63.1013827887016,-10.8451930281975
19.053,63.1371398278565,-11.2002999474127
19.054,63.1729072581819,-11.5554582428884
19.055,63.208685230691,-11.9106566987904
19.056,63.2444731773214,-12.2658813316903
19.057,63.2802717102969,-12.6211242074922
19.058,63.3160801138711,-12.9763700757096
19.059,63.351898215839,-13.3316090125008
19.06,63.3877262898069,-13.6868299752916
19.061,63.4235642920234,-14.0420215303635
19.062,63.4594122176023,-14.3971720850224
19.063,63.4952701384067,-14.7522699429723
19.064,63.5311381104275,-15.1073033877879
19.065,63.5670161855886,-15.4622607213421
19.066,63.602904421279,-15.8171302643372
19.067,63.6388028973231,-16.1719003423143
19.068,63.6747116866488,-16.5265592762234
19.069,63.710630855271,-16.8810953784315
19.07,63.7465604635705,-17.2354969519876
19.071,63.7825005664882,-17.5897522906998
19.072,63.8184512133562,-17.9438496794144
19.073,63.8544124492247,-18.2977773943565
19.074,63.890384314094,-18.65152370342
19.075,63.9263668440345,-19.0050768665303
19.076,63.9623600721682,-19.3584251360083
19.077,63.9983640285831,-19.7115567568661
19.078,64.0343787398041,-20.0644599671094
19.079,64.0704042298704,-20.4171229981327
19.08,64.1064405193549,-20.7695340749726
19.081,64.1424876262623,-21.1216814167082
19.082,64.1785455665533,-21.4735532368312
19.083,64.2146143542628,-21.8251377435774
19.084,64.2506940004699,-22.1764231401774
19.085,64.2867845141294,-22.5273976252827
19.086,64.3228866054617,-22.8780497229285
19.087,64.3590045645923,-23.2283696919561
19.088,64.3951440489925,-23.5783487385703
19.089,64.4313080406948,-23.9279793152667
19.09,64.4674938146507,-24.2772377301883
19.091,64.5036996423204,-24.6261086292641
19.092,64.5399251150285,-24.974580817492
19.093,64.576169794681,-25.3226427458055
19.094,64.6124330778586,-25.6702817941331
19.095,64.6487147432695,-26.0174867916274
19.096,64.6850157996001,-26.3642541817581
19.097,64.7213345591429,-26.7105668802436
19.098,64.7576695685032,-27.0564072442381
19.099,64.7940219937691,-27.4017709621173
19.1,64.8303915929656,-27.7466460473415
19.101,64.8667782714658,-28.0910243614243
19.102,64.9031811733421,-28.4348908558998
19.103,64.9395996385172,-28.7782314890772
19.104,64.9760337194902,-29.1210358348514
19.105,65.0124841774114,-29.4632962746255
19.106,65.0489500492789,-29.8049986947862
19.107,65.0854312636959,-30.1461311968005
19.108,65.1219275295635,-30.4866821460107
19.109,65.1584389035432,-30.8266394163751
19.11,65.1949656976041,-31.1659945864683
19.111,65.231507139511,-31.5047325753373
19.112,65.2680637409465,-31.8428452970342
19.113,65.3046349631593,-32.1803180787915
19.114,65.3412210322162,-32.5171419911617
19.115,65.3778215535955,-32.853302377027
19.116,65.4144368002869,-33.1887904673357
19.117,65.4510663027733,-33.5235909195719
19.118,65.4877108705955,-33.8576974616488
19.119,65.5243695239383,-34.1910930463176
19.12,65.5610428036751,-34.523769809637
19.121,65.5977302807941,-34.8557126858885
19.122,65.634432811099,-35.1869154333173
19.123,65.6711493953976,-35.5173614496738
19.124,65.7078805213444,-35.847041967944
19.125,65.744625773777,-36.1759427040585
19.126,65.7813860146009,-36.5040571451003
19.127,65.8181601606596,-36.8313679702378
19.128,65.8549491894309,-37.157868915866
19.129,65.8917522047416,-37.4835435042424
19.13,65.9285700035999,-37.8083847412487
19.131,65.9654019074395,-38.1323770963863
19.132,66.0022484595824,-38.4555125318961
19.133,66.0391092521745,-38.7777766631934
19.134,66.0759845275715,-39.099160161311
19.135,66.1128741169319,-39.4196494902306
19.136,66.1497784815409,-39.7392364220398
19.137,66.1866970559784,-40.0579061791976
19.138,66.2236301421128,-40.375649538332
19.139,66.260577577,-40.692453130609
19.14,66.2975399417069,-41.008309223748
19.141,66.3345164958487,-41.3232026816016
19.142,66.3715078863604,-41.6371255695296
19.143,66.4085134373691,-41.9500630326508
19.144,66.445533600997,-42.2620060858313
19.145,66.4825682002289,-42.5729421348487
19.146,66.5196176392977,-42.882862622723
19.147,66.5566813930226,-43.1917532812489
19.148,66.5937597763546,-43.4996049922369
19.149,66.6308527037404,-43.8064052965617
19.15,66.6679601380425,-44.1121436242799
19.151,66.7050822790348,-44.4168089025468
19.152,66.7422189748422,-44.7203900343521
19.153,66.7793704309122,-45.0228764023223
19.154,66.816536073069,-45.3242547807765
19.155,66.8537168443611,-45.6245175708141
19.156,66.8909118420366,-45.9236501780413
19.157,66.9281213894115,-46.2216426899304
19.158,66.9653460021394,-46.5184863954778
19.159,67.0025846821168,-46.8141661207519
19.16,67.0398387703968,-47.1086762267901
19.161,67.0771069276701,-47.4020004046118
19.162,67.1143899985841,-47.6941310874809
19.163,67.1516871972007,-47.9850541492496
19.164,67.1889997771027,-48.2747638344004
19.165,67.2263273507372,-48.5632481849673
19.166,67.2636689946449,-48.8504928124724
19.167,67.3010259632041,-49.1364919322321
19.168,67.3383980581737,-49.421234407675
19.169,67.3757845943255,-49.704707072703
19.17,67.4131862150416,-49.986901773783
19.171,67.450602366628,-50.2678055888368
19.172,67.4880333679065,-50.5474093520199
19.173,67.5254792067551,-50.8257023568002
19.174,67.5629397672953,-51.1026735844118
19.175,67.600415306039,-51.3783134505533
19.176,67.63790541324,-51.6526098689248
19.177,67.6754108015871,-51.9255551034181
19.178,67.7129305388189,-52.1971351006727
19.179,67.7504657116763,-52.4673436650603
19.18,67.7880152726844,-52.7361664615258
19.181,67.8255802621037,-53.0035971520598
19.182,67.8631596430565,-53.2696214505047
19.183,67.9007539939114,-53.5342313271791
19.184,67.9383628870182,-53.7974148805147
19.185,67.9759872305555,-54.0591654494922
19.186,68.0136257385478,-54.3194679513802
19.187,68.051279724013,-54.5783172926019
19.188,68.0889491387238,-54.835703535333
19.189,68.1266331347335,-55.0916135758107
19.19,68.1643325219398,-55.3460404242688
19.191,68.202046386893,-55.598970715871
19.192,68.2397757517901,-55.8503981473689
19.193,68.2775196835083,-56.1003093933783
19.194,68.3152785001991,-56.3486957414866
19.195,68.3530523634002,-56.5955480018661
19.196,68.390840745968,-56.84085436023
19.197,68.4286447893183,-57.0846093503825
19.198,68.4664631161753,-57.3267981923595
19.199,68.5042969513109,-57.5674160155787
19.2,68.5421461671098,-57.8064528605876
19.201,68.5800096742585,-58.04389527385
19.202,68.6178887720789,-58.2797381696437
19.203,68.6557832261325,-58.5139715063334
19.204,68.6936919483448,-58.746582093275
19.205,68.7316162311358,-58.9775649272826
19.206,68.7695559972886,-59.2069106425128
19.207,68.8075101227683,-59.4346060080589
19.208,68.8454798028059,-59.6606459037042
19.209,68.8834648505332,-59.885020525776
19.21,68.9214642674355,-60.1077173538816
19.211,68.9594793700042,-60.3287314129199
19.212,68.9975100437329,-60.5480535215398
19.213,69.0355552767077,-60.7656712429352
19.214,69.0736161843188,-60.9815794197495
19.215,69.111691989873,-61.195766454986
19.216,69.149783406825,-61.408225937884
19.217,69.187889250735,-61.6189449221556
19.218,69.2260108230887,-61.8279188341013
19.219,69.2641481014001,-62.0351390487071
19.22,69.3022998217238,-62.2405927946701
19.221,69.3404672505142,-62.444275470371
19.222,69.3786503854043,-62.6461786083669
19.223,69.4168480022714,-62.8462898078145
19.224,69.455061338247,-63.0446044105662
19.225,69.4932903750724,-63.2411140369743
19.226,69.5315339678506,-63.4358067563374
19.227,69.5697933110579,-63.6286778335436
19.228,69.6080683530132,-63.8197188839665
19.229,69.6463579996895,-64.0089184053213
19.23,69.6846634620097,-64.1962717376925
19.231,69.7229847230439,-64.3817708044273
19.232,69.7613210914352,-64.5654055211092
19.233,69.799673247623,-64.7471698897779
19.234,69.8380405383889,-64.9270539561885
19.235,69.8764235773167,-65.1050515412223
19.236,69.914821733549,-65.2811529716983
19.237,69.9532357797548,-65.4553525499091
19.238,69.9916650227085,-65.6276405204736
19.239,70.0301100008715,-65.7980106438766
19.24,70.0685701318918,-65.9664537066098
19.241,70.1070463231028,-66.132964549339
19.242,70.1455376911832,-66.2975331936922
19.243,70.1840446279375,-66.460153222398
19.244,70.2225665380671,-66.6208157293574
19.245,70.2611045397957,-66.7795162486809
19.246,70.2996572772638,-66.9362438846926
19.247,70.3382259374188,-67.0909947011477
19.248,70.3768103429947,-67.2437610414955
19.249,70.4154094233406,-67.3945331191591
19.25,70.4540244651555,-67.5433070124953
19.251,70.4926553900892,-67.6900756152806
19.252,70.5313012278665,-67.8348296061679
19.253,70.5699630178041,-67.9775647064221
19.254,70.6086403109977,-68.1182729624675
19.255,70.6473330415753,-68.2569474403797
19.256,70.6860412703097,-68.3935815693722
19.257,70.7247649405497,-68.5281685282236
19.258,70.7635041596217,-68.6607019405326
19.259,70.802258818476,-68.7911749998803
19.26,70.8410290806113,-68.9195815808693
19.261,70.8798147588192,-69.0459148417914
19.262,70.9186160919688,-69.1701689435488
19.263,70.9574328149205,-69.2923370115672
19.264,70.9962652184058,-69.4124134331028
19.265,71.0351130039414,-69.5303914016429
19.266,71.0739764608524,-69.6462654132056
19.267,71.1128553089733,-69.7600288426955
19.268,71.1517498052892,-69.8716762296177
19.269,71.1906597091737,-69.9812011705727
19.27,71.2295852353355,-70.0885982318258
19.271,71.268526187831,-70.1938612372665
19.272,71.3074827384075,-70.2969847840366
19.273,71.3464547336391,-70.39796291529
19.274,71.3854423072382,-70.4967902739892
19.275,71.424445341218,-70.593461105924
19.276,71.4634639395709,-70.6879701204272
19.277,71.5024980104428,-70.7803117464471
19.278,71.5415476372167,-70.8704807804316
19.279,71.5806127451237,-70.9584718168999
19.28,71.6196934049614,-71.0442797567888
19.281,71.6587895516491,-71.1278993468567
19.282,71.6979012496104,-71.2093256054346
19.283,71.7370284377748,-71.2885534222813
19.284,71.7761711788366,-71.3655779423383
19.285,71.815329411414,-71.4403941922323
19.286,71.8545032001916,-71.5129974503689
19.287,71.8936924797402,-71.5833828757535
19.288,71.9328973201427,-71.6515458858949
19.289,71.9721176482799,-71.7174817684752
19.29,72.0113535431355,-71.7811860852051
19.291,72.0506049201187,-71.842654249156
19.292,72.0898718708457,-71.9018819709975
19.293,72.1291542952672,-71.9588647862302
19.294,72.1684523014889,-72.01359855871
19.295,72.2077657701758,-72.0660789442649
19.296,72.2470948292645,-72.1163019628888
19.297,72.2864393374711,-72.1642633905491
19.298,72.3257994441627,-72.209959403775
19.299,72.3651749859551,-72.2533859016982
19.3,72.4045661322406,-72.2945392142231
19.301,72.4439727005984,-72.3334153700296
19.302,72.4833948761746,-72.3700108465117
19.303,72.5228324622947,-72.4043218095106
19.304,72.5622856550569,-72.4363448781218
19.305,72.601754247742,-72.4660763617116
19.306,72.6412384439378,-72.4935130172157
19.307,72.6807380295001,-72.5186513018687
19.308,72.7202532136165,-72.5414881084038
19.309,72.7597837760829,-72.5620200448317
19.31,72.799329930711,-72.5802441386494
19.311,72.8388914515917,-72.596157150462
19.312,72.8784685562543,-72.6097562415578
19.313,72.9180610137036,-72.6210383272099
19.314,72.9576690452361,-72.6300007024643
19.315,72.997292415561,-72.6366404394919
19.316,73.0369313499261,-72.6409549671698
19.317,73.0765856083065,-72.6429415155856
19.318,73.116255419565,-72.6425976469442
19.319,73.1559405394774,-72.6399207512468
19.32,73.1956412007923,-72.6349085240873
19.321,73.2353571545629,-72.6275585163738
19.322,73.2750886373062,-72.617868556645
19.323,73.3148353956614,-72.6058363586129
19.324,73.354597670261,-72.5914598837111
19.325,73.3943752027884,-72.574737009517
19.326,73.4341682380164,-72.5556658298832
19.327,73.473976512786,-72.5342443881093
19.328,73.5138002764674,-72.5104709102621
19.329,73.5536392604125,-72.4843436065448
19.33,73.5934937187699,-72.4558608346238
19.331,73.6333633774252,-72.4250209735812
19.332,73.6732484958149,-72.3918225122294
19.333,73.7131487938563,-72.3562640000907
19.334,73.75306453668,-72.3183440564204
19.335,73.7929954377113,-72.2780614029517
19.336,73.8329417683139,-72.2354147884975
19.337,73.8729032349871,-72.1904031089145
19.338,73.9128801157778,-72.1430252415832
19.339,73.952872109414,-72.0932802583174
19.34,73.9928795012517,-72.0411671637801
19.341,74.0329019821133,-71.986685208208
19.342,74.0729398451424,-71.9298335222786
19.343,74.1129927723637,-71.870611536939
19.344,74.153061065525,-71.8090185072058
19.345,74.1931443976389,-71.7450540470893
19.346,74.2332430792192,-71.6787175344191
19.347,74.2733567731597,-71.6100087691048
19.348,74.3134857998462,-71.5389272495237
19.349,74.3536298127636,-71.4654729636023
19.35,74.3937891414189,-71.389645529155
19.351,74.4339634273999,-71.3114451260502
19.352,74.4741530116171,-71.2308714878111
19.353,74.5143575283162,-71.1479249858417
19.354,74.5545773257183,-71.062605471508
19.355,74.5948120205155,-70.974913517597
19.356,74.6350619766151,-70.8848490823381
19.357,74.6753268175077,-70.7924129228908
19.358,74.7156069024308,-70.6976051267181
19.359,74.7559018067476,-70.6004266853254
19.36,74.7962119232384,-70.5008777619607
19.361,74.836536928421,-70.3989594419889
19.362,74.8768770983431,-70.2946721644735
19.363,74.9172320222652,-70.1880172776272
19.364,74.9576020575339,-70.0789952178086
19.365,74.9979870212777,-69.9676072718973
19.366,75.0383869496946,-69.8538544581034
19.367,75.0788018708753,-69.7377379200171
19.368,75.1192317133967,-69.6192589840674
19.369,75.1596765105642,-69.4984189137051
19.37,75.2001361942619,-69.3752191921838
19.371,75.2406108172929,-69.24966120713
19.372,75.2811002656604,-69.1217466736723
19.373,75.3216046616594,-68.9914770200215
19.374,75.3621237874143,-68.8588542966209
19.375,75.4026578668178,-68.7238798958119
19.376,75.4432066462305,-68.5865561215862
19.377,75.4837703869486,-68.4468844284279
19.378,75.5243487021484,-68.3048675420627
19.379,75.5649419753495,-68.160506777785
19.38,75.6055498635451,-68.0138050250368
19.381,75.6461726702931,-67.8647638948833
19.382,75.6868099113724,-67.7133867328111
19.383,75.7274619216477,-67.5596751175898
19.384,75.7681284837589,-67.4036320710195
19.385,75.8088100364436,-67.2452592106417
19.386,75.8495057986372,-67.0845609657943
19.387,75.890216059774,-66.9215391282456
19.388,75.9309406622401,-66.7561968475428
19.389,75.9716799620447,-66.5885361996324
19.39,76.0124332270704,-66.4185618613734
19.391,76.0532013066945,-66.2462747956091
19.392,76.0939842450927,-66.0716783729791
19.393,76.1347815007267,-65.8947771802717
19.394,76.1755937583927,-65.7155726877928
19.395,76.2164202206674,-65.5340704382511
19.396,76.2572611766658,-65.3502728061859
19.397,76.2981163837241,-65.1641838616137
19.398,76.3389861903885,-64.9758062283265
19.399,76.3798699565915,-64.7851453326618
19.4,76.4207687121367,-64.5922023103073
19.401,76.4616813967907,-64.3969838016928
19.402,76.5026088035799,-64.1994912921685
19.403,76.5435508069499,-63.9997294379153
19.404,76.5845070311467,-63.7977033997592
19.405,76.6254780389475,-63.5934155128303
19.406,76.6664634384991,-63.3868713984787
19.407,76.7074636245529,-63.1780741694934
19.408,76.7484780385789,-62.9670298391876
19.409,76.7895071592454,-62.7537412580012
19.41,76.8305505180861,-62.5382143811543
19.411,76.8716084672758,-62.3204525229125
19.412,76.9126804843948,-62.1004620677288
19.413,76.95376686458,-61.8782464804196
19.414,76.9948673744223,-61.6538114235114
19.415,77.0359824832478,-61.427160175493
19.416,77.0771114066106,-61.1983005092793
19.417,77.1182544206196,-60.9672360176448
19.418,77.1594113957601,-60.7339722276112
19.419,77.2005824180271,-60.4985140450486
19.42,77.2417674220478,-60.2608668381923
19.421,77.2829664014313,-60.0210362303229
19.422,77.324179461083,-59.7790271068989
19.423,77.3654062056968,-59.5348465891194
19.424,77.4066472751848,-59.2884977026047
19.425,77.4479020364476,-59.0399888532273
19.426,77.4891713140036,-58.7893228410263
19.427,77.5304540884176,-58.536509131182
19.428,77.5717511869716,-58.2815503636023
19.429,77.6130623432894,-58.0244538588141
19.43,77.6543874074368,-57.7652262022164
19.431,77.6957266143683,-57.5038723371705
19.432,77.7370793353691,-57.2404009409975
19.433,77.778446270886,-56.9748152404288
19.434,77.8198270761071,-56.7071233125737
19.435,77.861221834449,-56.4373312337485
19.436,77.9026303470411,-56.1654460554518
19.437,77.9440527012147,-55.8914739417687
19.438,77.9854887147408,-55.6154220445693
19.439,78.0269387116679,-55.3372962529123
19.44,78.0684033715887,-55.0571061891608
19.441,78.1098851907195,-54.7748577860927
19.442,78.151385764218,-54.4905597979068
19.443,78.1929058820726,-54.2042205358948
19.444,78.2344451759319,-53.9158473287554
19.445,78.2760026219974,-53.6254469383764
19.446,78.3175771204042,-53.3330257575265
19.447,78.3591678842395,-53.0385904736897
19.448,78.4007744537504,-52.7421480958139
19.449,78.442396565097,-52.443705829797
19.45,78.4840340786025,-52.1432710125121
19.451,78.5256869414069,-51.8408510656513
19.452,78.5673551755904,-51.5364534525247
19.453,78.6090388553764,-51.2300856514982
19.454,78.6507380633186,-50.9217553004251
19.455,78.6924528019403,-50.6114703742476
19.456,78.7341830149381,-50.2992388379891
19.457,78.7759285886534,-49.9850690512864
19.458,78.8176895384448,-49.6689681445834
19.459,78.859465542969,-49.3509461481109
19.46,78.9012565005618,-49.0310085538635
19.461,78.9430621489814,-48.7091658529519
19.462,78.9848822587448,-48.3854240800703
19.463,79.0267163761327,-48.0597939499591
19.464,79.0685642852749,-47.7322813061052
19.465,79.1104256840846,-47.4028967839473
19.466,79.1523000840555,-47.0716481799617
19.467,79.1941872493896,-46.7385441350265
19.468,79.2360869463199,-46.4035932332031
19.469,79.2779988938566,-46.0668048662248
19.47,79.319922968879,-45.7281867394985
19.471,79.3618589452014,-45.3877493991678
19.472,79.4038066409305,-45.0455004010282
19.473,79.4457659089899,-44.7014503757991
19.474,79.4877366037114,-44.3556072204027
19.475,79.5297186162133,-44.0079815080774
19.476,79.5717118528806,-43.6585814841137
19.477,79.6137162429337,-43.3074176388136
19.478,79.6557317257784,-42.9544986535188
19.479,79.6977582686718,-42.5998348395758
19.48,79.7397958366432,-42.2434353494876
19.481,79.7818444312576,-41.8853102958689
19.482,79.8239040453752,-41.5254692502132
19.483,79.8659747093529,-41.1639221918603
19.484,79.9080564553672,-40.8006789554991
19.485,79.9501493508131,-40.4357494700696
19.486,79.9922534934668,-40.0691436169675
19.487,80.0343690213398,-39.7008712821488
19.488,80.0764960541285,-39.3309426160096
19.489,80.1186346253004,-38.9593681769647
19.49,80.1607847133442,-38.5861584127652
19.491,80.2029462969329,-38.211323796571
19.492,80.2451193527734,-37.834874871227
19.493,80.2873038808807,-37.4568221822942
19.494,80.329499851253,-37.0771764593616
19.495,80.3717073353829,-36.6959481530227
19.496,80.4139261628741,-36.3131487248683
19.497,80.4561565664853,-35.9287880722843
19.498,80.4983983144617,-35.5428777871397
19.499,80.5406516885442,-35.1554284393228
19.5,80.5829166509841,-34.7664500961591
19.501,80.6251933101168,-34.3759556716489
19.502,80.667481277565,-33.9839553636525
19.503,80.7097809030946,-33.5904609390642
19.504,80.7520922228389,-33.195481335992
19.505,80.7944151544652,-32.7990315459278
19.506,80.8367497087237,-32.4011190325347
19.507,80.8790960122375,-32.0017588403438
19.508,80.9214537430529,-31.60095974597
19.509,80.9638233187879,-31.1987353517287
19.51,81.0062047491295,-30.7950944898657
19.511,81.048598408467,-30.3900521426612
19.512,81.0910040806902,-29.9836177795934
19.513,81.1334225083654,-29.5758040106908
19.514,81.1758533986612,-29.1666227236399
19.515,81.2182975521678,-28.7560846276812
19.516,81.2607544948346,-28.3442042903174
19.517,81.3032247265323,-27.9309915205404
19.518,81.3457079273993,-27.5164605772582
19.519,81.3882047100087,-27.1006205556535
19.52,81.4307151751179,-26.6834853159336
19.521,81.4732387206521,-26.2650696116186
19.522,81.5157758740454,-25.8453808342215
19.523,81.5583259415068,-25.4244365807732
19.524,81.6008892276929,-25.002244176948
19.525,81.6434658398177,-24.5788170712793
19.526,81.6860554380992,-24.1541688339413
19.527,81.7286578613484,-23.7283107428405
19.528,81.7712729584793,-23.3012561664849
19.529,81.8139001854629,-22.8730176791136
19.53,81.8565395508224,-22.4436078109341
19.531,81.8991912505437,-22.01303765981
19.532,81.9418548984017,-21.5813209880423
19.533,81.9845306477831,-21.1484712403506
19.534,82.0272183796148,-20.7144994719205
19.535,82.0699178053081,-20.2794209885088
19.536,82.112629235289,-19.8432452994178
19.537,82.1553521053366,-19.4059873120932
19.538,82.19808601559,-18.9676616281255
19.539,82.2408315357534,-18.5282774275086
19.54,82.2835878839428,-18.0878509717167
19.541,82.3263552943874,-17.6463930662644
19.542,82.3691326579274,-17.2039217216551
19.543,82.4119208120179,-16.7604448757739
19.544,82.454719244757,-16.3159771268385
19.545,82.4975272867158,-15.8705341415386
19.546,82.5403448063872,-15.4241282941404
19.547,82.5831719392729,-14.976770713718
19.548,82.6260082995703,-14.5284762234723
19.549,82.6688538596667,-14.0792568125976
19.55,82.7117081690027,-13.6291273129161
19.551,82.7545710552533,-13.1781030515841
19.552,82.7974424924718,-12.7261958843248
19.553,82.840322767281,-12.2734182119877
19.554,82.8832116338508,-11.8197838569584
19.555,82.9261087618827,-11.3653076473988
19.556,82.9690142492073,-10.9100028171585
19.557,83.0119278324975,-10.4538831424871
19.558,83.0548494049799,-9.99696414708115
19.559,83.0977786713845,-9.53925846903473
19.56,83.1407159374322,-9.08077886445838
19.561,83.1836610195706,-8.62153883610191
19.562,83.2266135465836,-8.16155299354368
19.563,83.2695734863137,-7.70083523300711
19.564,83.3125408448126,-7.2394001143279
19.565,83.3555157687965,-6.77726150682362
19.566,83.3984979980779,-6.31443559725625
19.567,83.4414874393197,-5.85093648002005
19.568,83.4844842391036,-5.38677799009291
19.569,83.5274884536826,-4.9219745275934
19.57,83.5705001101181,-4.456540625586
19.571,83.6135192263504,-3.99049084576295
19.572,83.6565458191403,-3.52383974769221
19.573,83.699579905277,-3.05660189458194
19.574,83.7426215018821,-2.58879186915673
19.575,83.7856706262792,-2.12042428191157
19.576,83.8287272951395,-1.65151377330512
19.577,83.8717915231724,-1.18207501382218
19.578,83.9148633238773,-0.712122704097187
19.579,83.9579427079738,-0.241671574316277
19.58,84.0010296840487,0.229263615830543
19.581,84.0441242599495,0.700668077146388
19.582,84.0872264589833,1.17252698835517
19.583,84.1303362984498,1.64482550181081
19.584,84.1734537896814,2.11754874262817
19.585,84.2165789372545,2.59068180869439
19.586,84.2597117402582,3.06420977054268
19.587,84.3028521936266,3.53811767135045
19.588,84.3460002879305,4.01239052731801
19.589,84.3891560091089,4.48701332808785
19.59,84.4323193394957,4.96197103694156
19.591,84.475490257902,5.43724859147889
19.592,84.5186712021762,5.91283124999005
19.593,84.5618679233279,6.38870494116344
19.594,84.6050850928852,6.86485622470885
19.595,84.6483213102914,7.34126188153825
19.596,84.6915753749782,7.81790490305682
19.597,84.7348463910853,8.29476929497857
19.598,84.7781336222349,8.77183961873709
19.599,84.8214366798572,9.24910048195104
19.6,84.8647560825805,9.72654433356063
19.601,84.9080909169493,10.2041544066395
19.602,84.9514395520694,10.6819101350138
19.603,84.9948013943535,11.1597958432504
19.604,85.0381782853831,11.6378061654144
19.605,85.0815684482756,12.1159206520645
19.606,85.1249704735442,12.5941179061383
19.607,85.1683851666978,13.0723890836166
19.608,85.2118135671517,13.5507242335221
19.609,85.255253928295,14.0291020843288
19.61,85.2987054561767,14.507505210774
19.611,85.3421683279672,14.9859202582487
19.612,85.3856438304401,15.4643382471314
19.613,85.4291296477386,15.9427337555989
19.614,85.4726269101788,16.421099440918
19.615,85.5161350391788,16.8994149614984
19.616,85.5596548004946,17.3776726226441
19.617,85.6031842755636,17.8558461937574
19.618,85.6467245312055,18.3339283271338
19.619,85.6902752685796,18.8118999531473
19.62,85.7338371262189,19.2897513064483
19.621,85.7774079717852,19.7674563164029
19.622,85.820989623373,20.2450088827107
19.623,85.8645806359942,20.7223860486387
19.624,85.9081822783521,21.1995792794215
19.625,85.9517937248419,21.6765688559862
19.626,85.995415183099,22.1533426716794
19.627,86.0390464812686,22.6298824190128
19.628,86.0826879264924,23.1061762339036
19.629,86.1263384043649,23.5822022358043
19.63,86.1699991746341,24.0579521155657
19.631,86.2136687302472,24.5334022016696
19.632,86.2573485338649,25.0085447047296
19.633,86.301037251115,25.4833574961017
19.634,86.3447358124582,25.9578295453597
19.635,86.3884434948685,26.4319413559776
19.636,86.4321605700054,26.905679800484
19.637,86.4758873751451,27.3790298019878
19.638,86.5196232260462,27.8519737585016
19.639,86.5633686501434,28.3244978305907
19.64,86.607122816566,28.7965837028119
19.641,86.6508865314043,29.2682176582325
19.642,86.6946597051357,29.7393853428103
19.643,86.7384418093596,30.2100677806563
19.644,86.7822332482609,30.6802523613926
19.645,86.826033582375,31.1499199587211
19.646,86.869843464406,31.6190596360031
19.647,86.9136621399322,32.0876507105924
19.648,86.9574901508943,32.5556815270728
19.649,87.0013269490103,33.0231324648186
19.65,87.0451731263299,33.4899921184913
19.651,87.0890281780353,33.9562410296271
19.652,87.1328924568248,34.4218669576056
19.653,87.1767654753007,34.8868504606916
19.654,87.2206477489973,35.3511796624988
19.655,87.2645387903992,35.814835296556
19.656,87.308439131286,36.2778058720583
19.657,87.3523480779153,36.7400713512677
19.658,87.3962660681157,37.2016192496398
19.659,87.440192843887,37.6624315026299
19.66,87.4841288080924,38.1224962944351
19.661,87.5280733024932,38.5817936733187
19.662,87.5720269162095,39.0403121405271
19.663,87.615988948694,39.4980319947041
19.664,87.6599599994112,39.9549411427607
19.665,87.7039397103802,40.4110215756168
19.666,87.7479282010914,40.8662597116857
19.667,87.7919252234664,41.320637889425
19.668,87.835931125299,41.7741433517714
19.669,87.8799453077742,42.2267571874508
19.67,87.9239682674929,42.6784669266298
19.671,87.9679998354736,43.1292555258152
19.672,88.0120397607414,43.5791077702143
19.673,88.0560884751815,44.0280093546591
19.674,88.1001451623372,44.4759420044558
19.675,88.1442108288576,44.922894470018
19.676,88.1882843192158,45.3688463376915
19.677,88.2323662446456,45.8137852368567
19.678,88.2764559833114,46.2576929376507
19.679,88.3205545783134,46.7005591508727
19.68,88.3646608103238,47.1423627783613
19.681,88.4087757864566,47.5830944207766
19.682,88.4528987232909,48.0227350946044
19.683,88.4970302340101,48.4612729493434
19.684,88.5411693366978,48.8986884448619
19.685,88.5853168025483,49.3349693079212
19.686,88.6294723831433,49.770099809308
19.687,88.6736361753395,50.2040649903771
19.688,88.717807630994,50.6368480240969
19.689,88.7619875233255,51.0684368129883
19.69,88.8061749242595,51.498812261822
19.691,88.8503703878815,51.9279617521039
19.692,88.8945732906347,52.3558677608542
19.693,88.9387846685471,52.7825196207657
19.694,88.9830041072663,53.2079006735481
19.695,89.0272310902769,53.6319941509967
19.696,89.0714663508629,54.0547880479234
19.697,89.1157089762654,54.4762636729082
19.698,89.159959958031,54.8964102975904
19.699,89.2042183155289,55.3152087959074
19.7,89.2484846681421,55.7326470523511
19.701,89.2927582935925,56.1487074402038
19.702,89.3370403269798,56.5633797866797
19.703,89.3813299203974,56.9766457687927
19.704,89.4256273091535,57.3884916873748
19.705,89.4699321026001,57.7989016139533
19.706,89.5142451732743,58.2078644197739
19.707,89.5585657020031,58.6153619565441
19.708,89.6028943712503,59.0213832007444
19.709,89.6472303136905,59.4259096460916
19.71,89.6915743782569,59.8289305187296
19.711,89.7359256665991,60.2304274900699
19.712,89.7802849135626,60.6303892677801
19.713,89.8246513085763,61.0287983468606
19.714,89.8690258138833,61.4256440872457
19.715,89.9134074303779,61.8209079174978
19.716,89.9577966953717,62.214577819407
19.717,90.0021928069235,62.6066363806525
19.718,90.0465970086374,62.9970743116923
19.719,90.0910091444751,63.3858772654832
19.72,90.1354279805205,63.7730259031252
19.721,90.1798547448683,64.1585114848261
19.722,90.2242893738281,64.5423198614818
19.723,90.268730864654,64.9244329402713
19.724,90.3131803482846,65.304841517173
19.725,90.3576372785098,65.6835293627846
19.726,90.4021017219412,66.0604828958089
19.727,90.446573441961,66.4356875685567
19.728,90.4910527869387,66.8091309121462
19.729,90.5355392401734,67.1807971676931
19.73,90.5800334470681,67.5506752165747
19.731,90.6245346855661,67.918748468947
19.732,90.6690435762968,68.2850058107049
19.733,90.7135594549593,68.6494312077652
19.734,90.7580830848006,69.0120140889212
19.735,90.8026136787994,69.3727376518537
19.736,90.8471515418833,69.7315897081768
19.737,90.8916962589479,70.08855552564
19.738,90.9362487866086,70.4436253970371
19.739,90.9808077984482,70.796780621181
19.74,91.0253744783445,71.1480130077137
19.741,91.0699486687645,71.4973087934664
19.742,91.1145292979271,71.844650840705
19.743,91.1591175755357,72.1900306244477
19.744,91.2037133878383,72.5334348438564
19.745,91.2483158753677,72.874847289085
19.746,91.2929260047082,73.2142589634573
19.747,91.3375431541397,73.5516544857432
19.748,91.3821674878066,73.8870216810717
19.749,91.4267988240961,74.2203472754135
19.75,91.471437418877,74.5516194670847
19.751,91.516082925574,74.8808242935774
19.752,91.5607357952776,75.2079507651597
19.753,91.605395540638,75.5329844834503
19.754,91.6500626735064,75.8559147639405
19.755,91.6947366936402,76.1767273143614
19.756,91.739418157926,76.4954116661044
19.757,91.7841065296704,76.8119535060694
19.758,91.8288023638372,77.1263425141201
19.759,91.8735051113798,77.4385645298462
19.76,91.9182153136773,77.7486093429411
19.761,91.9629324078195,78.0564628626708
19.762,92.0076569039703,78.362114918671
19.763,92.052388286637,78.6655517666204
19.764,92.0971270189555,78.9667631852434
19.765,92.1418726081912,79.2657356057182
19.766,92.1866254759791,79.562458793796
19.767,92.2313851965118,79.8569195877455
19.768,92.2761521321174,80.1491076361853
19.769,92.3209258992182,80.4390100311073
19.77,92.3657068179836,80.7266163990868
19.771,92.4104945612169,81.0119141794287
19.772,92.4552893986464,81.294892918565
19.773,92.5000910501034,81.5755403478585
19.774,92.5448997458828,81.8538459938974
19.775,92.5897152475736,82.1297978687273
19.776,92.6345377517267,82.4033854947157
19.777,92.6793670528475,82.6745971323482
19.778,92.7242033231378,82.9434223391239
19.779,92.7690463802638,83.2098495908874
19.78,92.8138963812209,83.4738685151573
19.781,92.8587531576618,83.7354677729534
19.782,92.9036168593665,83.9946370925269
19.783,92.9484873242587,84.2513652956178
19.784,92.9933647013467,84.505642235764
19.785,93.0382488287381,84.7574568771658
19.786,93.0831398594784,85.0067992170131
19.787,93.1280376274711,85.2536583498791
19.788,93.1729422930208,85.4980244291059
19.789,93.217853683011,85.7398866728605
19.79,93.262771966735,85.9792353981156
19.791,93.3076969627409,86.2160599446746
19.792,93.3526288496484,86.4503507960961
19.793,93.3975674376964,86.6820974158536
19.794,93.4425129141053,86.9112904537043
19.795,93.4874650816448,87.1379195013109
19.796,93.5324241348721,87.3619753724293
19.797,93.5773898702831,87.583447792414
19.798,93.6223624884072,87.8023277365969
19.799,93.6673417806427,88.0186050692464
19.8,93.71232795229,88.2322709252666
19.801,93.7573207906026,88.4433153124562
19.802,93.8023205047955,88.6517295241545
19.803,93.8473268786451,88.8575037154486
19.804,93.8923401246629,89.060629337622
19.805,93.9373600236128,89.2610966961447
19.806,93.9823867909233,89.4588974004165
19.807,94.027420204623,89.6540219088516
19.808,94.0724604828434,89.8464619894792
19.809,94.1175074010476,90.0362082559495
19.81,94.1625611799318,90.2232526356026
19.811,94.2076215925172,90.4075858994202
19.812,94.2526888615802,90.5892001345577
19.813,94.2977627573406,90.7680862708535
19.814,94.3428435050374,90.9442365566259
19.815,94.3879308723964,91.1176420826354
19.816,94.433025087196,91.2882952593478
19.817,94.4781259146041,91.4561873401925
19.818,94.5232335855394,91.6213108993117
19.819,94.5683478627027,91.7836573545865
19.82,94.6134689801957,91.9432194448797
19.821,94.65859669813,92.0999887542125
19.822,94.7037312535539,92.2539581867528
19.823,94.748872403553,92.4051194939742
19.824,94.7940203887771,92.5534657469104
19.825,94.8391749633124,92.6989888663061
19.826,94.884336371217,92.8416820906199
19.827,94.9295043631499,92.9815375112127
19.828,94.974679187244,93.1185485353949
19.829,95.0198605906535,93.2527074269083
19.83,95.0650488257442,93.3840077627027
19.831,95.1102436358115,93.5124419803176
19.832,95.1554452776385,93.638003827253
19.833,95.2006534901887,93.7606859162644
19.834,95.2458685352786,93.8804821664628
19.835,95.2910901472302,93.997385367351
19.836,95.3363185931243,94.111389610482
19.837,95.3815536021663,94.2224878635758
19.838,95.4267954474141,94.330674391616
19.839,95.4720438524723,94.4359423420373
19.84,95.5172990968652,94.5382861540852
19.841,95.5625608980906,94.6376991564872
19.842,95.6078295426566,94.7341759633668
19.843,95.6531047413222,94.8277100862633
19.844,95.6983867882062,94.9182963147968
19.845,95.7436753867711,95.0059283451356
19.846,95.7889708393183,95.090601142708
19.847,95.8342728413989,95.1723085901677
19.848,95.8795817041192,95.2510458289381
19.849,95.9248971145357,95.3268069302536
19.85,95.9702193931102,95.3995872113981
19.851,96.0155482179218,95.4693809346414
19.852,96.0608839192669,95.5361835926054
19.853,96.1062261657744,95.5999896412143
19.854,96.1515752979763,95.6607947476608
19.855,96.1969309748748,95.7185935646707
19.856,96.2422935472889,95.7733819326334
19.857,96.2876626641816,95.8251547040406
19.858,96.3330386870967,95.8739078914054
19.859,96.3784212557037,95.9196365513332
19.86,96.4238107416316,95.9623368660561
19.861,96.4692067737205,96.0020040981931
19.862,96.5146097345828,96.0386345990632
19.863,96.5600192468633,96.0722238453575
19.864,96.6054357009986,96.1027683526289
19.865,96.6508587021023,96.1302638046112
19.866,96.6962886550099,96.1547068855212
19.867,96.7417251815043,96.1760935183003
19.868,96.7871686783423,96.1944205365175
19.869,96.8326186934039,96.2096840362699
19.87,96.8780756531176,96.2218810250805
19.871,96.9235393155975,96.2310079766262
19.872,96.9690098271231,96.2370618844839
19.873,97.0144871023488,96.240039526635
19.874,97.0599712835566,96.2399380572832
19.875,97.1054620995133,96.2367543697126
19.876,97.1509598720217,96.2304858863609
19.877,97.1964643490511,96.2211297138374
19.878,97.2419758156478,96.2086834446669
19.879,97.2874938240714,96.1931443445554
19.88,97.3330187542142,96.1745101764891
19.881,97.378550442336,96.1527785462883
19.882,97.4240890930697,96.1279473294501
19.883,97.4696345299782,96.1000143693244
19.884,97.5151869521978,96.0689777134312
19.885,97.5607461127499,96.0348353758582
19.886,97.6063122963219,95.9975856026881
19.887,97.6518852381984,95.9572266146115
19.888,97.697465270657,95.9137568417453
19.889,97.7430518860707,95.867174760574
19.89,97.7886455093821,95.8174789005406
19.891,97.8342459276649,95.7646679918965
19.892,97.8798534065129,95.7087407821944
19.893,97.9254677133487,95.6496962375155
19.894,97.9710889894308,95.5875333112934
19.895,98.0167173924169,95.5222510202321
19.896,98.0623526343856,95.453848689987
19.897,98.1079950545507,95.382325439146
19.898,98.1536442135804,95.3076808529996
19.899,98.1993005632892,95.2299141646879
19.9,98.2449637838848,95.1490251399969
19.901,98.290634078299,95.065013376647
19.902,98.3363113460347,94.9778787319697
19.903,98.3819957052923,94.887621038617
19.904,98.4276871079008,94.7942403106305
19.905,98.4733856888896,94.6977365769343
19.906,98.5190910823531,94.5981103075288
19.907,98.5648036326204,94.4953614188507
19.908,98.6105232114824,94.3894905050197
19.909,98.6562498057321,94.2804980867673
19.91,98.7019838080046,94.1683844285604
19.911,98.7477246949847,94.0531508305314
19.912,98.7934730419187,93.9347974216438
19.913,98.8392281609415,93.8133259138885
19.914,98.8849906765844,93.6887364391196
19.915,98.9307602406136,93.5610307124628
19.916,98.9765369689556,93.4302097513807
19.917,99.022321073598,93.2962746861545
19.918,99.068112316466,93.1592272944412
19.919,99.1139108848366,93.0190688092374
19.92,99.1597167070764,92.8758009756812
19.921,99.2055296659162,92.7294257004603
19.922,99.2513500014919,92.5799443115388
19.923,99.297177439197,92.42735934245
19.924,99.3430123449248,92.2716720809496
19.925,99.388854249513,92.1128856649434
19.926,99.4347035499346,91.9510014191819
19.927,99.4805600629737,91.7860222103936
19.928,99.5264238301255,91.6179503158098
19.929,99.572295357164,91.4467876252091
19.93,99.6181740152503,91.2725379856845
19.931,99.6640603913123,91.0952030018708
19.932,99.7099539581863,90.9147865885873
19.933,99.7558551876609,90.7312907264313
19.934,99.801763707012,90.544719289192
19.935,99.8476797281156,90.3550749450902
19.936,99.8936031986995,90.1623611144909
19.937,99.9395339848322,89.9665814443821
19.938,99.9854720950421,89.7677392772999
19.939,100.03141810913,89.5658370136226
19.94,100.077371164833,89.3608805226885
19.941,100.123331894184,89.1528716295796
19.942,100.169300139783,88.9418150884036
19.943,100.215275988488,88.7277146772026
19.944,100.261259853424,88.5105747154996
19.945,100.307253066447,88.2904008502222
19.946,100.353257261514,88.0671990038116
19.947,100.399273954532,87.8409743123621
19.948,100.445303363697,87.6117324776127
19.949,100.491345085651,87.3794775856143
19.95,100.537398335393,87.144213575602
19.951,100.583462292664,86.9059444380463
19.952,100.629536256908,86.6646743759395
19.953,100.675619715918,86.4204078815831
19.954,100.721712275867,86.1731496588189
19.955,100.767813622194,85.9229045793845
19.956,100.813923500726,85.669677658303
19.957,100.860041708632,85.4134740383513
19.958,100.906168088802,85.154298983654
19.959,100.952302538334,84.8921579108183
19.96,100.998444961779,84.6270563951754
19.961,101.044595253705,84.3590001503791
19.962,101.090753312592,84.0879949734657
19.963,101.136919056198,83.8140467605702
19.964,101.183092421812,83.5371615143406
19.965,101.229273363921,83.2573453466685
19.966,101.275461840463,82.9746044726335
19.967,101.321657807606,82.6889452069584
19.968,101.367861220305,82.400373974948
19.969,101.414072035758,82.1088973069455
19.97,101.460290215607,81.814521839548
19.971,101.506515728236,81.5172543152309
19.972,101.552748548246,81.2171015871233
19.973,101.598988654218,80.9140706237194
19.974,101.645236024832,80.60816851183
19.975,101.691490637853,80.2994024517323
19.976,101.737752470908,79.9877797512622
19.977,101.784021506429,79.673307819122
19.978,101.83029773131,79.3559941697561
19.979,101.87658114458,79.0358464125735
19.98,101.922871743819,78.712872277917
19.981,101.969169555862,78.3870795566884
19.982,102.015474562303,78.0584762512997
19.983,102.061786857206,77.7270702491413
19.984,102.108106253353,77.3928701673589
19.985,102.154432900279,77.0558840560579
19.986,102.200766894031,76.7161192933259
19.987,102.24710826993,76.3735855976308
19.988,102.293457150073,76.0282903352614
19.989,102.339813414909,75.6802434360707
19.99,102.386177221167,75.3294526695021
19.991,102.432548639189,74.9759267582907
19.992,102.478927829131,74.6196749712835
19.993,102.525314526777,74.2607067220266
19.994,102.571708995887,73.8990307257695
19.995,102.618111427517,73.5346552225472
19.996,102.66452158364,73.1675914078065
19.997,102.710939674015,72.797847454551
19.998,102.757365946491,72.4254320376278
19.999,102.803800191945,72.050356524067
20,102.850242602183,71.6726296645831
