t,x_zmp,y_zmp,margine,non_calcolabile
0,5.0136091259619e-08,-1.07573077510248e-08,0.0976999434518201,0
0.001,0,0,NaN,1
0.002,0,0,NaN,1
0.003,0,0,NaN,1
0.004,0,0,NaN,1
0.005,0,0,NaN,1
0.006,-0.0400484942210421,-0.0683242171003639,0.024855480908532,0
0.007,0.0381271236930327,0.0788046614438273,0.033973832153649,0
0.008,0,0,NaN,1
0.009,-0.0199361947135817,0.0114023747220271,0.0217063503390456,0
0.01,0,0,NaN,1
0.011,-0.0143931696389731,0.0229278216540184,0.0266923583340905,0
0.012,0,0,NaN,1
0.013,-0.00833639286492425,0.0287976464515767,0.0271001215064722,0
0.014,0,0,NaN,1
0.015,0,0,NaN,1
0.016,0.00276345063773409,0.0499159305541286,0.0355986065021698,0
0.017,0,0,NaN,1
0.018,0,0,NaN,1
0.019,-0.000727565527026365,0.0432028650028774,0.0328626128193124,0
0.02,0,0,NaN,1
0.021,-0.049703225299347,-0.00840152937014537,0.0264491976957263,0
0.022,0,0,NaN,1
0.023,-0.0148994550601932,0.0293623268773674,0.0317995644294394,0
0.024,0,0,NaN,1
0.025,-0.0496697462467695,-0.00834653806515616,0.0264227895581698,0
0.026,0,0,NaN,1
0.027,-0.053827144698384,-0.00714854250517573,0.0300420363200365,0
0.028,-0.0535588767670752,-0.0117513475347486,0.0264079429583884,0
0.029,-0.0376211165569764,0.00976275967519888,0.0320160647977724,0
0.03,-0.0457497164513843,0.00598797373566356,0.0345312203194286,0
0.031,-0.0531462608827652,-0.00102971447374917,0.0341348450943266,0
0.032,-0.0636158617289123,-0.0154893130273975,0.0301914363736412,0
0.033,-0.0518649662208473,-0.00190660639955291,0.0326226200004944,0
0.034,-0.0333063518683687,0.0211421969999272,0.0376476377262536,0
0.035,-0.0587140654186363,-0.00856694974568444,0.0321098522063903,0
0.036,-0.0403480022506279,0.0191544399220553,0.040773774279362,0
0.037,-0.0466407309813032,0.0137011779402572,0.0408228901474836,0
0.038,-0.0615409065731332,-0.00281420177076977,0.0382569030817576,0
0.039,-0.064775764629284,-0.00312828579343931,0.0401515462052091,0
0.04,-0.0460836754270901,0.0200890436038367,0.0452324602502055,0
0.041,-0.0548709213810114,0.00786836766959946,0.0418653779751922,0
0.042,-0.0442267569013647,0.0231705528662383,0.0463141268813314,0
0.043,-0.0546511668365256,0.0129989011015114,0.0438833380193387,0
0.044,-0.0690600587799925,-0.00192218223248232,0.0383113407915448,0
0.045,-0.0662000511447869,0.00368761453110082,0.0381694194158219,0
0.046,-0.0672472472387656,0.00294126026689879,0.0376115399518342,0
0.047,-0.0692441453248682,0.00123380477900578,0.036671350915744,0
0.048,-0.0553339747031274,0.0212496437053409,0.0394118267143753,0
0.049,-0.0696155029544497,0.00613076672640607,0.0340434032480298,0
0.05,-0.0676782403527058,0.00957467279165396,0.0341147063852105,0
0.051,-0.0618122053198461,0.0200579505507547,0.0343054278612348,0
0.052,-0.075963322646208,0.00392512139402545,0.0295298766922731,0
0.053,-0.0609811337326448,0.0202308150490323,0.0349620193127031,0
0.054,-0.0627706593541314,0.0203907813408278,0.0333280898055385,0
0.055,-0.0658087972422463,0.0193716083686127,0.0311545234787632,0
0.056,-0.0674023251046053,0.0201265765868971,0.0294076943722529,0
0.057,0,0,NaN,1
0.058,0,0,NaN,1
0.059,0,0,NaN,1
0.06,0,0,NaN,1
0.061,-0.0549462072143418,0.0429599177168825,0.0295550715246949,0
0.062,0,0,NaN,1
0.063,0,0,NaN,1
0.064,0,0,NaN,1
0.065,0,0,NaN,1
0.066,0,0,NaN,1
0.067,0,0,NaN,1
0.068,0,0,NaN,1
0.069,0,0,NaN,1
0.07,0,0,NaN,1
0.071,0,0,NaN,1
0.072,0,0,NaN,1
0.073,0,0,NaN,1
0.074,0,0,NaN,1
0.075,0,0,NaN,1
0.076,0,0,NaN,1
0.077,0,0,NaN,1
0.078,0,0,NaN,1
0.079,0,0,NaN,1
0.08,0,0,NaN,1
0.081,-0.00160813970927379,0.00387174246286018,0.0953387736110136,0
0.082,0.0328560765623106,-0.0346187440459313,0.143992711544126,0
0.083,0.0644142559145189,-0.0436729412952087,0.123074098822439,0
0.084,0.0707758028180244,-0.052806758084392,0.121749800182583,0
0.085,0.0898480196185003,-0.0571556780564759,0.106970521109601,0
0.086,0.0810211456379916,-0.0528937809357714,0.11276635926063,0
0.087,0.0772793237587339,-0.0324192985795086,0.106459844878503,0
0.088,0.0707490594291189,-0.0442536678324564,0.117794571962527,0
0.089,0.0751607661392776,-0.0446630358374213,0.114109473218452,0
0.09,0.0619600191483439,-0.0328708435633533,0.120232106062749,0
0.091,0.0634476141388419,-0.0195881270063803,0.112689019535949,0
0.092,0.0668182733027055,-0.0379336926588018,0.118343629031538,0
0.093,0.0618323668139455,-0.00728309477537246,0.108349414096768,0
0.094,0.0604169978082743,-0.0376480113294688,0.123872188044298,0
0.095,0.0604213588544315,-0.00451784576792153,0.108306639955215,0
0.096,0.0496823745672587,-0.0284961653331926,0.129055633658566,0
0.097,0.0584774808430169,-0.00493142304093945,0.110226704920271,0
0.098,0.0490914973871517,-0.0215145647579125,0.126305182797783,0
0.099,0.0497372997329273,0.00291656237858366,0.114255648118391,0
0.1,0.0417758856824693,-0.020913798833128,0.132484276478443,0
0.101,0.0484996591855789,0.00309377659854025,0.115269788268786,0
0.102,0.0408676838093084,-0.0188779371175636,0.132333051171997,0
0.103,0.0397226474678936,0.00714693442019087,0.121110751269158,0
0.104,0.0315334137632633,-0.0192377043110359,0.135406951860559,0
0.105,0.0389223407327938,0.00196752053442335,0.124257413217922,0
0.106,0.0280743501793303,0.000203953400653461,0.12311642426317,0
0.107,0.0370445046078228,0.0069219276058706,0.123585857947855,0
0.108,0.0345200910990193,-0.0113783500672679,0.134305946182728,0
0.109,0.0211096450723351,0.0107830640147957,0.111971021808809,0
0.11,0.0319490496566416,-0.00232880392773851,0.127744648826328,0
0.111,0.0246998089644641,0.0122077459492559,0.114456917363785,0
0.112,0.0136635616624389,-0.000177499456412333,0.110652862303019,0
0.113,0.0358915285757904,0.0123612694449014,0.122044945864559,0
0.114,0.0311975471908068,-0.015428206010636,0.133340793588595,0
0.115,0.016519682816317,0.00131131380899869,0.11247801867756,0
0.116,0.0112448841862195,0.0232498158807218,0.0973986142001902,0
0.117,0.02867946451384,-0.0122569438290345,0.129631800485827,0
0.118,0.0177541548409517,0.00518584088434816,0.111733296898053,0
0.119,0.00793180150140839,0.0195216026853028,0.0962763088550423,0
0.12,0.0308114167543534,-0.00342945813810111,0.127319594977956,0
0.121,0.0242449785635253,0.00990441513178498,0.115211084939175,0
0.122,0.0240857227905426,-0.00380152390596314,0.121604515144107,0
0.123,0.00523155067927799,0.00902758688780014,0.0989295337003501,0
0.124,0.0245370711982378,0.0124535069990381,0.114275543331773,0
0.125,0.0211034591071442,-0.00666597032284498,0.120366689630609,0
0.126,0.00623753586465412,0.00950380830389168,0.0996086066901745,0
0.127,0.0100516303235154,0.014738543805049,0.100472502880952,0
0.128,0.00686610343435712,0.00554985801907687,0.102047216657367,0
0.129,0.0203541435996455,0.0149010392912979,0.109459140550149,0
0.13,0.0191177805923233,-0.00824561698128334,0.119396087058767,0
0.131,0.00680355124332284,0.0124380183320876,0.0987328896447178,0
0.132,0.0174499756753257,0.00587986172744787,0.111217932005827,0
0.133,0.0155428259963441,0.00880505558651056,0.108155736444212,0
0.134,-0.00150201176518782,0.0110078448171451,0.0921239002511688,0
0.135,0.029090733650883,-0.000367679737833591,0.12443876025661,0
0.136,0.021963166081031,0.00357256305714626,0.116309159728433,0
0.137,0.0287119523270561,-0.00364600472612234,0.12568977818548,0
0.138,0.00571016893887621,0.000377986977256443,0.103561275528426,0
0.139,0.00506187323957657,0.0222826627697921,0.0925713569627815,0
0.14,0.0177532486130938,-0.00438101235522298,0.116420369735691,0
0.141,0.0123992884100718,0.0142117299726539,0.102873930498753,0
0.142,0.0097115862647568,-0.000909075692185897,0.107709126646155,0
0.143,0.0185078225746751,0.0115996428965363,0.109498036236144,0
0.144,0.0138933721336151,-0.00211780815951305,0.111973824182163,0
0.145,0.00149262404946028,0.0137827853858428,0.0935090564760549,0
0.146,0.0248067532269339,-0.00418778079410127,0.122562463136282,0
0.147,0.0177031420690981,0.0061466656227646,0.111410039920646,0
0.148,0.0247408770533531,-0.0059472948021585,0.123361091359082,0
0.149,0.00306953177273224,0.00280639109633664,0.100149589343862,0
0.15,0.0212128649379159,0.0116704274577112,0.111891177540009,0
0.151,0.0206004044732404,-0.0105351512992357,0.121924994099865,0
0.152,0.00460206825508671,0.00321312300907114,0.101325735883275,0
0.153,0.00745522168948152,0.0154198822524339,0.0980302334435793,0
0.154,0.0107548342383802,-0.00215629624142017,0.109294661393056,0
0.155,0.0050716256154534,0.0164833809185922,0.0954337485591681,0
0.156,0.0216513517957906,-0.00845963078400027,0.121880874233555,0
0.157,0.0101723835393539,0.006696954155961,0.10458470942568,0
0.158,0.0114359195746761,0.00342506555191135,0.107254851007307,0
0.159,0.0247151648241206,0.00161244114347805,0.119800111343474,0
0.16,0.0274134725797653,-0.00106417959400558,0.123456406559416,0
0.161,0.0101228265947184,0.00284925958943295,0.106398721656686,0
0.162,0.0178077261294015,-0.00105532069439987,0.115018587601476,0
0.163,0.00683155546200425,0.00497871473810089,0.102501764336657,0
0.164,0.0195968182912259,0.00508567902341438,0.113680173155036,0
0.165,0.0178348301452391,0.00288078152511611,0.113185701805711,0
0.166,0.0021799102851621,0.0084920289886227,0.0967532938537338,0
0.167,0.0249765009618279,-0.00661417863646956,0.123987495756794,0
0.168,0.0153658183376169,0.00468166822001638,0.110172322007822,0
0.169,0.0198266401537158,-0.00164418356251428,0.117108725263781,0
0.17,0.00723909180543862,0.00283225191234721,0.103915242260921,0
0.171,0.0251421170438258,0.00376232685530366,0.119221501721739,0
0.172,0.0262154021169915,-0.00400245189553681,0.123866657108079,0
0.173,0.00969780466328539,0.00313112736890919,0.105955661730091,0
0.174,0.0154591583491244,-0.000665427181914272,0.112830703134965,0
0.175,0.0248876995377662,-3.64222994061083e-05,0.120830404423932,0
0.176,0.0222814764582335,0.00388603100305335,0.116681781437724,0
0.177,0.0193717967625017,0.00223836521965564,0.114912914562311,0
0.178,0.00760971144200274,0.00743880683361441,0.102099721503267,0
0.179,0.0160383170411714,-0.00583560914753251,0.115825100537074,0
0.18,0.0099873444466034,0.00769180217392057,0.10407607294413,0
0.181,0.0178660919112312,-0.00456506080786098,0.116834300990356,0
0.182,0.00868241147476042,0.0083465533953123,0.102622162833164,0
0.183,0.0253720553293905,-0.00800130780131337,0.125074851835158,0
0.184,0.0159115096334736,0.0043389577739509,0.110894304809864,0
0.185,0.0175200242515611,-0.00232975736328492,0.115481961423197,0
0.186,0.0236699929726572,-0.00059966039001929,0.120073775890611,0
0.187,0.0205317168700686,0.00361229152251015,0.115316987367392,0
0.188,0.0103860945174283,0.00354508791922507,0.106427954689464,0
0.189,0.0234627918782114,-0.00452969111777158,0.121769736328924,0
0.19,0.0143833385609073,0.00544546446278921,0.109046783382177,0
0.191,0.0177059825368245,-0.005647350014143,0.11724326711137,0
0.192,0.0185750950018933,0.00366610569360415,0.113584273166561,0
0.193,0.016807609348939,-0.00184479263056375,0.114651081832681,0
0.194,0.0254203194355617,-0.0013008606283308,0.121971611592338,0
0.195,0.024426089336282,0.000223530798243926,0.120377942432232,0
0.196,0.0100699158287211,0.00227107305284807,0.106780050005654,0
0.197,0.0282287851023901,-0.0083057151844844,0.127780746660622,0
0.198,0.0193121018065106,0.00235803075853615,0.11487544806644,0
0.199,0.0197881363924608,-0.00352019095775637,0.118090062904886,0
0.2,0.0264853764287554,-0.00246928695364141,0.123485851183229,0
0.201,0.0242451412884084,0.00109261653561818,0.119827792422132,0
0.202,0.0128071012848449,0.00161638815513149,0.109520228837982,0
0.203,0.0269896147338175,-0.00714698743469756,0.126161474551061,0
0.204,0.0179838301771307,0.00274743272442664,0.113542377442173,0
0.205,0.0197068345066642,-0.00525827647751549,0.118863504190146,0
0.206,0.024250796799084,2.36200445341384e-05,0.120353798976353,0
0.207,0.0209350647900736,-0.000837849338512843,0.117849475176598,0
0.208,0.0205307993119253,-0.00329210365421104,0.118662295104356,0
0.209,0.0188053482791045,0.000672167938508329,0.11526244277645,0
0.21,0.0300661449835088,-0.0059619306853343,0.128322997252548,0
0.211,0.0293524931728336,0.000126977769863483,0.124808098522197,0
0.212,0.0168821021141617,0.000963570053999872,0.113444174705234,0
0.213,0.0226656870457884,-0.00751143417860103,0.12255927720616,0
0.214,0.0197037750253095,0.0011161714040852,0.115857129600811,0
0.215,0.0223120475755766,-0.00587529666488514,0.121474355665933,0
0.216,0.0206643044807841,0.000304342793380229,0.117090794632876,0
0.217,0.0227041178415923,-0.00529782109659544,0.121547833983066,0
0.218,0.0216183252759341,-0.000375778731616678,0.118255942862717,0
0.219,0.0230305922193341,-0.00483997551137711,0.121620243557268,0
0.22,0.022862906239606,-0.00111691815163064,0.119705542417002,0
0.221,0.0228823680699534,-0.00405491207820985,0.12111950931027,0
0.222,0.0259231923172031,-0.00257276063977548,0.123092024823978,0
0.223,0.0222088967921746,-0.00178149110705388,0.119450203952579,0
0.224,0.0337343769525683,-0.00601173196328762,0.13160124474226,0
0.225,0.0316549964953744,-0.00140407326044696,0.127588521832158,0
0.226,0.0204170968193078,-0.000686889667249003,0.117364477734666,0
0.227,0.0279763221016234,-0.0073659337600238,0.127188132458868,0
0.228,0.0210888513169331,0.000105966233470591,0.11758198327465,0
0.229,0.0335595377937008,-0.00811294093219936,0.132458636042711,0
0.23,0.0285131920785538,-0.000900511182451683,0.124598100869861,0
0.231,0.0222651936922044,-0.00222460707505733,0.119732265259529,0
0.232,0.0333303455477133,-0.0056679460968363,0.13110439471241,0
0.233,0.0292493426694256,-0.00136472439276078,0.125474732980737,0
0.234,0.0215133773269701,-0.00218409275252633,0.119060010160302,0
0.235,0.034146035108097,-0.00607270570707901,0.131881272724944,0
0.236,0.0297585503945425,-0.00163169104788997,0.126058053377041,0
0.237,0.0223202524060587,-0.00213502912711374,0.119755084017074,0
0.238,0.0338512717420654,-0.00610352365776386,0.131786448812407,0
0.239,0.0291544899832565,-0.00170262584582256,0.125568674837746,0
0.24,0.0226437709665625,-0.00272483405823536,0.120327787460193,0
0.241,0.0350335304984782,-0.00554912342947199,0.130831184435565,0
0.242,0.0311617595732831,-0.00224078539639425,0.127598872352427,0
0.243,0.0228514332989201,-0.00218431720432525,0.120262769352152,0
0.244,0.0341710877262428,-0.00610337428730718,0.131842183355486,0
0.245,0.0288763270627308,-0.00203758268724533,0.125499760002817,0
0.246,0.0239264415938112,-0.00334859266826297,0.121768774045924,0
0.247,0.0350517377141967,-0.00463911023594061,0.130364984944114,0
0.248,0.0304194209596803,-0.00253926638730441,0.127103387772935,0
0.249,0.0238324295298053,-0.0030009672536409,0.12152886213416,0
0.25,0.036882739987031,-0.00502559636451571,0.128924660228369,0
0.251,0.0333520832346441,-0.00301995919501209,0.12992077730627,0
0.252,0.0243709544298384,-0.0024730088999972,0.121761513555474,0
0.253,0.0340503746435224,-0.0052830092747211,0.131530897556988,0
0.254,0.0279614430919665,-0.00242949084386226,0.124904782275322,0
0.255,0.0285328145300152,-0.00438248362111588,0.126336079330594,0
0.256,0.0272605268581945,-0.00245115464773947,0.124301063647853,0
0.257,0.0330355687639429,-0.00484021897905881,0.130518144594652,0
0.258,0.0275757963275856,-0.00244313035264562,0.124578542008904,0
0.259,0.0373164697541582,-0.00486968386514794,0.128443534467591,0
0.26,0.0327677019918997,-0.00315546832745373,0.129491349927958,0
0.261,0.0262029200664867,-0.0030848575113271,0.123683285710188,0
0.262,0.0397873053210169,-0.00363945414922842,0.125676312410414,0
0.263,0.0366724451481384,-0.00393490513993803,0.128554576771956,0
0.264,0.0267426843750955,-0.00321293837954966,0.124229194202859,0
0.265,0.0344610378176165,-0.00289880874191708,0.130007865392772,0
0.266,0.0283900573401716,-0.00313484240305244,0.12564515064642,0
0.267,0.0394854011093147,-0.00314087973524264,0.12569095950652,0
0.268,0.0356060772383841,-0.00397554156687414,0.129498064371004,0
0.269,0.0268927476298077,-0.00317554548875244,0.124356186377301,0
0.27,0.0412256984486635,-0.00248365467407553,0.123837438890484,0
0.271,0.038356172692134,-0.00452327457771879,0.127324011469041,0
0.272,0.0282676675356347,-0.00391056301791126,0.125925599197377,0
0.273,0.0334833977816155,-0.00121925066689528,0.129239338617525,0
0.274,0.0289984397001703,-0.00398924906232693,0.126608553471406,0
0.275,0.0429778634279737,-0.00128296644450397,0.121711148917598,0
0.276,0.0414314218289285,-0.00532729284652636,0.124979798850364,0
0.277,0.0304448550581478,-0.00527087821358342,0.128502320535441,0
0.278,0.0311039798579818,-0.000289117365723071,0.126719890914416,0
0.279,0.0411921368368662,-0.00529780782924525,0.125168544169117,0
0.28,0.0378255812005654,-0.00417264929632909,0.127597157295713,0
0.281,0.0284862489830738,-0.0037485069425616,0.126068022254588,0
0.282,0.0420498726311209,-3.74264080055186e-05,0.121915728674431,0
0.283,0.0377252109859226,-0.00515396431262902,0.128139953904159,0
0.284,0.0295800182577172,-0.00368547464193442,0.127009958887053,0
0.285,0.0417379676243384,-0.000253260606741867,0.12228284760558,0
0.286,0.0367591036183866,-0.0052367930166322,0.129020953350024,0
0.287,0.0303899241152128,-0.00299054903151723,0.127401551002615,0
0.288,0.0425656871595159,-0.0012276885967251,0.122005891285319,0
0.289,0.037948650789187,-0.00547881884649708,0.128078933693595,0
0.29,0.0308465200615051,-0.00349034848789919,0.128049423159555,0
0.291,0.0432210129516737,-0.000446835501268643,0.121050422447436,0
0.292,0.0385046026653588,-0.00584916604715143,0.127755638637573,0
0.293,0.0315431312466039,-0.00359576637138068,0.128721457527494,0
0.294,0.0432615202676143,-0.000318546186135433,0.120945224174663,0
0.295,0.038033531568113,-0.00603392667412547,0.12824953670827,0
0.296,0.032687627858961,-0.00284985090708215,0.129383336226289,0
0.297,0.0419247016720255,-0.0015165521891345,0.122681370357945,0
0.298,0.0358609631944865,-0.00576860286110606,0.130030515845228,0
0.299,0.0381780727942005,-0.00020813367023007,0.125356894420794,0
0.3,0.0337811769715148,-0.00576068020136303,0.131734377384688,0
0.301,0.0498515799253407,0.00122870012515311,0.114391385552776,0
0.302,0.050223043534818,-0.00782885915380974,0.118343182562418,0
0.303,0.0405651165085992,-0.0089185480107574,0.127359091189464,0
0.304,0.0431352018712206,0.00125930228872414,0.120275507579049,0
0.305,0.0326559024658123,-0.00540859275853184,0.130601153388511,0
0.306,0.0474074782084072,0.00184059766895979,0.116231846349147,0
0.307,0.044776609298465,-0.00757486342789938,0.122998845751929,0
0.308,0.035742564050097,-0.00722453097744465,0.130785618698822,0
0.309,0.03713556104746,0.000780074623158466,0.125768868456154,0
0.31,0.0375430138102735,-0.00587572011465464,0.128558347616858,0
0.311,0.0368867005793665,-0.00133349447029531,0.126984998556622,0
0.312,0.0404895364519644,-0.00385393733126304,0.125003362354084,0
0.313,0.0363934787859707,-0.00454558831871929,0.128936113705077,0
0.314,0.0490581815660595,0.000238353395808431,0.115516131506567,0
0.315,0.0465726109151953,-0.00783919595352363,0.121523053171482,0
0.316,0.0362381763230293,-0.00764289910294678,0.130528041995921,0
0.317,0.0415095668045034,0.00292327518650725,0.120883085328688,0
0.318,0.0357866478757016,-0.00801239181278905,0.131097421609829,0
0.319,0.0509598995143877,0.00335866520817892,0.112350752462215,0
0.32,0.0470522434770707,-0.00885606170453827,0.121568350959642,0
0.321,0.0397745868260411,-0.00670887239455835,0.126957576734974,0
0.322,0.0398232168383066,-0.000851089404675043,0.124140085113804,0
0.323,0.0387457369631868,-0.00511721793905841,0.127107211193088,0
0.324,0.0434237784188896,-0.000275011377075333,0.120693907315718,0
0.325,0.0376220414886012,-0.00734401747018259,0.129147750620877,0
0.326,0.0540227923057419,0.00235965009517743,0.110109100581306,0
0.327,0.0527708522949386,-0.00885147037377487,0.11651286159457,0
0.328,0.0436867203792654,-0.00847557111393377,0.124329583469224,0
0.329,0.0430756946106094,-0.000571750130778963,0.121122818948063,0
0.33,0.0442261449798271,-0.00321595326492528,0.121358825714842,0
0.331,0.0403025696499812,-0.00539122633498068,0.12584157876955,0
0.332,0.0499805449444139,0.000652205255250252,0.11445546486193,0
0.333,0.0467058027163057,-0.00803516922301166,0.121448196332878,0
0.334,0.0378463902973975,-0.00548721025157871,0.128040576319222,0
0.335,0.0469592410951003,0.0026853918451474,0.116145146514292,0
0.336,0.0381162598517535,-0.00910499237083754,0.12951246950268,0
0.337,0.0551354557860891,0.0041322875678265,0.108256141220916,0
0.338,0.0507982034264527,-0.00939593216564932,0.118475406140047,0
0.339,0.0460516033508182,-0.00421360196691014,0.120196766072841,0
0.34,0.0380422849970125,-0.00505988493954094,0.127647780628812,0
0.341,0.0494629741628647,0.00293124171359738,0.113805955903912,0
0.342,0.0402237268385612,-0.0095828038662068,0.127864775466,0
0.343,0.051353064002123,0.00424476170311775,0.111514833158182,0
0.344,0.0414831181737459,-0.00986134802804,0.126882558201035,0
0.345,0.0487575238834442,0.00405167065942112,0.113886379404474,0
0.346,0.0384683509846601,-0.0100223329889128,0.129609452471804,0
0.347,0.0590749510459439,0.00487558045001386,0.10440775336098,0
0.348,0.0546528855618175,-0.00931449981838161,0.115015286005466,0
0.349,0.0532754860098799,0.000919281841028325,0.111374851272976,0
0.35,0.0349683732698247,-0.0079165992049464,0.131675219060972,0
0.351,0.0600319821968938,0.00642978283824939,0.102810739053468,0
0.352,0.0560931961841825,-0.00918251491599859,0.113666255960079,0
0.353,0.0562586712615616,0.0044239832883806,0.107067488574808,0
0.354,0.0352528739506105,-0.00697691043871081,0.130957205492663,0
0.355,0.0573798856973259,0.00544743496273284,0.105588439464466,0
0.356,0.0517233410001118,-0.00980654775190156,0.117788357565505,0
0.357,0.0515865545210425,0.00159720677873797,0.112500494034771,0
0.358,0.0358709890572025,-0.00699048084569789,0.130401372302059,0
0.359,0.0612843298328765,0.00307793349949083,0.103255166829014,0
0.36,0.06015568370732,-0.00665312054363234,0.108850416750575,0
0.361,0.05387625092407,-0.000192778992350687,0.11130893813357,0
0.362,0.0502388883761051,-0.00815728798168032,0.118279291842095,0
0.363,0.0425183636308574,-0.00570073785336611,0.123908123342155,0
0.364,0.0432362087320867,-0.00130001299538236,0.121188815618257,0
0.365,0.042132892075247,-0.00512519114707288,0.123971331536375,0
0.366,0.0473434767421032,0.000323498088941544,0.116800401246369,0
0.367,0.0407751219840762,-0.00854442005048062,0.126783563873749,0
0.368,0.0584278244819436,0.00429020248950436,0.105158599773773,0
0.369,0.0530412673118222,-0.00875479276616153,0.116076588088081,0
0.37,0.0504011642976947,0.00203475375350785,0.113282261403509,0
0.371,0.0405044877019578,-0.00557806052645884,0.125599593481941,0
0.372,0.0554241658243722,0.0048554505037598,0.107518908401759,0
0.373,0.0444078192222931,-0.0104266464499264,0.124455755531,0
0.374,0.0517779264862317,0.00899005695936081,0.108762432441553,0
0.375,0.0441980553840019,-0.0107510168227984,0.124788842283907,0
0.376,0.056556700673829,0.0052515122231882,0.106322639735992,0
0.377,0.045323608521466,-0.0106585913563741,0.123748222858881,0
0.378,0.0534671972840614,0.0100856721031418,0.106744496748122,0
0.379,0.0447358970444787,-0.0112702853239417,0.12455011390914,0
0.38,0.0594779704976849,0.00527161712963043,0.10373002643617,0
0.381,0.0492521442213336,-0.0100776585237683,0.120002338546165,0
0.382,0.0536464578857179,0.00968308080135087,0.106763923062824,0
0.383,0.0564213744688494,-0.00882402727941286,0.113089415422806,0
0.384,0.047889334539925,-0.000984470500384284,0.116880154144748,0
0.385,0.0490843554033816,-0.00331638218092889,0.116932100124247,0
0.386,0.048644748631988,-0.000680793947199059,0.116068103226438,0
0.387,0.0579124936783183,-0.000949032292892024,0.10803445738808,0
0.388,0.0573335694635853,0.000850293152602601,0.107685849717012,0
0.389,0.0406103783708636,-0.0047850867475376,0.125074780903242,0
0.39,0.0664268308965225,0.00736975895883482,0.0965862178818936,0
0.391,0.0576010512321534,-0.00760266639725532,0.111445252625657,0
0.392,0.0615476535302778,0.0132474791120358,0.0980796030502575,0
0.393,0.045284850276982,-0.010485742085895,0.123640921982649,0
0.394,0.0641293211072643,0.000416822330923727,0.101882261152791,0
0.395,0.0666749425227873,0.00950923522897027,0.0953211110663487,0
0.396,0.0422280922961443,-0.00402511062275516,0.123248851554186,0
0.397,0.0607853433136595,0.00323858892323088,0.10346866217772,0
0.398,0.0505541267945843,-0.00928944216404624,0.118408652912078,0
0.399,0.0550467333724958,0.0108336923464914,0.104908905227278,0
0.4,0.060499889938253,-0.00870042085482345,0.109365383906266,0
0.401,0.0472394394174414,0.00027950004088085,0.116774460128486,0
0.402,0.0484526079763944,-0.00513752921748211,0.118274082902657,0
0.403,0.0580872854248734,0.00116803739659291,0.106801273419872,0
0.404,0.0564366471463565,-0.00177266287996764,0.109643433633864,0
0.405,0.0417383496317968,-0.00374299043542034,0.123512175406929,0
0.406,0.0626362619689424,0.0103000456940399,0.0984578920910629,0
0.407,0.0464798396185025,-0.0100374096932979,0.12231728587805,0
0.408,0.059784522452506,0.0173606185961633,0.0976121709519509,0
0.409,0.0515719708503724,-0.0140469145463707,0.119729473575289,0
0.41,0.057085497286567,0.00493632650689935,0.105872820967666,0
0.411,0.0503324958163931,-0.0108163993383171,0.119283877733901,0
0.412,0.0614839003798302,0.0058106133888412,0.101582018128844,0
0.413,0.0523261896904289,-0.00956981108426708,0.116931809464436,0
0.414,0.0574164861099356,0.0121917004108868,0.10212896211781,0
0.415,0.0522179843874679,-0.0123579724401145,0.11834349205891,0
0.416,0.0599404416086219,0.0138838024504142,0.0990995092175207,0
0.417,0.0470818777834531,-0.0132748947829235,0.123293288604964,0
0.418,0.0699350894397414,0.00768302245649883,0.0932389104917231,0
0.419,0.0519149038000156,-0.00731857744431894,0.116207201648236,0
0.42,0.0588256348634987,0.0167192857537406,0.0987218775898265,0
0.421,0.0675274628638259,-0.00882693869322342,0.103172534853711,0
0.422,0.0513172133349288,0.00977906493731143,0.108609894027268,0
0.423,0.051784847288706,-0.0163286763878082,0.120579809307975,0
0.424,0.0644722008698186,0.0168585178807183,0.0936713287765549,0
0.425,0.0473729433161836,-0.010671069734706,0.121772616358485,0
0.426,0.0718005521971876,0.0048084805854895,0.092930297357096,0
0.427,0.0592567943561106,-0.000589933775423403,0.106522709333038,0
0.428,0.0619439548551858,0.00819069750032306,0.0999878630327614,0
0.429,0.0596559372798126,-0.00392720688248251,0.107743458320571,0
0.43,0.0493736821123523,-0.00123139795575536,0.115511728669562,0
0.431,0.0689934675316687,0.00185951478030151,0.0967755977445412,0
0.432,0.0618543755719557,0.0056773058196271,0.101240019987949,0
0.433,0.0447142522317939,-0.0116492173514696,0.124540733824949,0
0.434,0.0719840924295641,0.0206135767998434,0.0852355664738956,0
0.435,0.0521998432336132,-0.00273228688793365,0.11371288374794,0
0.436,0.0575890772356504,0.00064016018710014,0.107368700651704,0
0.437,0.0491132268077118,-0.0080982647141927,0.118971793837971,0
0.438,0.0707043020802024,0.0151490856277289,0.0889400578426913,0
0.439,0.050844270674086,-0.00714031560641096,0.116984923145369,0
0.44,0.0650230387612435,0.0153592941302294,0.0938311833934685,0
0.441,0.0519293210162703,-0.0142160296178427,0.119379562002192,0
0.442,0.0316750908843862,0.0372684980247196,0.11278597796075,0
0.443,0.00786555191560065,0.0475863511141287,0.128836676746728,0
0.444,0.00687471101963686,0.0648022244907628,0.12153011626529,0
0.445,0.0131951488024493,0.0413386055884946,0.127081152347406,0
0.446,0.0439995897267689,0.0460125363838874,0.0192033853765607,0
0.447,0,0,NaN,1
0.448,0,0,NaN,1
0.449,0,0,NaN,1
0.45,0,0,NaN,1
0.451,0,0,NaN,1
0.452,0,0,NaN,1
0.453,0,0,NaN,1
0.454,0,0,NaN,1
0.455,0,0,NaN,1
0.456,0,0,NaN,1
0.457,0,0,NaN,1
0.458,0,0,NaN,1
0.459,0,0,NaN,1
0.46,0,0,NaN,1
0.461,0,0,NaN,1
0.462,0,0,NaN,1
0.463,0,0,NaN,1
0.464,0,0,NaN,1
0.465,0,0,NaN,1
0.466,0,0,NaN,1
0.467,0,0,NaN,1
0.468,0,0,NaN,1
0.469,0,0,NaN,1
0.47,0,0,NaN,1
0.471,0,0,NaN,1
0.472,0,0,NaN,1
0.473,0,0,NaN,1
0.474,0,0,NaN,1
0.475,0,0,NaN,1
0.476,0,0,NaN,1
0.477,0,0,NaN,1
0.478,0,0,NaN,1
0.479,0,0,NaN,1
0.48,0,0,NaN,1
0.481,0,0,NaN,1
0.482,0,0,NaN,1
0.483,0,0,NaN,1
0.484,0,0,NaN,1
0.485,0,0,NaN,1
0.486,0.0787496210327262,-0.0444756773135077,0.0261737045125761,0
0.487,0.0696795997372693,-0.0352931288323872,0.0252224048324316,0
0.488,0.0670991246582239,-0.0327335728928996,0.0249896477436386,0
0.489,0.0718491716666294,-0.0394114619706146,0.0268694081779891,0
0.49,0.0700415649294633,-0.0398672209824885,0.0283859529028285,0
0.491,0.0670545225708851,-0.0347073583839143,0.0264569286025325,0
0.492,0,0,NaN,1
0.493,0,0,NaN,1
0.494,0,0,NaN,1
0.495,0,0,NaN,1
0.496,0,0,NaN,1
0.497,0,0,NaN,1
0.498,0,0,NaN,1
0.499,0,0,NaN,1
0.5,0,0,NaN,1
0.501,0,0,NaN,1
0.502,0,0,NaN,1
0.503,0,0,NaN,1
0.504,0,0,NaN,1
0.505,0,0,NaN,1
0.506,0,0,NaN,1
0.507,0,0,NaN,1
0.508,0,0,NaN,1
0.509,0,0,NaN,1
0.51,0,0,NaN,1
0.511,0,0,NaN,1
0.512,0,0,NaN,1
0.513,0,0,NaN,1
0.514,0,0,NaN,1
0.515,0,0,NaN,1
0.516,0,0,NaN,1
0.517,0,0,NaN,1
0.518,0,0,NaN,1
0.519,0,0,NaN,1
0.52,0,0,NaN,1
0.521,0,0,NaN,1
0.522,0,0,NaN,1
0.523,0,0,NaN,1
0.524,0,0,NaN,1
0.525,0,0,NaN,1
0.526,0,0,NaN,1
0.527,0,0,NaN,1
0.528,0.0303663664043829,0.0745957149792445,0.031782391158706,0
0.529,0,0,NaN,1
0.53,0.0321682029047997,0.0730754888348463,0.0318308525628413,0
0.531,0,0,NaN,1
0.532,0.0396111046981739,0.06649958165887,0.0317810003696386,0
0.533,0.106687151848736,-0.0696286167814587,0.0264921079985977,0
0.534,0.0400168698887805,0.0662592330721041,0.0318683559253258,0
0.535,0.101454348383387,-0.0661409422509818,0.0273107364441249,0
0.536,0.0359338120792439,0.0704686533291657,0.0323497251937207,0
0.537,0.0962490855842194,-0.0646109706849809,0.0295812902450119,0
0.538,0.0381183647113906,0.0645325839738055,0.0293245239825404,0
0.539,0.0873626081153882,-0.0564095626756781,0.02925976878457,0
0.54,0.0451769083767427,0.0558978650284849,0.0274731705560453,0
0.541,0,0,NaN,1
0.542,0,0,NaN,1
0.543,0.0596143715917966,-0.0334579415091139,0.0302509875349411,0
0.544,0,0,NaN,1
0.545,0.0502270153083826,-0.0261958631406579,0.0309659160932029,0
0.546,0,0,NaN,1
0.547,0.0499781128946632,-0.0329393696484763,0.0362028538557743,0
0.548,0.0341429729926751,-0.0148575570529544,0.0330208828676281,0
0.549,0.030910252004141,-0.013238689405497,0.0339354182293188,0
0.55,0.0332582059910272,-0.0216410242809882,0.0387073667380302,0
0.551,0.0270938625826196,-0.0135416135840435,0.0366701346423881,0
0.552,0.0200755066948377,-0.00606047079774896,0.0356684780972182,0
0.553,0.0300962112639563,-0.0224018064083154,0.0413626793119398,0
0.554,0.021382862125805,-0.0180550189757977,0.0438243541308826,0
0.555,0.0176574173626547,-0.0134636987792636,0.0428235573586735,0
0.556,0.0590157700566503,0.021184148760966,0.100826385073979,0
0.557,0.0758146406487808,0.0200432593432813,0.115054289573366,0
0.558,0.0781574601686479,0.0317058584791121,0.122685661358283,0
0.559,0.0935776590881832,0.0427888196267859,0.139952084700003,0
0.56,0.103103560377469,0.0301618678829757,0.143859791683485,0
0.561,0.0887805959778063,0.0670995345815279,0.115726369461033,0
0.562,0.09892083326521,0.0824962907405142,0.100210922496077,0
0.563,0.0994938745598982,0.0567264831018386,0.125972703312443,0
0.564,0.100629251592323,0.0614677375449453,0.121228788880929,0
0.565,0.0935300653276788,0.0440541338331523,0.138739841695506,0
0.566,0.0946450685520371,0.0474056542391928,0.135386976362646,0
0.567,0.103896283152282,0.0457506868442338,0.136933282353756,0
0.568,0.0775940713235141,0.035818571351244,0.124131712956011,0
0.569,0.0891323110392439,0.0392493906782059,0.135898182949937,0
0.57,0.0971372009666467,0.00996401268777366,0.128953128875015,0
0.571,0.089975737662401,0.0340858139291414,0.134175457027251,0
0.572,0.0807191224550405,0.00651051061776498,0.112885468020909,0
0.573,0.0855507611661206,0.0354393608811454,0.130935851533134,0
0.574,0.091186342798785,0.00830267406454067,0.122942857615757,0
0.575,0.0837609973127684,0.0203729725529854,0.122186491382875,0
0.576,0.0742465246201086,-0.00515426531639642,0.101650070390663,0
0.577,0.081945132266563,0.0232943555954004,0.121992701859757,0
0.578,0.0831532218114141,-0.00446656936849923,0.10981369655596,0
0.579,0.0713610417332117,0.00193465496772391,0.102514448298507,0
0.58,0.0765120052056029,-0.0202312845353826,0.0964635307454796,0
0.581,0.0751966606239712,0.0200262659974839,0.114524558174199,0
0.582,0.0821062879255548,-0.00624445770022055,0.108066581586705,0
0.583,0.0659501164429576,-0.0114959526907162,0.0913732170202222,0
0.584,0.0737836317749703,-0.00433722345795541,0.1016744100401,0
0.585,0.0888509924817584,-0.00879648138109602,0.112790624202855,0
0.586,0.0812856472441122,0.00218770163661265,0.111399126854091,0
0.587,0.0726357822888559,-0.0184709409989081,0.0939514362602832,0
0.588,0.0690424871822436,-0.00267464626675508,0.0983380435751877,0
0.589,0.0832330178815296,-0.0189490134508107,0.103046040007742,0
0.59,0.0751032504171259,0.00705492292166933,0.108322946425584,0
0.591,0.0690597639882022,-0.0188935679780064,0.0906408269123204,0
0.592,0.0592508767597463,-0.0139803197363211,0.0843704342274949,0
0.593,0.0806503822837578,-0.016634599224274,0.101907545275626,0
0.594,0.0623178870153243,-0.0102082976557761,0.088874344763849,0
0.595,0.0696449815224912,-0.0212047232414667,0.0900674285973737,0
0.596,0.0822543797142614,-0.00512403215295396,0.10882288945019,0
0.597,0.0895962161872365,-0.00112527559552972,0.117193952750902,0
0.598,0.0660155613002598,-0.00529830584946457,0.0944972958414098,0
0.599,0.0704624677194056,-0.0303116496792755,0.0864734807817879,0
0.6,0.0725074198354062,0.0182625014742581,0.111448662662403,0
0.601,0.0802332028206955,-0.00779687647701568,0.105813986942298,0
0.602,0.0644088889021078,-0.0186775781401382,0.086726393263281,0
0.603,0.0747148177869864,0.000613920097614016,0.104987972974718,0
0.604,0.0856889960361288,-0.0173863528671684,0.106049969307663,0
0.605,0.0707124057278422,-0.00270698151544786,0.099904245904879,0
0.606,0.0703925710134857,-0.0277226542796038,0.0876930079208642,0
0.607,0.0734872267238427,0.00279126255332537,0.104972143795333,0
0.608,0.0725020173913022,-0.0262797083910688,0.0902430973336466,0
0.609,0.0702426248893993,0.00666532979674819,0.103977620633412,0
0.61,0.0753511629056139,-0.0265664069365603,0.0926167665840686,0
0.611,0.0724968940080486,0.0132638010436409,0.109113914597144,0
0.612,0.084287646394852,-0.015651544599116,0.105685845196832,0
0.613,0.0699635303295442,-0.00501319546450229,0.0981813352105251,0
0.614,0.0764248541126652,-0.0219055331220518,0.0958015045270751,0
0.615,0.0747890526567537,0.00950279858361792,0.109350444328213,0
0.616,0.0832905215857973,-0.0199174857761642,0.102790386317857,0
0.617,0.0742005802176449,0.00707600364493848,0.107685997740477,0
0.618,0.0865387865496252,-0.0185101135054486,0.106326217462171,0
0.619,0.0787581523241755,0.00921898112824421,0.112725061896662,0
0.62,0.076825232005529,-0.0180978623159324,0.098001785904553,0
0.621,0.0714623968534873,0.000567643178053088,0.102196528542306,0
0.622,0.0856917824103488,-0.0212534352777138,0.104292879654527,0
0.623,0.0818950764574204,0.0133856712671024,0.117487945011957,0
0.624,0.0772203259403018,-0.0130112416301776,0.100796925878124,0
0.625,0.0679189237839939,-0.00920826241908276,0.094440940592845,0
0.626,0.0922060865861174,-0.00771520828337639,0.116496029505445,0
0.627,0.0876821288651449,0.00553108958936269,0.118851328650801,0
0.628,0.0796138462118091,-0.0104861460490897,0.104132368421773,0
0.629,0.0790673959096171,-0.00434548988844529,0.106587229983094,0
0.63,0.0686040507922024,-0.0106030044809434,0.0944135418951701,0
0.631,0.0823024579581671,-0.0070154348160333,0.108163743706392,0
0.632,0.072256996218263,-0.0121622279772327,0.0968877031001315,0
0.633,0.0744715683476868,-0.00287363298323831,0.103265990534488,0
0.634,0.0832080768004318,-0.0112932109547774,0.106931691856484,0
0.635,0.0830301597754993,0.00414666405064973,0.114146293178694,0
0.636,0.0689572625066446,-0.0112282539369329,0.0944543090797841,0
0.637,0.0916249554435248,-0.00380626090017022,0.117915672675145,0
0.638,0.0927059234529543,0.00503133249371047,0.123092809033587,0
0.639,0.076739666935277,0.000422304447069685,0.10687708255759,0
0.64,0.0848259662731876,-0.00924812973567796,0.109378570148338,0
0.641,0.062160953064298,-0.00592946971791616,0.0910497760705,0
0.642,0.0942784154021735,-0.00785161799104052,0.118359164307176,0
0.643,0.0906068455516683,0.0141084372367142,0.125617383820036,0
0.644,0.0849987574338119,-0.00121341951999019,0.113397942444471,0
0.645,0.0834581454610848,-0.0124359233228976,0.10670356106595,0
0.646,0.0790729090562638,-0.000420317418187704,0.108586306783162,0
0.647,0.0662466207581672,-0.0148291202062158,0.0904508393963183,0
0.648,0.0811635586987217,0.00523720499898592,0.113128497597466,0
0.649,0.0681628832662312,-0.0113073348929774,0.0938227485944174,0
0.65,0.08460377204787,-0.00260458127697319,0.112422865142663,0
0.651,0.0777804809615611,-0.011433613618377,0.102224847082973,0
0.652,0.0774575125356887,-0.000903202391755481,0.106965055653936,0
0.653,0.080617777413432,-0.00707510782060824,0.106805799024265,0
0.654,0.0752979424722379,-0.00801823680145487,0.101685517576552,0
0.655,0.0733375445006256,-0.00502321666240496,0.101392606126022,0
0.656,0.075560574876457,-0.00687909357852247,0.102463455238688,0
0.657,0.0847821546338446,-0.00136689005330802,0.113198827091929,0
0.658,0.0873069200203413,-0.00420011988885704,0.11407423571137,0
0.659,0.0663636811146723,-0.00547027395654884,0.0950672706488259,0
0.66,0.0930844760301099,0.00319406125709766,0.122682676561263,0
0.661,0.0863543827259471,-0.00427382151514382,0.113218275825104,0
0.662,0.0933933464177845,0.00667228264279596,0.124629934243449,0
0.663,0.0711455305496659,-0.000234405943969978,0.101793972288222,0
0.664,0.0908083891658676,-0.00821702738182406,0.115274587636309,0
0.665,0.0902778723641993,0.00978106426167918,0.123394789037205,0
0.666,0.0741484830454862,-0.000857049632463549,0.104157717513521,0
0.667,0.0759464846749663,-0.01129400961405,0.100766375394062,0
0.668,0.0889766971668767,0.00202808745479952,0.118570773158983,0
0.669,0.0946947488958541,-0.0041458415911769,0.120663830578077,0
0.67,0.0728513701587716,-0.00348417532645066,0.101787742004412,0
0.671,0.0797814049843868,0.00244440099302076,0.110705532080597,0
0.672,0.0950745324831901,-0.000830981269904096,0.122593500076095,0
0.673,0.0926450360112678,0.0014325858430254,0.121547470797529,0
0.674,0.0942423163000371,-0.00184751090634421,0.121399387631549,0
0.675,0.0861515562112267,0.000274964497138934,0.11530900899715,0
0.676,0.0967820525748587,0.0029027442891465,0.125914561224993,0
0.677,0.0730260196741811,0.00118410123804913,0.104223948521175,0
0.678,0.0752119392751888,-0.0116238591586539,0.100046365140682,0
0.679,0.0829329701253761,0.00358143951387958,0.114078656369022,0
0.68,0.0783851895921164,-0.0101277566470839,0.10355557889865,0
0.681,0.0780280957296596,0.00274573278166051,0.109375567689542,0
0.682,0.0776217317606259,-0.00782084246537752,0.103987678763599,0
0.683,0.0817053596394956,0.00460862681844702,0.113499382977867,0
0.684,0.0768417109554833,-0.00695587148491671,0.103718590901315,0
0.685,0.0865932664303787,0.00654854099534563,0.118724535578642,0
0.686,0.0762854458718862,-0.00682859137972962,0.103295732741555,0
0.687,0.0910318224124492,0.00828193603823902,0.123457313924901,0
0.688,0.0803120078692115,-0.00468648004085038,0.10786285885093,0
0.689,0.0836427940597311,0.00423989772723274,0.115043783589687,0
0.69,0.0899315712351877,-0.00136015803995244,0.117908929912308,0
0.691,0.0867899280801474,-0.00172288296379152,0.114979046646073,0
0.692,0.0772130662908771,-0.00138780495126868,0.106722213733916,0
0.693,0.0920339872831157,0.00440969293131843,0.122513383305726,0
0.694,0.0830642590016934,-0.0046679179178943,0.110309776724612,0
0.695,0.0849012468493437,0.0051038836438123,0.116579799012428,0
0.696,0.0891044569839933,-0.00124286799093832,0.117255635847722,0
0.697,0.085827270516422,-0.000390714014234833,0.114783698030876,0
0.698,0.0851761383422597,0.00274547960502894,0.115707192614305,0
0.699,0.0838713164299312,-0.00251039050785242,0.112058927635404,0
0.7,0.0955146673150035,0.00583647649891553,0.126272207386208,0
0.701,0.0966489390184963,-0.00172811454085006,0.123673868764038,0
0.702,0.0811730534927751,-0.00179282047047705,0.110042403325398,0
0.703,0.0870474548345195,0.00814408054387252,0.119939068712283,0
0.704,0.0967718447126704,3.67458087079239e-05,0.124632319054503,0
0.705,0.0943284378108859,0.00154478543069815,0.123208610225721,0
0.706,0.0827681138995293,-0.00221403529578842,0.111259863264842,0
0.707,0.0872479691071471,0.00690050094851347,0.119538967610326,0
0.708,0.0886400253254915,-0.000487405703805398,0.117248418782255,0
0.709,0.0856697282419299,0.0012162968797657,0.115450348456592,0
0.71,0.0937516713069823,0.00468610566672569,0.124210307075147,0
0.711,0.0913960351444612,-0.00146385747530341,0.119215834674825,0
0.712,0.0820179278252239,0.0014355709150869,0.112353482645602,0
0.713,0.0947097796788464,0.00553840500835292,0.125466329567539,0
0.714,0.0873655196783879,-0.00169813787801594,0.11556831327647,0
0.715,0.0874732359743353,0.00516271676923125,0.118930506402121,0
0.716,0.0889986839454213,0.000905387549357291,0.118246813400458,0
0.717,0.0870216212499102,0.00253308746729507,0.117284935671943,0
0.718,0.0959969428034974,0.00480869059563311,0.126261534226081,0
0.719,0.0926184343045327,-0.000367052908789664,0.120831582958548,0
0.72,0.0848684907937196,0.00251338528052938,0.115390966017776,0
0.721,0.0960542137673688,0.00530881374488833,0.126557497405255,0
0.722,0.0895281559357658,-0.000511021012205807,0.118053068579876,0
0.723,0.0891646447947263,0.00540013781217734,0.120548497811205,0
0.724,0.0894941816251738,0.00121958965127949,0.118849762811108,0
0.725,0.0900123728233612,0.00469028398633169,0.12095855845739,0
0.726,0.0903402145718572,0.00212510494567907,0.120027245970692,0
0.727,0.0901972846832735,0.0039499144868201,0.120771310504595,0
0.728,0.0924059078877656,0.00328858211187749,0.122399822344549,0
0.729,0.0894577671076102,0.0022038530134167,0.119292826413929,0
0.73,0.0997429544609867,0.00619454650139267,0.130237258492083,0
0.731,0.0957023776062274,0.000543024206518848,0.123999187456471,0
0.732,0.0881078702542766,0.00290320229759172,0.118447019126882,0
0.733,0.100348412455314,0.00567253308179409,0.130529031201369,0
0.734,0.0954314358289677,0.000910621355836505,0.123943892897466,0
0.735,0.0889342035788017,0.0029806332620505,0.119218151631092,0
0.736,0.100727861896148,0.00560262312243851,0.130837420282917,0
0.737,0.0963227685939827,0.00116169918026026,0.124855295551036,0
0.738,0.0889249488590338,0.00277328188157726,0.119119531045077,0
0.739,0.101358216726409,0.00589085037712281,0.131537097347993,0
0.74,0.0970792710300759,0.00137055556134623,0.125628402363223,0
0.741,0.089312753956436,0.00255311951652396,0.119364286667908,0
0.742,0.101453618314234,0.00606765758069517,0.131713760857859,0
0.743,0.0970047436608083,0.00148348162641316,0.125625244327808,0
0.744,0.0896730137335104,0.002810232748647,0.119811795723667,0
0.745,0.102266494626251,0.00568711449938674,0.130817966518015,0
0.746,0.0983475790571115,0.00178881484667913,0.126960200993792,0
0.747,0.0899497998469514,0.00248126187799475,0.119907713703653,0
0.748,0.101662781497886,0.005876211828528,0.131429373870715,0
0.749,0.0966907134900108,0.00177771779870834,0.125506547188707,0
0.75,0.0906858943009459,0.00336363284358055,0.120982661663075,0
0.751,0.103167689065155,0.00465083653658321,0.129515975824758,0
0.752,0.0993627642812725,0.00224717307854304,0.12808830648961,0
0.753,0.0906457172679586,0.00265235603843126,0.120618202841103,0
0.754,0.102878994184248,0.00525427974839839,0.130044921230573,0
0.755,0.0981461281056317,0.00221125587516698,0.127010223901044,0
0.756,0.0912920592242408,0.00310387489889413,0.121409642980045,0
0.757,0.105025775467287,0.00442843869722708,0.127753602863361,0
0.758,0.102328139744858,0.0027232408944151,0.129322658453312,0
0.759,0.0922513828051977,0.0026765382166321,0.122060871121518,0
0.76,0.0972861777709776,0.00411060354845064,0.127171583667695,0
0.761,0.0930750198184203,0.00245298158192072,0.122681705152331,0
0.762,0.104961849613602,0.00472014102060633,0.127932837731647,0
0.763,0.101299998832129,0.00269542668318986,0.130037274408283,0
0.764,0.092247836890896,0.00304815509313237,0.122247096774222,0
0.765,0.105667022967157,0.00338914977651961,0.126674001919959,0
0.766,0.101771443566718,0.00306730169128457,0.129951596326941,0
0.767,0.0929529906650294,0.00308169309398204,0.122892786089295,0
0.768,0.105178801194893,0.00299065445724131,0.126906721565578,0
0.769,0.100375990634845,0.00313512508962622,0.129452629856184,0
0.77,0.0934479052483539,0.00311953526683449,0.123354574678256,0
0.771,0.108121053615155,0.00268000063304672,0.124157348246615,0
0.772,0.106253533221748,0.00370302559537502,0.126280175738767,0
0.773,0.0957674349248232,0.00404545368757808,0.125847332001384,0
0.774,0.0964531147451147,0.00120773194105156,0.125102266822067,0
0.775,0.104897456614049,0.00493900361592598,0.128050953381708,0
0.776,0.10021229802202,0.00290482194092167,0.12922197879253,0
0.777,0.0954567213166766,0.00315630004714371,0.125161121897361,0
0.778,0.104774816524339,0.00179775914198874,0.126670208657271,0
0.779,0.0986436785639439,0.00365144137433581,0.128204504039162,0
0.78,0.100251709899188,0.00207280444800704,0.128870140462105,0
0.781,0.0971045585600114,0.00344824265201024,0.126757680393083,0
0.782,0.110235212521982,0.00163134326682723,0.121769199090911,0
0.783,0.108071552025839,0.00451491870763019,0.125030996862208,0
0.784,0.0971297262439108,0.00518648515381991,0.127618682485753,0
0.785,0.100515852602355,-0.000826020516777313,0.127739905930005,0
0.786,0.0996088217795776,0.00613788932705396,0.130254046094697,0
0.787,0.101433568237749,-0.00051109902006339,0.128504041722493,0
0.788,0.0992243472138589,0.00575475410424199,0.129736798734441,0
0.789,0.106969639890368,-0.000982599495938843,0.12339843999082,0
0.79,0.100448074495189,0.00526466303550805,0.130584793856224,0
0.791,0.107379366507914,0.000181076595646479,0.123581205145728,0
0.792,0.101403502706902,0.00524660986659555,0.131235466503661,0
0.793,0.106300232562004,0.000652415195044778,0.124749830868432,0
0.794,0.100624495367863,0.00528160587085135,0.130757621311457,0
0.795,0.11236458586675,-6.45866322152453e-06,0.119088672802778,0
0.796,0.109116658074136,0.00601694700604485,0.124788341479509,0
0.797,0.0991468474146298,0.00585855092612035,0.129743522482305,0
0.798,0.108294905242257,-0.00191540298864987,0.121765947321686,0
0.799,0.10084926727833,0.00625243706014436,0.131432163016346,0
0.8,0.111047812972336,-0.00109961436132886,0.119719385223935,0
0.801,0.105249355956128,0.0064432642122234,0.128385453374659,0
0.802,0.101513987489734,0.0026589391303961,0.129890469413769,0
0.803,0.107183636335263,0.0030432837998955,0.125073231788708,0
0.804,0.101708613058495,0.00510303847796111,0.130869003329896,0
0.805,0.115362715961838,-0.000123424658147322,0.11636549536494,0
0.806,0.113364050389407,0.00673194449517684,0.121356542092269,0
0.807,0.102667471511177,0.00778961592949251,0.131280100880013,0
0.808,0.105086173430008,-0.00206274255521242,0.124497311657853,0
0.809,0.106422332959581,0.00796870835455623,0.128052107610005,0
0.81,0.104518719973551,0.00113190138405294,0.126501580149572,0
0.811,0.110883233182122,0.0042148180895749,0.122344959843934,0
0.812,0.106278509739237,0.00492545674545388,0.126735945834517,0
0.813,0.106466419580274,0.00170529459396391,0.125048620805026,0
0.814,0.103374427772393,0.0048753719105947,0.129268707018726,0
0.815,0.118216068260757,-0.000449142837564443,0.113672305360462,0
0.816,0.117565962978219,0.00672189972738714,0.117623746011654,0
0.817,0.106330695036873,0.00888325926081301,0.128541685210238,0
0.818,0.108333908302791,-0.00298823539705506,0.121170207791994,0
0.819,0.113627505372052,0.00742113627526007,0.121415057905704,0
0.82,0.109273009743569,0.00439843328443606,0.1238222405325,0
0.821,0.102050874123516,0.00434776748526308,0.130161394937633,0
0.822,0.112689187062824,-0.00163970880962584,0.117957825285909,0
0.823,0.104749831123608,0.00772216130955364,0.129371399555719,0
0.824,0.112039226658462,-0.00232654552437065,0.118201643747728,0
0.825,0.104139135688845,0.00816172819406124,0.130112918526676,0
0.826,0.117063805810277,-0.00313894022854317,0.113385334687843,0
0.827,0.110954504826202,0.00841398673903173,0.124219030486596,0
0.828,0.106587012617602,0.00332544820630743,0.125663500245726,0
0.829,0.112176974362983,0.00195520811415374,0.120088349377299,0
0.83,0.107164357429968,0.00633652246386209,0.126572067754714,0
0.831,0.114868589878656,-0.000451738007375349,0.116575227976644,0
0.832,0.109889022569824,0.0075499441746644,0.12473828250969,0
0.833,0.107867214541909,0.0017397173175946,0.123774867537678,0
0.834,0.107199719863627,0.00441073030283316,0.125623321762648,0
0.835,0.115198201845383,0.000532770759397392,0.116741709064181,0
0.836,0.109317914337414,0.00759803838234268,0.125257032629117,0
0.837,0.112426728260213,-0.00011496162231876,0.118873547605129,0
0.838,0.106895077699049,0.00758940551862698,0.127384678366411,0
0.839,0.122483134878928,-0.00224835455681905,0.109000013510093,0
0.84,0.120682862533172,0.00749803562372468,0.115182751243725,0
0.841,0.110502821912794,0.00760420092374584,0.12419960470642,0
0.842,0.110959323182849,-0.00142593028548523,0.119530679967331,0
0.843,0.116092844510401,0.00478052760519506,0.117935195785397,0
0.844,0.112704395159837,0.00360533647794561,0.120362734177002,0
0.845,0.107546485734207,0.00327158212740906,0.12474820052005,0
0.846,0.11069522497723,0.000236925633663089,0.120539406284774,0
0.847,0.112222372402993,0.00489859816497575,0.121393684434401,0
0.848,0.110537487630747,0.0020389147590103,0.121526120878421,0
0.849,0.120425179017708,0.00161240965873658,0.112609049922291,0
0.85,0.118518806711338,0.00440279473841769,0.115602097539739,0
0.851,0.103492756056254,0.00762694477743291,0.130363228915047,0
0.852,0.122563611962605,-0.00979171974578687,0.10532980226152,0
0.853,0.110313694991943,0.00860161471914329,0.124807078500464,0
0.854,0.114392339440865,-0.00443236027445793,0.115054701501624,0
0.855,0.114136069445659,0.00921908866134117,0.121726372370165,0
0.856,0.113686178330033,-0.0011954721049066,0.117201148472666,0
0.857,0.116539157815923,0.00566057414768491,0.117923201225313,0
0.858,0.114352369678567,0.00176175010915625,0.118005657970634,0
0.859,0.117150263327129,0.00249794107463845,0.115885183234784,0
0.86,0.114895645820679,0.00369035563971329,0.11843219784108,0
0.861,0.115482148819482,0.00157756371623366,0.116914679355292,0
0.862,0.113911873139551,0.00366290273046417,0.119281141428822,0
0.863,0.122399918333343,0.000184151348740497,0.110155350321817,0
0.864,0.122161322238588,0.00296222177274562,0.111672665247928,0
0.865,0.103106418968588,0.00805152265208127,0.130863921053652,0
0.866,0.126826863071134,-0.012021608750481,0.100479033613251,0
0.867,0.115128744758814,0.00815614809917601,0.120312885414667,0
0.868,0.11756515542166,-0.00477515232734848,0.112053571514093,0
0.869,0.122287066561173,0.00662394737642413,0.113274300390428,0
0.87,0.116129109909489,0.00316243880450516,0.117060400206767,0
0.871,0.108828101071524,0.00575769549855208,0.124717783817656,0
0.872,0.120916961640356,-0.00503706049076535,0.108964608284602,0
0.873,0.107968023581782,0.0112638026728727,0.128073060483887,0
0.874,0.12776558881837,-0.010552554716211,0.100319751934068,0
0.875,0.111866864990946,0.00804892463462146,0.123111331180321,0
0.876,0.118506058427394,-0.00920565925522711,0.109106509556129,0
0.877,0.125263783872169,0.010192885100789,0.112314123968533,0
0.878,0.11799362741685,-0.00242125435920745,0.112754141797509,0
0.879,0.108631007849552,0.00977009315932414,0.126762209461754,0
0.88,0.128386304644178,-0.00920121885652412,0.100390041869154,0
0.881,0.113713360633632,0.00896432196005286,0.12189597309285,0
0.882,0.120188529132635,-0.0113528268554308,0.10658717795348,0
0.883,0.127821434372443,0.0102873388051872,0.110083062367369,0
0.884,0.116364778136113,-0.00237998278106983,0.114185371043932,0
0.885,0.110476914300922,0.0105896837121055,0.125500667490156,0
0.886,0.129731357270766,-0.0057981951109338,0.100790070714795,0
0.887,0.120102007844736,0.0082265070949758,0.115895161945798,0
0.888,0.124224263925382,-0.0114322886537909,0.10296726561448,0
0.889,0.1183812609476,0.0115360787148452,0.118964993230467,0
0.89,0.112672433717655,-0.00133981047354409,0.117907388466501,0
0.891,0.115190045241069,0.00521613353896643,0.118786986670308,0
0.892,0.120758549970228,-0.000986523143980029,0.110947572226579,0
0.893,0.116277710271548,0.00538967489619968,0.117906062849162,0
0.894,0.124195646967008,-0.00154785619743366,0.107648783400563,0
0.895,0.124326339184189,-0.000991654768761438,0.107791390711955,0
0.896,0.108268669261292,0.0039496006280469,0.124270652983527,0
0.897,0.132982340711278,-0.00801326396411118,0.0968419454669682,0
0.898,0.121587768454295,0.00741737833250631,0.114166712704754,0
0.899,0.127129400813806,-0.0145118805332952,0.0989134441268875,0
0.9,0.118537599038988,0.0130160362999889,0.119489322922019,0
0.901,0.116889158610996,-0.00363829403978108,0.113067477262601,0
0.902,0.115285207719424,0.00688318780710313,0.11945254253542,0
0.903,0.131401842078719,-0.00185851270267222,0.101119124032345,0
0.904,0.134793293045527,-0.0122884530173511,0.0931914982704579,0
0.905,0.109895431339711,0.00419015086601786,0.122907904205633,0
0.906,0.135457847833608,-0.00245504567994186,0.097244464002638,0
0.907,0.131058304464721,-0.00847164924374206,0.0982654020873122,0
0.908,0.113486318688086,0.008061828959879,0.121554986174917,0
0.909,0.121239515472588,-0.015041558864202,0.103799190905333,0
0.91,0.131592559536049,0.00951537017848404,0.106282459568232,0
0.911,0.114616948390573,-0.0063436608887185,0.113732526502278,0
0.912,0.113859357058643,0.013904504630491,0.123972322812236,0
0.913,0.130382332748712,-0.00248305802078692,0.10166686279661,0
0.914,0.12766517871884,-0.00171376230207216,0.104416520968991,0
0.915,0.106754745256107,0.00897158537906801,0.127885416410305,0
0.916,0.130440280999154,-0.0212521608028597,0.0927285406936158,0
0.917,0.115259385090496,0.00609600372841141,0.119025771788945,0
0.918,0.127455361018769,-0.00257451197079801,0.104180337131021,0
0.919,0.118071887646909,0.00845374205492996,0.117656581529456,0
0.92,0.122554385828407,-0.00906650577539098,0.10542090591128,0
0.921,0.11783687414794,0.0131034395053075,0.120057099270225,0
0.922,0.128445724241655,-0.0188037247183042,0.0956211478103892,0
0.923,0.118464031123548,0.0141954265488286,0.12001276807986,0
0.924,0.127973332793151,-0.00670854528977042,0.101749735194474,0
0.925,0.119257267062685,0.0104561160398639,0.117540071359819,0
0.926,0.126463909612735,-0.0142009718139672,0.0995297627962216,0
0.927,0.116429520555596,0.0146620204722543,0.122013871725026,0
0.928,0.134807472912739,-0.0135029362213655,0.0925049167608532,0
0.929,0.114703761712475,0.00773990625056455,0.120253006001599,0
0.93,0.130727295910984,-0.019769811919055,0.0931275102265718,0
0.931,0.119549582935319,0.0140592230040339,0.118965204578583,0
0.932,0.130697256168254,-0.0064172136045338,0.0994610691289457,0
0.933,0.122582829569722,0.00868559935319071,0.113745933563024,0
0.934,0.123761003816944,-0.0111168809148886,0.10334142212281,0
0.935,0.125234530458553,0.0139517583295777,0.113894953441185,0
0.936,0.128563627832695,-0.0259449480129705,0.0920915607142672,0
0.937,0.133296059877994,0.0104301966814102,0.105116649596889,0
0.938,0.112480971514701,-0.00555975830237537,0.115887576255688,0
0.939,0.0938626860495384,-0.0281132521757738,0.121626640404071,0
0.94,0.0663954470583386,-0.0593335097808849,0.131052770444303,0
0.941,0.0596895444906411,-0.0436176877816914,0.144386036344012,0
0.942,0.0975098240344377,-0.0687289154557731,0.0274192159000324,0
0.943,0.11069388821109,-0.0450415420858611,0.0182387571559201,0
0.944,0,0,NaN,1
0.945,0,0,NaN,1
0.946,0,0,NaN,1
0.947,0,0,NaN,1
0.948,0,0,NaN,1
0.949,0,0,NaN,1
0.95,0,0,NaN,1
0.951,0,0,NaN,1
0.952,0,0,NaN,1
0.953,0,0,NaN,1
0.954,0,0,NaN,1
0.955,0,0,NaN,1
0.956,0,0,NaN,1
0.957,0,0,NaN,1
0.958,0,0,NaN,1
0.959,0,0,NaN,1
0.96,0,0,NaN,1
0.961,0,0,NaN,1
0.962,0,0,NaN,1
0.963,0,0,NaN,1
0.964,0,0,NaN,1
0.965,0,0,NaN,1
0.966,0,0,NaN,1
0.967,0.166257597208696,-0.0108455986979785,0.0287302001580798,0
0.968,0,0,NaN,1
0.969,0.164149062446462,-0.0176120433735526,0.0324159996711396,0
0.97,0,0,NaN,1
0.971,0.139678417861328,0.0703762704491149,0.0498484760739601,0
0.972,0.171283176575891,-0.00781537953926898,0.0297473917827795,0
0.973,0,0,NaN,1
0.974,0.170269126688089,-0.0121268060004331,0.0323073291072603,0
0.975,0,0,NaN,1
0.976,0.168123008804769,-0.0192578988521915,0.0362443005092161,0
0.977,0.177219718653589,-0.00191497658389313,0.0292241491256993,0
0.978,0.139100083811417,0.0754107744352439,0.0540302958157117,0
0.979,0.171522429894957,-0.013101358955147,0.0338582139398251,0
0.98,0.144703990912727,0.0755242349042472,0.0504226287909464,0
0.981,0.168496970144891,-0.0208289936355419,0.0376649617284825,0
0.982,0.177093105027408,-0.00478044782142182,0.0312897571671571,0
0.983,0.131705717851967,0.024375963941961,0.112310770630741,0
0.984,0.170313792085372,-0.0192241046470994,0.0376604979581965,0
0.985,0.176018764974017,-0.006805208543023,0.0321055462614408,0
0.986,0.129343115708515,0.022395309066898,0.113411336396581,0
0.987,0.169425775404225,-0.0211152148360867,0.0384993741299888,0
0.988,0.174612435190029,-0.00824959807457643,0.0322685305699542,0
0.989,0.122320657553428,0.0256264502132845,0.12109112325206,0
0.99,0.16832173166405,-0.020157516623014,0.0370547550542085,0
0.991,0.129935810266183,0.0219734388354531,0.112640013093572,0
0.992,0.163704742537306,-0.0276682098026207,0.0396529896039098,0
0.993,0.131744617110117,0.0196244583638231,0.109911602271626,0
0.994,0.116110927415881,0.0168933575095736,0.122358219205609,0
0.995,0.168707426850527,-0.0212786714138706,0.0381580013457519,0
0.996,0.130681678737242,0.0213930851672864,0.111669571891667,0
0.997,0.159365104243638,-0.0304108681265704,0.0388558265000366,0
0.998,0.135059200694767,0.036444245475941,0.114966841521046,0
0.999,0.157189241118207,-0.0398518678229884,0.0445074797303746,0
1,0.173555154124572,-0.0155545984401119,0.0370765084456707,0
1.001,0.119000821952227,-0.00349786606196554,0.110071270214504,0
1.002,0.168377029151746,-0.0288040669281444,0.0436104893590495,0
1.003,0.164166783244719,0.0104281393577343,0.0769509449938882,0
1.004,0.127014463447108,0.0343365018270709,0.120993592921389,0
1.005,0.152116822425589,-0.00792357079188718,0.0788121315269422,0
1.006,0.167518104387357,0.0264778001259717,0.0816099715846477,0
1.007,0.13987281968781,-0.0179594604718876,0.0847865484676168,0
1.008,0.161346531799378,0.0192715104016046,0.0836012969976218,0
1.009,0.144145799174511,-0.00531139420361731,0.0870272757095187,0
1.01,0.164983732455516,0.0233240921336378,0.0823222953969254,0
1.011,0.137295373474532,-0.016202148992829,0.0878604193831413,0
1.012,0.167249999812268,0.0256967326231279,0.0814471551486197,0
1.013,0.12939810131601,-0.0287134931826708,0.0888443177576536,0
1.014,0.169604396334503,0.0358604447329955,0.084199277606073,0
1.015,0.104286915972741,-0.102266120954896,0.0565378383483209,0
1.016,0.170856039744928,0.0403102972892217,0.0852089689107687,0
1.017,0.100349891669301,-0.109915717904712,0.0596875236054663,0
1.018,0.168815943689255,0.035718126428144,0.0848132828827043,0
1.019,0.101253822175417,-0.108653612114184,0.0593465778159161,0
1.02,0.169274665340436,0.0367487768137454,0.0848955118073263,0
1.021,0.102626042718113,-0.106917397919212,0.0589596589364779,0
1.022,0.169193330507587,0.0381752972429323,0.0856414015854079,0
1.023,0.104204687848004,-0.104069613134893,0.0578754902160372,0
1.024,0.169526843502904,0.0416549550144765,0.0869998401509412,0
1.025,0.105043106142565,-0.102033259239829,0.0569124296448092,0
1.026,0.168880211109114,0.0444849621159996,0.0889119677073559,0
1.027,0.105948526285622,-0.099404840975237,0.0555496224894415,0
1.028,0.180247496732463,0.104018327361803,0.0481509320380548,0
1.029,0.105757566703007,-0.098010667308129,0.0543900521910099,0
1.03,0.177627035181047,0.104293777731511,0.0500735516676648,0
1.031,0.105762276297512,-0.0954850397790755,0.0525104409478116,0
1.032,0.175181366906903,0.104049725593271,0.0514914120984006,0
1.033,0.10493702403926,-0.0952199437447672,0.0517797637243845,0
1.034,0.171677260184154,0.103389949140584,0.0532957215809281,0
1.035,0.115262713840827,-0.0314113903805084,0.0954990602968198,0
1.036,0.160895731852381,0.0929373882562222,0.052554547344144,0
1.037,0.115719860224995,-0.0293023033215741,0.0949084208688117,0
1.038,0.155562246183823,0.0904726255067368,0.0542147488300321,0
1.039,0.120419152080343,-0.00916574580442218,0.0894703159292201,0
1.04,0.123431021560437,0.0032468870246763,0.0862175485373151,0
1.041,0.115511641417994,-0.00793815551931283,0.0845830748860491,0
1.042,0.119564290381392,0.00422742036412688,0.0823601896643379,0
1.043,0.109992966753285,-0.00945997776556057,0.0804636400147164,0
1.044,0.116866339607348,0.00857890052672522,0.0779245100856097,0
1.045,0.101253750953471,-0.0135876811251139,0.074750892011902,0
1.046,0.113113508675047,0.0605889214018273,0.0498703997032281,0
1.047,0.0340328668590911,-0.0659290748229306,0.0405617462966618,0
1.048,0.101222658414821,0.0623413805186919,0.0385865037477848,0
1.049,0,0,NaN,1
1.05,0,0,NaN,1
1.051,0,0,NaN,1
1.052,0,0,NaN,1
1.053,0,0,NaN,1
1.054,0,0,NaN,1
1.055,0,0,NaN,1
1.056,0,0,NaN,1
1.057,0,0,NaN,1
1.058,0,0,NaN,1
1.059,0,0,NaN,1
1.06,0,0,NaN,1
1.061,0,0,NaN,1
1.062,0.109052929514068,0.0214094635822019,0.0650156008989373,0
1.063,0.136054547336353,-0.0301783003699091,0.113322690704658,0
1.064,0.183450648519643,-0.0195979236236362,0.12647200946843,0
1.065,0.188711629350946,-0.057552266289832,0.124016870382934,0
1.066,0.214753603319451,-0.028928247129367,0.103241313003595,0
1.067,0.211389419146458,-0.0564653715168948,0.119155538627561,0
1.068,0.223494647791496,-0.0424937293188038,0.101914128798334,0
1.069,0.209883218220573,-0.0526361570237736,0.118696739606819,0
1.07,0.210857403800944,-0.0304531365397741,0.107413353841018,0
1.071,0.197000014561047,-0.0336526868889143,0.12114918208522,0
1.072,0.203400694853047,-0.0411994432470078,0.119057421364989,0
1.073,0.187718841667257,-0.0183506373935007,0.122150070893627,0
1.074,0.191443525072121,-0.0367768785775822,0.127533268535739,0
1.075,0.177455864249477,-0.00963905210454601,0.127113121242537,0
1.076,0.182672708537536,-0.0377061858893141,0.135714838457621,0
1.077,0.173198495171002,-0.00759449959405567,0.129913086015007,0
1.078,0.162017607335318,-0.0217938027905641,0.132128444917425,0
1.079,0.167626426445235,0.0129833235228356,0.12050701737502,0
1.08,0.158046030967822,-0.0306933055653964,0.132871280617375,0
1.081,0.16600997831593,-0.00160771571343717,0.126035461321692,0
1.082,0.14775062042302,-0.0064812973765592,0.11230563752102,0
1.083,0.158767979054388,0.0126646365549818,0.112880881646805,0
1.084,0.14530874976604,-0.0210262911909557,0.117085842066812,0
1.085,0.15634821169987,0.0073306798122371,0.11330197810026,0
1.086,0.139611188490511,-0.0031766621067983,0.103592984004823,0
1.087,0.144587099948567,0.0243693018737889,0.0948601897914375,0
1.088,0.140730503734282,-0.0239563501111686,0.114471357709621,0
1.089,0.149595490017225,0.00413884649742976,0.108903972403629,0
1.09,0.130066143470515,0.0120312353340145,0.0879834387780436,0
1.091,0.141978079326701,-0.00263576196873506,0.105439369197501,0
1.092,0.14816766218288,0.0138032584221045,0.103065969612621,0
1.093,0.134145350225193,0.000125369159381452,0.0972547836506203,0
1.094,0.13130634496249,0.0294815648176549,0.080791387095515,0
1.095,0.142212177072606,-0.0149392871164456,0.11152362977838,0
1.096,0.137980059540431,0.0129890459819068,0.0945214889503769,0
1.097,0.122904268802105,0.00935277168860955,0.0830005312082218,0
1.098,0.149491411964225,0.00924238005353045,0.106432334092751,0
1.099,0.132240279085564,0.00503120008038383,0.0932777611417581,0
1.1,0.139766471582449,0.00914603384412353,0.0979424826878424,0
1.101,0.143677235328911,-0.000550690767383914,0.106003748778303,0
1.102,0.140093841519954,0.0194540321035169,0.0933429983130423,0
1.103,0.132263150707406,-0.00735649940305784,0.0992218147694411,0
1.104,0.140315502920234,0.0207487833085771,0.0929351521335311,0
1.105,0.128831227751245,-0.00584973232022698,0.0954998407677169,0
1.106,0.142051739189245,0.0235936736877863,0.0931192743613499,0
1.107,0.135100104598203,-0.0134774830693759,0.104653186179119,0
1.108,0.140984393758108,0.0166277567665734,0.0955103624198782,0
1.109,0.12441267997963,0.0035310120875284,0.0871755893193755,0
1.11,0.146513808125929,0.0182065923872905,0.0996286008828685,0
1.111,0.135075404055822,-0.00998742099519998,0.102993665098678,0
1.112,0.134660881340322,0.0220556845009999,0.0873888165975485,0
1.113,0.132481065594521,-0.00859748094886081,0.10005978060124,0
1.114,0.136528729817723,0.0250652160222548,0.0876064346287963,0
1.115,0.135690612474263,-0.0171102407860441,0.106940100820509,0
1.116,0.145137847661066,0.0141701512674736,0.100371542182519,0
1.117,0.128136438266367,0.00312545066202907,0.0906823331227872,0
1.118,0.141917505305462,0.0152126852981521,0.0970506549509779,0
1.119,0.127636157367813,0.000383276645604351,0.0915516098320526,0
1.12,0.152644836476467,0.0142355293015791,0.106953987483612,0
1.121,0.143898251285299,-0.0149725946205024,0.113168569129753,0
1.122,0.138340669415021,0.0121692183087457,0.0953770586883545,0
1.123,0.131075110573355,0.00335625867836224,0.093183493108053,0
1.124,0.139256342059985,0.0122603254443363,0.0961428940957212,0
1.125,0.136974692307154,-0.000246185942564166,0.100089607775545,0
1.126,0.14132159933908,0.0117695277479769,0.0981992834445354,0
1.127,0.145928890075168,-0.00438926967966269,0.109943127875785,0
1.128,0.152196335698856,0.0112172076933495,0.108038590615677,0
1.129,0.126730506636451,0.00318611499451575,0.0894713297798985,0
1.13,0.144057913584825,0.00421042223197973,0.104221845015954,0
1.131,0.127952642314063,0.0089920230368515,0.0877882631636517,0
1.132,0.157582579848174,-0.00588774616226076,0.120924564332069,0
1.133,0.147665038943612,0.00356548866127177,0.107718788968701,0
1.134,0.15608433632333,-0.0064106505684388,0.119877544588236,0
1.135,0.133034951091519,0.000313237573175487,0.0964207734954815,0
1.136,0.150906887731744,0.0127256082547006,0.106238007998064,0
1.137,0.149592284849777,-0.0144034621304062,0.117994984687814,0
1.138,0.136073232957529,0.00208311620245872,0.0982755066229523,0
1.139,0.133783140930077,0.0180315450615419,0.0886790801751559,0
1.14,0.145860700956296,-0.00880821354870321,0.11206835561664,0
1.141,0.134987800928803,0.0109605507700486,0.0931114495088402,0
1.142,0.143343878829779,0.00267171969011979,0.104404771333269,0
1.143,0.136219408705329,0.0146051053202609,0.0924680254652114,0
1.144,0.145350944729184,-0.00464905119307166,0.109658171647218,0
1.145,0.135875976766706,0.0149197740266377,0.0920239392212995,0
1.146,0.148313753161789,-0.00939610838844184,0.114528792036581,0
1.147,0.136444052814674,0.00919946003239264,0.0952530900184299,0
1.148,0.148221281033186,0.000282642667164636,0.109853525982958,0
1.149,0.139980691418658,0.0122778714951654,0.0969070214462866,0
1.15,0.143446517708675,-0.00576731816766453,0.108538929824491,0
1.151,0.144121567213914,0.0112073087550209,0.101064782582027,0
1.152,0.14144980489534,-0.00239605004478778,0.105187214821067,0
1.153,0.151944794499789,0.00687734495978673,0.110011475808486,0
1.154,0.150992567886901,-0.0042827259118533,0.114488200877162,0
1.155,0.13398644990272,0.00574612885907135,0.0947684088689132,0
1.156,0.160771231978606,-0.000802333005096584,0.121441265601556,0
1.157,0.157926407805973,-0.0011763113580316,0.119128829329288,0
1.158,0.155217697839283,0.00261946644677855,0.11495238307415,0
1.159,0.154282272456203,-0.00130317611363297,0.116004371662184,0
1.16,0.142365196678607,0.00581271364435595,0.102148048601974,0
1.161,0.149615885180938,-0.00499322397014086,0.113667214028646,0
1.162,0.142001659604006,0.00168516189555839,0.103802554178693,0
1.163,0.137723962586573,0.00661493021707039,0.0976993160091033,0
1.164,0.145066401849407,-0.00189737622316123,0.108205824450455,0
1.165,0.137737994267719,0.00737863181715961,0.0973536494195648,0
1.166,0.151171651638317,-0.00506861155129071,0.115088455722759,0
1.167,0.138956891535712,0.00853684207987483,0.0978820317705014,0
1.168,0.150210758996924,-0.00856075319908194,0.115910065331757,0
1.169,0.139240699176585,0.00700749119178033,0.0988652416045785,0
1.17,0.157778396430287,-0.00419772826222365,0.120499216574246,0
1.171,0.154527732606085,0.006034941825402,0.112784082604984,0
1.172,0.151906843032717,-0.00313777988371551,0.114845529280857,0
1.173,0.136636284658254,0.00538320925836671,0.0973679069077374,0
1.174,0.15928753076811,-0.00726760382851367,0.123306668163501,0
1.175,0.152052452102307,0.00371328430076691,0.111731932356295,0
1.176,0.15618548307125,-0.00545763718461557,0.119732073211753,0
1.177,0.13896509621918,-0.00146003391788276,0.102691121857532,0
1.178,0.165249303553956,0.000189176547941472,0.125029839942242,0
1.179,0.167171967321474,-0.0132398140250908,0.13311574198998,0
1.18,0.15116874924439,-0.0102476180126074,0.117630050780932,0
1.181,0.162049176904267,0.00586338600069358,0.119552513666194,0
1.182,0.137878228446272,0.00138916241966499,0.100423790458488,0
1.183,0.146147617072007,-0.00170492864996209,0.109169011526105,0
1.184,0.159953185431156,-0.00209291894351758,0.12150304415684,0
1.185,0.162097189379974,0.00162620049524344,0.121631554538883,0
1.186,0.150262738019342,-0.000633248966771626,0.112303699311892,0
1.187,0.160263723081177,-0.00356547805528763,0.122501401275533,0
1.188,0.137616488148484,-0.00275937500728356,0.102203460443997,0
1.189,0.162693672409613,0.00246926996888486,0.121783087326021,0
1.19,0.164325555574637,-0.0106240740856426,0.129450584056057,0
1.191,0.152176609040831,-0.00561042960546102,0.116393352258485,0
1.192,0.164957860751153,0.00141573542390854,0.124309004616517,0
1.193,0.140805028825954,-0.00132900015052927,0.104373983976538,0
1.194,0.14356810054644,0.00731431412843748,0.102701318775793,0
1.195,0.154353847069389,-0.00487803136041222,0.117985368538496,0
1.196,0.158674627632714,0.00622092587998667,0.116522482980125,0
1.197,0.140720453577344,0.00209107931559442,0.102693943085298,0
1.198,0.148531399879949,-0.00650597561943099,0.113650316618723,0
1.199,0.162399503309749,-0.00268289513774152,0.124041924592244,0
1.2,0.16209154415272,-0.000913914584037113,0.122940671998345,0
1.201,0.163273496922677,-0.00364766466372864,0.125288865551843,0
1.202,0.158606727852877,-0.00177873200447972,0.12030581917154,0
1.203,0.170077959638102,-0.00728587800850313,0.132241459173316,0
1.204,0.146349162531015,-0.0076831081285484,0.11234739545129,0
1.205,0.147121448589301,0.00884247713158898,0.105184346213721,0
1.206,0.145353930559628,-0.00471822847641801,0.110070496573566,0
1.207,0.145894594946313,0.00560910917144921,0.105645302155105,0
1.208,0.153979415301878,-0.00628431616402633,0.118408872603342,0
1.209,0.154630427786162,0.00515584765764916,0.113555802873627,0
1.21,0.141924796027042,0.000379798837398872,0.10464713072718,0
1.211,0.152273361248767,-0.00619907240935147,0.116877218366611,0
1.212,0.143954110723954,0.00130428141890042,0.105998292558852,0
1.213,0.157876305390546,-0.00678547747130874,0.122090837939168,0
1.214,0.151523122373747,0.0027158640111897,0.111995363759564,0
1.215,0.149783052549145,-0.00266779321169671,0.113022318232138,0
1.216,0.153907638357655,-0.00385245486945451,0.117216849714667,0
1.217,0.151074572732958,0.00195563359416403,0.111969912936982,0
1.218,0.153183663555547,-0.00618161778197727,0.117690878485417,0
1.219,0.150686284364565,0.00251586684640359,0.111367269490259,0
1.22,0.158160586092899,-0.00774701821534649,0.122818266063103,0
1.221,0.155597173818081,0.00277398469800416,0.115572932909416,0
1.222,0.149168529197948,-0.003753444942494,0.113016746943736,0
1.223,0.155640550708312,-0.00332272468400904,0.118508635565425,0
1.224,0.150449343121631,-0.000830126544535722,0.11275980498877,0
1.225,0.160656307836306,-0.00709241061711558,0.124715734705273,0
1.226,0.155844096334048,0.00123810276856136,0.116531483361392,0
1.227,0.152266842110364,-0.00449285208976557,0.116105660953883,0
1.228,0.156898957306643,-0.00345118522241911,0.119688981519082,0
1.229,0.152773256308819,-0.00143434850866258,0.115103371051413,0
1.23,0.162514868586636,-0.0073331480621816,0.126477464985313,0
1.231,0.158775453239668,0.000765189595819209,0.119347811790654,0
1.232,0.152506744906195,-0.00403585322042373,0.116112181170935,0
1.233,0.160555912291025,-0.00488632046547991,0.123600397868296,0
1.234,0.154741758000468,-0.000743805137610116,0.116520925688974,0
1.235,0.161008146026552,-0.00777342032337788,0.125373207781091,0
1.236,0.156158910166745,0.000136732338900279,0.117355130744919,0
1.237,0.160584158445238,-0.00813488822864127,0.125176674546635,0
1.238,0.156370609874496,0.000243223200536018,0.117495700618579,0
1.239,0.163276705563007,-0.00872134713074146,0.127829379572009,0
1.24,0.159341444337831,0.0003942934867897,0.120044426787044,0
1.241,0.156812757766579,-0.00669000473161357,0.121182852936827,0
1.242,0.157750651369651,-0.00116007341820394,0.119385488425743,0
1.243,0.160556056927596,-0.00700936699678114,0.124631638011311,0
1.244,0.156959182480704,-0.000789531161896899,0.118517025147701,0
1.245,0.167978276629321,-0.00843932721887734,0.131846252825508,0
1.246,0.165618185877257,-8.32794078960462e-05,0.125809753491685,0
1.247,0.154862070847876,-0.0030384130973595,0.117749108554215,0
1.248,0.165493728910986,-0.00609089740752246,0.128554914036334,0
1.249,0.159133891211058,-0.0014632050449931,0.120765828594335,0
1.25,0.161087747824428,-0.00658672731057473,0.124917930085039,0
1.251,0.158324705929361,-0.00131770427349977,0.119988329383139,0
1.252,0.168431764902273,-0.00779371446644096,0.131957835696146,0
1.253,0.165048736408458,-0.000625174845282264,0.125584416532993,0
1.254,0.156388213154361,-0.00429720403555107,0.119707217897197,0
1.255,0.169609307490431,-0.00409976555025402,0.131001863050939,0
1.256,0.165224659729016,-0.00182361548077242,0.126316842846912,0
1.257,0.157437098569537,-0.00365393570544342,0.120334023747514,0
1.258,0.169976605664873,-0.00497012211434964,0.131082336946298,0
1.259,0.166046787329836,-0.00176943067344563,0.127024171416877,0
1.26,0.15757427772029,-0.00378782895748714,0.120527711924157,0
1.261,0.170393410004783,-0.00456092819722025,0.1305127867591,0
1.262,0.16630851266573,-0.00203354779154839,0.127389383504381,0
1.263,0.158062571022046,-0.00387159991039528,0.121006598307917,0
1.264,0.171067317818263,-0.00425693439978262,0.129766764609198,0
1.265,0.167266785123892,-0.00222211524856185,0.128332068343648,0
1.266,0.158472492831795,-0.00386993124465585,0.121376456812442,0
1.267,0.170756575353488,-0.00396616728067838,0.129893515005647,0
1.268,0.166112001970056,-0.00249750508128176,0.127455896113376,0
1.269,0.159135994507571,-0.00426477755311063,0.122156681604788,0
1.27,0.172881825524766,-0.00330160371508616,0.127699549404607,0
1.271,0.170043541855147,-0.0026695893925583,0.129892779606872,0
1.272,0.159966877792202,-0.00404558828842837,0.122795412208502,0
1.273,0.16614545293373,-0.00295472282720205,0.127717593746822,0
1.274,0.160940457041798,-0.00389461705074224,0.123584354557894,0
1.275,0.174228027508174,-0.00368626919637813,0.126683704283063,0
1.276,0.172285525819461,-0.00269272754275397,0.127916734684691,0
1.277,0.161030730455811,-0.00463669727526384,0.124028352017953,0
1.278,0.164746169367231,-0.00152896471790329,0.125826163631532,0
1.279,0.164261559468155,-0.00601222865147039,0.127527414834503,0
1.28,0.164641763317835,-0.00133266814714888,0.125645050681851,0
1.281,0.166587525815872,-0.00625239000359223,0.129692329420581,0
1.282,0.164270292339579,-0.00169593501711502,0.125494472743015,0
1.283,0.173889826528008,-0.00593673641866668,0.128031985764007,0
1.284,0.17034661405169,-0.00241198302753841,0.129474713527487,0
1.285,0.16160758098721,-0.00543722778720976,0.124934995548709,0
1.286,0.177532350784915,0.0003251645218677,0.121848655554971,0
1.287,0.174840231893082,-0.00439314547675532,0.126450104306827,0
1.288,0.165893562127518,-0.00524430465448512,0.128629080502988,0
1.289,0.165354337533727,-0.00153842256686762,0.126399494196176,0
1.29,0.17295335783203,-0.00579212943185088,0.128767783482615,0
1.291,0.16869372536609,-0.00278227641424515,0.129935574689654,0
1.292,0.165695352207867,-0.00502621476261995,0.12836253114641,0
1.293,0.167993718337831,-0.0011147628191848,0.128533198864378,0
1.294,0.166578033504194,-0.00586557964383324,0.129541003514067,0
1.295,0.170077102326748,-0.000556825495346913,0.128807414378365,0
1.296,0.165560772249177,-0.0060582199307742,0.128740743583716,0
1.297,0.17912862755161,0.000302686209469623,0.120430677245034,0
1.298,0.175554012766219,-0.00523573246524189,0.126198874870038,0
1.299,0.166587117585075,-0.00593011676116047,0.12959582093001,0
1.3,0.171706077559671,-0.000132631578203258,0.127159964838462,0
1.301,0.16577421881493,-0.00649842806982798,0.129153654773209,0
1.302,0.181294769719579,0.000746429389410627,0.118301049159014,0
1.303,0.179405028800673,-0.00548864119508126,0.122916417223759,0
1.304,0.170970159444784,-0.00672092614120096,0.130919519480493,0
1.305,0.16877033161462,-0.00166723869029928,0.129519609117264,0
1.306,0.17805561051902,-0.00537438539288312,0.124041243160895,0
1.307,0.175707031938687,-0.00293614615620265,0.124946293423592,0
1.308,0.16347287251478,-0.00724471065146683,0.127511705340021,0
1.309,0.181321893727777,0.00408522243946732,0.116669283139398,0
1.31,0.176328523502165,-0.00641000172072908,0.126038274490314,0
1.311,0.171673606514075,-0.00424955926946272,0.129105505516363,0
1.312,0.167521753507146,-0.00505143609009847,0.130051971296906,0
1.313,0.172622974239725,-0.00116954455258989,0.126805488478108,0
1.314,0.167229119823219,-0.00694659085654995,0.130696319457067,0
1.315,0.18193575404876,0.00109541693655358,0.117532388549434,0
1.316,0.178212546291644,-0.00656693095467556,0.124440031292526,0
1.317,0.170969432527041,-0.00614553115255706,0.130610038710668,0
1.318,0.17085087131797,-0.00245197311285617,0.128959634438854,0
1.319,0.170618880365022,-0.0053685529995915,0.130547212315915,0
1.32,0.172868900037379,-0.00213749299869829,0.127032433353373,0
1.321,0.169864490736561,-0.00624431587321707,0.131624425214915,0
1.322,0.179497174654747,-7.72505357690999e-05,0.120219519890148,0
1.323,0.172427145771442,-0.0075288643197515,0.129974723329102,0
1.324,0.174334831366259,-0.00103906132694301,0.12521379754094,0
1.325,0.170280116078544,-0.00744665135534957,0.131822326591317,0
1.326,0.182857341779208,0.00134981206195779,0.116578073473987,0
1.327,0.176230208184471,-0.00789974814412539,0.12679623808962,0
1.328,0.172778772770652,-0.00308331820371543,0.127544395650535,0
1.329,0.180242687397946,-0.00421447753631444,0.121512486083938,0
1.33,0.176364022786173,-0.00451232968219204,0.125063287953663,0
1.331,0.1722418912457,-0.00515973773618921,0.128995794209772,0
1.332,0.175009256010958,-0.000886351108835197,0.124530981046093,0
1.333,0.175054822420164,-0.00733465530433814,0.127551439698545,0
1.334,0.175403809456239,-0.000381189720984429,0.123941273045852,0
1.335,0.179785530299954,-0.00716819114524489,0.123307025044879,0
1.336,0.17752703338812,-0.00139554479515192,0.122550268460267,0
1.337,0.1790556957294,-0.00590974155612511,0.123346495777862,0
1.338,0.176968370861093,-0.00190222237103798,0.123277523093285,0
1.339,0.182072843231938,-0.00490607231466378,0.120210343650077,0
1.34,0.17974979446693,-0.00229192975791909,0.121009215207331,0
1.341,0.172132727730836,-0.00659525810048918,0.129752252429979,0
1.342,0.179810307842337,0.00294268100313735,0.118467078496877,0
1.343,0.171072384073846,-0.0107964744135207,0.132677764331847,0
1.344,0.18991882661617,0.00600715351607709,0.108115058563575,0
1.345,0.180564862140725,-0.00839150234578995,0.123176607681227,0
1.346,0.182655508312826,0.00413189318480054,0.115385734744479,0
1.347,0.177748911432321,-0.0106625806911943,0.126725319028719,0
1.348,0.177386659508318,0.000310204650997163,0.121830768559019,0
1.349,0.176350575050339,-0.00881776147583935,0.127076081522751,0
1.35,0.178948505199944,0.0025170945092004,0.119405409456104,0
1.351,0.178869223620702,-0.0100879307945208,0.125459899994176,0
1.352,0.180098455264117,0.00352227435598556,0.117911926707486,0
1.353,0.183652896173349,-0.00960895811031363,0.121018637825444,0
1.354,0.18181989020811,0.00216287656832209,0.117036349282095,0
1.355,0.177381343427264,-0.00864789916197273,0.126073220710636,0
1.356,0.179711678439234,0.00280243916426246,0.11858282486586,0
1.357,0.180015048992595,-0.00982167490806264,0.12430989850815,0
1.358,0.18118809107081,0.00435277191860156,0.116542867053435,0
1.359,0.185465028139529,-0.00941194117502047,0.119314796916161,0
1.36,0.183056516984182,0.00300353690305437,0.115532368173925,0
1.361,0.175991397963073,-0.00914433108443096,0.127515269106113,0
1.362,0.183109793322314,0.00540584074018306,0.11434015307126,0
1.363,0.172650811285828,-0.0120931741558655,0.131851344942578,0
1.364,0.193640239369248,0.00858342636191678,0.103563094110019,0
1.365,0.179828690227889,-0.00798289391598121,0.123576293100054,0
1.366,0.184836292178407,0.0089520914653106,0.111123035884145,0
1.367,0.188826881281677,-0.012349199725187,0.11772631952238,0
1.368,0.180403358209074,0.00186937468155172,0.118377886659192,0
1.369,0.17543869901232,-0.0104695931897713,0.128605405948155,0
1.37,0.186867956398482,0.00848098358034379,0.109546732222802,0
1.371,0.172096081458283,-0.011498807382681,0.132029995257412,0
1.372,0.195590035064144,0.00873695397606859,0.101747404860344,0
1.373,0.182446846250885,-0.00776631194334005,0.121142396020004,0
1.374,0.188103530131341,0.010110436350484,0.10766868336943,0
1.375,0.181311872918118,-0.0142103856967872,0.125193252564303,0
1.376,0.180857991543859,0.00253670669816139,0.117634055093237,0
1.377,0.175689136795579,-0.0116534529883976,0.128921540193126,0
1.378,0.192864144745752,0.00735397042819343,0.104780505182423,0
1.379,0.178319583286248,-0.00924768729847874,0.125457265743875,0
1.38,0.18501175340196,0.0128124987571426,0.109086341100288,0
1.381,0.193812385568073,-0.0118746851319834,0.113068860956699,0
1.382,0.182659245762763,0.00770308796231184,0.113571730395495,0
1.383,0.17542948965673,-0.0146861253189703,0.130567702724776,0
1.384,0.194599686306712,0.0106333392682019,0.101672010946372,0
1.385,0.176118979797396,-0.00745398064388351,0.126516818918611,0
1.386,0.184423882008361,0.0110633591443312,0.110410904352284,0
1.387,0.193208650742743,-0.0120669189758101,0.113669210648423,0
1.388,0.185565709690399,0.0108967590829466,0.109474272781002,0
1.389,0.177456599731315,-0.0148937814292706,0.128859403775706,0
1.39,0.193145971316084,0.0104437372910718,0.10301636119471,0
1.391,0.175134219968782,-0.00902149206749648,0.128104479042588,0
1.392,0.18979393104218,0.0124859923836298,0.104987494163991,0
1.393,0.176175221879992,-0.0131017516156299,0.129122085606995,0
1.394,0.198557864649993,0.0060840689512413,0.100314660616785,0
1.395,0.185053962395745,-0.00782725588170279,0.118796330320994,0
1.396,0.191240383123788,0.0126029794689596,0.103640717303946,0
1.397,0.182998546182986,-0.0150937391313788,0.124047639746589,0
1.398,0.184640975912494,0.00477171249388274,0.113160241120289,0
1.399,0.177614456565134,-0.0138062296091008,0.128168124954683,0
1.4,0.197839190599731,0.00891074230332508,0.0995803156199646,0
1.401,0.18048558188373,-0.00815599382717564,0.122949078110468,0
1.402,0.187102880215528,0.0150766346308541,0.106084103377613,0
1.403,0.197482921589047,-0.010578547782689,0.10914115005087,0
1.404,0.183136800726702,0.0105942176068709,0.1116904336887,0
1.405,0.179905231046702,-0.0177583868214772,0.128006867467506,0
1.406,0.195784735340138,0.0153524996380595,0.0983000453395692,0
1.407,0.176988515511137,-0.00826810601966084,0.126053540067874,0
1.408,0.200540763464178,0.00561291773869369,0.0987377629785203,0
1.409,0.188337375922691,-0.00539829504566255,0.114697128528289,0
1.41,0.194264999493814,0.0134423023860361,0.100521965777745,0
1.411,0.182587943441995,-0.0146225879159089,0.124127112479763,0
1.412,0.190525909852474,0.00370291240800997,0.108432494587872,0
1.413,0.186550126099359,-0.00627514843800866,0.116667864465978,0
1.414,0.178748687550618,-0.00190038935801321,0.121448345953236,0
1.415,0.18784752236939,0.0042294448716261,0.11053063991576,0
1.416,0.185027040519338,-0.00933748110458879,0.119457657467276,0
1.417,0.190761819220155,0.0173854471878598,0.101707372956234,0
1.418,0.197983277731556,-0.0115812236023079,0.109118732558755,0
1.419,0.182213605924133,0.0122267932663076,0.111666230694395,0
1.42,0.187846627079834,-0.0187232049464307,0.121422552380901,0
1.421,0.192480050265568,0.0270073277103442,0.0956045657876897,0
1.422,0.194553266423685,-0.0110787399195378,0.111878239076843,0
1.423,0.176726458454227,0.00293885210853005,0.120891511518152,0
1.424,0.198579445841034,-0.00599584998749947,0.105916838461176,0
1.425,0.187858777218965,0.0102857078056537,0.107599940634532,0
1.426,0.182654212936236,-0.0177569376581748,0.125506295877013,0
1.427,0.199201743249048,0.0242134315386111,0.0909976915204441,0
1.428,0.185227677179386,-0.0113259267127088,0.120175457818379,0
1.429,0.1948409516204,0.00328064981939941,0.104774545885665,0
1.43,0.19240269764917,-0.00151950083892533,0.109195362572298,0
1.431,0.176648043409123,-0.00650785753569347,0.125421270297868,0
1.432,0.20207851116237,0.0163834096822952,0.0921708047172669,0
1.433,0.183673255161861,-0.0065114855937539,0.119235362830306,0
1.434,0.192704173563397,0.0130944566271569,0.101969446323708,0
1.435,0.199224621015438,-0.0121637718348763,0.108236298135727,0
1.436,0.157079569725891,0.0430335738232816,0.119059820168265,0
1.437,0.142806762690615,0.0311773191971657,0.137247729498308,0
1.438,0.1315231535638,0.0654061586358895,0.130893318619292,0
1.439,0.134286495802339,0.0462850775772433,0.137539430047708,0
1.44,0.171899197188134,0.0530811920925978,0.019313093761406,0
1.441,0,0,NaN,1
1.442,0,0,NaN,1
1.443,0,0,NaN,1
1.444,0,0,NaN,1
1.445,0,0,NaN,1
1.446,0,0,NaN,1
1.447,0,0,NaN,1
1.448,0,0,NaN,1
1.449,0,0,NaN,1
1.45,0,0,NaN,1
1.451,0.183771825376173,-0.0398362660077295,0.0432566469638451,0
1.452,0.183438081020004,-0.049065946670577,0.0504376033549566,0
1.453,0.181293555505693,-0.0563511502806894,0.0573370827787922,0
1.454,0.18013518636301,-0.0278411408050495,0.131933643398255,0
1.455,0.177606288790882,-0.0271096507204291,0.13375643047049,0
1.456,0.181329235525437,-0.0363183504915606,0.134822218961425,0
1.457,0.177370925062579,-0.0249474788386141,0.132821207572438,0
1.458,0.184919961566181,-0.0406572126437453,0.133624036819253,0
1.459,0.181958630237257,-0.0231503811303404,0.127815632311039,0
1.46,0.189517752964878,-0.0385252551301959,0.128451687697315,0
1.461,0.18905635142545,-0.0234613739771958,0.121610162554839,0
1.462,0.195545728794037,-0.0337816613078447,0.12077723894846,0
1.463,0.193563677454337,-0.0197259423780558,0.11575214161857,0
1.464,0.199137220313961,-0.0276735606437828,0.114595439007203,0
1.465,0.198324857128288,-0.0188143925696002,0.111025899812121,0
1.466,0.200642071759077,-0.0209539060353388,0.109961412854454,0
1.467,0.235393779635056,-0.0523846250944567,0.0944005966627645,0
1.468,0.233602017468505,-0.0515042218597944,0.0955122924552756,0
1.469,0.230629360813685,-0.0512263417971614,0.097952881787515,0
1.47,0.225655391345956,-0.0526112966444397,0.102950418849372,0
1.471,0.216475972821735,-0.0560759046100576,0.112641417774788,0
1.472,0.18112342196017,-0.00721610772420636,0.12031526326675,0
1.473,0.225328255284281,-0.0584175124169261,0.105949181196673,0
1.474,0.24268635424048,0.0473608452375562,0.0401069689288425,0
1.475,0.231824036872342,-0.0497097137627944,0.0960447648563352,0
1.476,0.226677705392471,-0.0510203687493561,0.10117762336715,0
1.477,0,0,NaN,1
1.478,0.236084651269523,-0.0465637244795639,0.0907590030413653,0
1.479,0.233066956444603,-0.0498248322621909,0.0949605869838034,0
1.48,0,0,NaN,1
1.481,0.230723923601582,-0.051922553798588,0.0980049940144703,0
1.482,0.235736299289125,-0.0393630774674739,0.0875938674347423,0
1.483,0.23403396671962,-0.0562622035734585,0.0971712128293909,0
1.484,0.239977167343731,0.0529215717489247,0.0397156429238407,0
1.485,0.25236466645831,-0.0505957687886498,0.07835754966881,0
1.486,0.185639690904042,0.0183114104802734,0.103978986937496,0
1.487,0,0,NaN,1
1.488,0.229508949140721,0.0635428214680465,0.0438144522277958,0
1.489,0.259238601217861,-0.0552277710991615,0.0745331765684032,0
1.49,0.232899747674307,0.0610453646610335,0.042028974553359,0
1.491,0,0,NaN,1
1.492,0.226853146538562,0.0672665339424346,0.0443551522574397,0
1.493,0,0,NaN,1
1.494,0.230005151822174,0.0631554792192972,0.0435494641965411,0
1.495,0,0,NaN,1
1.496,0.227240829517588,0.0660991035875155,0.0445624186713465,0
1.497,0,0,NaN,1
1.498,0.226602376233397,0.0657315748410259,0.0452922419671895,0
1.499,0.260638207618598,-0.0540555798711599,0.0727101689160879,0
1.5,0.226800575761738,0.0653081816100609,0.0453149066356442,0
1.501,0.259145985465802,-0.0539363467890311,0.0739552185680991,0
1.502,0.223595262410297,0.0679870201461615,0.0468404548400165,0
1.503,0.258752302269041,-0.0560428288270732,0.0753014820682449,0
1.504,0.224098881395806,0.0674033870730454,0.0466711763197291,0
1.505,0.258121724004104,-0.0552218207928038,0.0754538360433543,0
1.506,0.221599109544848,0.0688484052622477,0.0481668713824385,0
1.507,0.257834035158275,-0.0590866643240508,0.0775488468876332,0
1.508,0.22274011700574,0.0683828661101928,0.0473821252962707,0
1.509,0.258602934031831,-0.0548745489679177,0.0748497262793706,0
1.51,0.183025974294483,0.0342081415399931,0.0985969503485423,0
1.511,0.261604531089855,-0.0652468154462223,0.0771729128920267,0
1.512,0.225388261422715,0.0643331361608028,0.046982441863601,0
1.513,0.224080519690771,-0.0233355843885373,0.0900668028303412,0
1.514,0.174508853486618,0.0373358020232402,0.104568736074033,0
1.515,0.219222746077916,-0.0198859617448918,0.0926795312128824,0
1.516,0.21172829279955,0.0629096078593704,0.0528383135613345,0
1.517,0.249270712667897,0.00760108033838636,0.0358871593855631,0
1.518,0.171625612482517,0.0291150906572277,0.111022827652424,0
1.519,0.240450505672769,0.00263530862658895,0.0263531292079452,0
1.52,0.205635698270506,0.0383432771093555,0.0303464835305811,0
1.521,0.205292206285545,0.0308768446088969,0.0245009717366704,0
1.522,0.199441720145449,0.0346000950801018,0.0234555859515844,0
1.523,0,0,NaN,1
1.524,0,0,NaN,1
1.525,0.18720693818462,-0.0149710028058731,0.021913810395369,0
1.526,0.176141512624512,-0.00728956775777972,0.0234043715827726,0
1.527,0.17257839835432,-0.00470989968205157,0.0238009826915981,0
1.528,0.168358999465448,-0.00284763666593321,0.025172682119919,0
1.529,0.180956083754788,-0.0185781867183824,0.0287230283234709,0
1.53,0.170732143498643,-0.00923932943560598,0.0284105682833626,0
1.531,0.170768422035527,-0.00862390839733664,0.0279160002732258,0
1.532,0.166557357545445,-0.00379445992276035,0.0270458694790363,0
1.533,0.180966788610508,-0.0217890976504514,0.0311076468061904,0
1.534,0.171748479953656,-0.0112993109159699,0.0292639125009716,0
1.535,0.169798271948687,-0.00838407006244225,0.0283461343255427,0
1.536,0.174834786195719,-0.0141157815178184,0.0293456243890224,0
1.537,0.176339366799461,-0.0143826563371042,0.0285515098632092,0
1.538,0.178182906215031,-0.0167006661200817,0.0290819675225424,0
1.539,0.192978881315112,-0.034173288099388,0.0325022476918471,0
1.54,0.189669256602161,-0.0277531587782541,0.0298457768854293,0
1.541,0.200961155287332,-0.043499562701217,0.0342732594259103,0
1.542,0.173458663360145,-0.00981575445300189,0.0269879490759115,0
1.543,0.20007384400401,-0.0416672175144186,0.0334745583106694,0
1.544,0,0,NaN,1
1.545,0.196085604307062,-0.035582008574458,0.0315140527098361,0
1.546,0,0,NaN,1
1.547,0.207448173918101,-0.046220926097733,0.0320515976267207,0
1.548,0,0,NaN,1
1.549,0.2017651659918,-0.0450423197493564,0.0348893383648293,0
1.55,0,0,NaN,1
1.551,0.186575435133188,-0.027314035687311,0.0315304590720255,0
1.552,0,0,NaN,1
1.553,0,0,NaN,1
1.554,0,0,NaN,1
1.555,0,0,NaN,1
1.556,0,0,NaN,1
1.557,0.169485705489538,-0.0177158751069005,0.0355351919109064,0
1.558,0,0,NaN,1
1.559,0.160718800439293,-0.01585230373984,0.0398941159852613,0
1.56,0,0,NaN,1
1.561,0.149440369368681,-0.0146538696537078,0.0441741998147343,0
1.562,0,0,NaN,1
1.563,0,0,NaN,1
1.564,0,0,NaN,1
1.565,0,0,NaN,1
1.566,0,0,NaN,1
1.567,0,0,NaN,1
1.568,0,0,NaN,1
1.569,0,0,NaN,1
1.57,0,0,NaN,1
1.571,0,0,NaN,1
1.572,0,0,NaN,1
1.573,0,0,NaN,1
1.574,0,0,NaN,1
1.575,0,0,NaN,1
1.576,0,0,NaN,1
1.577,0,0,NaN,1
1.578,0.211804052697993,0.0146355587755897,0.113288950309862,0
1.579,0.277900531214449,0.0397431249768062,0.110751365204252,0
1.58,0.310374203578326,0.0521273278822206,0.087901997953464,0
1.581,0.305782857972456,0.0687614932442127,0.0997552402025765,0
1.582,0.30912055280446,0.0650865113412728,0.0950994747980459,0
1.583,0.301371281264874,0.0591741106743941,0.0991784039980321,0
1.584,0.295872926069816,0.0518715129548017,0.100619191599536,0
1.585,0.291279511775713,0.049217771919629,0.103445096606165,0
1.586,0.288621828757948,0.0483651804711196,0.105409077961592,0
1.587,0.284176060801157,0.0447035266555847,0.107629740940748,0
1.588,0.285665717066357,0.036648259055535,0.102545168235971,0
1.589,0.267733917147463,0.0335483242660857,0.116923666195774,0
1.59,0.268402467854603,0.0211510241160177,0.110520149907683,0
1.591,0.27431040479391,0.0269803872020107,0.108058551474288,0
1.592,0.262067777816086,0.0153810880250343,0.113416363180943,0
1.593,0.259088012076054,0.0101790050630837,0.113606861828458,0
1.594,0.2620109736606,0.0306923763855537,0.120679574159915,0
1.595,0.25866670228577,-0.00995152726736511,0.104528209764488,0
1.596,0.247073312609907,0.0187953570535163,0.128273227951346,0
1.597,0.245565324395104,-0.0167221272792624,0.112911835439317,0
1.598,0.248043917563356,0.0178603652172746,0.126985550195658,0
1.599,0.239604800129483,-0.00960887362639841,0.121519260814178,0
1.6,0.239518513388281,0.0143997919894429,0.132885679105698,0
1.601,0.233539386587178,-0.0200254907495435,0.115734834143789,0
1.602,0.231128091250806,0.00862973097745753,0.127264159650308,0
1.603,0.228282476081139,-0.020170956012562,0.111048586134438,0
1.604,0.225301784914529,0.00647349905600075,0.121120393569429,0
1.605,0.224559768475101,-0.0188203756975068,0.108425260819852,0
1.606,0.217308677267659,0.00437298534051617,0.113099883473323,0
1.607,0.217966791871445,-0.0220670313193446,0.101088606407652,0
1.608,0.223673680734792,0.00113229335797678,0.117156595491558,0
1.609,0.226174458130509,-0.0134908336113954,0.112399165970325,0
1.61,0.198426369714178,-0.00570602337938063,0.0917192480125222,0
1.611,0.231246903910248,-0.0125853737900637,0.117295880311728,0
1.612,0.225317260493884,0.0129380269283547,0.1242516036692,0
1.613,0.214413203479112,-0.00295062425715955,0.10711362956752,0
1.614,0.202763927215734,-0.0219122915213793,0.0878497384952519,0
1.615,0.216177158700465,0.00354350296497105,0.111766524032244,0
1.616,0.205209997843765,-0.0160796556768161,0.092790081323279,0
1.617,0.201380552538252,-0.0136432838960244,0.0905865322908545,0
1.618,0.212002566171371,-0.0140667756965704,0.0997258285207095,0
1.619,0.202580793755422,-0.0116904819129323,0.0925801301046367,0
1.62,0.20920511842159,-0.0146239223664259,0.0970102501866613,0
1.621,0.207249925602449,-0.00387486665064178,0.100414974034294,0
1.622,0.218501263391929,-0.01213714580566,0.106379038328849,0
1.623,0.214201851372763,0.00419709413991907,0.110387039803383,0
1.624,0.201631247764201,-0.0130837684256086,0.0911164533119791,0
1.625,0.204226579416707,-0.00874177720517002,0.095468055959987,0
1.626,0.20349837404322,-0.0139555644274416,0.0923487321162133,0
1.627,0.207035628096777,0.00032556889364343,0.102261406768431,0
1.628,0.222045892988853,-0.00999009541619634,0.110553768996648,0
1.629,0.213606281530743,0.00543122059403412,0.110488119332088,0
1.63,0.211879632430925,-0.0191483058661287,0.0972777145881599,0
1.631,0.200448476815856,0.00264506734263781,0.0976084210542558,0
1.632,0.210189337466958,-0.023580649172776,0.0936914342839735,0
1.633,0.206703328134303,0.01458880045336,0.108802818004142,0
1.634,0.21438995773044,-0.0134256460558417,0.102233132377716,0
1.635,0.198925757125421,-0.00574126419073338,0.0923017209588592,0
1.636,0.204851447126067,-0.0136294333449442,0.0937584299054447,0
1.637,0.213058703345971,-0.000535390135597887,0.107211959545787,0
1.638,0.220737190837292,-0.00679876136491208,0.110990716893051,0
1.639,0.195859525167804,-0.00451763147742392,0.0902123542302814,0
1.64,0.21432818062588,-0.0114403721229433,0.103156912653563,0
1.641,0.19991346326842,-0.00449606264733104,0.0937943701343828,0
1.642,0.206295228600102,-0.0100902306397696,0.096744422533539,0
1.643,0.207429966128904,-0.00104803529512952,0.102049649327607,0
1.644,0.210580301845257,-0.00927268748375918,0.10090942817272,0
1.645,0.204804183073961,0.00306149621388242,0.101706237489153,0
1.646,0.206478392769673,-0.0175559942226412,0.0933678553715932,0
1.647,0.212773168089323,0.00378080794511758,0.109060724370943,0
1.648,0.21777049279206,-0.00950369672550665,0.107138706568175,0
1.649,0.195015534717337,-0.00168004363450836,0.0908597763635609,0
1.65,0.223854478897406,-0.00169381010447011,0.116211319832897,0
1.651,0.214647268228309,0.000440447560431702,0.109141532291413,0
1.652,0.222370808991668,-0.00030982041366942,0.11558376320561,0
1.653,0.198714827933372,-0.00090324196706051,0.0945090645622739,0
1.654,0.2262889472336,-0.00601510676000003,0.116325088089242,0
1.655,0.223588541332021,0.0189841038740335,0.125859329624725,0
1.656,0.216733092006734,0.00396158290173021,0.112697038128362,0
1.657,0.214655565114455,-0.0121672680034242,0.103204773715966,0
1.658,0.209845533557764,0.00372357626922012,0.106542189391299,0
1.659,0.201271107172679,-0.0123703000682265,0.0913498069989164,0
1.66,0.219765764521835,0.00626044274955133,0.116479802624874,0
1.661,0.210646591182514,-0.00680477838358342,0.102253558813654,0
1.662,0.215216843654831,0.00336493871290243,0.111115520900501,0
1.663,0.211758536439219,-0.00245154746827807,0.105314003154356,0
1.664,0.203594462555317,-0.00887514430086125,0.0950818964250115,0
1.665,0.223077045016087,0.00646254074089786,0.119513345560804,0
1.666,0.214512894895196,-0.00506359915223329,0.106507692986546,0
1.667,0.219691119349682,0.00532015866338557,0.116006600138032,0
1.668,0.206812647974393,-0.00181424059602116,0.101294581686177,0
1.669,0.224808070032622,-0.00215921327435043,0.116958847613358,0
1.67,0.227934113236437,0.00792377987910737,0.124514783402692,0
1.671,0.209777010005838,0.00380858099080703,0.106600835701168,0
1.672,0.216447681004971,-0.00651958007348306,0.107558492668895,0
1.673,0.206025531983009,0.00441257150843845,0.103597727800709,0
1.674,0.211631324228311,-0.0142192448479844,0.0996666339320513,0
1.675,0.213691420975011,0.0069351738699333,0.111542781046381,0
1.676,0.209966928949618,-0.0118206111622596,0.099349479238245,0
1.677,0.222660690149883,0.00932221378601401,0.120571242069534,0
1.678,0.214483598491875,-0.00588467641168929,0.106153763124048,0
1.679,0.21546135145774,0.00442418026746291,0.111919407357058,0
1.68,0.22341932910699,-0.000820638078931889,0.116428130027906,0
1.681,0.222094047014995,0.000180522608837906,0.11574520537914,0
1.682,0.206123045281798,-0.00341895991377084,0.0999918503814625,0
1.683,0.22423827830428,0.0100939715579153,0.12235089483758,0
1.684,0.210978287320331,-0.00206046276852452,0.104914904133399,0
1.685,0.219363300062155,0.00471210882314256,0.115511158296944,0
1.686,0.21221189515917,-0.003032810785029,0.105541719958501,0
1.687,0.223222782814562,0.00655197054341664,0.119784961121514,0
1.688,0.212241807495314,-0.00433907724996846,0.104952247430791,0
1.689,0.225894667952383,0.00928048744997836,0.12343775115795,0
1.69,0.214201629252285,-0.00286596306459112,0.107383121038519,0
1.691,0.220447749314787,0.00590063724480483,0.117046485217693,0
1.692,0.215544797863864,-0.00296309641923663,0.108522530074563,0
1.693,0.220553255207925,0.00505529246347567,0.116741707605661,0
1.694,0.21495743694034,-0.00344813104974135,0.107779297657527,0
1.695,0.224176031941986,0.00678294218879063,0.120753430628501,0
1.696,0.214521816946654,-0.00424645506829977,0.10702165084145,0
1.697,0.227180743580295,0.00818613393370704,0.124068429372932,0
1.698,0.217587411018722,-0.00340162384216475,0.110126209785279,0
1.699,0.219895073321061,0.00482592590456367,0.116069449054926,0
1.7,0.221374162528979,-0.00137557545963738,0.114424447161743,0
1.701,0.21905810138015,0.000828666325104014,0.113437944217161,0
1.702,0.227355050530757,0.0035376634956246,0.122026374370575,0
1.703,0.226800273783205,-0.00188164320921664,0.118967189403404,0
1.704,0.211614231570004,-0.000120020237337759,0.106451746097806,0
1.705,0.228793619980726,0.00700132217420824,0.124948063426439,0
1.706,0.218972361397249,-0.00202921736716956,0.112021839701798,0
1.707,0.220251306964893,0.00414816326467856,0.116085306557181,0
1.708,0.227814252994937,0.00226525558799777,0.121845624172416,0
1.709,0.226011554005625,-0.00063191409249467,0.118887916981463,0
1.71,0.213332765249015,6.01457548002618e-05,0.108068413206739,0
1.711,0.229225214263995,0.0068937225238426,0.125296393171355,0
1.712,0.220570440507191,-0.00162394188790409,0.113640086250436,0
1.713,0.22049388925387,0.00389640321705079,0.116198817463364,0
1.714,0.227901426232046,0.00315704244438097,0.122366034122605,0
1.715,0.225756282620156,-0.000551759858101478,0.11872097391542,0
1.716,0.214999877085468,0.00142751578355155,0.110203458808336,0
1.717,0.229650085199221,0.00601483618769703,0.125271233580917,0
1.718,0.222028076164378,-0.00103475423871966,0.115220980617499,0
1.719,0.220832733583882,0.00404768934406633,0.116587149389514,0
1.72,0.227712005645401,0.00355890320848855,0.122408490847925,0
1.721,0.224478750902776,-1.39068217258022e-05,0.117870249563102,0
1.722,0.218738472478704,0.00403691938846604,0.114748612398411,0
1.723,0.224910675865025,0.00278310697074818,0.119582855262241,0
1.724,0.219693774614054,0.00170227114756599,0.114482378114163,0
1.725,0.230426468584932,0.00650731715115571,0.126208450865398,0
1.726,0.225072264531724,-0.000271495125060435,0.118281359368436,0
1.727,0.221270863484521,0.00443126254775993,0.1171744193726,0
1.728,0.227974389993221,0.00379638448442432,0.122770946777502,0
1.729,0.22273232396708,0.00117113955146437,0.116914948715124,0
1.73,0.228976615962277,0.00726561882881677,0.125305897062529,0
1.731,0.224297051323624,-8.35937126193457e-05,0.117700218735885,0
1.732,0.226609474023529,0.00757788268471326,0.123377051874032,0
1.733,0.22306981319584,-4.10695131553202e-05,0.11664489304411,0
1.734,0.2335375856472,0.00897012381766814,0.130137192430468,0
1.735,0.230646678878514,0.000217638970618162,0.123440203420933,0
1.736,0.221330303533914,0.00305066586231456,0.116593836033776,0
1.737,0.231917361359576,0.00667051244917874,0.127628263145963,0
1.738,0.225294456669106,0.00124575934931635,0.119228312262827,0
1.739,0.2260642039066,0.00649190505269127,0.122399665899664,0
1.74,0.225031654431348,0.00201696044170736,0.119366684807532,0
1.741,0.228823871664718,0.0068500780011027,0.125000539983723,0
1.742,0.22453685740307,0.00147280060710235,0.118676447189626,0
1.743,0.235713684814904,0.00835462219124103,0.131780347562184,0
1.744,0.232407426548677,0.00124428506971626,0.125498711397304,0
1.745,0.223274458204133,0.00349966437253135,0.118538669235135,0
1.746,0.234740582782118,0.00631449936120053,0.129964165367418,0
1.747,0.228845768544612,0.00202820148715843,0.122746194416118,0
1.748,0.225641655960321,0.00516328895967381,0.121418644807157,0
1.749,0.232399400914326,0.00410618842180602,0.126862911399188,0
1.75,0.226845117734007,0.00283010898989043,0.12137316432515,0
1.751,0.234124662341359,0.00695057960641525,0.129736616024699,0
1.752,0.229315622604503,0.00185991550966262,0.123091183100803,0
1.753,0.228678421106219,0.00667199966376144,0.124818435774077,0
1.754,0.227973992967002,0.00178476525506695,0.121878575777986,0
1.755,0.234029566120813,0.00760771589378511,0.129973845715214,0
1.756,0.229150826200016,0.00176802215995144,0.122910967553949,0
1.757,0.233506598273099,0.00738213233670974,0.129411780935977,0
1.758,0.229185117040261,0.00158646088274664,0.122859790227153,0
1.759,0.236410723567321,0.00763303400103164,0.132082400414336,0
1.76,0.232284522554762,0.00169577242393895,0.125644802024958,0
1.761,0.228174253001821,0.00590983532897571,0.12403245901164,0
1.762,0.232970336371007,0.00160896100609253,0.126210265785191,0
1.763,0.228362475201202,0.00487532695356495,0.123709747479333,0
1.764,0.240654345246336,0.00347587709094265,0.126368031132608,0
1.765,0.237420371782027,0.00355667251600683,0.129249545911682,0
1.766,0.227289917830005,0.00418373769924338,0.122448267805049,0
1.767,0.23761120560814,0.00361445297908549,0.129104623249862,0
1.768,0.23103040934477,0.00364504193385149,0.12548802214138,0
1.769,0.232741786082662,0.0046033764598393,0.127450536164647,0
1.77,0.230137643001151,0.00323084235893815,0.124509352254028,0
1.771,0.240396128953107,0.00516209117386876,0.127375926499333,0
1.772,0.236353916875125,0.00322012159622187,0.129980377587891,0
1.773,0.228197731057319,0.00474797737593127,0.12353259007415,0
1.774,0.243560713073478,0.00227450737623651,0.123214477921384,0
1.775,0.241191584211513,0.00447668252670794,0.126337108404213,0
1.776,0.231431499936219,0.00493386741070698,0.126478514338207,0
1.777,0.231720014338229,0.00202325058276326,0.125351716748099,0
1.778,0.240150539757235,0.0062390808790169,0.128080850970209,0
1.779,0.236265134052536,0.00292751453875615,0.129787287249709,0
1.78,0.229338281652106,0.00513854258621267,0.124744955816882,0
1.781,0.242387041023176,0.00104075071815415,0.123643837199131,0
1.782,0.237203870807004,0.00490387137006098,0.130032028776883,0
1.783,0.230519253463254,0.0042599793418747,0.125376241296707,0
1.784,0.243683561518511,0.00260731071879736,0.123234717305855,0
1.785,0.240424913866059,0.00467348851357969,0.127077141863873,0
1.786,0.230807355609877,0.00539905353459364,0.1261820740765,0
1.787,0.238439000114821,0.000696197914576707,0.126939338884287,0
1.788,0.231654615500867,0.00572258437043353,0.127085154841838,0
1.789,0.244796191092505,0.000998048612493236,0.121479369261972,0
1.79,0.241509037833757,0.00555955030916317,0.126527914910488,0
1.791,0.232276544037216,0.00582478294913906,0.127692884657687,0
1.792,0.237779170086421,0.000698561894297381,0.127507159813253,0
1.793,0.232105595336389,0.00648035226239171,0.127857236221833,0
1.794,0.24712712732517,4.9560359521634e-05,0.118964115100969,0
1.795,0.245117272564159,0.00624387553879042,0.123660260121189,0
1.796,0.23653926410379,0.00667573110268573,0.131414089923661,0
1.797,0.234911813571419,0.0018807088493745,0.128160345630367,0
1.798,0.245080593420528,0.00585632272922565,0.123500684489042,0
1.799,0.243121126372687,0.00361827170903458,0.124161480970949,0
1.8,0.230357373616735,0.00711784492630616,0.126650764539416,0
1.801,0.244514778921838,-0.00342993817276739,0.119592776388269,0
1.802,0.236112195545587,0.00689464672422597,0.131614008437012,0
1.803,0.236339025659167,0.00190972833863646,0.129314482655025,0
1.804,0.238835393463874,0.00678480293349655,0.129423413655337,0
1.805,0.236214784468132,0.00320802885839325,0.129961471107686,0
1.806,0.245945417606928,0.00474013347961405,0.122190841205133,0
1.807,0.242615636544667,0.0050668031014584,0.125273194401079,0
1.808,0.232954703043737,0.00683061930271959,0.128822438870199,0
1.809,0.24863811578118,-0.00185438563901935,0.116688959964357,0
1.81,0.242835656577408,0.00768766778836468,0.126311785552896,0
1.811,0.238050683581457,0.00453033736648472,0.129026950111662,0
1.812,0.24206101113737,0.00395427855285208,0.125221223546661,0
1.813,0.237746284269511,0.00556328488861035,0.129780076149583,0
1.814,0.247109344513986,0.00226969981980992,0.119973900890167,0
1.815,0.24339786033901,0.00643291336781561,0.125209410909983,0
1.816,0.234974552485266,0.00648875706492713,0.130464911285854,0
1.817,0.248126305895665,-0.00109657624031733,0.117476249787641,0
1.818,0.240541511651603,0.00831025560158663,0.128606014560508,0
1.819,0.23944155062209,0.00200988404383663,0.126588387398506,0
1.82,0.243867779947741,0.00656431142421987,0.124847107946569,0
1.821,0.240446231706796,0.00407596435715101,0.126678475617309,0
1.822,0.246654908633627,0.00410625007271455,0.121224227701139,0
1.823,0.24305063104676,0.00542276645526896,0.125017898298694,0
1.824,0.238895623801045,0.00507354619230061,0.128508790460948,0
1.825,0.241673504913187,0.00209390252846661,0.124650616198591,0
1.826,0.241512005132276,0.00699458070104996,0.127113153485695,0
1.827,0.241833320762908,0.00182420959449131,0.124379509455166,0
1.828,0.245183061795159,0.00684452184737004,0.12380721258341,0
1.829,0.242474903165887,0.00334886361692371,0.124533323633584,0
1.83,0.250461988675494,0.00440025107921806,0.117997127257131,0
1.831,0.248036132001372,0.00446689684203296,0.120160257466848,0
1.832,0.236096431351752,0.00799551609609877,0.132212468500417,0
1.833,0.254410262133787,-0.00515165660435605,0.109987886405013,0
1.834,0.245432780103568,0.00922338405972303,0.124697193997046,0
1.835,0.245624406113462,-0.000452664626091225,0.119941013556907,0
1.836,0.248857181658933,0.00830790344347149,0.121242944825871,0
1.837,0.245876672038724,0.00272122350644736,0.121216320236511,0
1.838,0.241394077628016,0.00681005681762144,0.127097995807214,0
1.839,0.244448043864277,0.000111793316604761,0.12123424278268,0
1.84,0.245174866255753,0.00893792996562951,0.124774981824632,0
1.841,0.245181598183451,4.18589330534789e-05,0.120551555371672,0
1.842,0.250711378129933,0.00770857756393918,0.119313786548169,0
1.843,0.24865830648795,0.00141436569646881,0.118134731542501,0
1.844,0.240320824786328,0.00769914855752102,0.1284504755933,0
1.845,0.249841376314521,-0.0032046337498959,0.114900787923417,0
1.846,0.238751099741146,0.0116029488105696,0.131679058904479,0
1.847,0.259621483679643,-0.00616677232350214,0.104883372483177,0
1.848,0.250164250008018,0.00907749843485878,0.120426441246395,0
1.849,0.253876742737295,-0.00551082987335266,0.110239540359148,0
1.85,0.241389919720051,0.0119971983654711,0.129525421428931,0
1.851,0.25811288070909,-0.00147798123244022,0.108415219118816,0
1.852,0.254992480443684,0.00792435233038229,0.115611448854956,0
1.853,0.24969703114924,0.00310758967515366,0.11798465161877,0
1.854,0.238171475223574,0.0098704929560364,0.131333708549443,0
1.855,0.256710831509637,-0.00702479728511389,0.107003720617521,0
1.856,0.244078435645598,0.00934117440464518,0.1258757216167,0
1.857,0.248540176133616,-0.00557404155889602,0.114875436415419,0
1.858,0.256120670442125,0.0110813249600007,0.116093312173123,0
1.859,0.250443053036465,-0.00128884018742417,0.115221501377677,0
1.86,0.237417410628056,0.0114729192770666,0.132734656402881,0
1.861,0.260906348683826,-0.00795868228349599,0.102845095732704,0
1.862,0.249745778376941,0.00842045378836451,0.12042628650845,0
1.863,0.255189135286568,-0.00743188212647936,0.108114237088013,0
1.864,0.242423478145541,0.0130754067414511,0.129068534921114,0
1.865,0.258632964806931,-0.000751396785096987,0.108242688281446,0
1.866,0.257042823148898,0.00582686680805632,0.112753728141288,0
1.867,0.245494660354734,0.0070443041937123,0.12349051687285,0
1.868,0.248254335566773,-0.00291323045480707,0.116337247225537,0
1.869,0.256637134117235,0.00743420486768714,0.113860324459985,0
1.87,0.252295623037079,-0.00125625061496071,0.113554764049633,0
1.871,0.237005861499422,0.0113448443818373,0.132984778306104,0
1.872,0.260959948287488,-0.0111317479730154,0.101241060163009,0
1.873,0.24670929239835,0.00701677230348549,0.122382396220999,0
1.874,0.251399168366805,-0.00526556898914979,0.112426587226417,0
1.875,0.256559153769902,0.0101535037608002,0.115191582304289,0
1.876,0.24754316093987,0.00106995453307991,0.118814554211512,0
1.877,0.242244115590436,0.0102539743357511,0.127832319514376,0
1.878,0.258569538854147,-0.00525859961768856,0.106104675813776,0
1.879,0.245944119320351,0.010302177638627,0.124591076958978,0
1.88,0.252506044903626,-0.0113352644122592,0.108550857922594,0
1.881,0.259266810412065,0.0130696849500532,0.114169174449351,0
1.882,0.247588200092532,-0.00484716231603912,0.115945231679418,0
1.883,0.244278005868004,0.0147310844142887,0.12814268582574,0
1.884,0.259450852235716,-0.0101528637786791,0.102984485501209,0
1.885,0.24193859990576,0.00914902255415607,0.127546735969967,0
1.886,0.257205085521257,-0.0114391305781749,0.104343915616358,0
1.887,0.24203604976783,0.0120233007037626,0.128818324387539,0
1.888,0.266345878657651,-0.00608405064129699,0.0988325978594797,0
1.889,0.253682020056139,0.00798665122115408,0.116643873626899,0
1.89,0.260295813290211,-0.0120505964692708,0.101312893208537,0
1.891,0.244391413088815,0.0136699774015112,0.127505149793642,0
1.892,0.264855843527813,-5.53287869467722e-05,0.102981805451878,0
1.893,0.263203586538897,-0.00441243774957088,0.102359622746642,0
1.894,0.243030430650136,0.00901550162653936,0.126477189706368,0
1.895,0.250792129966591,-0.0134881116121822,0.108969039015953,0
1.896,0.264138857758786,0.0109224130941227,0.108797778817557,0
1.897,0.251311942324897,-0.00970245344934518,0.110294354853317,0
1.898,0.245320381824014,0.0174166345269622,0.128430527094105,0
1.899,0.263129984255542,-0.00931324342313364,0.100073754700621,0
1.9,0.244873368399622,0.00881420018548413,0.124734273258375,0
1.901,0.254601212485903,-0.013133545255301,0.105758434520044,0
1.902,0.261730484382939,0.0137450567024103,0.112230906232905,0
1.903,0.249976815856871,-0.00995370453540589,0.111325363988768,0
1.904,0.251582666590285,0.0184366025268797,0.123379605800748,0
1.905,0.258401950553041,-0.0199022330474373,0.099184920572253,0
1.906,0.255786443330526,0.0157572318830165,0.118398869159051,0
1.907,0.247690406164077,-0.00657915242369255,0.114923918996036,0
1.908,0.258322385234376,0.0159343906363068,0.116246793371041,0
1.909,0.258535933865233,-0.0209939048325419,0.0985328130896629,0
1.91,0.259922929041174,0.0147710216160316,0.114273975040508,0
1.911,0.245656717611201,-0.00644150471240831,0.116761446121471,0
1.912,0.262400153683612,0.0145207871717114,0.111970316892416,0
1.913,0.259638992553473,-0.0215728647444145,0.0972685879627853,0
1.914,0.255723767575773,0.0151038205606576,0.118109243873151,0
1.915,0.249039407130964,-0.00719636982471349,0.113409125833065,0
1.916,0.25730559692683,0.0172230432889791,0.11771881685894,0
1.917,0.259023359145246,-0.0239315883619754,0.0966762864604001,0
1.918,0.262655537471679,0.012545304216151,0.110779218769466,0
1.919,0.244749399693079,-0.00370766880685464,0.118822674395081,0
1.92,0.263448060448601,0.0105661524863616,0.109138541957628,0
1.921,0.254984824492649,-0.0132788213071124,0.105267236710358,0
1.922,0.258668109707256,0.0169443792164186,0.116361984163952,0
1.923,0.257990947297583,-0.0236042997469021,0.0977141762020992,0
1.924,0.263968814365684,0.011865321970457,0.109275754234165,0
1.925,0.24684008118106,-0.00530209363472533,0.116200371599784,0
1.926,0.263374890986808,0.0144569929406071,0.111023145240025,0
1.927,0.258511949720301,-0.0216768568437711,0.0981519633096734,0
1.928,0.262231733730977,0.0142071839874279,0.111898399672143,0
1.929,0.249617295197153,-0.0119802144154362,0.110570363925485,0
1.93,0.266615127088155,0.0163479101755196,0.109049837679015,0
1.931,0.262589932327112,-0.0245948975001663,0.0931579121988223,0
1.932,0.257033511117969,0.0133640917546372,0.116051623950725,0
1.933,0.250331856965158,-0.00467188199176104,0.113389620148381,0
1.934,0.257555903819213,0.0169027109173547,0.117268327581691,0
1.935,0.259049132022294,-0.0227092441062871,0.0971553592743354,0
1.936,0.263998552662335,0.0135841849349338,0.110014117429845,0
1.937,0.250303512941359,-0.0121879737628028,0.109833798548079,0
1.938,0.268383549540348,0.0165821378495096,0.107570899921967,0
1.939,0.263912059227648,-0.0249167301804955,0.0918075211889732,0
1.94,0.258117811487134,0.0131950995919234,0.114983163601827,0
1.941,0.251320020082913,-0.00479519147431343,0.112427363006833,0
1.942,0.258639063233351,0.0176859189949203,0.116652902526181,0
1.943,0.259833965353899,-0.0240954345024311,0.0957729856104556,0
1.944,0.264748089964229,0.0131776472085718,0.109127853911994,0
1.945,0.227492935733644,-0.0319800700989313,0.120485314657445,0
1.946,0.229236512311335,-0.020980562969363,0.124169556510884,0
1.947,0.214312078863678,-0.0549065948934734,0.121195625953836,0
1.948,0.206420553131486,-0.0432540894169346,0.133655039926824,0
1.949,0.243880276248914,-0.0622087475681708,0.0300422086219753,0
1.95,0.253889325112815,-0.0438436093460147,0.0227677888844855,0
1.951,0.263218540851715,-0.0298273090984909,0.0183251542770301,0
1.952,0,0,NaN,1
1.953,0,0,NaN,1
1.954,0,0,NaN,1
1.955,0,0,NaN,1
1.956,0,0,NaN,1
1.957,0,0,NaN,1
1.958,0,0,NaN,1
1.959,0,0,NaN,1
1.96,0,0,NaN,1
1.961,0.266590811511001,-0.0345729120630161,0.023948380193518,0
1.962,0,0,NaN,1
1.963,0,0,NaN,1
1.964,0,0,NaN,1
1.965,0,0,NaN,1
1.966,0,0,NaN,1
1.967,0.294303942487909,-0.0110420808563111,0.0244255332958405,0
1.968,0,0,NaN,1
1.969,0.298517724268599,-0.00873434956754326,0.0254491066785114,0
1.97,0,0,NaN,1
1.971,0.302733598751272,-0.00625569709174151,0.0263460472960187,0
1.972,0,0,NaN,1
1.973,0.303963796867536,-0.00794631203034088,0.0284144112068107,0
1.974,0,0,NaN,1
1.975,0.30598650612443,-0.00806581528796865,0.0298243782009768,0
1.976,0,0,NaN,1
1.977,0.304743416798403,-0.0126228564669666,0.032423989538351,0
1.978,0.279839928826803,0.0763491897391634,0.0509206184853207,0
1.979,0.305078171610714,-0.0142104197112555,0.0338319356688909,0
1.98,0.279102875996265,0.0773916345557389,0.0521962178405707,0
1.981,0.304530298040063,-0.0174781806067357,0.0359245577070379,0
1.982,0.272992951315974,0.0264186478828439,0.107571182238762,0
1.983,0.302150018701856,-0.0245094254193056,0.0396467046894739,0
1.984,0.311354629102764,-0.00652410096493065,0.0321890963339405,0
1.985,0.26508612508886,0.079054678253804,0.062675123241904,0
1.986,0.305324396318529,-0.0177943294942166,0.0366860222529519,0
1.987,0.266284440570731,0.0294761041662922,0.114875069489268,0
1.988,0.302065569323064,-0.025987066723453,0.0407006762249774,0
1.989,0.26802875369241,0.018770610950192,0.108218426035892,0
1.99,0.254498455006554,0.0258277504585737,0.123469029470456,0
1.991,0.302596922956692,-0.0245366882716586,0.0399592802732176,0
1.992,0.265269466617836,0.0235115923591029,0.112885632101418,0
1.993,0.258955129787874,0.00642905176784751,0.110288019246472,0
1.994,0.273632383485349,0.0312224152712498,0.109204156682266,0
1.995,0.288839511392534,-0.0452195068517478,0.04645073324008,0
1.996,0.27376434804436,0.0244324597876473,0.105835645325395,0
1.997,0.251015563129079,-0.00343826487022264,0.112537900356476,0
1.998,0.328802765022169,0.00289744323432991,0.0365970848125891,0
1.999,0.248786054903258,-0.00178043188712243,0.115279168958441,0
2,0.316430948561601,-0.014407123632926,0.0414596006328849,0
2.001,0.265270910125558,0.0129988072193612,0.107829300453362,0
2.002,0.309030742561143,-0.027001703371939,0.0460588716914856,0
2.003,0.28116626839346,0.0228258074213171,0.0985284191909962,0
2.004,0.24387478593239,-0.0117560728704088,0.114810499797416,0
2.005,0.277561208609506,0.0196405890565622,0.100173023112344,0
2.006,0.251499514841729,-0.00505776906214695,0.111297878957688,0
2.007,0.316191140912279,-0.0168975196195946,0.0431938262387752,0
2.008,0.26740754559835,0.00983973996468355,0.104413028502009,0
2.009,0.308473148459421,-0.0291548792450952,0.0473323354941761,0
2.01,0.325457436765762,-0.00334226273896881,0.0391209979899177,0
2.011,0.239507638642382,-0.0159077898608382,0.116635579708438,0
2.012,0.34607596613253,0.0197771854210827,0.0353277117269668,0
2.013,0.286387644468106,-0.0490497621775814,0.0477619578079609,0
2.014,0.285649422947509,0.0533087688340196,0.109080854300881,0
2.015,0.286229632604132,-0.0483531624044724,0.047135499278286,0
2.016,0.284682813626754,0.10183820728629,0.066839080440801,0
2.017,0.286308473224999,-0.0483332385754573,0.0471726143676598,0
2.018,0.284905720351683,0.0994844606601882,0.064920747831776,0
2.019,0.284513675323142,-0.0505695435959554,0.0476727441440629,0
2.02,0.281574854727509,0.0460146824400683,0.109179388606813,0
2.021,0.280687762784629,-0.0549530452942881,0.0484510491086272,0
2.022,0.285037679961159,0.0417314121941778,0.104092321911721,0
2.023,0.274542148122017,-0.0622508088584745,0.0498948517132626,0
2.024,0.333115885637665,0.0104733348952451,0.0338099873776927,0
2.025,0.264654150033277,-0.0737974536213536,0.0520718892370312,0
2.026,0.321441994836576,-0.00167499657084893,0.0352636838754152,0
2.027,0.25869046965829,-0.0789049178510703,0.0519963770656143,0
2.028,0.311365769283544,-0.0113545129989377,0.0359146111872503,0
2.029,0.270687490175283,-0.0625559521108858,0.0476199954233284,0
2.03,0.313347287390277,-0.0095133900887141,0.0358449035550641,0
2.031,0.266007955401843,-0.0661958870644712,0.0472862098969268,0
2.032,0.308127514176857,0.0367340652821329,0.0814111626566895,0
2.033,0.260467628695536,-0.0725227142931274,0.0484056902323971,0
2.034,0.302679837018217,0.0393425230334336,0.0874434026623788,0
2.035,0.267049761542195,-0.0127365472286715,0.09393163651543,0
2.036,0.285560374182155,0.0204484345150463,0.0934922391107812,0
2.037,0.273202947207774,0.0071608158759206,0.0973369568507863,0
2.038,0.27052454366195,0.00490157757959585,0.0960635116829829,0
2.039,0.26953720867707,0.00973469632493571,0.0928965213934241,0
2.04,0.262654017894157,0.00111084166768798,0.0909658694534448,0
2.041,0.262692366395764,0.00635571340381576,0.0885030814198723,0
2.042,0.255919185372497,-0.00159210898553671,0.0863468701052227,0
2.043,0.256624629969122,0.00430355209676925,0.0841594927940478,0
2.044,0.249009978419665,-0.00509959492059856,0.0819571501186901,0
2.045,0.256048683252465,0.0555890063085306,0.050821034176678,0
2.046,0.240697389944228,-0.0116375661973741,0.0777783215618071,0
2.047,0.250791644296479,0.0565855440753422,0.0541097657659766,0
2.048,0.234423091129773,0.0411709200314782,0.0470813036846801,0
2.049,0.240658351730645,0.0544899295575453,0.0462098339149159,0
2.05,0.218732514538832,0.0347803975076916,0.0363471241726053,0
2.051,0.224324117236701,0.0498793232356469,0.0340606519758295,0
2.052,0,0,NaN,1
2.053,0,0,NaN,1
2.054,0,0,NaN,1
2.055,0,0,NaN,1
2.056,0,0,NaN,1
2.057,0,0,NaN,1
2.058,0,0,NaN,1
2.059,0,0,NaN,1
2.06,0,0,NaN,1
2.061,0,0,NaN,1
2.062,0,0,NaN,1
2.063,0,0,NaN,1
2.064,0,0,NaN,1
2.065,0,0,NaN,1
2.066,0,0,NaN,1
2.067,0,0,NaN,1
2.068,0,0,NaN,1
2.069,0,0,NaN,1
2.07,0,0,NaN,1
2.071,0,0,NaN,1
2.072,0,0,NaN,1
2.073,0,0,NaN,1
2.074,0,0,NaN,1
2.075,0,0,NaN,1
2.076,0,0,NaN,1
2.077,0,0,NaN,1
2.078,0,0,NaN,1
2.079,0,0,NaN,1
2.08,0,0,NaN,1
2.081,0,0,NaN,1
2.082,0,0,NaN,1
2.083,0.270600964924919,-0.0255654915000432,0.110817979051063,0
2.084,0.350776822531864,-0.0453469702530302,0.110029599256741,0
2.085,0.371510850724148,-0.0792611830979201,0.10143140802817,0
2.086,0.390294370419863,-0.0588101514690413,0.0814953354987541,0
2.087,0.375235312338754,-0.0574868542209473,0.0941788799090244,0
2.088,0.364229257759278,-0.0483989369346395,0.0996488219962922,0
2.089,0.356078542381494,-0.0426253338584839,0.104157792426895,0
2.09,0.350200354128518,-0.0386491711095459,0.10750666667618,0
2.091,0.345990640789596,-0.0358519212045368,0.109936868689663,0
2.092,0.342992195290099,-0.0338374503045786,0.111664984077578,0
2.093,0.34086600115142,-0.032348919280416,0.112868962035787,0
2.094,0.339337423716969,-0.0312765791738067,0.113739229812929,0
2.095,0.33832878513871,-0.0306039196146359,0.1143363656708,0
2.096,0.338278968549904,-0.0308416717493473,0.114513020663411,0
2.097,0.340266476515393,-0.0341171003002793,0.114317557262855,0
2.098,0.340384047432426,-0.0393384439608297,0.116685057454537,0
2.099,0.329839293079899,-0.0160646557043124,0.11505964608349,0
2.1,0.336064549548068,-0.0188645366600765,0.110892241961987,0
2.101,0.340081269606546,-0.0317126651750221,0.113394494890286,0
2.102,0.327113741931406,-0.00262679307079392,0.111161216915341,0
2.103,0.32262027224873,-0.0194637855076875,0.123044710911762,0
2.104,0.313264724348207,-0.0096144780074819,0.126672506373065,0
2.105,0.314719106198742,-0.00652264255102411,0.123938694700587,0
2.106,0.306737652918103,-0.021352827358793,0.137959256734119,0
2.107,0.311816462877479,-0.00704592876135958,0.126754089542805,0
2.108,0.302402665108611,-0.00306035261210312,0.127538872351889,0
2.109,0.310866496424603,-0.00387888868696622,0.126103851357054,0
2.11,0.308817970664753,-0.0110041795083508,0.131260646118528,0
2.111,0.282345735807499,-0.00156312920683875,0.109215816720537,0
2.112,0.307630000628623,0.00630706731555504,0.124167158168452,0
2.113,0.301806172960955,-0.0174480098057646,0.133902431970791,0
2.114,0.282565338460873,-0.00399790135619445,0.110593461100498,0
2.115,0.279496384196493,0.0252018943356134,0.0939822174775367,0
2.116,0.288984545787134,-0.0128801348738938,0.12047309760499,0
2.117,0.281029676731978,0.0131300300063155,0.101093640430898,0
2.118,0.272752146605915,0.00396137152205805,0.0981908770902359,0
2.119,0.278749472836047,0.0163367797187234,0.0975651314750137,0
2.12,0.278253290587007,-0.000875603789937725,0.105335170218642,0
2.121,0.279371957167518,0.0171917414819359,0.097712218699985,0
2.122,0.275988942766581,-0.002583252095693,0.104166688302297,0
2.123,0.279659143869459,0.0154495353441925,0.0988032651347591,0
2.124,0.271125744348826,-0.0022384969137716,0.0997363963145653,0
2.125,0.274373680461449,0.0202826884292807,0.0918609974189345,0
2.126,0.281611770433098,-0.00078715847788355,0.108266533610563,0
2.127,0.288862749135335,0.00603178500825498,0.111398902296793,0
2.128,0.26336642831622,0.00374567480202202,0.0900866732648784,0
2.129,0.291402661100562,0.0110060132981587,0.111271985677275,0
2.13,0.285709007321663,-0.015999820599581,0.1191486673443,0
2.131,0.279084533749426,0.00408277688825784,0.103769942900356,0
2.132,0.263813718432288,0.0147199643798665,0.0852853040217874,0
2.133,0.277477801809067,-0.00653258775208952,0.107424309548684,0
2.134,0.271121038588872,0.0147939182777568,0.0916831709642861,0
2.135,0.267098233413071,0.00474430157020083,0.0929385583989992,0
2.136,0.270863672248937,0.0168170486378409,0.090498050605383,0
2.137,0.274113847625207,-0.000398925057317426,0.101560706251748,0
2.138,0.272902889763317,0.0185865194266852,0.0914550067881101,0
2.139,0.271781080725229,-0.00289502564882373,0.100706761541199,0
2.14,0.273063015573648,0.0193320615475306,0.0912467455770171,0
2.141,0.27847631681212,-0.00363947775272951,0.106952192590257,0
2.142,0.281626647760341,0.0126788524893496,0.101952802155179,0
2.143,0.263272066322962,-0.000600061163502018,0.092149418240859,0
2.144,0.286516798848563,0.00672951684357528,0.109090434452966,0
2.145,0.272770990602904,0.00223804103063159,0.0991535877589414,0
2.146,0.277752341350814,0.00366014661776661,0.102856956395226,0
2.147,0.288987797373674,-0.00306576277745965,0.115942391208564,0
2.148,0.295567950031366,0.000235834421537616,0.120163742296329,0
2.149,0.270511187099352,-0.000980021956081294,0.0987267658272403,0
2.15,0.27757565836331,0.00616339474410764,0.101535226565634,0
2.151,0.289924457297887,-0.0040739598433354,0.117271704539921,0
2.152,0.297610715931989,0.00117954358096404,0.121536682588744,0
2.153,0.272505170039651,-0.00170002538018224,0.100849853196222,0
2.154,0.277607896969506,0.00816102932832136,0.100641126046754,0
2.155,0.28709499515866,-0.00521077186818577,0.115354984947975,0
2.156,0.294342932389285,0.00719705543974047,0.11582660387813,0
2.157,0.269382745127433,0.000644034103975959,0.0970144015614396,0
2.158,0.277242107160263,0.000820361534623358,0.103841386037773,0
2.159,0.292733469043407,-0.00328858534021146,0.119423475288972,0
2.16,0.292173252685629,0.00333710286876666,0.115787771868448,0
2.161,0.285463290388433,-0.00489215305030881,0.11381926165531,0
2.162,0.291868568531951,0.00983575129755377,0.112447645085629,0
2.163,0.269860001529564,-0.000255286362355403,0.0979128481685458,0
2.164,0.279031097924986,0.00121305253158833,0.10528011709666,0
2.165,0.276170780330047,-0.00275167203850204,0.104659677656788,0
2.166,0.270763497240622,0.0140537526105183,0.0919084037963025,0
2.167,0.282313704145913,-0.00662044774051693,0.111908797604202,0
2.168,0.272658889210677,0.00968761542636467,0.0956624659715914,0
2.169,0.278020181709067,-0.00437104317091848,0.107071723829056,0
2.17,0.27602161874683,0.00693179715117362,0.0999381448770429,0
2.171,0.275112502295086,0.00196287878744675,0.101507119975122,0
2.172,0.281182979686066,0.00303798815989791,0.106335511909206,0
2.173,0.280192661902224,0.00410336833605051,0.104962040311222,0
2.174,0.273324155392373,4.24026567429041e-05,0.100860155494282,0
2.175,0.278697630923695,0.00517077731484569,0.103144310737113,0
2.176,0.281750720898274,-0.00199544859135959,0.109243451581804,0
2.177,0.282346690828562,0.00710095643635227,0.105440920009909,0
2.178,0.275775405545909,-0.00330476848205128,0.104620396905777,0
2.179,0.279531017754533,0.0075855193709734,0.102739264241389,0
2.18,0.289400433977993,-0.00501225796477154,0.117416971628668,0
2.181,0.294645571323465,0.00456084915159655,0.117478857127436,0
2.182,0.271871061537396,0.00126595571080086,0.0990297891246697,0
2.183,0.282161118030506,-0.00675233495771606,0.111894099909195,0
2.184,0.293469124365044,0.000592076627302772,0.118345885884044,0
2.185,0.291468535653435,-0.000248447041422265,0.116995071260396,0
2.186,0.283486058847525,0.00361776777247361,0.108142808129308,0
2.187,0.284576350706362,-0.00228205457126022,0.111913234986058,0
2.188,0.280715446150995,-0.00296950665571157,0.108850220608474,0
2.189,0.279639622623135,0.00622823289163261,0.10352865118926,0
2.19,0.290396806952894,-0.00575402083058786,0.118692554641953,0
2.191,0.290089363191021,0.00526249731740075,0.113184995627679,0
2.192,0.277637720085223,-7.42828360521649e-05,0.104780100277333,0
2.193,0.287963242874912,-0.00561247935023974,0.116495785830932,0
2.194,0.278417904203857,0.00223424566944229,0.104371642102851,0
2.195,0.295105226009517,-0.00886488140226289,0.124328084810505,0
2.196,0.286725028110504,0.0023046265062515,0.111650254028887,0
2.197,0.287673422803068,-0.00492888653233271,0.115929239173708,0
2.198,0.289782258230773,-0.00463317458561437,0.117647148534115,0
2.199,0.286899291890914,0.00356602498189607,0.111214071602681,0
2.2,0.284151805580144,-0.00493281708096814,0.112844692217086,0
2.201,0.284982188668142,0.00228243589672622,0.110142816627541,0
2.202,0.292970641528336,-0.00677384875342529,0.121479046893086,0
2.203,0.291798956949034,0.00351862909379785,0.115555960728988,0
2.204,0.280460037087575,-0.00235712478428545,0.108384031419855,0
2.205,0.292458583664163,-0.00519810189376745,0.120287255390592,0
2.206,0.282891277187906,0.00177639791560295,0.108559267776653,0
2.207,0.293314221002546,-0.00870081528261027,0.12271095631834,0
2.208,0.284067451157797,0.00206539624352895,0.109461254608129,0
2.209,0.29245483164266,-0.00818633341026986,0.121715673550987,0
2.21,0.284048028197222,0.00216460227834431,0.10940171003993,0
2.211,0.295634473957149,-0.00853565715533253,0.124682737121285,0
2.212,0.288186409346725,0.00230674502156466,0.112979372236239,0
2.213,0.288233167930271,-0.00525944612904849,0.116621851703373,0
2.214,0.289505409191762,-0.00124211323509004,0.115831517737861,0
2.215,0.287665692531442,-0.00176038842296733,0.114462094265737,0
2.216,0.296173251494,-0.00577477201188255,0.123855684510197,0
2.217,0.293779144784749,0.00129060519722655,0.118393457670579,0
2.218,0.285869129730117,-0.00416573878896407,0.114035745919847,0
2.219,0.295009006454582,-0.00457006802508885,0.122266466956632,0
2.22,0.288005340470507,-0.000763291301931825,0.114299374078741,0
2.221,0.297743971785612,-0.00828095891073101,0.126441198241161,0
2.222,0.292073687947076,0.000595639549721029,0.117236226512449,0
2.223,0.290672171002842,-0.00638407965373619,0.119325635558683,0
2.224,0.291420700669989,-0.00188064525260166,0.117843183559759,0
2.225,0.291813083268556,-0.00548705540615796,0.119905238309999,0
2.226,0.291317384417366,-0.00256728640031596,0.118082037779238,0
2.227,0.293148852755514,-0.00541356244614852,0.121047971106604,0
2.228,0.29077333896124,-0.00200441301230824,0.11733900510954,0
2.229,0.297472250239039,-0.00691185097942284,0.125566038518964,0
2.23,0.292284821559517,3.86789462207928e-05,0.117701186768759,0
2.231,0.296311172543911,-0.00792200146880123,0.125030417957861,0
2.232,0.292205667736723,0.000640823199328041,0.117349849074706,0
2.233,0.299116643163577,-0.00871078322446074,0.127877669391112,0
2.234,0.295655590976544,0.00107644788212198,0.120182876187144,0
2.235,0.290794546912582,-0.00613261360295919,0.119338840639726,0
2.236,0.294299876132307,-0.00126374412626306,0.120106938589054,0
2.237,0.292336333344413,-0.00508736081916222,0.120200422079882,0
2.238,0.294838693695838,-0.00274496921394427,0.121288495226781,0
2.239,0.292315379227645,-0.00357158750419358,0.119464235059104,0
2.24,0.298908971990735,-0.00501298186094482,0.125950207451457,0
2.241,0.293701462126233,-0.000887509903196383,0.119411444984486,0
2.242,0.29862500752145,-0.00737922843059251,0.126830844884694,0
2.243,0.294364324137473,0.000119203060794744,0.119520759939129,0
2.244,0.299266225417151,-0.0081280967190431,0.127756164003345,0
2.245,0.295432471796672,0.000500163839943997,0.120284619884602,0
2.246,0.297482719543329,-0.00794287396506698,0.126105125262656,0
2.247,0.294361316943457,0.00063576218221407,0.119282967436875,0
2.248,0.303262206603637,-0.00874023078702128,0.131572267169688,0
2.249,0.301031887095568,0.000716251747639618,0.125119071742496,0
2.25,0.290221200451399,-0.00386884556332974,0.117794458653303,0
2.251,0.30412935415172,-0.00392144366946232,0.130052746786097,0
2.252,0.298941521474493,-0.00149240658371375,0.124339910810743,0
2.253,0.292548917737117,-0.00337799393619485,0.119616622200585,0
2.254,0.304282041465286,-0.0049125382620576,0.130667503493062,0
2.255,0.30024830266866,-0.00127421189423102,0.125394831063553,0
2.256,0.292204709903065,-0.00363410112426011,0.119445086975238,0
2.257,0.304829425923964,-0.00445239697389817,0.130939519614545,0
2.258,0.300446514612283,-0.00167128690357214,0.12576737654457,0
2.259,0.292869242557125,-0.00362240891455034,0.120033229761434,0
2.26,0.305350909496969,-0.0044650415829467,0.130865936485134,0
2.261,0.301243048518865,-0.00181903003818094,0.126547837119016,0
2.262,0.293171659452641,-0.00369286869632432,0.120342310338879,0
2.263,0.305732628562525,-0.0042278488547262,0.130408729151285,0
2.264,0.301453191968597,-0.00207533086075022,0.126864233078317,0
2.265,0.293685100582333,-0.0038388707582227,0.120872825883737,0
2.266,0.306603590854791,-0.00392409764380679,0.12948920700492,0
2.267,0.302755213519474,-0.00228949520912639,0.128121278568313,0
2.268,0.29415525975144,-0.00381517712966983,0.121285249558978,0
2.269,0.305783163811433,-0.00371497238591453,0.130103751213801,0
2.27,0.30058592541044,-0.00263909296177118,0.126388860160128,0
2.271,0.295307348134969,-0.0043704111727745,0.122571116685025,0
2.272,0.30701027074292,-0.00298927648561578,0.128671978624448,0
2.273,0.302414334856383,-0.00289226959474386,0.128126719441102,0
2.274,0.295338800329383,-0.00428425664406282,0.122567313840335,0
2.275,0.309182294630029,-0.00283270048660501,0.126676702118233,0
2.276,0.306240232782802,-0.00304243850014827,0.129361478206989,0
2.277,0.296518902200879,-0.00433651735402932,0.123641903714318,0
2.278,0.301721128500789,-0.00231579996401097,0.127259013968609,0
2.279,0.297203554221308,-0.00461470310577277,0.124379909054944,0
2.28,0.309416077043417,-0.00248666257335745,0.126293895846409,0
2.281,0.305679990121189,-0.00347675221095215,0.130047715880113,0
2.282,0.296750234164365,-0.00475311477472904,0.124057831917301,0
2.283,0.308640452601306,-0.00162388859362965,0.126559574155312,0
2.284,0.302937948938701,-0.00411721834624862,0.12920508978721,0
2.285,0.298269748483628,-0.00413877642732592,0.125111342937933,0
2.286,0.309745075675556,-0.00282856331774801,0.126149662043707,0
2.287,0.305251772987606,-0.00388227180966514,0.130600830926025,0
2.288,0.297870133047898,-0.00490457052508365,0.12513377531552,0
2.289,0.312029282189144,-0.0012587717681594,0.12338693655931,0
2.29,0.308685037884806,-0.00438569591880384,0.127806853303771,0
2.291,0.29975469422293,-0.00532040921622622,0.127001264650831,0
2.292,0.30420450964583,-0.00117060889317481,0.12894605375865,0
2.293,0.299598779733103,-0.00589736245483104,0.127142056950645,0
2.294,0.312575856901334,-0.000435589543255082,0.122502839152731,0
2.295,0.308537894536566,-0.0050359430504891,0.128231702896625,0
2.296,0.300373764495014,-0.00540498342197718,0.127601529949394,0
2.297,0.30858473716631,-0.00104608489100524,0.126297011120835,0
2.298,0.301846229590475,-0.00565099477129064,0.129019062061964,0
2.299,0.30871324051098,-0.00158927886051116,0.12643673102622,0
2.3,0.302562543204207,-0.00560611404862022,0.129633439149308,0
2.301,0.309884457231144,-0.00187034620184501,0.125534254451111,0
2.302,0.304026752327506,-0.00554166668258742,0.130897012180098,0
2.303,0.307104524321966,-0.00270085660844515,0.128370817278805,0
2.304,0.302603569573057,-0.00537983349263777,0.129572922901391,0
2.305,0.31642672012486,-0.00159591890057957,0.119635742953649,0
2.306,0.315037818826329,-0.00480917677477776,0.122374693088606,0
2.307,0.303808812649839,-0.00774703410901727,0.131772392704184,0
2.308,0.305832479778932,0.00172406503256259,0.127379353674752,0
2.309,0.314068246241228,-0.00959113500059254,0.12548574674281,0
2.31,0.31255752274136,-0.000410162486739449,0.122462024858109,0
2.311,0.298131459416975,-0.00809070612867714,0.126955572200711,0
2.312,0.320733368548287,0.00431116392229891,0.113022856952264,0
2.313,0.319328905816957,-0.00680310641146407,0.119516721424725,0
2.314,0.319243041394572,-0.000687459979069994,0.116687187523696,0
2.315,0.308232416820813,-0.0072852401330317,0.129500162086484,0
2.316,0.313600269742353,0.004087641659635,0.119381139786898,0
2.317,0.299586675067736,-0.0105498927144038,0.12943661896493,0
2.318,0.32113646911845,0.00227405425005107,0.113599405590951,0
2.319,0.321703022421167,-0.00602949469570791,0.117026371077966,0
2.32,0.320764517509705,0.000109255981121439,0.114933888075125,0
2.321,0.319966032263603,-0.00477150729592183,0.117940375195943,0
2.322,0.324657673368609,0.0041688876436961,0.109562174617213,0
2.323,0.305292269723072,-0.00486912425011682,0.130882683241481,0
2.324,0.314448306432047,0.00179194676241698,0.119660011547387,0
2.325,0.296329735629502,-0.00739362475488129,0.125129740058459,0
2.326,0.305098170711002,0.000778769306701875,0.128363905664774,0
2.327,0.303327474195056,-0.0118781246461729,0.133418765127634,0
2.328,0.306774589553726,0.0001148602521042,0.127198514979625,0
2.329,0.302634562638187,-0.0110740460800623,0.132432558998476,0
2.33,0.311097265409499,0.00163328374805752,0.12266958867245,0
2.331,0.301729007670888,-0.0103563172498102,0.131300113001904,0
2.332,0.317131212067381,0.0024053886034432,0.116987336023894,0
2.333,0.308919817898762,-0.0090994090637578,0.129664562698665,0
2.334,0.308796349972249,-0.00192900204336869,0.126370756293384,0
2.335,0.313750262906332,-0.00850773799294558,0.125126717251045,0
2.336,0.311432071712494,-0.00320408797909052,0.124648499055547,0
2.337,0.304466895129102,-0.00852721124517945,0.13286300207427,0
2.338,0.313293054903498,0.00163526342110827,0.120712045984003,0
2.339,0.303743986314063,-0.0110925562298048,0.133447842670007,0
2.34,0.322231523874052,0.00430986063513497,0.111572031761644,0
2.341,0.314206507567825,-0.00876354239162748,0.124828531251285,0
2.342,0.315747512210413,0.00148608157581163,0.118607358929373,0
2.343,0.307189534284691,-0.0106283952746495,0.131881418760773,0
2.344,0.315838332592526,0.00174024243257731,0.118401660540021,0
2.345,0.305560853578218,-0.0110262993488125,0.133499090927648,0
2.346,0.320795698580861,0.00493625103491465,0.112518099780051,0
2.347,0.308637062605551,-0.00977082051038926,0.130189738036407,0
2.348,0.313729637188864,0.00397904846433233,0.119184563299094,0
2.349,0.316848651275002,-0.0128455031811259,0.124415973300739,0
2.35,0.315476611647918,0.00207244382646666,0.118544427103611,0
2.351,0.31204098374286,-0.0109792548427834,0.127755606099808,0
2.352,0.313947928988643,0.00210724654780311,0.119868363504067,0
2.353,0.313609937284133,-0.0112478943765733,0.126497846296475,0
2.354,0.315258810536192,0.00359595949946484,0.118003708276354,0
2.355,0.317770983325863,-0.0112016749556948,0.122808138932271,0
2.356,0.316415345308536,0.00272646220190235,0.117391456667389,0
2.357,0.314741882054369,-0.0102328483199313,0.125008006324556,0
2.358,0.315014002335522,0.00252837248680019,0.118713241433755,0
2.359,0.318872278266535,-0.0095936038885573,0.121064186058889,0
2.36,0.317828028999259,0.00333192766489936,0.115848441246207,0
2.361,0.31381429686558,-0.0100547888585964,0.125727447976642,0
2.362,0.315610155084072,0.00340785982430381,0.117759167087548,0
2.363,0.315758994091437,-0.0108464429534142,0.124386988102611,0
2.364,0.317582960569461,0.00614695333797452,0.11471839097877,0
2.365,0.321146981369623,-0.0112544000308447,0.119831966681747,0
2.366,0.318238954645562,0.00490512703697748,0.11472202149385,0
2.367,0.313993350792137,-0.0111293746528115,0.12606141776814,0
2.368,0.318002606801147,0.00665941611493836,0.114092795571589,0
2.369,0.313947936858274,-0.0128113753607573,0.126894475188485,0
2.37,0.320322408887073,0.00957587914253791,0.110662854597409,0
2.371,0.312190181332066,-0.0137175009280003,0.128865975638386,0
2.372,0.325097567051709,0.00911078586877476,0.106675872643313,0
2.373,0.308365259566123,-0.0100040305103079,0.130464754853204,0
2.374,0.327089480363147,0.011867142817092,0.103609580447282,0
2.375,0.310361187635601,-0.00845314066508065,0.12796579812359,0
2.376,0.322542515720031,0.00840589254014727,0.109246487901779,0
2.377,0.309530646924411,-0.0135668276591629,0.131118304303233,0
2.378,0.332756650691462,0.00811143364136276,0.100392336912925,0
2.379,0.31740163113121,-0.00813372402390456,0.121605043088361,0
2.38,0.323375322121657,0.0104045896086337,0.107549270288094,0
2.381,0.321450155171135,-0.0150054223852661,0.121293655795929,0
2.382,0.316177376804614,0.00479212085394457,0.116538694639543,0
2.383,0.321355724944173,-0.0129359172132915,0.120389701374608,0
2.384,0.323219586085812,0.012958888578634,0.106459749015377,0
2.385,0.324691094971157,-0.0147546256120644,0.118307322804008,0
2.386,0.315671763223524,0.00671332511918491,0.116056020262095,0
2.387,0.321891642413333,-0.013962012647225,0.120388869411943,0
2.388,0.323746943665065,0.0158438097538717,0.104610518630995,0
2.389,0.325033691498899,-0.0151168777962814,0.118161016175157,0
2.39,0.314570654832203,0.00738403060813331,0.116690193893586,0
2.391,0.32332339679543,-0.0142695092342639,0.119258350909465,0
2.392,0.324475716124276,0.0178543228364345,0.102998226862917,0
2.393,0.324270276227821,-0.0153871612196494,0.118943969009247,0
2.394,0.313925210101107,0.00753639822903375,0.11716913335922,0
2.395,0.325167554107754,-0.0140142092793774,0.117497588781332,0
2.396,0.325409982483672,0.0192948493616934,0.101475075705205,0
2.397,0.322531705514096,-0.0155530474886044,0.120535291886374,0
2.398,0.314384472926981,0.00750900699182917,0.116761063421883,0
2.399,0.324295438199282,-0.014526782166409,0.118491667350274,0
2.4,0.325134420167371,0.0201572416005923,0.101292239030858,0
2.401,0.325707443292311,-0.0147796604345783,0.117357126423194,0
2.402,0.313443114018057,0.00808419313249079,0.117299372822783,0
2.403,0.327421365349954,-0.0143122241222205,0.115621695215743,0
2.404,0.326569595006225,0.0216923388255785,0.0992823477899608,0
2.405,0.322095353682777,-0.014890567278259,0.120570267917645,0
2.406,0.315246967514841,0.00722094296596051,0.116104099913159,0
2.407,0.323147102698131,-0.0154356745253914,0.119899454952645,0
2.408,0.32518218395691,0.0220961332102569,0.100296782393444,0
2.409,0.328999374676644,-0.0130480321018242,0.113604797542851,0
2.41,0.313163081195453,0.00699827484428851,0.118026577927378,0
2.411,0.32705732579929,-0.0146095193912094,0.116049619103479,0
2.412,0.325441748840792,0.0218117504382112,0.100185275723573,0
2.413,0.327530294621945,-0.01385039501761,0.115260977112061,0
2.414,0.314852283575061,0.00970648843398225,0.115237769529007,0
2.415,0.33048149423944,-0.0153339197697897,0.113361662265577,0
2.416,0.328537198568817,0.0241044254870384,0.0963534137622521,0
2.417,0.322273823284341,-0.0134906782869724,0.119696143472086,0
2.418,0.316786350837449,0.0056560403363553,0.115438927572705,0
2.419,0.321597144479681,-0.0158185212448671,0.121393147039138,0
2.42,0.326744861329047,0.0220194528173241,0.0989066197128288,0
2.421,0.327835562006741,-0.0140668703445222,0.115061960094618,0
2.422,0.316417273412945,0.0118662496368967,0.112802839702593,0
2.423,0.333244539766646,-0.0150803703634331,0.110776317812207,0
2.424,0.329913863312068,0.02488008872611,0.0947398393617475,0
2.425,0.322550128216087,-0.0124935229988253,0.118945748934467,0
2.426,0.31896670228525,0.00462447230273656,0.113975537965366,0
2.427,0.320176148375289,-0.0159203884818245,0.122658181197729,0
2.428,0.330707915288624,0.0174312173634892,0.0975631272009258,0
2.429,0.317375704736489,-0.0131089886350434,0.123780910477805,0
2.43,0.337351139688261,0.00920998623550361,0.0956103618835147,0
2.431,0.319367344183544,-0.00864307789745468,0.119900429781401,0
2.432,0.325904602926943,0.0177260339464508,0.101633087107024,0
2.433,0.336563920692366,-0.0100388657234737,0.105420578144508,0
2.434,0.319097352005731,0.0120914982175593,0.110284445844242,0
2.435,0.323355596516873,-0.0214964296170496,0.122473497529168,0
2.436,0.330704942642251,0.029389278492213,0.0918568880523045,0
2.437,0.329966968004599,-0.00991564380715133,0.111148509013376,0
2.438,0.312429806897063,0.00018763152650619,0.121785215201669,0
2.439,0.341052233615916,-0.00191460808540411,0.0975932686504942,0
2.44,0.284900738658032,0.0460507475295582,0.124241631521456,0
2.441,0.272753338644001,0.0401618024422909,0.137718801858024,0
2.442,0.270578314104509,0.0614148181943941,0.129538695400129,0
2.443,0.279014356501736,0.0424218365980935,0.131111948132383,0
2.444,0.315845921524111,0.045139386911255,0.0187931320048909,0
2.445,0,0,NaN,1
2.446,0,0,NaN,1
2.447,0,0,NaN,1
2.448,0,0,NaN,1
2.449,0,0,NaN,1
2.45,0,0,NaN,1
2.451,0,0,NaN,1
2.452,0,0,NaN,1
2.453,0,0,NaN,1
2.454,0.321078544932314,-0.0399954132268302,0.0421227547720006,0
2.455,0.319888299167904,-0.04879015869141,0.0495311090405297,0
2.456,0.31676090131053,-0.0202244033379603,0.127216454853781,0
2.457,0.318163414774414,-0.0248647461790517,0.128145819117713,0
2.458,0.319812115431763,-0.0268401629506039,0.127588884339578,0
2.459,0.322207093648308,-0.0292862396292793,0.126598102887802,0
2.46,0.323819818516134,-0.0284846744463113,0.124748888798642,0
2.461,0.326604413707294,-0.0300360674508361,0.122988712859902,0
2.462,0.327910765303957,-0.0271109829560957,0.120397524508842,0
2.463,0.330753570483986,-0.0285141437331619,0.118516455926662,0
2.464,0.331650600205432,-0.0248042317200901,0.115912450196815,0
2.465,0.333723394786618,-0.0255118659292076,0.114379570994509,0
2.466,0.334130187608948,-0.0228250134813809,0.112696336616825,0
2.467,0.334479431507483,-0.022423437959579,0.11215416920471,0
2.468,0.333351095689648,-0.0213651545274482,0.112600608865155,0
2.469,0.330213778488877,-0.0212953787039979,0.115287173300421,0
2.47,0.322349728423281,-0.0220933532320252,0.122546445161227,0
2.471,0.311212095443341,-0.0174778362131396,0.130108400868167,0
2.472,0.383689183650683,0.0298112814357406,0.0438318929716981,0
2.473,0.333878936342652,-0.0188426093666783,0.110783843923439,0
2.474,0.321788427001064,-0.0248048247468904,0.124230613811458,0
2.475,0.384299160701093,0.0326627976236773,0.041864588727196,0
2.476,0.338153234808173,-0.0152545723067237,0.105253038061955,0
2.477,0.327487966027022,-0.0276188456233458,0.120506838561813,0
2.478,0.385328643107258,0.0323457068550473,0.0410567966330217,0
2.479,0.338421814804098,-0.0171038939272093,0.105853944691211,0
2.48,0.334966274351977,-0.0187181836338416,0.109650334019407,0
2.481,0.387183964762919,0.0299169576821492,0.0405464752462007,0
2.482,0.334434697628824,-0.0181021106815306,0.109801987840371,0
2.483,0.33071807557198,-0.0150382110435461,0.11160176136238,0
2.484,0.338585785350961,-0.0114147823037147,0.102957560567166,0
2.485,0.329428254233596,-0.0178281165623532,0.114062028552539,0
2.486,0.377445776540894,0.0435907390340105,0.0425571876381131,0
2.487,0.38816511096751,-0.0585306301093799,0.0818664967946118,0
2.488,0.324695949629706,0.0157264043029383,0.102200064748854,0
2.489,0,0,NaN,1
2.49,0.363450123722417,0.0605872967117671,0.0467324381925921,0
2.491,0.396159654073387,-0.0578362914292302,0.0745021714231532,0
2.492,0.361745203034152,0.0629593840454924,0.0470916439265572,0
2.493,0,0,NaN,1
2.494,0.362526012834429,0.0614562877764016,0.047116030326104,0
2.495,0.398808488551838,-0.0585931822267323,0.0725213890042108,0
2.496,0.363138189610713,0.0611391913420743,0.0467233949922971,0
2.497,0.397237959385261,-0.0564883101245268,0.0728881637428723,0
2.498,0.360371698989025,0.0636726655635549,0.0479373183209261,0
2.499,0.397253149096127,-0.0598829182214412,0.07448805541794,0
2.5,0.362769654321887,0.0617875324876275,0.0467241378308609,0
2.501,0.394564024833955,-0.0574814999406396,0.0756955963845257,0
2.502,0.358006962750464,0.0659545208630525,0.0489119090171517,0
2.503,0.394660818570954,-0.0620969464255666,0.0778066803858184,0
2.504,0.360532139474436,0.0642769609335387,0.0474880812114086,0
2.505,0.357010446342917,-0.0226476481178591,0.092057093704725,0
2.506,0.356646914580862,0.0660564691076247,0.0500431380742572,0
2.507,0.394002126258379,-0.0679357427155884,0.0811576023966197,0
2.508,0.360522191727785,0.0634427956372607,0.0478817298735253,0
2.509,0.356987283726881,-0.0253512557572222,0.0933548768680131,0
2.51,0.353247056904016,0.0697637140751976,0.0512490153863258,0
2.511,0.394561996468302,-0.0641962061781376,0.0788682362962673,0
2.512,0.356556976745129,0.0679612045979138,0.0491966704273252,0
2.513,0.357141826117386,-0.0200377469520433,0.0906710974875117,0
2.514,0.313204299024173,0.0171722418030033,0.11152203498421,0
2.515,0,0,NaN,1
2.516,0.358646479178654,0.062519454685041,0.0499458956624355,0
2.517,0.401615028625446,-0.0662259413017373,0.0736250358135214,0
2.518,0.353461193987373,0.0687977518469229,0.0515016661772348,0
2.519,0.400193777120888,0.00689804390435717,0.0399719561177603,0
2.52,0.309704172391037,0.0166988495459838,0.114812212796131,0
2.521,0.401527416140124,-0.00132271226743767,0.0402279193295491,0
2.522,0.344213560481723,0.0596861826809862,0.0483802667030645,0
2.523,0.395490201040966,-0.0119924849336663,0.028237375638576,0
2.524,0.341737263708829,0.048695063307053,0.0384882546845589,0
2.525,0,0,NaN,1
2.526,0.339872982434246,0.0348161650271888,0.026824104943394,0
2.527,0,0,NaN,1
2.528,0,0,NaN,1
2.529,0,0,NaN,1
2.53,0,0,NaN,1
2.531,0,0,NaN,1
2.532,0.310911323925685,-0.00319618380194907,0.0208405776567331,0
2.533,0.315886786180362,-0.0107165790146587,0.0232182261907357,0
2.534,0.316081964495453,-0.0151636729081692,0.0264377700423055,0
2.535,0.327332281068969,-0.0317691426219466,0.0315137194836787,0
2.536,0.326363474927831,-0.0304017706439982,0.0311204422284665,0
2.537,0.315149740975766,-0.0208557265019558,0.0313241114547249,0
2.538,0.298280436450651,-0.00454742983565353,0.0301481415267605,0
2.539,0.308807753052539,-0.0169043418062037,0.0325007592288382,0
2.54,0.306129793629074,-0.0142638122796727,0.0322740060818391,0
2.541,0.326336693634461,-0.0404323906045514,0.0386463459218183,0
2.542,0.306863315817726,-0.0177296635692885,0.0343845285481392,0
2.543,0.326398924235887,-0.042744223806526,0.0403410847907231,0
2.544,0.293707189639709,-0.00299007465196211,0.031955436565409,0
2.545,0.318847036804924,-0.0340886830792166,0.0388009588804635,0
2.546,0.301740760788194,-0.0117869806235946,0.0332842825258193,0
2.547,0.317739985685059,-0.0317781286091996,0.0377908273029359,0
2.548,0.307132697735423,-0.0172143747240877,0.0338136169666238,0
2.549,0.322284866557939,-0.0336538556067794,0.0362027974309189,0
2.55,0.305103773760814,-0.0156840572763972,0.0339888335820584,0
2.551,0.31347749768414,-0.0295174344784092,0.0388703592680998,0
2.552,0.29940676190579,-0.0151009947921692,0.0372887536602671,0
2.553,0.308696708102769,-0.0244094304808697,0.0381736631574761,0
2.554,0.294181162323594,-0.00632138534055009,0.0341271436282066,0
2.555,0.304415203339977,-0.0230276360844144,0.0399493084021929,0
2.556,0.295256659810102,-0.0125802174103204,0.038115133974165,0
2.557,0,0,NaN,1
2.558,0.298952996799294,-0.0200763823759514,0.0413166109680011,0
2.559,0,0,NaN,1
2.56,0.28833597784626,-0.016220809464909,0.0454019738856942,0
2.561,0,0,NaN,1
2.562,0,0,NaN,1
2.563,0,0,NaN,1
2.564,0,0,NaN,1
2.565,0,0,NaN,1
2.566,0,0,NaN,1
2.567,0,0,NaN,1
2.568,0,0,NaN,1
2.569,0,0,NaN,1
2.57,0,0,NaN,1
2.571,0,0,NaN,1
2.572,0,0,NaN,1
2.573,0,0,NaN,1
2.574,0,0,NaN,1
2.575,0,0,NaN,1
2.576,0,0,NaN,1
2.577,0,0,NaN,1
2.578,0,0,NaN,1
2.579,0,0,NaN,1
2.58,0,0,NaN,1
2.581,0,0,NaN,1
2.582,0,0,NaN,1
2.583,0,0,NaN,1
2.584,0.387100815763635,0.0294681006921831,0.129334742463505,0
2.585,0.43840020650739,0.0518608214918206,0.0946540502568892,0
2.586,0.458533565651261,0.0578175417745673,0.0797176459787981,0
2.587,0.446782334502994,0.0713910888323015,0.09647785183196,0
2.588,0.440996110694052,0.0525485474693662,0.0927158870386751,0
2.589,0.430895461815314,0.045522708704187,0.0983282804260541,0
2.59,0.423853966291191,0.0401099525344736,0.102007664293703,0
2.591,0.418805046596314,0.0363311406155045,0.104702050628536,0
2.592,0.415218651259711,0.0336269169580795,0.106613831256265,0
2.593,0.412716624472526,0.0316524561123017,0.107912981037882,0
2.594,0.411140308153097,0.0303130547551164,0.108694193056988,0
2.595,0.410906467790734,0.0301479547794198,0.108844231569073,0
2.596,0.412844873932626,0.0332210575005096,0.108605611185229,0
2.597,0.411657791701937,0.0368814374124965,0.111397224186699,0
2.598,0.403150323098645,0.0139935177100048,0.108107075922698,0
2.599,0.408329693454093,0.0225994037782998,0.107615033438025,0
2.6,0.411768024722463,0.0263328111477266,0.106354647751592,0
2.601,0.399056506838556,0.00306680839730794,0.106578033724065,0
2.602,0.394928974030222,0.00855625475502858,0.112809656012616,0
2.603,0.382455439224597,0.0202301031012863,0.129320977851808,0
2.604,0.386843354677717,0.00734160310905925,0.119377813219404,0
2.605,0.37949496451562,0.00810585917143816,0.126219966984985,0
2.606,0.38783833723037,0.00244317802278663,0.116197653673427,0
2.607,0.38342692036062,0.00808086351723181,0.122747658533908,0
2.608,0.37639145299209,-0.00166002273754232,0.124348215014676,0
2.609,0.369733671126114,-0.000152170273022604,0.125771119640555,0
2.61,0.380532189595167,-0.00172850542667546,0.12066786661724,0
2.611,0.378188526087436,0.00485227259561192,0.125837060617957,0
2.612,0.349365171775566,-0.000904626994993582,0.107514484464858,0
2.613,0.373334856454006,-0.0147392072177817,0.120863352120058,0
2.614,0.367539646030442,0.0142845358727689,0.130728615649236,0
2.615,0.352937562229771,-0.00189553196003632,0.110213032193038,0
2.616,0.346234817941408,-0.0263986311810047,0.0926910296341031,0
2.617,0.360849710012918,0.00756908404667635,0.121673726571772,0
2.618,0.352921877431898,-0.0149677286802167,0.104013892559071,0
2.619,0.334749033929002,-0.0139119550170785,0.0885266161583162,0
2.62,0.366153483044938,-0.0075154370930255,0.119200857551289,0
2.621,0.356705374049603,-0.00374113121310209,0.112691500534477,0
2.622,0.354450859289553,-0.0172777934733577,0.104296305716295,0
2.623,0.339066573653298,-0.0045311584241037,0.0968126430339313,0
2.624,0.338632645759312,-0.0268758835925629,0.0858336266826288,0
2.625,0.349282526652079,0.000276094080135144,0.108090430629803,0
2.626,0.351212166467692,-0.0195165322362561,0.100408392513001,0
2.627,0.330337561420601,-0.00389059487750578,0.0894549774660796,0
2.628,0.347068087573915,-0.0198704310123727,0.096600571283918,0
2.629,0.333561160419302,0.00143764390602744,0.0948248756565968,0
2.63,0.354552225562774,-0.0212985499298559,0.102517701445729,0
2.631,0.34857999455883,0.0157747666741861,0.114855795980982,0
2.632,0.34260084411076,-0.0087739407920477,0.0979595069739695,0
2.633,0.33212391662659,-0.0137731591403735,0.0863707457919766,0
2.634,0.357126290912062,0.00288982451097245,0.116282624196433,0
2.635,0.346460054925481,-0.00650779769715247,0.102449574296997,0
2.636,0.35442205879527,-0.00056516615765554,0.112284504606368,0
2.637,0.332130891630885,-0.00553126027207263,0.0903191842912932,0
2.638,0.36012517176789,-0.010119082185534,0.112786708289298,0
2.639,0.358219700156578,0.0168103072695293,0.123896261022031,0
2.64,0.347098837106772,0.00492002584859963,0.108485796312645,0
2.641,0.347761621562165,-0.0207078683112061,0.0969259297807679,0
2.642,0.333282953752071,-0.00165501750927253,0.0932234075359483,0
2.643,0.338131418955437,-0.0255298859982192,0.086172346109123,0
2.644,0.34184952632784,0.00946816082513558,0.106044072196989,0
2.645,0.340803565324313,-0.0184576861542413,0.09188765132497,0
2.646,0.338208627722578,0.00103630971262483,0.0988504450466705,0
2.647,0.341132028834049,-0.0218937638290408,0.0905532127803436,0
2.648,0.346781746728755,0.0123865953145142,0.111784543546865,0
2.649,0.344352041939046,-0.013516928762291,0.097369731856432,0
2.65,0.340343337050747,-0.000647528466339315,0.0999465689350251,0
2.651,0.34715531874304,-0.0150578401077735,0.0991115621326634,0
2.652,0.344958201733402,0.00681659964226767,0.107553553411742,0
2.653,0.355749246921334,-0.0127595824585783,0.107774469744231,0
2.654,0.350787610953204,0.00983301040607025,0.114127325905553,0
2.655,0.342353322792664,-0.0106139506412095,0.0970143588806867,0
2.656,0.351585337188442,0.00145330766363721,0.110864890574176,0
2.657,0.34324309908923,-0.0129628076920448,0.0966913669847873,0
2.658,0.35095042627729,0.00765138779662025,0.113252167565603,0
2.659,0.342681442342792,-0.0114316213034616,0.0969307103454281,0
2.66,0.355056889281627,0.0040873159034085,0.115184617348436,0
2.661,0.345410413041081,-0.0109716327380628,0.0995597290989357,0
2.662,0.349372616508533,0.00486591132104554,0.110559068918405,0
2.663,0.355982676498484,-0.00923074059862954,0.109699441362867,0
2.664,0.349615089133918,-7.25305282622477e-05,0.108442696458344,0
2.665,0.340917029565147,-0.0110202854992529,0.0955990233882858,0
2.666,0.360918583277825,0.00755653521822939,0.122015152559943,0
2.667,0.351753496640068,-0.0044875186571213,0.108246721809521,0
2.668,0.354913249185534,0.000317262302332105,0.113311249300625,0
2.669,0.3436168650969,-0.000199876027313644,0.103128004206595,0
2.67,0.35526853162412,-0.00769354058765034,0.109834183078097,0
2.671,0.350316165080199,0.00107839650767673,0.10963842787862,0
2.672,0.344163969071795,-0.00604446580948756,0.100849406543227,0
2.673,0.354576621960347,0.00541077072102427,0.115447581791573,0
2.674,0.343156727963925,-0.00679296391991249,0.099613821662484,0
2.675,0.362838215884358,0.00854664430538261,0.124212691433152,0
2.676,0.353861219409768,-0.00272894513801218,0.110973763553056,0
2.677,0.357174309704459,0.00339199421205505,0.116796620855296,0
2.678,0.34561931511278,0.00160712494074775,0.105784434804164,0
2.679,0.357075087403734,-0.00460337174582804,0.112927182626159,0
2.68,0.352467625615924,0.00109605570488435,0.111577846749528,0
2.681,0.344005147621212,-0.00362612439293908,0.101892886922547,0
2.682,0.35811656371304,0.00574933400128008,0.118760758149702,0
2.683,0.345870347858221,-0.00482983458443676,0.102970942319097,0
2.684,0.353696052310674,0.00739526611038624,0.115655946388026,0
2.685,0.348614988489781,-0.00445265868011363,0.105571390716087,0
2.686,0.351727670622611,0.00345944632613115,0.112063445422939,0
2.687,0.348356978985247,-0.00425084788344065,0.105444270474776,0
2.688,0.353295894743241,0.00483496936744467,0.114100122191499,0
2.689,0.347711051865436,-0.00436093903431034,0.104827945821938,0
2.69,0.356815644889773,0.00663956675852344,0.118058449708469,0
2.691,0.347150041211268,-0.004528091863037,0.104260124305538,0
2.692,0.363148645931489,0.00908780828585283,0.124799226635045,0
2.693,0.353880012563682,-0.00230232096279954,0.111247800005556,0
2.694,0.354904436637941,0.00395491736585713,0.11511773211324,0
2.695,0.361590061385879,0.00326094946299279,0.120678972247864,0
2.696,0.360711919418898,-0.00154351387566462,0.117634836865716,0
2.697,0.345763153816802,-0.000700063403482869,0.104878012048357,0
2.698,0.359969750701505,0.00821061870782162,0.121608444296575,0
2.699,0.348033000676574,-0.0021053668480994,0.106215350411741,0
2.7,0.361308318383128,0.00784223836582345,0.122617836819338,0
2.701,0.350440511233467,-0.0025008254827954,0.108153425846496,0
2.702,0.356833167465054,0.00669673604105426,0.118141061822889,0
2.703,0.350788847189288,-0.00220024592055248,0.108606785947422,0
2.704,0.359328664518699,0.0063744887156826,0.120189727233775,0
2.705,0.35054799777037,-0.00315380285985626,0.107947652387846,0
2.706,0.363187658659341,0.00806894692877532,0.124394955797941,0
2.707,0.354757504782595,-0.00257481597532768,0.111934715703319,0
2.708,0.355230195676506,0.00437223237577195,0.115644323600911,0
2.709,0.359538110043319,0.000965801547470844,0.11782579826199,0
2.71,0.356447568413214,-9.39711133774951e-05,0.114605929927121,0
2.711,0.356647583338509,0.00441122054380711,0.116919163258373,0
2.712,0.355028098879311,-0.0021537197398149,0.11238489901519,0
2.713,0.364446514693058,0.00705044335014796,0.125040639270305,0
2.714,0.364129733423853,-0.00244731967595518,0.120267460540354,0
2.715,0.350173326953634,0.000668113838103706,0.109459430443957,0
2.716,0.360858172066528,0.00739214749114022,0.122052985326324,0
2.717,0.351838217724414,-0.000797589611617642,0.110234696130333,0
2.718,0.366136271697344,0.0080746882739697,0.127028025762141,0
2.719,0.359528000376535,-0.0010013061211108,0.116915590435231,0
2.72,0.356492159032276,0.00288726462591827,0.116087177045574,0
2.721,0.36303583714561,0.00443290745099866,0.122583425115477,0
2.722,0.359928108274472,-0.00062275050482169,0.117456113156566,0
2.723,0.354659050791656,0.00438877095409037,0.115193110935228,0
2.724,0.359684770648912,0.00197183521093603,0.118474223656527,0
2.725,0.355874472127312,0.00272576909742254,0.115478426251244,0
2.726,0.363081837884706,0.00479174590048198,0.122804445297117,0
2.727,0.357202790190239,0.000146072725972655,0.115430352872083,0
2.728,0.364430479141338,0.00746039331987661,0.125260602833467,0
2.729,0.35912517500882,-0.00061474112140515,0.116767863842672,0
2.73,0.361191343871378,0.00711301226057054,0.122249162905718,0
2.731,0.357821628772203,-0.000261532811030609,0.115791184359035,0
2.732,0.368293770014038,0.0085543137548886,0.129189456536999,0
2.733,0.364661155138477,-0.000203636356636737,0.121847814099058,0
2.734,0.356791738412122,0.00325548376915362,0.116559538942448,0
2.735,0.36747007479151,0.00576881280262973,0.127153729858178,0
2.736,0.361501437496261,0.000903549610580708,0.119597969481665,0
2.737,0.359663527723061,0.00541670610830921,0.120118748230205,0
2.738,0.36278372481268,0.00296214010226946,0.121705162782599,0
2.739,0.359590460688272,0.00348812301408298,0.11914426382141,0
2.74,0.36879444170782,0.00599596782346152,0.12843821397418,0
2.741,0.364263213520882,0.00125464832376999,0.122207024086816,0
2.742,0.359422773755566,0.00508048523413949,0.119758583034324,0
2.743,0.366728897021564,0.00387904150711256,0.125624260374628,0
2.744,0.360838193792262,0.00249699200482164,0.119785387771673,0
2.745,0.369201516812252,0.00712124904617621,0.129341345088437,0
2.746,0.364379226045375,0.00132392231856833,0.122353669481482,0
2.747,0.361705714675508,0.0060860325398356,0.122256309394865,0
2.748,0.364419095749048,0.00236960930562058,0.122887046243307,0
2.749,0.362344352997594,0.00517216512591962,0.122388753175349,0
2.75,0.367287430318215,0.00384430399686632,0.126114211527936,0
2.751,0.3623584249008,0.0031139666135118,0.121430290119971,0
2.752,0.37346303259404,0.00664570251068275,0.130522607642899,0
2.753,0.370576062880097,0.00195894308593123,0.128127001797872,0
2.754,0.360260602439717,0.0037571867280579,0.119897778850141,0
2.755,0.37213805795518,0.00541543612466476,0.131095470376622,0
2.756,0.365931299725108,0.00264008091708679,0.124367701451724,0
2.757,0.36320643487478,0.00495397534507696,0.123065414042456,0
2.758,0.369385426844193,0.00367386278665046,0.127902141600379,0
2.759,0.363858112017317,0.00324203056599679,0.122832907262586,0
2.76,0.373417253671145,0.00597798363695705,0.130225469549733,0
2.761,0.369330905492989,0.00234202578188502,0.127232900053137,0
2.762,0.362101842367439,0.00476821474986732,0.122017753119086,0
2.763,0.375425109490529,0.00335449404581888,0.127205486569858,0
2.764,0.37117032903012,0.00342830068951848,0.129376066610416,0
2.765,0.362860236635324,0.00389892820528886,0.122283614619784,0
2.766,0.374524823313767,0.00433956098601087,0.128456058985599,0
2.767,0.369452063806786,0.00321715102230789,0.12777216422697,0
2.768,0.363382539364218,0.00432001056741031,0.122951351789432,0
2.769,0.376473003663686,0.00356462923973612,0.126365972758214,0
2.77,0.37295850273819,0.00355465152604078,0.129448222196227,0
2.771,0.363638413290021,0.00423492550746667,0.123147001876417,0
2.772,0.372980549658214,0.00317179726943876,0.129242758688153,0
2.773,0.366473938016448,0.00385593014862975,0.125469542779955,0
2.774,0.370534387446655,0.00417426742402989,0.129198035186404,0
2.775,0.365986798946272,0.0034526933752735,0.124853928655237,0
2.776,0.378475500467018,0.00450673325381314,0.125033436003055,0
2.777,0.376832137126562,0.00328938101650438,0.125895530717493,0
2.778,0.364866036308261,0.00520327179743861,0.124708253206671,0
2.779,0.369052952852927,0.000774673836380934,0.126300845986261,0
2.78,0.369349783216127,0.00713075734386883,0.129572071803767,0
2.781,0.368240038728112,0.00099021123337792,0.125690990957591,0
2.782,0.375198370624044,0.00714914716206106,0.129156888976637,0
2.783,0.370997812538044,0.0025345833277532,0.128857011872655,0
2.784,0.369241472603884,0.0054648869714219,0.128699065640569,0
2.785,0.369499846641045,0.00155573177330543,0.127078529427632,0
2.786,0.373699135597493,0.00618070748965527,0.130008533139343,0
2.787,0.369619591627343,0.00262953265374957,0.127697062757381,0
2.788,0.37936047668281,0.00471597843453629,0.124328183641246,0
2.789,0.376306392788825,0.00346303615098456,0.126415300693926,0
2.79,0.365727137122525,0.00577840728196519,0.125769867138173,0
2.791,0.382450068069748,-0.00127868390811064,0.118754259282181,0
2.792,0.378966941538608,0.00596573974280977,0.125253966509117,0
2.793,0.371750478383969,0.00519153200871004,0.130809980429672,0
2.794,0.369408971306762,0.00287532913015154,0.127654075940432,0
2.795,0.377070349002521,0.00407868826028718,0.126019179509627,0
2.796,0.371799139577232,0.00442499882074712,0.13049834634445,0
2.797,0.373292202094911,0.00329213327387201,0.128964390941221,0
2.798,0.370079480211956,0.00428093874485802,0.12891996409578,0
2.799,0.383325772894973,0.0022263206426027,0.119628129599427,0
2.8,0.381991518612756,0.00482653996462277,0.122031519500906,0
2.801,0.370099648002576,0.00748060027706224,0.130465628403753,0
2.802,0.373138758716514,-0.0023504074867698,0.126403242714102,0
2.803,0.379757208771434,0.0099535625823609,0.126425945743096,0
2.804,0.377457478617511,0.0011298161777139,0.124251890128376,0
2.805,0.367932017689802,0.00706423365252407,0.128372097985035,0
2.806,0.383718513561096,-0.00304559946726427,0.116756423659589,0
2.807,0.37762600161304,0.00711365040763734,0.126938139778728,0
2.808,0.373219349157175,0.00382419618008857,0.12924828253901,0
2.809,0.377192418064212,0.00411419523601896,0.125889497473613,0
2.81,0.37308295336478,0.00476371559596301,0.129810501085727,0
2.811,0.38113911442807,0.0027001981949867,0.121741432435157,0
2.812,0.377116132298467,0.00563150359175846,0.126669404602934,0
2.813,0.370815604179986,0.00529939286942809,0.130104154999063,0
2.814,0.380380761897802,0.000349342200772497,0.121284240592417,0
2.815,0.372491850086538,0.00776152990825895,0.131743482190226,0
2.816,0.381448399393585,-0.00101695651707494,0.119691315037402,0
2.817,0.373475592820102,0.00824989686940806,0.13110571911322,0
2.818,0.380022941841335,-0.000747075334282648,0.121068738255008,0
2.819,0.372141537385807,0.00882628234468296,0.132549391004845,0
2.82,0.387415479679188,-0.00223622093780869,0.113854624618106,0
2.821,0.382288148775186,0.00832588768256552,0.123379689158703,0
2.822,0.377823902217421,0.0042333630717806,0.125357204783917,0
2.823,0.374314376746397,0.00582235177929097,0.129197571494249,0
2.824,0.377194059719285,0.00153575475507208,0.124625896851795,0
2.825,0.375927249970878,0.00772816370749616,0.128682779410323,0
2.826,0.378286000153812,0.000411500995048726,0.123128409183173,0
2.827,0.375914719341751,0.00885721556141479,0.129228072318575,0
2.828,0.380697632636378,-0.00146856803268658,0.120110864082736,0
2.829,0.373790329541039,0.0103799507809689,0.131817688187567,0
2.83,0.389884821005149,-0.00437473016312467,0.110645752091372,0
2.831,0.381132838240234,0.00913561728149176,0.124761390012831,0
2.832,0.381102532434289,-0.000250469327880998,0.12032242423014,0
2.833,0.383798543239594,0.0084668094790322,0.122093295718021,0
2.834,0.381011140151215,0.00242983703975411,0.121671020420768,0
2.835,0.378034290511798,0.00690267285815911,0.126413746348399,0
2.836,0.379166533458406,0.000912261880855404,0.122568118710066,0
2.837,0.385520935649858,0.00731082959743377,0.120019915341156,0
2.838,0.383341930427292,0.00195886097462205,0.119387567875792,0
2.839,0.375096735927646,0.00763406638402118,0.129335324393136,0
2.84,0.384754063230122,-0.00313494481594412,0.115719982718161,0
2.841,0.373881331243543,0.0112368151994072,0.132114142568675,0
2.842,0.393967828833654,-0.00585965313389271,0.106317268528604,0
2.843,0.385056344488964,0.0089775534682501,0.12120367536012,0
2.844,0.387964902208493,-0.0043087627304864,0.112322493834141,0
2.845,0.37625136562703,0.0113989837573269,0.13009015795336,0
2.846,0.391949445788665,-0.00208832668985102,0.109868276215819,0
2.847,0.386690473809828,0.0090027442725678,0.119761863649813,0
2.848,0.384109895847421,0.000908333767786421,0.118177078754444,0
2.849,0.374136573941245,0.00896968769209915,0.130779437002794,0
2.85,0.389893222488623,-0.00519378100668742,0.110184797279657,0
2.851,0.377466033002284,0.0101903850223877,0.128426046574228,0
2.852,0.383866325038827,-0.00600088060954468,0.115094414948266,0
2.853,0.38293636586724,0.0137251287469467,0.125292126081717,0
2.854,0.383805468920828,-0.00380885411392045,0.116184879878562,0
2.855,0.382478721105769,0.0119594136465923,0.124849266551735,0
2.856,0.383922546413214,-0.00367741319628421,0.116139193766484,0
2.857,0.384372291719957,0.0113889358062511,0.122907422569742,0
2.858,0.384360295024077,-0.00326740543333107,0.115943455212526,0
2.859,0.386573289612313,0.0101538940109562,0.120378310324393,0
2.86,0.384877525035817,-0.00207615280048317,0.116048484630208,0
2.861,0.384181017887963,0.0090327144583671,0.121942220991999,0
2.862,0.383926666107595,-0.00196165954622219,0.116933418012891,0
2.863,0.389303663207988,0.00798722341109981,0.116934239759831,0
2.864,0.387580216031128,-0.0024547960453844,0.113478021880327,0
2.865,0.377630172414765,0.00944381700588734,0.127884960997096,0
2.866,0.39221869560986,-0.00622331461331941,0.10760172839245,0
2.867,0.377860596415438,0.0106114822985394,0.128231841611275,0
2.868,0.389095665706786,-0.0115858275628743,0.107790850165209,0
2.869,0.38021898810256,0.0144246123060567,0.127966739873423,0
2.87,0.393866191317582,-0.00655004469743627,0.105985948795793,0
2.871,0.378658270385245,0.0105499472185921,0.127489338765262,0
2.872,0.389239464546987,-0.0120496023383929,0.107431632554815,0
2.873,0.384737794981048,0.0156672087093677,0.12457229506964,0
2.874,0.388226202128922,-0.00714055762399502,0.110651916006087,0
2.875,0.379467573327829,0.0142476618517383,0.128526485525469,0
2.876,0.397370749635798,-0.0100024386423072,0.101244805674897,0
2.877,0.379282201488899,0.00838845396748791,0.125894349366518,0
2.878,0.388756650281545,-0.00977166227527622,0.108921945200833,0
2.879,0.389828736426856,0.0150386963458599,0.119779100105241,0
2.88,0.388183429750298,-0.00875135156041927,0.109903835301809,0
2.881,0.391045454792546,0.0140107268857771,0.118212539892597,0
2.882,0.388803572216799,-0.00943777897882908,0.109023780889373,0
2.883,0.390752643433508,0.0140406418345933,0.118475879027966,0
2.884,0.387897955232166,-0.0091267684314063,0.109959943632782,0
2.885,0.391351882439424,0.0136930412884767,0.117775634362438,0
2.886,0.389078287874361,-0.0109534705032916,0.108044510355641,0
2.887,0.391229445276129,0.0142680924936029,0.118147991725747,0
2.888,0.387347147675334,-0.0101425135479876,0.109944083297154,0
2.889,0.391939882413544,0.0139882715429924,0.117382142343203,0
2.89,0.389692768325632,-0.0133008835842027,0.106370061807641,0
2.891,0.391672802763101,0.0148432615855591,0.118014089621188,0
2.892,0.386221849457597,-0.0106403326109389,0.11067914340348,0
2.893,0.392748758890209,0.0143820023614327,0.116840826981531,0
2.894,0.390962518934176,-0.0161839593014734,0.103863941872754,0
2.895,0.391669121324826,0.0153773879696282,0.118252967753761,0
2.896,0.384338240499904,-0.00965420662234064,0.112786616187536,0
2.897,0.39362558571926,0.0147888591290311,0.116246012889447,0
2.898,0.39289020739527,-0.0191991850448875,0.100716327146052,0
2.899,0.391161000841476,0.0155703074903041,0.118772951425964,0
2.9,0.382486399625386,-0.00750028992934246,0.115421850666202,0
2.901,0.39354441574417,0.0149797476695981,0.11639132548411,0
2.902,0.393494155035625,-0.020412193558454,0.0995912995173136,0
2.903,0.392849004733093,0.0151817971467906,0.117086700072856,0
2.904,0.381524138351187,-0.00744320266703598,0.116277814860495,0
2.905,0.39606144453679,0.0145213532823845,0.113942822244867,0
2.906,0.394499530462267,-0.0215280778877341,0.0981582264031162,0
2.907,0.390626290906322,0.015013114018738,0.118943105086071,0
2.908,0.38343603428086,-0.00717522965044388,0.114706787079799,0
2.909,0.392043749793456,0.0160404949021405,0.118181635151358,0
2.91,0.393404439852447,-0.0224472619893623,0.0986687736910482,0
2.911,0.39721655019174,0.0131578611398889,0.112249815104393,0
2.912,0.380970801813568,-0.00630824392177055,0.117269966696903,0
2.913,0.396517647281395,0.0141748800729726,0.113343398325448,0
2.914,0.393220893368673,-0.0209489775690409,0.0995249884348389,0
2.915,0.39524842632788,0.0144712498398978,0.114588370970245,0
2.916,0.384114165816654,-0.0112958942715147,0.112115837835986,0
2.917,0.399494652154926,0.0156449569111725,0.11140651035296,0
2.918,0.396410987469881,-0.0241206888853596,0.095190685701093,0
2.919,0.390881139546791,0.0135282584844643,0.117959365832459,0
2.92,0.384954590117527,-0.00529138708176467,0.114214579870203,0
2.921,0.390590737561083,0.016209245307002,0.119487405111061,0
2.922,0.394586683075511,-0.0217957588126985,0.0978877149232199,0
2.923,0.396523051648295,0.0142873715732397,0.113346607327576,0
2.924,0.384719423118067,-0.0120436161768867,0.111194448612261,0
2.925,0.401871606849623,0.0156400219366726,0.109280649610219,0
2.926,0.397861769658844,-0.024861234876305,0.0935288014878539,0
2.927,0.391573036936906,0.0128649846690509,0.117001477816632,0
2.928,0.386509860609371,-0.00464584281583296,0.11312029461609,0
2.929,0.390246884012421,0.0164635323084205,0.11987719482251,0
2.93,0.396834745628935,-0.0191938440772405,0.0971160598621621,0
2.931,0.390351710327682,0.0157394135459585,0.119432398724023,0
2.932,0.396258321706595,-0.0145452693209735,0.0998273891933677,0
2.933,0.386233038362888,0.017240031308552,0.123761987073072,0
2.934,0.40662000611224,-0.0182940500459992,0.0889268480297322,0
2.935,0.386465284721846,0.00595014048132537,0.118176168787276,0
2.936,0.405070761641111,-0.00251254667997542,0.0977873774389088,0
2.937,0.390716357278657,0.00527572767665928,0.114108548563518,0
2.938,0.395836769250358,-0.0126400605064952,0.101078307811066,0
2.939,0.408212628449506,0.00705499573284641,0.0995601026672802,0
2.94,0.387312038923612,-0.00971854513430831,0.109949871707396,0
2.941,0.38891993329687,0.0195076293601159,0.122441960058859,0
2.942,0.400154491435821,-0.00622580704415306,0.100317971936607,0
2.943,0.389860733455759,0.0113173423786943,0.117712439250148,0
2.944,0.401122991882126,-0.0213812405208818,0.092247342563238,0
2.945,0.39356420077353,0.0151408608597603,0.116265905123217,0
2.946,0.367542834151663,-0.0348220930648888,0.115373547663599,0
2.947,0.350551192219405,-0.0187571181929536,0.137956979442692,0
2.948,0.345388783893637,-0.0634603748424587,0.121224959289032,0
2.949,0.340805368545341,-0.0405634552856027,0.13613973041114,0
2.95,0.348885398693766,-0.0406871882824942,0.128969883735767,0
2.951,0.384566729615373,-0.0501323186102726,0.0239579643903109,0
2.952,0.396741991187127,-0.0330798142230681,0.0190730403542204,0
2.953,0,0,NaN,1
2.954,0,0,NaN,1
2.955,0,0,NaN,1
2.956,0,0,NaN,1
2.957,0,0,NaN,1
2.958,0,0,NaN,1
2.959,0,0,NaN,1
2.96,0,0,NaN,1
2.961,0.400718098930957,-0.0359981810247023,0.0237103597348053,0
2.962,0,0,NaN,1
2.963,0,0,NaN,1
2.964,0,0,NaN,1
2.965,0,0,NaN,1
2.966,0,0,NaN,1
2.967,0,0,NaN,1
2.968,0,0,NaN,1
2.969,0.431223736140605,-0.0144959545796296,0.0275010092854465,0
2.97,0,0,NaN,1
2.971,0,0,NaN,1
2.972,0,0,NaN,1
2.973,0.402862818126159,0.0628137182718994,0.0493895960238324,0
2.974,0.443421909386148,-0.00369999111138251,0.0273721046668277,0
2.975,0.41806280219768,0.075288016270279,0.0487944712962865,0
2.976,0.44243016286005,-0.00829056357627206,0.0301651356239807,0
2.977,0.417744453542795,0.0779985400217505,0.0510538898289433,0
2.978,0.443020291304466,-0.00982789203322461,0.0317024375988858,0
2.979,0.41711628319084,0.0795611773442091,0.0526522816531322,0
2.98,0.442904837967364,-0.0120605983001758,0.0333001228923271,0
2.981,0.415555884779634,0.0804405404656323,0.0543482328921414,0
2.982,0.442624339579417,-0.0141617061120465,0.0346914094165233,0
2.983,0.413629144080439,0.0809621448812922,0.0560147181126808,0
2.984,0.442224099822065,-0.0161190006363299,0.0358967175032458,0
2.985,0.411482691114426,0.0812575224631763,0.0576544576449685,0
2.986,0.441719068428722,-0.0179433225695631,0.0369338495457123,0
2.987,0.403091709168049,0.0310457555959366,0.114906185535617,0
2.988,0.441098420603385,-0.0196924300931511,0.0378389546717544,0
2.989,0.400842576486625,0.0296535031781517,0.116203078571296,0
2.99,0.440208507974472,-0.0216982528949955,0.0387607239238227,0
2.991,0.398957118888463,0.0280645985976934,0.117087560815244,0
2.992,0.438212303303255,-0.0257723280494205,0.0405129153177017,0
2.993,0.399510523369805,0.0228736690424002,0.11410842035946,0
2.994,0.432172872545989,-0.0362337449567637,0.044418724235233,0
2.995,0.407616904425207,0.0217982440183937,0.106457087220158,0
2.996,0.383429566553582,0.00776508597187836,0.120993161944594,0
2.997,0.44227367304892,-0.0226410462339907,0.040834052480166,0
2.998,0.40155965922248,0.0234498433473685,0.112554655491509,0
2.999,0.431782290140389,-0.0396301116804668,0.0467231516600023,0
3,0.411655175516095,0.0242628118347169,0.104059282953704,0
3.001,0.383990343022874,-0.00252296458011674,0.115557088497852,0
3.002,0.450871395619733,-0.0148359575118058,0.0406291742329133,0
3.003,0.400697027684865,0.0139964118223699,0.108767878222888,0
3.004,0.445490203937434,-0.0253881087756123,0.0450361677647752,0
3.005,0.458626674875328,-0.00410190162047125,0.0376676291121044,0
3.006,0.37822150370027,-0.00289839373779394,0.120415756162665,0
3.007,0.453483649948087,-0.012806872256501,0.0408378282849536,0
3.008,0.391885064393412,0.00473668751396223,0.112056785487565,0
3.009,0.451730973828191,-0.020680499144555,0.0456178926723933,0
3.01,0.444414612929107,-0.0214445710651076,0.0413885136579843,0
3.011,0.380996049215706,0.0176540572362032,0.127773924711515,0
3.012,0.437928620548053,-0.0326814643308643,0.0455776155460203,0
3.013,0.392546911294005,0.0227125824653036,0.120042384580098,0
3.014,0.431269269083515,-0.0419018551975154,0.048141741835251,0
3.015,0.40006632545963,0.0233065402210472,0.113715924915479,0
3.016,0.422470110270012,-0.0555919283261445,0.0526666748261737,0
3.017,0.409693629926238,0.0172595407004122,0.102358501440873,0
3.018,0.385847816802735,-0.0129358935673255,0.108874503488069,0
3.019,0.405695420159867,0.00732517264822214,0.101122996031641,0
3.02,0.409723251758433,0.0129038442149129,0.100250069662878,0
3.021,0.436823569124947,-0.0304777647114822,0.0432357623941481,0
3.022,0.405512415697051,0.0409150041062857,0.117331626940435,0
3.023,0.423621852219992,-0.0471234594486378,0.0470785057032506,0
3.024,0.412120411078617,0.040813464681624,0.111481940639708,0
3.025,0.416496178590232,-0.0584082586695508,0.0508896256676326,0
3.026,0.468808424893629,0.00902832367139175,0.0345598363841602,0
3.027,0.402304939838919,-0.0707416450824543,0.0508500575725411,0
3.028,0.462389332330384,0.00175548839472414,0.0358177109851374,0
3.029,0.403833108056978,-0.0703923782933654,0.0516031930745523,0
3.03,0.451380337540284,-0.00792856754056143,0.0358777944298933,0
3.031,0.41455008724674,-0.0530422313412625,0.045608807411635,0
3.032,0.452016752431279,-0.0066354374525304,0.0353292723501661,0
3.033,0.405679708012536,-0.0609905842861826,0.045765797743376,0
3.034,0.440047546955087,0.0300748841679895,0.0818324135043667,0
3.035,0.413928605949533,-0.00230950113020955,0.0892999817691283,0
3.036,0.4258861985468,0.0197970923529407,0.0893690061250842,0
3.037,0.414325422328134,0.0101263444221328,0.0949049181701479,0
3.038,0.410202447185712,0.00573505055132143,0.0964377750102758,0
3.039,0.410281687621576,0.0139930884701456,0.0950483334483067,0
3.04,0.40153345844782,0.00280699604534816,0.0927170077120408,0
3.041,0.402305461532868,0.010595815260591,0.0896773969202919,0
3.042,0.393978914329073,0.0010972197267915,0.0869101921959398,0
3.043,0.394539050806735,0.00847828742177444,0.0838786652353949,0
3.044,0.386374891053971,-0.000400534517646598,0.0809570484605281,0
3.045,0.389050260373834,0.0109273271213612,0.077896254662683,0
3.046,0.378141589799228,-0.00319363824658617,0.0750690293512436,0
3.047,0.385693754650916,0.0583095520018012,0.052303706888728,0
3.048,0.369211789434828,-0.00404729621501287,0.0676421389762784,0
3.049,0.374141887570007,0.0546258343916618,0.0439273827050262,0
3.05,0.351857233025998,0.0377822690249287,0.0324096064950478,0
3.051,0,0,NaN,1
3.052,0,0,NaN,1
3.053,0,0,NaN,1
3.054,0,0,NaN,1
3.055,0,0,NaN,1
3.056,0,0,NaN,1
3.057,0,0,NaN,1
3.058,0,0,NaN,1
3.059,0,0,NaN,1
3.06,0,0,NaN,1
3.061,0,0,NaN,1
3.062,0,0,NaN,1
3.063,0,0,NaN,1
3.064,0,0,NaN,1
3.065,0,0,NaN,1
3.066,0,0,NaN,1
3.067,0,0,NaN,1
3.068,0,0,NaN,1
3.069,0,0,NaN,1
3.07,0,0,NaN,1
3.071,0,0,NaN,1
3.072,0,0,NaN,1
3.073,0,0,NaN,1
3.074,0,0,NaN,1
3.075,0,0,NaN,1
3.076,0,0,NaN,1
3.077,0,0,NaN,1
3.078,0,0,NaN,1
3.079,0,0,NaN,1
3.08,0,0,NaN,1
3.081,0,0,NaN,1
3.082,0,0,NaN,1
3.083,0,0,NaN,1
3.084,0,0,NaN,1
3.085,0.411264989623588,0.000274772518981227,0.102633021682141,0
3.086,0.481132366773256,-0.0631619707302204,0.118243480742298,0
3.087,0.528951186193489,-0.056008646632295,0.0774007024226752,0
3.088,0.518695018964373,-0.0785814448345456,0.0970323981334031,0
3.089,0.512461302311243,-0.0584373383761092,0.0931224500658153,0
3.09,0.500866709001588,-0.0501917731438368,0.099521460580379,0
3.091,0.492657726676368,-0.0440080154484188,0.103901316357302,0
3.092,0.486707405120097,-0.0397522281952946,0.107191830993537,0
3.093,0.482425521115908,-0.0367840289570517,0.109612735085347,0
3.094,0.479365232063138,-0.0346666695018328,0.111353000338173,0
3.095,0.477189605666749,-0.03311629378312,0.112576476677098,0
3.096,0.475648812353109,-0.0319496096093249,0.113417427684114,0
3.097,0.474570472039406,-0.0310602116430992,0.113977905869346,0
3.098,0.473932648012797,-0.0304911642704983,0.114297309087267,0
3.099,0.474238578361256,-0.0309012192073888,0.114240165294891,0
3.1,0.476500504489951,-0.0346213622631924,0.114006209002671,0
3.101,0.4758859248483,-0.0394599903328434,0.11683488547221,0
3.102,0.469560248252303,-0.0164609651711493,0.11164268614694,0
3.103,0.475467045886936,-0.0251511092259702,0.110512427384556,0
3.104,0.467006792098331,-0.0258848430534779,0.118330909301382,0
3.105,0.469984401147989,-0.0122889241642106,0.109327654571608,0
3.106,0.457787650900988,-0.0280679130953102,0.127502300772837,0
3.107,0.461592882147029,-0.0109946844210334,0.116134813480763,0
3.108,0.454989619910358,-0.0165355190213974,0.124565591478695,0
3.109,0.45265423001611,-0.00754974095652376,0.122409971269078,0
3.11,0.448183111692367,-0.00973952964836141,0.127384730342934,0
3.111,0.435838094957311,-0.00454881099104077,0.125987044444479,0
3.112,0.430125435601485,0.00565897163778173,0.116093853013793,0
3.113,0.442812649003463,-0.000305934964047654,0.127700398521033,0
3.114,0.441691095293168,-0.011168017673686,0.133786171865495,0
3.115,0.416120679345887,-0.000700197865749363,0.106850168115457,0
3.116,0.439495626705921,0.00977375012783729,0.122378538544061,0
3.117,0.433957678773478,-0.0173908548159655,0.130502516523008,0
3.118,0.417842174230061,-0.00236826037741306,0.109184504453038,0
3.119,0.411560946338856,0.023796681506525,0.0911730040641762,0
3.12,0.424962421797653,-0.0104305284607447,0.119295445213045,0
3.121,0.415319327812796,0.0120012714096343,0.100120453235242,0
3.122,0.403705764121169,0.010218406307952,0.0907747042833559,0
3.123,0.428924669943136,0.00626959747834694,0.114814162819987,0
3.124,0.421372724272967,-9.53193623273867e-05,0.111233369185765,0
3.125,0.416056696938935,0.0156200442259932,0.0990679135095648,0
3.126,0.41025502348681,-0.00242763915099461,0.102597945078331,0
3.127,0.40750269518398,0.0183453135069611,0.0902652769789055,0
3.128,0.405814401104406,-0.00245156871825609,0.098717895729821,0
3.129,0.413825153210866,0.0200514688184408,0.095011952671438,0
3.13,0.409147554094456,-0.009750238890245,0.105142007280752,0
3.131,0.414961907619363,0.0165260258848291,0.097707553345041,0
3.132,0.400837720853449,0.00243539520523241,0.0920361665873324,0
3.133,0.411063902413961,0.0192471473786444,0.0929920956003496,0
3.134,0.405665598216458,-0.00752016542945008,0.101037968393853,0
3.135,0.418398427384562,0.0162338864729759,0.100883962756507,0
3.136,0.409112444200113,-0.00762593081662675,0.104129550155474,0
3.137,0.404757781187426,0.0189603851777624,0.0876135400686765,0
3.138,0.412052679768638,-0.00637447980155148,0.106122893998596,0
3.139,0.404287783893067,0.0174030742056509,0.0879531542428283,0
3.14,0.414685575079763,-0.00772343116661681,0.109088383002651,0
3.141,0.404402100208101,0.0132863323855025,0.0900291577038296,0
3.142,0.414140940147731,-0.00254603079794827,0.106146935826063,0
3.143,0.403365980596746,0.0152862482785797,0.0881719834067237,0
3.144,0.419196092550034,-0.0108080139127856,0.114540584192906,0
3.145,0.405991744767523,0.00638873419575481,0.0947385260279892,0
3.146,0.411204962613749,0.0078020658136405,0.0986452847459245,0
3.147,0.406352211088788,0.00719605011258073,0.0946750543112442,0
3.148,0.421730570471023,0.00264165373610411,0.110361612749496,0
3.149,0.423078503668371,0.00107591663436714,0.112302373684885,0
3.15,0.402535179251597,0.00582661624695607,0.0919956218229007,0
3.151,0.41320254513121,-0.00325738196316279,0.105704849708247,0
3.152,0.425239300698428,0.00369234178555076,0.112966933549375,0
3.153,0.419718113746205,0.000837545993341533,0.109489814091287,0
3.154,0.418019802967999,0.0083025601848801,0.104441470849493,0
3.155,0.404633327909529,0.00536375230734298,0.0940898798119791,0
3.156,0.414456108178126,-0.000110534044084179,0.105333981637418,0
3.157,0.405177468218167,0.00688915804856242,0.0938452079483002,0
3.158,0.421067314967868,-0.00374721840203089,0.112883757317245,0
3.159,0.407259832847851,0.00863692680012437,0.0948481058972183,0
3.16,0.417637793308639,-0.00898442600706669,0.112379047294464,0
3.161,0.415154053516892,0.00842382509527327,0.101892647219176,0
3.162,0.409243523634611,0.00153056049491309,0.0999939142499884,0
3.163,0.420846796494829,0.00425388322494417,0.108889278489172,0
3.164,0.415540988728326,0.00313983363818872,0.104765062304661,0
3.165,0.409789711860886,0.00345653416894752,0.0995641089634753,0
3.166,0.42021827173916,-0.00261824914024731,0.11162688371317,0
3.167,0.408829696724564,0.00683624349082156,0.0971124007560119,0
3.168,0.430811637031642,-0.0105160442878032,0.124708443305546,0
3.169,0.421157636124543,0.00139757258281427,0.110549529478195,0
3.17,0.425559340363479,-0.00413538647398319,0.117062461893467,0
3.171,0.4135834772277,-0.00374773101763331,0.106362536462744,0
3.172,0.426218551376694,0.00479425739541148,0.113387587312657,0
3.173,0.423180649962288,-0.00478980811310657,0.115299038197019,0
3.174,0.410711869435263,0.00307520777429482,0.100594934890437,0
3.175,0.432020825119912,-0.00651787732060372,0.123895787050105,0
3.176,0.425861886393615,0.00260689317168836,0.114138481525482,0
3.177,0.429482970736028,-0.00692391524823456,0.121875164704091,0
3.178,0.409093265508383,-0.00186013139514867,0.101552151948662,0
3.179,0.436588073275052,0.000687737917770326,0.124493957709725,0
3.18,0.437007972356942,-0.0143483252553848,0.132051145516026,0
3.181,0.423514238084215,-0.00826740502908201,0.117307432705262,0
3.182,0.435234001264191,0.0052716189733925,0.121152386769334,0
3.183,0.409909566997975,8.60290670083528e-05,0.101385826892836,0
3.184,0.415810169091755,0.00372266871947638,0.104836276858133,0
3.185,0.428174481960068,-0.00440000469755335,0.119580272468111,0
3.186,0.433319300763459,0.00517846654638571,0.119539869438018,0
3.187,0.41398835399457,-0.000855359103579148,0.105442936082216,0
3.188,0.422699357156121,-0.00260113864858103,0.113933384996011,0
3.189,0.410743404887575,-0.00172171903700686,0.103014593592427,0
3.19,0.426390858511822,0.00371154161337203,0.114173873497787,0
3.191,0.424765876875582,-0.000419455067843963,0.114723937066271,0
3.192,0.411397415791665,0.00470856937852739,0.100536481192288,0
3.193,0.419498421018324,-0.00644094816865052,0.112974814809648,0
3.194,0.420339490731579,0.00207513964802016,0.109656234932829,0
3.195,0.415563326334976,0.00338718911784363,0.104836836784744,0
3.196,0.42231283095093,-0.00300425271960581,0.113818791169783,0
3.197,0.418611728287093,0.0057313050425105,0.106403536782673,0
3.198,0.418465592936898,-0.00394411043762553,0.110892683474605,0
3.199,0.417133265710666,0.00487362138363628,0.105517914278922,0
3.2,0.427058434834481,-0.00626921325899767,0.119556600368824,0
3.201,0.424717463751952,0.0049894382288161,0.112134695421892,0
3.202,0.41604632646677,-0.0010671082122154,0.107407158629833,0
3.203,0.42467535672268,-0.00315129716053973,0.115985125074087,0
3.204,0.417508582361389,0.00266872740996501,0.106914765475564,0
3.205,0.42734898029552,-0.0073985281127956,0.120365020352067,0
3.206,0.419858612229618,0.00341229910759294,0.108631041573816,0
3.207,0.423771982217088,-0.00710855089958083,0.117089217793059,0
3.208,0.418597372573422,0.00180598225550394,0.108293120246076,0
3.209,0.42895096425421,-0.00787164071023503,0.122008208967157,0
3.21,0.421075116450451,0.0025910289294212,0.11010167394914,0
3.211,0.425207217569475,-0.00726964329961119,0.11843688760158,0
3.212,0.420006643116199,0.00131319860027962,0.109776222983493,0
3.213,0.430530921113855,-0.00808086332481009,0.123505951954574,0
3.214,0.423271730636223,0.00212425289673525,0.112264375130274,0
3.215,0.425109077607167,-0.00657310912611436,0.118028160192731,0
3.216,0.422627541576659,5.51522697564453e-05,0.112688707960989,0
3.217,0.427490660445336,-0.00645891263618644,0.120069999760745,0
3.218,0.422075940069383,0.000759002075779469,0.111872079561833,0
3.219,0.433980288264149,-0.00853703816984557,0.126767847484905,0
3.22,0.429197506428173,0.00145379416294303,0.117805751481677,0
3.221,0.42356785380374,-0.00332569087291897,0.115140001325485,0
3.222,0.431146313902481,-0.00513349032585032,0.122663592275343,0
3.223,0.426264905166183,0.000323846532541017,0.115774951819815,0
3.224,0.427677582535481,-0.00702861599588464,0.120524082789527,0
3.225,0.424834206397133,0.000416545315204145,0.114477290433515,0
3.226,0.435340393916032,-0.00896384987764309,0.128184813318173,0
3.227,0.43290036491704,0.00098944302343823,0.121299961547095,0
3.228,0.423163034243268,-0.00278735778376171,0.114546375713816,0
3.229,0.432285413253309,-0.00694602075555925,0.124547052170166,0
3.23,0.425303011030282,-0.000540217091338998,0.115359837905066,0
3.231,0.432849025596456,-0.00853773950931564,0.125805893579708,0
3.232,0.427061038376557,1.05169197900706e-05,0.116647186864984,0
3.233,0.431332909042048,-0.00829670819051949,0.124363592290326,0
3.234,0.426776607809815,-6.89634044280961e-06,0.116409857015311,0
3.235,0.436012552245492,-0.00923875696873785,0.128929871794468,0
3.236,0.432434689887229,0.000245618800977773,0.121268625895633,0
3.237,0.425439226869016,-0.00479945118387434,0.117528094694475,0
3.238,0.434602905796376,-0.0050182660256536,0.125687100267182,0
3.239,0.428447659760098,-0.0015816799332945,0.118642535921518,0
3.24,0.432177282279794,-0.00758072940548115,0.124781733059874,0
3.241,0.42802636330322,-0.000941172286693882,0.117971012271725,0
3.242,0.438348101366176,-0.00906452994669723,0.130916733774046,0
3.243,0.435592329251731,-0.000332391637355124,0.124337500140625,0
3.244,0.425903649318371,-0.00387667685395432,0.117514617702215,0
3.245,0.437327315664092,-0.00635372404562179,0.128736446465649,0
3.246,0.43118911438305,-0.00171105472769584,0.121132792056283,0
3.247,0.429652644564077,-0.00610279709069884,0.121877382298139,0
3.248,0.43206795099259,-0.00321064949920375,0.122623169798556,0
3.249,0.429693264695946,-0.00464849589960143,0.121223090899921,0
3.25,0.436508034289484,-0.00533045894760181,0.127539306316456,0
3.251,0.431270560072944,-0.0021802252512862,0.121437725984135,0
3.252,0.43588430542566,-0.00766331512835129,0.128108009819181,0
3.253,0.43163435151633,-0.00126256144660853,0.121325032153092,0
3.254,0.438402512066688,-0.00859436985603432,0.130770161622122,0
3.255,0.434626374478662,-0.000858196403065871,0.123768344754057,0
3.256,0.431114898107495,-0.00705905005994142,0.123639459707307,0
3.257,0.43354068357932,-0.00107235067635482,0.122919699793416,0
3.258,0.432892740964734,-0.00689147673244471,0.125125125543721,0
3.259,0.43344247721867,-0.00168833043142534,0.123130265715911,0
3.26,0.434485664394038,-0.00676503369996717,0.126468107964695,0
3.261,0.43296376808002,-0.00182263464899427,0.122776957814035,0
3.262,0.439473940333917,-0.00739945204576939,0.13115843211358,0
3.263,0.434764277692354,-0.00166746861967722,0.124290921569162,0
3.264,0.437820874231407,-0.00734420137170402,0.129684855866072,0
3.265,0.434143449289481,-0.00115877104015288,0.123507878337418,0
3.266,0.443515123640199,-0.00790152357786585,0.13027322735296,0
3.267,0.441236931156274,-0.000932742609733383,0.128986888163396,0
3.268,0.429475526202083,-0.00501131014487246,0.121251992534694,0
3.269,0.446299163303598,-0.00179257502657768,0.124927470505804,0
3.27,0.443806020972725,-0.00360586782508082,0.127974756839038,0
3.271,0.434410942697724,-0.00411823096826285,0.125176639659032,0
3.272,0.433858955542873,-0.0027347931611547,0.124033871445634,0
3.273,0.44388397761815,-0.00589647637117132,0.128980372277356,0
3.274,0.441035797452773,-0.00208155530911219,0.129684482232779,0
3.275,0.430506107839422,-0.00508155719519504,0.12221596345607,0
3.276,0.446227555361091,-0.00141870877512664,0.124792259845941,0
3.277,0.442983696320103,-0.00394359929975914,0.12883745591766,0
3.278,0.43416433361986,-0.00446157642738561,0.125147836140229,0
3.279,0.436076070068429,-0.00284856789857971,0.126061438739559,0
3.28,0.435838831904185,-0.0051393515511736,0.126946076359811,0
3.281,0.436507444439647,-0.00263214087271105,0.126341280370429,0
3.282,0.436996845784279,-0.0053248133561614,0.1280559600422,0
3.283,0.436780064856346,-0.00260877621613544,0.126573502200917,0
3.284,0.439206737472974,-0.00548524063081533,0.130078662494711,0
3.285,0.436307420388345,-0.00285001170556086,0.126277057138953,0
3.286,0.447222831001451,-0.00512322359069412,0.125645589127348,0
3.287,0.444294768398762,-0.00308508133146217,0.127258520835623,0
3.288,0.433203275885986,-0.00608045883229341,0.125098568004693,0
3.289,0.449040684576318,0.000879088216590279,0.12120034242967,0
3.29,0.444593620581149,-0.00539362971668522,0.128076401553198,0
3.291,0.437266190841593,-0.00492093724326843,0.128129037189968,0
3.292,0.440817498943911,-0.00280049696710071,0.130174593649175,0
3.293,0.436391063755786,-0.00507039573935927,0.1274352018862,0
3.294,0.450131816712963,-0.0020933964812825,0.121629799410032,0
3.295,0.448388785887798,-0.00456710286599479,0.124328481509142,0
3.296,0.43744928344823,-0.00689397505905066,0.129247984682698,0
3.297,0.439336191649249,0.00046846963173597,0.127402511311752,0
3.298,0.446200382701199,-0.00901073188926726,0.128349260125077,0
3.299,0.443589147568544,-0.00161498953267358,0.127152112340261,0
3.3,0.435907246651028,-0.0072036653924006,0.128052376812797,0
3.301,0.447146327602351,0.00203759490708295,0.122288703389283,0
3.302,0.438784521034725,-0.00676668733460732,0.130379000352419,0
3.303,0.442446363421669,-0.0010066989918063,0.127863453454648,0
3.304,0.43783873607902,-0.00736916307994289,0.129838402270787,0
3.305,0.450800329617783,0.000449386961450059,0.119811774177751,0
3.306,0.445496206613197,-0.00677613316657973,0.12789458914814,0
3.307,0.439383047477022,-0.00526311253221603,0.1302043573521,0
3.308,0.44847088774008,-0.0026495385098582,0.123319772296771,0
3.309,0.443109343233999,-0.00605945269953708,0.129651482415523,0
3.31,0.440133929136912,-0.00446374104880601,0.130493361117475,0
3.311,0.443866510706538,-0.0035063141704926,0.127775324975986,0
3.312,0.439880160509138,-0.00604780605178122,0.131028389147676,0
3.313,0.451966221904736,-0.00126118244409646,0.119575100262356,0
3.314,0.447240916556133,-0.00670146943676592,0.12630491456075,0
3.315,0.439933180982305,-0.00617211677776047,0.131145381910929,0
3.316,0.45102763479814,-0.000755189301496609,0.120154694359838,0
3.317,0.444597680586356,-0.00735047335788865,0.12893305616557,0
3.318,0.441985433618078,-0.0035214592030206,0.129423047483115,0
3.319,0.44720419190006,-0.00481696215428081,0.125436472463695,0
3.32,0.442550197166932,-0.00534062213646171,0.129782083179455,0
3.321,0.452805715905814,-0.00261678646368513,0.11945754002129,0
3.322,0.449487664894314,-0.00561035523526538,0.123791323026079,0
3.323,0.439038512629368,-0.00783905379909605,0.131178622402414,0
3.324,0.454202893847315,0.00341051097529741,0.115369465024693,0
3.325,0.445332332544936,-0.00848662107827818,0.128803824724655,0
3.326,0.445223197529242,-0.000605754675479176,0.125172368201474,0
3.327,0.452048226933861,-0.00799797163374069,0.122652285961773,0
3.328,0.449985730305872,-0.00167101941933422,0.121473901751376,0
3.329,0.439149160807475,-0.00865706414445111,0.131685646783215,0
3.33,0.456438313012509,0.00426951214457428,0.112977220391404,0
3.331,0.447892045209948,-0.00867781367241925,0.126622041729113,0
3.332,0.447656004984865,-0.000278248989619783,0.122855748987571,0
3.333,0.45099388337571,-0.00855442940386597,0.123825676981392,0
3.334,0.448506914215931,-0.00205011204760225,0.122937568024471,0
3.335,0.443970297080304,-0.00785644869221366,0.129677195034112,0
3.336,0.447207936369905,0.000550260285146487,0.122848755291031,0
3.337,0.446696702084322,-0.0101515775945623,0.128357833323129,0
3.338,0.448272164624246,0.00154905615328711,0.1214353917622,0
3.339,0.450266223449883,-0.0104396801522674,0.12534561651178,0
3.34,0.449623851020621,0.00100964394870675,0.120494630430909,0
3.341,0.451477242223227,-0.00922173481965525,0.123697313515252,0
3.342,0.44970354808423,-0.000333093189776818,0.12105344297479,0
3.343,0.449736263511331,-0.00807604351779103,0.124683558149367,0
3.344,0.448843012238227,-0.000400288749304987,0.121838219216763,0
3.345,0.454848611545211,-0.00716298119218235,0.119743132012605,0
3.346,0.453174485345226,-0.000304868107036608,0.117970249359645,0
3.347,0.441301080432974,-0.00913716091721969,0.132603547832764,0
3.348,0.460375911576455,0.0055907053278382,0.108834580783385,0
3.349,0.450282867512373,-0.00905216730493395,0.124644241602699,0
3.35,0.453056578930857,0.00449670953358669,0.115789677727593,0
3.351,0.453861155540308,-0.0117280712884758,0.122750450907648,0
3.352,0.449243176234772,-0.000952719428872367,0.121718624666663,0
3.353,0.448419652831091,-0.00834264894421257,0.125937161075935,0
3.354,0.449868984697926,0.00157255256010317,0.119968988554219,0
3.355,0.456037242589773,-0.00884086800280746,0.119457908373304,0
3.356,0.454684580368317,0.00249461461123952,0.115283289586483,0
3.357,0.443335477227596,-0.0102562116122598,0.131307875879403,0
3.358,0.461369034333047,0.00540578023048239,0.108013704128958,0
3.359,0.450150652303209,-0.00932654017405753,0.124857590318571,0
3.36,0.454280649869408,0.00702477276920693,0.113482075930229,0
3.361,0.458307491116516,-0.0125548072387566,0.119191910162861,0
3.362,0.451017628548352,0.000957174936401089,0.119216918129128,0
3.363,0.444855803707262,-0.0108896092927856,0.130246422797572,0
3.364,0.457945503024642,0.00771463931838071,0.109914795994087,0
3.365,0.442808652381265,-0.0108750795556357,0.132037179699205,0
3.366,0.462533635523395,0.00919840379706649,0.10516617989781,0
3.367,0.447226285467697,-0.00866398383585347,0.127092766656551,0
3.368,0.45328586680956,0.00700530770263744,0.11434098014863,0
3.369,0.462604914088126,-0.0119040744618042,0.115073835948742,0
3.37,0.456957697727765,0.00729528142777815,0.110958341144078,0
3.371,0.44294678682231,-0.012848088912469,0.132824987999727,0
3.372,0.466952222688751,0.00628091677940893,0.102630157651452,0
3.373,0.455248323618992,-0.00835075232372951,0.119852813526808,0
3.374,0.461882088514536,0.0103216905858291,0.105169764597949,0
3.375,0.445043188455054,-0.0134355824953394,0.131235598092219,0
3.376,0.467121630079071,-0.00065462352548888,0.105740660368848,0
3.377,0.466166281113222,0.00346173359711014,0.104624441957227,0
3.378,0.449068440386692,-0.00833800347438285,0.125258754506383,0
3.379,0.455662246612344,0.00850068073421083,0.111479742458035,0
3.38,0.451286619881513,-0.0151651383795024,0.126528158202004,0
3.381,0.452384589153178,0.00483686290908994,0.116093303301497,0
3.382,0.447766251850167,-0.0146244839669306,0.129367924013256,0
3.383,0.459690687628929,0.0118122471691887,0.106353202136834,0
3.384,0.444969167059134,-0.0121924676915116,0.130673486217398,0
3.385,0.468260794074276,0.00440991525169922,0.10230189027997,0
3.386,0.45823351685819,-0.00688001249443227,0.116467250363425,0
3.387,0.46474927973867,0.0121215771678491,0.101729203292215,0
3.388,0.445248375971582,-0.0122064101879011,0.130410554512478,0
3.389,0.468692186951106,-0.00160185161259598,0.104743139124315,0
3.39,0.46864126734777,0.0127265462737362,0.0979953588790512,0
3.391,0.447676548815163,-0.00317416791683142,0.123974732688649,0
3.392,0.451578012129932,-0.00209133832753154,0.120024507929311,0
3.393,0.467368374828265,-0.0035500694277174,0.106804107070906,0
3.394,0.467189109040569,0.0119772268420741,0.09960160284191,0
3.395,0.446861461618279,-0.00446463632052966,0.125276773532134,0
3.396,0.451646104272892,-0.00322894924085414,0.120476819683135,0
3.397,0.465206768045209,-0.00496734216132002,0.10935318610923,0
3.398,0.467226187403523,0.0117551728254841,0.0996487823407029,0
3.399,0.445507770609065,-0.00575345847050003,0.127054242387363,0
3.4,0.460723392089151,-0.00451096459824228,0.113065175571109,0
3.401,0.450117450439939,-0.00845645110609449,0.124267885840437,0
3.402,0.454331864222012,0.00188667911675172,0.115657849155323,0
3.403,0.457265690826929,-0.0116542109786348,0.11948133581344,0
3.404,0.458788176668815,0.0113368985920985,0.107251046806941,0
3.405,0.462115066247212,-0.0147224090868646,0.116652673998104,0
3.406,0.450902054880609,0.00819610705800699,0.115671796523538,0
3.407,0.459464062679426,-0.0173727102422004,0.120234822304743,0
3.408,0.460421557936854,0.0211378824905728,0.101153755167959,0
3.409,0.46225807128053,-0.0145068617056915,0.11640510393476,0
3.41,0.447511919324669,0.00428351794190662,0.120490859820998,0
3.411,0.463800758506383,-0.0136345390225482,0.114628748813247,0
3.412,0.460468572692939,0.0185833806204848,0.10230302753716,0
3.413,0.459243703339398,-0.0157245420738677,0.119618794686363,0
3.414,0.452585734707104,0.0104198682296817,0.113100594061229,0
3.415,0.464410225551922,-0.0163997103321809,0.115382563315785,0
3.416,0.462722545207812,0.0227680579254609,0.0983180035031562,0
3.417,0.460130281782259,-0.0144381870345295,0.118209164353913,0
3.418,0.449881770158945,0.00551897839903935,0.117782570317579,0
3.419,0.466069560584347,-0.0148898069778303,0.113188581204989,0
3.42,0.463710862003571,0.0227880944711346,0.0974195420675357,0
3.421,0.459564029467623,-0.0143857173150155,0.118664659487903,0
3.422,0.451560717554956,0.00617410844339472,0.115975692127908,0
3.423,0.463788686620766,-0.0167643557423949,0.116066785638191,0
3.424,0.463034585387529,0.0241285533927035,0.0973636338410167,0
3.425,0.464963194596973,-0.0129006985629654,0.11319015819315,0
3.426,0.448756033709521,0.00500587155541884,0.118980425778008,0
3.427,0.470389441547518,-0.0127914922715996,0.108355500805307,0
3.428,0.464932912619803,0.0235794347243933,0.0959312969903959,0
3.429,0.458233382913987,-0.0129517483575545,0.119120764740795,0
3.43,0.456063802710491,0.00463592249588851,0.112701918004126,0
3.431,0.45535811518308,-0.017713087307791,0.123904067762469,0
3.432,0.469269066708667,0.0194860062700056,0.094038963224842,0
3.433,0.454427850794168,-0.0112462453565085,0.121651993306333,0
3.434,0.472424453887146,0.00396849721312435,0.0985987509353393,0
3.435,0.463075580419787,-0.00406662708148954,0.110627937865871,0
3.436,0.462048813740588,0.0060263354785173,0.106748316713741,0
3.437,0.470525372326007,-0.00838367712594532,0.106101945567281,0
3.438,0.464583409430737,0.0196207969059181,0.0980656001009323,0
3.439,0.458538817047104,-0.0154851476697283,0.120005676407941,0
3.44,0.460824740164386,0.0127128780165117,0.104638251933061,0
3.441,0.417342352806378,0.0208787349637533,0.139060322850168,0
3.442,0.408547914377241,0.0683822261895533,0.12430999257389,0
3.443,0.404108290511465,0.0425140254858826,0.140457388723694,0
3.444,0.415127403902343,0.0411014150435086,0.131416163439573,0
3.445,0.451648304317663,0.0453867375410645,0.0190983368395438,0
3.446,0,0,NaN,1
3.447,0,0,NaN,1
3.448,0,0,NaN,1
3.449,0,0,NaN,1
3.45,0,0,NaN,1
3.451,0,0,NaN,1
3.452,0,0,NaN,1
3.453,0,0,NaN,1
3.454,0,0,NaN,1
3.455,0.457223086458657,-0.0413602097069455,0.0427188131614522,0
3.456,0.453842405954231,-0.0145704821477737,0.123330185610593,0
3.457,0.453881030536936,-0.0197625034898155,0.125717973514383,0
3.458,0.45576606210028,-0.0236510650530093,0.125860388682467,0
3.459,0.457888748723454,-0.0260126877786081,0.125067467722672,0
3.46,0.460093375008944,-0.0275033624550573,0.123787980454632,0
3.461,0.462226013551045,-0.0277848787712808,0.121997319075179,0
3.462,0.4643156380911,-0.0277973242853288,0.120116660212324,0
3.463,0.466119782628318,-0.0270027964232839,0.118104404802072,0
3.464,0.467774108939717,-0.0262813049063165,0.116259382423204,0
3.465,0.468939313101264,-0.025141373930386,0.114647133333679,0
3.466,0.469571622614538,-0.0242063136422063,0.113602583882803,0
3.467,0.469241643035372,-0.0233214250073409,0.113430501002433,0
3.468,0.467259476542757,-0.0228746659728992,0.114922730586248,0
3.469,0.461574204910678,-0.0231733419806178,0.120030525416842,0
3.47,0.450318334570569,-0.021745284101634,0.129223030259754,0
3.471,0.459998808861496,-0.00126063171859473,0.110943615036318,0
3.472,0.463761483485439,-0.0276206950122168,0.120138880710179,0
3.473,0.455770223696997,-0.00856919449811435,0.118086911851771,0
3.474,0.475043182781381,-0.0362277110944991,0.114270703229193,0
3.475,0.508217896564901,0.0442006814774345,0.0468122530561157,0
3.476,0.473864709378409,-0.0198692075289049,0.10748681717482,0
3.477,0.466797823690114,-0.0302354550887857,0.118619139515126,0
3.478,0.522364928392033,0.0297515082438904,0.041194278852442,0
3.479,0.476207512270442,-0.0187790347642357,0.104865257024027,0
3.48,0.473928086376981,-0.0224908874331328,0.108626351534193,0
3.481,0.522697926828281,0.0293988041694503,0.0410315086829878,0
3.482,0.472235532764712,-0.0195899622176123,0.108713093019576,0
3.483,0.466675779295052,-0.0210160960617752,0.114277217601978,0
3.484,0.521397378978836,0.0308501904511615,0.0414653194713018,0
3.485,0.478403715754103,-0.0235079705051228,0.105140782087156,0
3.486,0.467735520540853,0.00507171796835316,0.100919026530658,0
3.487,0.523704663073218,-0.0668968819219547,0.0859522248320252,0
3.488,0.502413681943059,0.0580002880840884,0.0452268790006835,0
3.489,0,0,NaN,1
3.49,0.456770518945669,0.0203184287437875,0.103293121649309,0
3.491,0,0,NaN,1
3.492,0.502432217363321,0.0563557211462837,0.0459808039620776,0
3.493,0.526270581623507,-0.0623393882337994,0.0815093220945039,0
3.494,0.500583692652959,0.0611788476824879,0.0453060435786509,0
3.495,0,0,NaN,1
3.496,0.497582421823193,0.0611205315081605,0.0479631831328398,0
3.497,0.538311479342253,-0.0670763361394879,0.0731652026407086,0
3.498,0.507569921786559,0.0487165937971981,0.0450826912862702,0
3.499,0.481222244240805,-0.0309953920278051,0.106189998013381,0
3.5,0.506635432421166,0.0518663614321468,0.0444039649230773,0
3.501,0.529041057124285,-0.0607965242874994,0.0783211633710515,0
3.502,0.495295686783348,0.0653813532307171,0.0479367544562213,0
3.503,0.493335886570656,-0.0234100227839199,0.0919174786792689,0
3.504,0.490904593910811,0.0691995577379011,0.0499726020981587,0
3.505,0.529969561312508,-0.0615449497739038,0.0778458287348501,0
3.506,0.492968345430902,0.0673988031870507,0.0490089011565043,0
3.507,0.492449724321628,-0.0231732858300375,0.0925689666343982,0
3.508,0.490162139046978,0.0685593120025836,0.0509154021732738,0
3.509,0.530368232703205,-0.0655692504312148,0.0793963283890673,0
3.51,0.492847818937323,0.0670778115700359,0.0492543542346853,0
3.511,0.493153658193494,-0.022800328999915,0.0917588957056703,0
3.512,0.450355509703907,0.0307121562491161,0.103924197075233,0
3.513,0.537210042240735,-0.0691587572816896,0.0750778414308332,0
3.514,0.495560846133184,0.0625762004238713,0.0489997742515783,0
3.515,0.495558178047861,-0.0245024054126806,0.0904463683872262,0
3.516,0.444349329115468,0.0359195768929001,0.106718277314875,0
3.517,0.531236340123586,0.00553473637417512,0.0415371935749589,0
3.518,0.480751182505302,0.0621495715923947,0.0507697629621039,0
3.519,0.517023075571652,0.00794149416330294,0.0339776876297181,0
3.52,0.441162627743871,0.0266796791094636,0.113911832212542,0
3.521,0,0,NaN,1
3.522,0.477955818612958,0.0340112024360341,0.0277974672820468,0
3.523,0,0,NaN,1
3.524,0,0,NaN,1
3.525,0,0,NaN,1
3.526,0,0,NaN,1
3.527,0,0,NaN,1
3.528,0,0,NaN,1
3.529,0,0,NaN,1
3.53,0.467573008449059,-0.0224606941835451,0.0214733104785648,0
3.531,0.455525599640266,-0.0155836408884235,0.0242573897217728,0
3.532,0.445646013156437,-0.00825775584733114,0.0252605982044132,0
3.533,0.446509074975907,-0.0100283521850201,0.0260163430749286,0
3.534,0.445030682372739,-0.0106629001521524,0.0274669562181931,0
3.535,0.459856306168962,-0.0290814463515122,0.0315158224343614,0
3.536,0.452591587848,-0.022062800448731,0.0310332700523917,0
3.537,0.462983889042718,-0.0358157105989577,0.0345061027110101,0
3.538,0.454831524203129,-0.0252852118715011,0.0319717113573176,0
3.539,0.460232978225377,-0.0321586030370848,0.0335702952558706,0
3.54,0.441169394569943,-0.00987761072803295,0.0293998186514607,0
3.541,0.469141825860414,-0.0451455649629003,0.0374391094696597,0
3.542,0.429763334958378,0.00273849274214863,0.0274362757857415,0
3.543,0.464595380236034,-0.0402629380933868,0.0367673834701663,0
3.544,0.439265071417823,-0.00814534259687708,0.0293434035959784,0
3.545,0.468539402220437,-0.043753923642019,0.036787405220006,0
3.546,0,0,NaN,1
3.547,0.468724461527941,-0.04543636473118,0.0379226013380528,0
3.548,0.443514323411197,-0.0167049085155381,0.0329600359626335,0
3.549,0.46352818639821,-0.0407662113177123,0.0378391897607384,0
3.55,0.438559741879047,-0.0135518214229573,0.0338626126735472,0
3.551,0.452445692528427,-0.0289839232951076,0.0362957643304307,0
3.552,0,0,NaN,1
3.553,0.444986246739497,-0.0237970141429587,0.0373178406373152,0
3.554,0.425870602454731,-0.00245531867314853,0.0338912343315731,0
3.555,0.427863876309776,-0.00670649382052426,0.0357704266590062,0
3.556,0.422086205170367,-0.00112436857163402,0.035386954308434,0
3.557,0.423851776840113,-0.0061282414742787,0.0379821301812968,0
3.558,0.420737344550135,-0.0027624161148965,0.0375059752135889,0
3.559,0.410098514470825,0.00597380579083028,0.0379625786101985,0
3.56,0.421314404360205,-0.0153182251483825,0.0441906976883624,0
3.561,0,0,NaN,1
3.562,0,0,NaN,1
3.563,0,0,NaN,1
3.564,0,0,NaN,1
3.565,0,0,NaN,1
3.566,0,0,NaN,1
3.567,0,0,NaN,1
3.568,0,0,NaN,1
3.569,0,0,NaN,1
3.57,0,0,NaN,1
3.571,0,0,NaN,1
3.572,0,0,NaN,1
3.573,0,0,NaN,1
3.574,0,0,NaN,1
3.575,0,0,NaN,1
3.576,0,0,NaN,1
3.577,0,0,NaN,1
3.578,0,0,NaN,1
3.579,0,0,NaN,1
3.58,0,0,NaN,1
3.581,0,0,NaN,1
3.582,0,0,NaN,1
3.583,0.451388040598732,-0.0115264664544189,0.0729681141002744,0
3.584,0.536027889126263,0.0460450793498476,0.126058022131,0
3.585,0.582283658389833,0.0483772465078901,0.0864064325200664,0
3.586,0.592754779346303,0.0617258441707151,0.0834999146721604,0
3.587,0.586160751590727,0.0682426549522486,0.0923993959762695,0
3.588,0.576976881856684,0.0529702843561259,0.0932855782400997,0
3.589,0.567029826864793,0.0453641088965343,0.0984707726438435,0
3.59,0.559915099032094,0.039817718981352,0.102137970952211,0
3.591,0.554803317530366,0.0359781311726486,0.104849074833858,0
3.592,0.551183509698696,0.0332433199309206,0.106768388218182,0
3.593,0.548710574749635,0.0312973255194414,0.108049693351393,0
3.594,0.54738721877007,0.0302179095674825,0.108726924140986,0
3.595,0.548070030845315,0.031209875338232,0.108615489185922,0
3.596,0.549435026366477,0.0357180747265649,0.109565465700725,0
3.597,0.535234787561819,0.024165591212234,0.11661980974194,0
3.598,0.539987007312759,0.0197436328816914,0.110357331859902,0
3.599,0.547907034248034,0.0264504468301104,0.106568278561189,0
3.6,0.535469755230094,0.00795856705289175,0.10877337512268,0
3.601,0.529168003562445,0.00662378246240407,0.113695209734921,0
3.602,0.526897405213655,0.0318383104676134,0.127640120013307,0
3.603,0.531630803100557,-0.00219975243519339,0.10736605182875,0
3.604,0.515609845528328,0.0266405730679823,0.13513064938643,0
3.605,0.521485811075587,0.00336774834032041,0.118947064190612,0
3.606,0.509067518134545,-0.00466756403008791,0.126080777523579,0
3.607,0.52338920905669,-0.00226866655994162,0.114607952400307,0
3.608,0.519121517798403,0.00848326715719688,0.123455071978129,0
3.609,0.494825609245981,-0.00379178768897768,0.114589920035367,0
3.61,0.518484322265701,-0.00875117459252032,0.115858317221275,0
3.611,0.512345735079391,0.0121979489011632,0.131179196152422,0
3.612,0.48941194280364,0.00119975868746982,0.112208318640451,0
3.613,0.491238176481557,-0.0301220408387371,0.0989981881740854,0
3.614,0.494790987015898,0.0141782626986246,0.123090616143085,0
3.615,0.493347468445586,-0.0163013058359439,0.107406040275002,0
3.616,0.475159046233608,-0.00859441959454268,0.0950368941531852,0
3.617,0.501364521609243,-0.0176167151987342,0.11384956537547,0
3.618,0.492503208314394,0.00772753684626561,0.118047649568825,0
3.619,0.484763205424247,-0.0156161939412647,0.100195738439627,0
3.62,0.472330182777233,-0.0145404473620839,0.0897574808366438,0
3.621,0.495798922466852,-0.0100792943727209,0.112541221102411,0
3.622,0.483862663989507,-0.0104207613430012,0.10187700153603,0
3.623,0.486410390714245,-0.0107143028910271,0.103989284455314,0
3.624,0.47154376855918,-0.00933721893421771,0.091552635821161,0
3.625,0.493933818736772,-0.0184519813867875,0.106965284106543,0
3.626,0.490062772919828,0.0127795408694651,0.118342498685751,0
3.627,0.481096509576959,-0.00423502566472108,0.10240969222824,0
3.628,0.469729465621454,-0.0223952665623479,0.0838130597965624,0
3.629,0.487760547732488,0.00201229514546942,0.111244460804518,0
3.63,0.477438226120171,-0.0138339344243309,0.0946670818740657,0
3.631,0.47300972778365,-0.0152805601081303,0.0900866569714745,0
3.632,0.487170464170887,-0.00829804990920891,0.105867351384849,0
3.633,0.492475690542662,-0.00283605834656312,0.113135397982613,0
3.634,0.469875762711112,-0.00529642419760274,0.0920759543176441,0
3.635,0.472910527804422,-0.0257294783997278,0.0850872638937825,0
3.636,0.480922943539367,0.00210031859142625,0.10531081387947,0
3.637,0.479082248334546,-0.0218195073578783,0.0923833847825409,0
3.638,0.47042121736108,0.00227869443872943,0.0961553281004301,0
3.639,0.487240494785646,-0.0218925248359427,0.0995430772594841,0
3.64,0.48213359127951,0.0132871558744264,0.111690541629154,0
3.641,0.477575331261843,-0.0127281148319328,0.0953806167726801,0
3.642,0.469367081500428,-0.00906502027505447,0.0898856739075568,0
3.643,0.486706312161205,-0.00706303150973674,0.10610857209704,0
3.644,0.472619922080194,-0.0112729724266573,0.0917154542716286,0
3.645,0.481224112563448,0.00253719474602684,0.105828252902672,0
3.646,0.493097593337214,-0.00904309110455552,0.110818668577138,0
3.647,0.483094941341225,-2.60949861710674e-05,0.106281559423063,0
3.648,0.485510422749746,-0.0143602508874116,0.101637876681565,0
3.649,0.46612599255542,-0.00429937655073341,0.0893235091804447,0
3.65,0.492704997158576,-0.00540464128397834,0.112216096778656,0
3.651,0.481354818192911,-0.00486760320727537,0.10248018783627,0
3.652,0.487788140409009,-0.00141875604032031,0.109783947948598,0
3.653,0.475479120340278,-0.00188455704221038,0.0987272056520813,0
3.654,0.491019261248035,-0.0106878030586616,0.108258479148545,0
3.655,0.490855922585149,0.00975177228891659,0.117787643012641,0
3.656,0.475082668889914,-0.0039825395353875,0.0974077164795415,0
3.657,0.483279129133212,-0.0120987277430679,0.100793277279032,0
3.658,0.477975026476572,-0.0024833048944815,0.100670217715973,0
3.659,0.49069237735496,-0.00842002820235753,0.109070526232658,0
3.66,0.490956959415526,0.00436382421514283,0.115355321643842,0
3.661,0.473331269474211,-0.00601646237244893,0.0949271913356262,0
3.662,0.498164158365613,-0.0023868322274527,0.11852284997805,0
3.663,0.495124574932528,0.00122761914440277,0.117564901222293,0
3.664,0.494922302244058,-0.00564163364774324,0.114149661626099,0
3.665,0.488494523052831,0.000848498462163195,0.111563471744805,0
3.666,0.487107569696463,-0.00940141654314417,0.105503339828449,0
3.667,0.474299205356915,-0.00296018465191558,0.0972667318338457,0
3.668,0.491106640495384,-0.000431683476614597,0.11327142247826,0
3.669,0.478279136669029,-0.00675389434144242,0.0989871954030692,0
3.67,0.486493844114901,0.00797458611157803,0.11318749478698,0
3.671,0.492084246167639,-0.00561678165069792,0.111695694414428,0
3.672,0.484049204892657,-0.00122168895552986,0.106699225336896,0
3.673,0.479689634115344,-0.0062657857629865,0.100476821124628,0
3.674,0.493308116432559,0.00378870534007137,0.117229684781599,0
3.675,0.490019035597986,-0.00613137447817769,0.109650618085024,0
3.676,0.48294727148677,0.0003860006596163,0.106503969617616,0
3.677,0.482602242863871,-0.00355083324423131,0.104341821875664,0
3.678,0.484606447467737,0.00195073169640777,0.108709313061917,0
3.679,0.486126745349427,-0.00188530706251192,0.108239087752677,0
3.68,0.485961484214571,0.000367158194496224,0.109160640719042,0
3.681,0.492255106905746,0.00301934830885783,0.115963208222392,0
3.682,0.493337550766448,-0.00287617673631182,0.114136891691187,0
3.683,0.475357568809829,-0.000930917009285086,0.0992176680042001,0
3.684,0.49746801646278,0.0077982339987934,0.122824744176817,0
3.685,0.486503428897671,-0.0026112919278818,0.108252300755797,0
3.686,0.490898318087761,0.00555005710697063,0.115984008786316,0
3.687,0.49298793498771,0.0026788902425178,0.116474639597271,0
3.688,0.485771826031569,-0.00538235130505038,0.106312258416928,0
3.689,0.486555134506023,0.00435478293774789,0.111604919488726,0
3.69,0.487751339238662,-0.00275520298067168,0.109302545240816,0
3.691,0.487226490487501,0.00202709047338632,0.111101848500077,0
3.692,0.494240910753481,0.00210467165919134,0.117322683967479,0
3.693,0.493761530029313,-0.00154337780625301,0.115181894029578,0
3.694,0.479382943960463,-0.000219096754504446,0.103141123042602,0
3.695,0.498982667713362,0.00697719108867628,0.123812146931193,0
3.696,0.489276228104843,-0.00240502825496948,0.110833260024773,0
3.697,0.491982910447203,0.00540049530023823,0.116908467893435,0
3.698,0.494941507434007,0.00344048899866043,0.118594635304427,0
3.699,0.490098557687943,-0.00377742224868577,0.110921854500528,0
3.7,0.486619529201851,0.00283159809814626,0.110980268709811,0
3.701,0.491361595804155,-7.40848574882934e-05,0.113787907489409,0
3.702,0.487513134847525,0.000132380097031631,0.110496412132187,0
3.703,0.497015960793697,0.0044408569438159,0.120907522056051,0
3.704,0.493674750930121,-0.0023580930483843,0.114756299126701,0
3.705,0.486208517925259,0.00210363773378042,0.110286883517128,0
3.706,0.496420789815931,0.0037985621490039,0.120087772357126,0
3.707,0.488609745461082,-0.00189248530898491,0.110519902226695,0
3.708,0.495334626598276,0.00743898370547748,0.120854831351879,0
3.709,0.487799673876879,-0.00253775092127868,0.109505627450338,0
3.71,0.500608444370347,0.00934612830812657,0.126407330559387,0
3.711,0.492934642022615,-0.00167567169474301,0.114444526482616,0
3.712,0.492334047578367,0.00492896234411592,0.117036423275387,0
3.713,0.498165474487618,0.00307433786056703,0.121302205081722,0
3.714,0.495437590781556,0.000135467225032188,0.1175140850089,0
3.715,0.489433668531416,0.00403075248646308,0.114065122700687,0
3.716,0.494916440658393,0.002382455492168,0.118119138636936,0
3.717,0.490976847698357,0.00235385756422479,0.114635790591036,0
3.718,0.497233213042786,0.004718664402827,0.12126717380038,0
3.719,0.491202724861364,-0.000162891703446817,0.11364981987689,0
3.72,0.502960954269185,0.00803724631517025,0.127885907719987,0
3.721,0.498104220174866,-0.00092115010319043,0.119380397341454,0
3.722,0.492447878679128,0.0032296681848066,0.116358014540215,0
3.723,0.500959983914117,0.00497878688602577,0.124687195508672,0
3.724,0.496150607522864,1.86358286550584e-05,0.118110238087826,0
3.725,0.49409077408518,0.00550838050329779,0.118888950189252,0
3.726,0.49525813379868,0.0015521422767486,0.118050848574892,0
3.727,0.496548399473773,0.00554080804819026,0.121072828145878,0
3.728,0.494349317996707,0.00122053066339856,0.117096433760983,0
3.729,0.502216823535219,0.00732798600633908,0.126915410294528,0
3.73,0.496877888757389,-0.000160873392840473,0.118677754087525,0
3.731,0.497333251147572,0.00683104272026631,0.122381974207139,0
3.732,0.495354549424743,0.000467765857178628,0.117635285037802,0
3.733,0.503596541632646,0.00813229300934194,0.128519480261336,0
3.734,0.498540972131322,-3.65984357754038e-05,0.120210939026516,0
3.735,0.496621212949238,0.00615781140645945,0.121445289027086,0
3.736,0.49784573377154,0.00157601648288145,0.120362555760076,0
3.737,0.498213932985374,0.00574369950008852,0.122656127174114,0
3.738,0.497518792258658,0.00203671677896853,0.120294813305725,0
3.739,0.50059637630435,0.00612752760695245,0.1249398369187,0
3.74,0.496761367429346,0.0013186680814422,0.119291533603978,0
3.741,0.507706732818823,0.00782875679658395,0.132013216860472,0
3.742,0.504126751619431,0.000766405570370839,0.125528996858219,0
3.743,0.495238477969093,0.00336730408628567,0.11892577238945,0
3.744,0.507549767111543,0.00571810032528068,0.130887268089922,0
3.745,0.502176325714235,0.00160401277920018,0.124213838836658,0
3.746,0.496612414700117,0.00393495082269096,0.120412390465213,0
3.747,0.507696778129269,0.0049718353640709,0.130672783466638,0
3.748,0.503036339082553,0.00184399902626914,0.125093292453447,0
3.749,0.49645291156285,0.00395187922500944,0.120288001810124,0
3.75,0.508424537963726,0.00485151178473486,0.13079956715663,0
3.751,0.503692608206334,0.00208836676336316,0.125795466552063,0
3.752,0.496831122135951,0.00371948138708281,0.120520021761982,0
3.753,0.509341351399281,0.00503965992500639,0.130074380294846,0
3.754,0.505272512885477,0.00220902311410862,0.127253947757631,0
3.755,0.49700119936127,0.00337999436322972,0.12051896457474,0
3.756,0.5088882330813,0.00520176617539281,0.130540645232001,0
3.757,0.503915251980848,0.00225196269362235,0.126086842516095,0
3.758,0.497725985454679,0.0039297302061246,0.121425530918939,0
3.759,0.510234704429689,0.00431187696095292,0.128924783725425,0
3.76,0.506355056773721,0.00257698593406786,0.128399885303834,0
3.761,0.497744125317361,0.00348916568305999,0.121243280966425,0
3.762,0.509472540072782,0.00450309778649192,0.129676496302208,0
3.763,0.504213805266744,0.00263403365554866,0.126548421879639,0
3.764,0.498800340649376,0.00401849028066422,0.12243217051312,0
3.765,0.510823532159456,0.00363438962250337,0.128067078043007,0
3.766,0.506593115030159,0.00292163438473354,0.128790364256893,0
3.767,0.498612530565626,0.00376939450251419,0.122158524904423,0
3.768,0.512041718756655,0.00356392000314293,0.126953647844305,0
3.769,0.508390276517487,0.00312837364516319,0.129950753796513,0
3.77,0.499458729125127,0.00374662989471511,0.122904092848189,0
3.771,0.50858166336604,0.00320377140980444,0.129814020493753,0
3.772,0.502251419216393,0.00334836392945962,0.125182745675467,0
3.773,0.506016938036788,0.0040530345982053,0.128836334999294,0
3.774,0.50169040996816,0.00295608482979808,0.124507357941248,0
3.775,0.514150628664755,0.00436089611551588,0.12546115416785,0
3.776,0.512496607187832,0.00287793417806236,0.126202989728123,0
3.777,0.500654498146437,0.00470526875200768,0.124432210838193,0
3.778,0.504798997533642,0.000714921609639075,0.126204228718861,0
3.779,0.5049360047379,0.00643005219611264,0.129022840025269,0
3.78,0.503994836221241,0.000834366826819757,0.12555565075106,0
3.781,0.510348073680468,0.00653720271902987,0.129825635414442,0
3.782,0.505907069047119,0.00227671447026474,0.1279275921553,0
3.783,0.507641525514702,0.00491621420022751,0.130703906181339,0
3.784,0.504396253131413,0.00220401992777292,0.126566166473507,0
3.785,0.516475218709199,0.00435870579097821,0.123393713700921,0
3.786,0.515246032037674,0.00283704304214269,0.123743485401956,0
3.787,0.502093164516132,0.00579538435204243,0.126243374833614,0
3.788,0.507220973599782,-0.00203964416526966,0.127069500560838,0
3.789,0.507405821416847,0.00862396627945726,0.132263645813704,0
3.79,0.506897298181325,-0.000722726161344167,0.127409835673285,0
3.791,0.511400020075398,0.00778539414788703,0.129472521076708,0
3.792,0.508016896480036,0.00147326783903714,0.129435465769234,0
3.793,0.511567154172612,0.00539651617607721,0.12818275075748,0
3.794,0.507766952666999,0.00247791122401588,0.129698033706237,0
3.795,0.513517480622557,0.00402221619218224,0.125809201553334,0
3.796,0.509227313313896,0.00344072205606205,0.129299583749882,0
3.797,0.508403154208697,0.00369563458375207,0.130143687318227,0
3.798,0.507124450694097,0.00266732760069445,0.129231864709092,0
3.799,0.516878475849448,0.00333460520183507,0.12251979564693,0
3.8,0.512997683839917,0.00421414538328622,0.126345607798887,0
3.801,0.504561828255261,0.00524308575889127,0.128197640925155,0
3.802,0.519288088688941,-0.00143623858427273,0.118120657899323,0
3.803,0.51408797879272,0.00628664128024902,0.126366791607662,0
3.804,0.507879313922393,0.0043235086985043,0.130699694187411,0
3.805,0.514499372638373,0.00175315419603794,0.123840169126061,0
3.806,0.508834743199187,0.00547519258243957,0.130589949002196,0
3.807,0.514654134917265,0.00106807926584026,0.123373094549437,0
3.808,0.509041672690927,0.00590342612840971,0.13060785432868,0
3.809,0.51619895482926,0.000658954204068903,0.121815944043267,0
3.81,0.510516393692633,0.00625278283900987,0.129473465200742,0
3.811,0.512290965591111,0.00158902700481738,0.12568899798958,0
3.812,0.508334816790074,0.00594767600218878,0.13124218123183,0
3.813,0.522876290604045,-0.000141096985530735,0.115558206421117,0
3.814,0.521358813275188,0.00612554815784441,0.11987335329578,0
3.815,0.511333171360773,0.00763031275632222,0.129396919434424,0
3.816,0.51191108310895,-0.00095338135930306,0.124794488069033,0
3.817,0.519549336285834,0.00742446834802301,0.12207409122712,0
3.818,0.517331923314468,0.00182564809489907,0.121348561668793,0
3.819,0.504240582492081,0.00762831848955247,0.129100949771963,0
3.82,0.525316301348544,-0.00533523063920251,0.110913750922833,0
3.821,0.521305870271521,0.00757636292733432,0.120587579676483,0
3.822,0.520700727376355,0.000668357267428363,0.11781935611859,0
3.823,0.503181929915815,0.00852534535669418,0.128608969776552,0
3.824,0.52137482333628,-0.00810509705818669,0.11303811599881,0
3.825,0.511171922615713,0.00756579230788862,0.129471969632886,0
3.826,0.512154705752922,0.001080563192284,0.125513816471384,0
3.827,0.51725857823701,0.00758307684593284,0.124128136540168,0
3.828,0.51452851277962,0.0031157757897469,0.124393251884409,0
3.829,0.512706091058517,0.00602384931241751,0.127379384634886,0
3.83,0.512658240077401,0.00230682299736967,0.125647073781772,0
3.831,0.521303764014258,0.00531974438407311,0.119485004739695,0
3.832,0.519028921334558,0.00365492322091261,0.12068537195406,0
3.833,0.506647057308024,0.00822100483797436,0.131550067188654,0
3.834,0.526135747824537,-0.00569211661523693,0.109978638003851,0
3.835,0.518114419915484,0.0085843393479256,0.12383045517314,0
3.836,0.518356046743495,-0.000644008126743077,0.119212432192564,0
3.837,0.513429240336289,0.00849338689070134,0.127897115146699,0
3.838,0.515145947277271,3.1928228828634e-05,0.122350758688768,0
3.839,0.514544878092065,0.00892541659687247,0.127119735109798,0
3.84,0.516138156194247,-0.000876377583083807,0.121042229992735,0
3.841,0.517388981893724,0.00915097357442622,0.124724674117987,0
3.842,0.517038796911796,-0.00050857777839558,0.120421909422696,0
3.843,0.521633263665153,0.00754364721533367,0.120223611443375,0
3.844,0.519495109678288,0.00102600456027841,0.118989255160757,0
3.845,0.512903401941398,0.00717858184285881,0.127713689296372,0
3.846,0.518886347775005,-0.00246265337862044,0.117856181648337,0
3.847,0.512317362217944,0.0109072233321002,0.130004633200667,0
3.848,0.526478495257849,-0.00667140651510398,0.109174275031384,0
3.849,0.512774201791261,0.00962716258409844,0.128986662283402,0
3.85,0.521777662727023,-0.00734218524235069,0.112978674484526,0
3.851,0.513377023830655,0.0131747553615393,0.13014576880377,0
3.852,0.528872885995329,-0.00671296919674986,0.10704061938676,0
3.853,0.514678816365016,0.00947393048811931,0.127229547954014,0
3.854,0.521002754675164,-0.0070068348221787,0.113808229079465,0
3.855,0.525326346247424,0.0132119286722801,0.119653037302298,0
3.856,0.522157181703866,-0.0033326517312993,0.114539125275559,0
3.857,0.51564148662875,0.0109846901999207,0.127092376738412,0
3.858,0.523328234744679,-0.00539538965458389,0.11252157446792,0
3.859,0.511628879224141,0.0124733568837503,0.1313240616079,0
3.86,0.5341083827027,-0.00750988411324589,0.102037403148765,0
3.861,0.522245116275197,0.00844831651543806,0.120067469286633,0
3.862,0.527698817454985,-0.00862303184671501,0.107125078355291,0
3.863,0.516799586192685,0.0136757533307331,0.127336759290242,0
3.864,0.52724675040713,-0.00176315362523541,0.110788839354551,0
3.865,0.520911155259566,0.00934930909293198,0.12165326106127,0
3.866,0.517844826553116,0.000732490736917175,0.120232863247193,0
3.867,0.523475293483288,0.00650031364038329,0.118036657616756,0
3.868,0.522316119652635,-0.00135753549959359,0.115301451811242,0
3.869,0.52116250851135,0.0067985190119706,0.120204013244164,0
3.87,0.520656895762112,-0.00143597454437423,0.116715818538111,0
3.871,0.528443305141093,0.00564519294793469,0.113250949998709,0
3.872,0.527401766489825,-0.00424347654354217,0.109440834869979,0
3.873,0.510002272396809,0.00986404238383592,0.131456137563185,0
3.874,0.538085680294708,-0.00567037570614953,0.0993690011067352,0
3.875,0.52948587386585,0.00528421132052101,0.112143037703849,0
3.876,0.536295885001937,-0.0141961848046196,0.0968537155284037,0
3.877,0.512215874943278,0.00606388323360868,0.127669974780927,0
3.878,0.536993407565735,0.000694533945548362,0.103337434994565,0
3.879,0.536972211559673,-0.0103389745346347,0.0980777634320713,0
3.88,0.516731511593507,0.00334996284289142,0.12238332231369,0
3.881,0.522591915343714,-0.00242794327427205,0.11447348629037,0
3.882,0.525087865952423,0.00885850267826253,0.117663809227664,0
3.883,0.518295638496817,0.00270957479963876,0.120690820142251,0
3.884,0.517066193236403,0.00818519881019105,0.124382979591664,0
3.885,0.521247143087784,-0.00329102901075756,0.115229407111868,0
3.886,0.521324841202798,0.0110626970866475,0.122010643589153,0
3.887,0.52361123139328,-0.00831761182798164,0.110746503300759,0
3.888,0.528535233295021,0.0119113805517087,0.11607373737182,0
3.889,0.522259120627933,-0.00741512787916631,0.112355238846323,0
3.89,0.520432374099958,0.0139947762138976,0.124178360366051,0
3.891,0.526270997735183,-0.0134116868672672,0.105962228242227,0
3.892,0.52265080302087,0.0150771525929184,0.122738673739065,0
3.893,0.523236800877184,-0.00936312680868541,0.110553329261637,0
3.894,0.520031079349105,0.0152097564415926,0.125097977433571,0
3.895,0.529903166088334,-0.0162926698618694,0.101383736515923,0
3.896,0.518886811242501,0.0137147443787674,0.125381614244661,0
3.897,0.533588267475496,-0.00594039984488157,0.103081860040474,0
3.898,0.522060430758895,0.00943458700696635,0.120542824321252,0
3.899,0.52797643955256,-0.0151539771611711,0.103603395608922,0
3.9,0.535058339576816,0.0119969685738489,0.110338448611138,0
3.901,0.518810625636037,-0.00811563827738375,0.115003377120393,0
3.902,0.521895937891284,0.0169347153217201,0.124252190169954,0
3.903,0.530713604512702,-0.0164510845226269,0.100564454022249,0
3.904,0.518507640401622,0.013032059661043,0.125357923752166,0
3.905,0.537715504150002,-0.00714581289023838,0.0988498418627897,0
3.906,0.523731076261515,0.00791147031465933,0.118316112310712,0
3.907,0.530078218608025,-0.0156748760888012,0.101475275192853,0
3.908,0.533898287433939,0.0130766681889858,0.111841015597381,0
3.909,0.518399856998266,-0.0094412038410384,0.114699128414558,0
3.91,0.529581629670793,0.0165141471442106,0.117268414472094,0
3.911,0.529585498799248,-0.023993753747672,0.097918432344369,0
3.912,0.532847488975482,0.0125331423765798,0.11248677681079,0
3.913,0.517002675933632,-0.00629994991838602,0.117409243297084,0
3.914,0.534024367585703,0.0126088595629018,0.111484405340336,0
3.915,0.529958335182238,-0.0210340898525471,0.0989856388761882,0
3.916,0.529143981015939,0.0146471326866789,0.116732239151036,0
3.917,0.521405246120595,-0.0121885618990099,0.11071348563358,0
3.918,0.534513683784441,0.015720997075649,0.112522214263796,0
3.919,0.531903553718193,-0.0244488122510804,0.095627803194884,0
3.92,0.529303578722434,0.0135048574560792,0.116027112319461,0
3.921,0.519053434612857,-0.0070252709920333,0.115225728129418,0
3.922,0.535003392719182,0.014718568881532,0.111595922758562,0
3.923,0.532090877807214,-0.0241894195009476,0.095569322561672,0
3.924,0.530358717542286,0.0135909159098709,0.115123882737852,0
3.925,0.5192010854585,-0.00814040250790619,0.114545723144631,0
3.926,0.537178698214985,0.0151773143400436,0.109886327292819,0
3.927,0.533657975180183,-0.0251603397524286,0.0937102928776152,0
3.928,0.528404455184069,0.0128911913423166,0.116487638473981,0
3.929,0.521404573154248,-0.00606856003082383,0.113581089409523,0
3.93,0.529467301048488,0.0164111460998511,0.117232033800662,0
3.931,0.530437645768689,-0.0251814786602024,0.0965150773765998,0
3.932,0.536252824451699,0.010970913930301,0.108663030275892,0
3.933,0.519146008390596,-0.0066180325362036,0.115287085934046,0
3.934,0.539211831740389,0.0141904478487166,0.107596073287293,0
3.935,0.533688296804413,-0.0251088869575103,0.0936744833372911,0
3.936,0.5303989176172,0.0131054756928213,0.114804998636971,0
3.937,0.521922302124427,-0.00790277153549482,0.112216924389575,0
3.938,0.535705908015744,0.0180287850473855,0.112490757465316,0
3.939,0.533472280640829,-0.0269535223737185,0.0929669589808671,0
3.94,0.535365495079883,0.0112079640617543,0.109519451333204,0
3.941,0.517620080782938,-0.00485905894192048,0.117431599641147,0
3.942,0.544499705884316,0.00961382775322115,0.100730734064676,0
3.943,0.535380957328919,-0.0253283546399751,0.0920447327722286,0
3.944,0.528127716818616,0.0112533242334755,0.1158780809966,0
3.945,0.528355474486493,-0.0032200718448347,0.108764472084766,0
3.946,0.497650276156986,-0.0153442758077656,0.129945533776451,0
3.947,0.489577836608132,-0.0423988089948077,0.124117396338891,0
3.948,0.488028687433813,-0.0622712316936543,0.115975196658631,0
3.949,0.488064398194829,-0.0393944986109734,0.126850840231312,0
3.95,0.497784891382389,-0.0355825038551307,0.120116045907515,0
3.951,0.528366387551818,-0.0401394126189838,0.0213587872922183,0
3.952,0,0,NaN,1
3.953,0,0,NaN,1
3.954,0,0,NaN,1
3.955,0,0,NaN,1
3.956,0,0,NaN,1
3.957,0,0,NaN,1
3.958,0,0,NaN,1
3.959,0,0,NaN,1
3.96,0,0,NaN,1
3.961,0,0,NaN,1
3.962,0,0,NaN,1
3.963,0,0,NaN,1
3.964,0,0,NaN,1
3.965,0,0,NaN,1
3.966,0,0,NaN,1
3.967,0.560888646860151,-0.0187096825716383,0.0262765442335834,0
3.968,0,0,NaN,1
3.969,0.560017063447289,-0.018230252455642,0.0253380932729339,0
3.97,0,0,NaN,1
3.971,0.570030553644783,-0.0110445715715472,0.0264694586949175,0
3.972,0,0,NaN,1
3.973,0.573629692890106,-0.00969853087982331,0.0278050721648616,0
3.974,0,0,NaN,1
3.975,0.57510169898438,-0.0108370012071024,0.0296215111440993,0
3.976,0,0,NaN,1
3.977,0.575257982645161,-0.0141770489558577,0.032238052444216,0
3.978,0,0,NaN,1
3.979,0.573157894596299,-0.0217227140837851,0.0365527648042115,0
3.98,0.582803271594744,-0.00355071447666177,0.029182414947799,0
3.981,0.542523613051575,0.076816664478942,0.0578884978239719,0
3.982,0.578519623400786,-0.0130415973588081,0.0335227474220754,0
3.983,0.548681291777399,0.0784186140269698,0.0550606829509645,0
3.984,0.576492047594146,-0.0192837254393893,0.0368990962338178,0
3.985,0.54399001179181,0.0221478564968215,0.106502105670634,0
3.986,0.57579743002719,-0.0209299918663215,0.037691527883132,0
3.987,0.540491855637964,0.0209268668322792,0.108961287506198,0
3.988,0.581387485412439,-0.0109012741377376,0.0338021711996236,0
3.989,0.539193357206036,0.0268428730202725,0.112922162134915,0
3.99,0.571308287436115,-0.0296180423029835,0.0413022529946098,0
3.991,0.540029705817965,0.0192832757691645,0.108541076064323,0
3.992,0.523244293028273,0.0257461698566923,0.126361541073143,0
3.993,0.574209181873957,-0.0244413435210183,0.0393041491541863,0
3.994,0.53636660758872,0.0250354139073925,0.114496893030521,0
3.995,0.56993558347953,-0.0302485617213423,0.040882817072815,0
3.996,0.539651376774168,0.0293519519000059,0.113672473113241,0
3.997,0.56406764660634,-0.0419327454417905,0.0458455641391194,0
3.998,0.54557125614232,0.0238018857899368,0.105800753810701,0
3.999,0.521800127137847,0.00429007762936039,0.117295369298985,0
4,0.586087075174554,-0.0158165989028454,0.0406123387115774,0
4.001,0.539897866754607,0.0172183319111759,0.107606751367069,0
4.002,0.5740860060065,-0.0297194499954357,0.0432256105246711,0
4.003,0.543656757741399,0.0310907160348231,0.110948814550873,0
4.004,0.555591271647027,-0.0557447050675111,0.0507154729576959,0
4.005,0.546442360912898,0.0207151440994022,0.103513608094791,0
4.006,0.520125598645976,-0.00402979915392182,0.114732132229757,0
4.007,0.593794650487139,-0.0100181681365947,0.0413301685468221,0
4.008,0.535496368445514,0.000243686241429574,0.10328854682709,0
4.009,0.587802399993638,-0.0199979871390768,0.0449309588683177,0
4.01,0.585360735371161,-0.0154938313312586,0.0399408914268233,0
4.011,0.516400450007849,0.00921424004445132,0.12432294460459,0
4.012,0.586872644649918,-0.018840476217186,0.0434584722355491,0
4.013,0.529831132414914,0.00987000233062365,0.112843088145935,0
4.014,0.582209178840003,-0.0211191241736206,0.0421307005624886,0
4.015,0.523297782428913,0.0164489991475725,0.12171882975517,0
4.016,0.583848820181126,-0.0177230882033065,0.0406552852206752,0
4.017,0.516128428515324,0.0123565636028543,0.126040959361704,0
4.018,0.579318397771423,-0.0246610172020513,0.0429171130323594,0
4.019,0.52535251681799,0.0146890729905635,0.119062096360921,0
4.02,0.572971259273162,-0.0300864698075688,0.0428519301113607,0
4.021,0.53266392507389,0.0245715518991982,0.11738362125111,0
4.022,0.567546837313492,-0.0325344342816943,0.0411440919755935,0
4.023,0.535736378071431,0.0339802399236153,0.119202989063044,0
4.024,0.554403372620133,-0.0529563274778647,0.0479139274511398,0
4.025,0.59566814313341,0.00190465355396225,0.0336551058743336,0
4.026,0.544725479992423,-0.0580416968981098,0.0454086208856821,0
4.027,0.585666587890999,-0.0103068227203809,0.0362988636527816,0
4.028,0.545089819960755,-0.0570276797215462,0.0448891992590534,0
4.029,0.581008848229282,-0.0143884937091149,0.0363253955792459,0
4.03,0.547961603334309,-0.0518433536495324,0.0428732709772124,0
4.031,0.560659361988402,-0.0398243356804359,0.0421525163270731,0
4.032,0.566603006548365,0.0112291767702485,0.0812257307924693,0
4.033,0.55258329238463,-0.00594949720781668,0.0852880998063836,0
4.034,0.561040522176329,0.0183905231112904,0.0895368481895947,0
4.035,0.550816982222269,0.004271696742946,0.091742994899716,0
4.036,0.548736132726335,0.00805619189072032,0.0953851416478434,0
4.037,0.547823628649603,0.01044565541271,0.0973385715409563,0
4.038,0.542057572632367,0.00550173205409472,0.0953305888791565,0
4.039,0.540012720650499,0.00681226183577655,0.0929127838833857,0
4.04,0.535350045714102,0.00366861234495855,0.0903365998637621,0
4.041,0.53262341334503,0.0037098205536527,0.0879295761132035,0
4.042,0.529372683694552,0.00373255937538336,0.0850725603872214,0
4.043,0.524581319557021,-0.000291885902955011,0.0828041188862128,0
4.044,0.52493782082108,0.0060778305225116,0.0800663018219724,0
4.045,0.516377807586239,-0.00543307904784127,0.0780824387502714,0
4.046,0.523199055801084,0.0535496635651635,0.0528070722527872,0
4.047,0.507030900854556,-0.00630444076665443,0.07030941481705,0
4.048,0.514570726192943,0.0514556598767135,0.0492147125376424,0
4.049,0.487546989655009,0.0281767769286764,0.036676348350471,0
4.05,0.497649016089537,0.0481487676759934,0.0359650874566716,0
4.051,0,0,NaN,1
4.052,0,0,NaN,1
4.053,0,0,NaN,1
4.054,0,0,NaN,1
4.055,0,0,NaN,1
4.056,0,0,NaN,1
4.057,0,0,NaN,1
4.058,0,0,NaN,1
4.059,0,0,NaN,1
4.06,0,0,NaN,1
4.061,0,0,NaN,1
4.062,0,0,NaN,1
4.063,0,0,NaN,1
4.064,0,0,NaN,1
4.065,0,0,NaN,1
4.066,0,0,NaN,1
4.067,0,0,NaN,1
4.068,0,0,NaN,1
4.069,0,0,NaN,1
4.07,0,0,NaN,1
4.071,0,0,NaN,1
4.072,0,0,NaN,1
4.073,0,0,NaN,1
4.074,0,0,NaN,1
4.075,0,0,NaN,1
4.076,0,0,NaN,1
4.077,0,0,NaN,1
4.078,0,0,NaN,1
4.079,0,0,NaN,1
4.08,0,0,NaN,1
4.081,0,0,NaN,1
4.082,0,0,NaN,1
4.083,0.537702190864442,-0.0167377977231019,0.102354132952902,0
4.084,0.622866317710805,-0.0384335732670382,0.105893358205446,0
4.085,0.646506642064505,-0.0843315212976382,0.0972448677366586,0
4.086,0.666167123279563,-0.0613700629037136,0.0783305669071613,0
4.087,0.648744226820542,-0.0620035548055596,0.0940394509993292,0
4.088,0.637713510264238,-0.0508675775715788,0.098617882640142,0
4.089,0.629107125781999,-0.0445130746033238,0.103287134052165,0
4.09,0.622869744839741,-0.0401752576720284,0.106805102487508,0
4.091,0.61839031041461,-0.0371509127393048,0.109382453564462,0
4.092,0.615163333549183,-0.0350318886347827,0.111274616171084,0
4.093,0.612822437350482,-0.0335294029654322,0.112670042588022,0
4.094,0.611138802277942,-0.0324168933100591,0.113664800940408,0
4.095,0.609989193536629,-0.0316239390200804,0.114334655417248,0
4.096,0.60958965787914,-0.0314567345006524,0.11463148960856,0
4.097,0.61101420578118,-0.0335176147501642,0.114354505984815,0
4.098,0.612868983951764,-0.0392660833430503,0.11541817146824,0
4.099,0.598503907686954,-0.0233797899318242,0.12070617425326,0
4.1,0.604176204280537,-0.0196355855168848,0.113955372534689,0
4.101,0.612326815135633,-0.030396927490113,0.11178824835125,0
4.102,0.598373286831454,-0.00884760400813732,0.114053206214787,0
4.103,0.59822095708053,-0.013334192040884,0.116287133275352,0
4.104,0.587388608614194,-0.0250056943057737,0.131321129792834,0
4.105,0.591876125115417,-0.0113893500485045,0.120995762681673,0
4.106,0.583981879538535,-0.0153511375092251,0.129827084059505,0
4.107,0.590024542136652,-0.00892083078428627,0.121481925619309,0
4.108,0.585296000492518,-0.0111296913659048,0.12669236884867,0
4.109,0.561800594163775,-0.00456652376543715,0.117161254008998,0
4.11,0.585485432466482,0.00142478618136428,0.120658787405743,0
4.111,0.578435616658728,-0.0188375832900683,0.136357578153574,0
4.112,0.557524138063771,-0.00491236627325824,0.113596452972012,0
4.113,0.558681706930711,0.0213107789764886,0.102039958004434,0
4.114,0.560744067386417,-0.0200311304882978,0.123673587858359,0
4.115,0.560504834924104,0.0109233322325161,0.108629597527352,0
4.116,0.541429765711501,0.0052978353459622,0.0945948388847951,0
4.117,0.571152794311301,0.0061107260418779,0.120283387930046,0
4.118,0.562031283001279,-0.0065346743086397,0.118356071276544,0
4.119,0.554073643741192,0.014806977048064,0.101152514718568,0
4.12,0.54548840834076,0.000454447602809952,0.100505953897924,0
4.121,0.557660735717976,0.0161393772644156,0.103670969145288,0
4.122,0.553754345967455,-0.0113023623547554,0.113407909144443,0
4.123,0.543801161333647,0.0112037194812569,0.0938952463659288,0
4.124,0.541351812074469,0.0104596098157612,0.0921060004309926,0
4.125,0.544005473347925,0.0081970526385118,0.0955216872886585,0
4.126,0.557426531581354,0.00517642449001856,0.108750801108111,0
4.127,0.560777532939796,-0.0016047101805501,0.11495349230671,0
4.128,0.538854636801317,0.00222709259350694,0.0938932385286155,0
4.129,0.53998675840928,0.0236816497999771,0.0846051305078225,0
4.13,0.549477694564961,-0.00149543907787948,0.105004008485235,0
4.131,0.551433944638509,0.016748467639322,0.0979835206060158,0
4.132,0.531469272313221,0.00331763446193458,0.0869088189019459,0
4.133,0.550569215420165,0.0121607229067975,0.0994303011296919,0
4.134,0.534024130928508,0.00581583320779614,0.0879590268329704,0
4.135,0.551700748690234,0.0047678475281405,0.103973180223835,0
4.136,0.53398272068912,0.0103342933085309,0.0857639928034452,0
4.137,0.554924351060126,-0.0096624527005352,0.113725058305502,0
4.138,0.540385481073598,0.00610424237675939,0.0934200710105796,0
4.139,0.551236718038017,0.0067899559961133,0.102615490140944,0
4.14,0.544349953733115,0.00631373431027612,0.0968059481778953,0
4.141,0.545469508351942,0.00514817412778775,0.0983495988303096,0
4.142,0.545731740563533,0.005211000962775,0.0985523983148195,0
4.143,0.558155644899946,7.17647077036395e-05,0.111921439390781,0
4.144,0.5644309120397,-0.00300295095067644,0.118911507796821,0
4.145,0.540516206591597,-0.000679611669488873,0.0968239756769386,0
4.146,0.54594356264682,0.0146564150347827,0.0942387476222953,0
4.147,0.547680373818324,-0.00422007966844455,0.104811161353679,0
4.148,0.546555075328711,0.0159124764592534,0.0941798328918876,0
4.149,0.549860643866544,-0.0055325781066642,0.10735929082541,0
4.15,0.54950113184599,0.0143029877358205,0.097543314516462,0
4.151,0.543682391203923,-0.00509009248628086,0.101732638907985,0
4.152,0.547094890536897,0.0147548710468592,0.0952194444513598,0
4.153,0.555271475350527,-0.00519038432131915,0.111954034556178,0
4.154,0.558751970564449,0.00744366114676974,0.108961254378588,0
4.155,0.536621226947378,0.00076100556835788,0.0927478007047873,0
4.156,0.558842879661731,-0.00422206362922143,0.114635841339595,0
4.157,0.543865082446816,0.00644731052332785,0.0963865186635016,0
4.158,0.553546046068049,-0.0102680901549003,0.112892255142142,0
4.159,0.559623544807042,0.00567449252012644,0.110593977035597,0
4.16,0.548762553504766,0.00134398700724919,0.103143946278595,0
4.161,0.548696077188586,0.00512521277018413,0.101276496636735,0
4.162,0.559615166646329,-0.00324296704388082,0.114871206166976,0
4.163,0.56507493386548,0.000806001563925902,0.117730663620689,0
4.164,0.541115116451882,0.000185741905465686,0.0970087642905855,0
4.165,0.555207700552214,-0.00322911425551089,0.111012249764672,0
4.166,0.544386375103382,0.00424079286145714,0.0979410266729204,0
4.167,0.563466743838177,-0.0068012580431157,0.119976839315244,0
4.168,0.552863397313035,0.00441971900280714,0.105303683371558,0
4.169,0.557272942127701,-0.00650445385471638,0.114410072255176,0
4.17,0.560239640289544,-0.00126593764250362,0.114510989605728,0
4.171,0.551344435385319,0.00596231382429134,0.103247700118955,0
4.172,0.553163704809057,-0.00465170563870109,0.109931028007923,0
4.173,0.559691555778807,0.00105199881546033,0.112932400771189,0
4.174,0.557354257347777,0.00176494536920424,0.110545372914364,0
4.175,0.543710646734444,0.0028889719089111,0.0980366968627751,0
4.176,0.564198105071229,-0.00724798369582045,0.120873416343314,0
4.177,0.553362285380942,0.00366234912317045,0.106145270617404,0
4.178,0.557337778361851,-0.00496745039347922,0.113770971762643,0
4.179,0.560190586897368,-0.00301245758929803,0.115344512894328,0
4.18,0.553385109738219,0.00662885907635964,0.104759357487616,0
4.181,0.552538792483956,-0.00367412888280343,0.108953635177722,0
4.182,0.557143545559876,0.00204603375842051,0.110258594263472,0
4.183,0.555174296430611,0.0005994796540196,0.109226864061576,0
4.184,0.55307311672897,-0.00260407344835429,0.108920413885946,0
4.185,0.554101367651598,0.00358418537535653,0.106861072427944,0
4.186,0.564626562130189,-0.00651984264758752,0.120940884741007,0
4.187,0.569161141850045,0.00199411000474901,0.120850373739546,0
4.188,0.54714056609026,-0.001127570272839,0.103024562685765,0
4.189,0.55804606207436,-0.00995220545825681,0.116821701844493,0
4.19,0.565647075076316,-0.000235823528051188,0.118844506811361,0
4.191,0.562763162959911,-0.00240422265593645,0.117357392344351,0
4.192,0.549992586994362,0.000584436915749258,0.104721243706841,0
4.193,0.566570798584214,-0.0100164098074021,0.124348970965893,0
4.194,0.55560289980457,0.000740270506672186,0.109577375670316,0
4.195,0.559915996492103,-0.00729028373249539,0.117209690091928,0
4.196,0.563023930594109,-0.00280232834406919,0.117792362926906,0
4.197,0.560703843332033,-0.000368014670779008,0.114594010773413,0
4.198,0.557002641856021,-0.00541013992271022,0.113762411199098,0
4.199,0.558541568100916,0.000931072954163645,0.112078203828352,0
4.2,0.567371826502996,-0.00772558431254064,0.123976388828642,0
4.201,0.569466498521726,0.00212448276114156,0.121104770733962,0
4.202,0.549899045961892,-0.00181929969080763,0.105822683787415,0
4.203,0.562484625173949,-0.00946209870372559,0.120528374655362,0
4.204,0.554760140855929,0.000378396945604602,0.109040529157367,0
4.205,0.565500381340447,-0.00718618215572133,0.122090639596202,0
4.206,0.557243047446137,0.00210297967653009,0.110399799359066,0
4.207,0.561040102069568,-0.00676500415220392,0.117979679493941,0
4.208,0.556037300886288,0.00135124416572333,0.109705456358604,0
4.209,0.565387188877076,-0.00735309298432735,0.122080969821895,0
4.21,0.558069531836579,0.00236076871535538,0.111011554331579,0
4.211,0.561617078318974,-0.00664589386236565,0.118438769189017,0
4.212,0.55669439320453,0.00184288494384156,0.110056606634984,0
4.213,0.567528227999698,-0.00782575051603402,0.124196433942302,0
4.214,0.562101111855956,0.00237312837926111,0.114555346526002,0
4.215,0.557925189048652,-0.00363274970821189,0.113767013121879,0
4.216,0.564099118819183,-0.00282811204089618,0.118803049152818,0
4.217,0.559339036624506,0.000287389684160823,0.113136352186913,0
4.218,0.564699500566942,-0.00654778253005862,0.121115645257541,0
4.219,0.560754013018385,0.00201415305071343,0.113557336768714,0
4.22,0.562948787055801,-0.00719884128734197,0.119895923641095,0
4.221,0.559814383839422,0.00200624320202906,0.112741024405452,0
4.222,0.568396090606668,-0.00855238690190836,0.125330195042075,0
4.223,0.565911586376859,0.00207741827380132,0.118066315975304,0
4.224,0.557049204178373,-0.00338199802290489,0.112902547173753,0
4.225,0.566958907008677,-0.00500547015318602,0.12237958728978,0
4.226,0.559953170858132,-0.000146713467223286,0.113907735934212,0
4.227,0.56547575289271,-0.00742410033203855,0.12224016750638,0
4.228,0.56010714704266,0.000352493918865944,0.113808434480694,0
4.229,0.569556499265927,-0.00864505077244496,0.126411394158489,0
4.23,0.565163679919904,0.000735856551454969,0.11807020708548,0
4.231,0.560258223736959,-0.00490077021589877,0.116463708726897,0
4.232,0.566577594525645,-0.00383792416354934,0.121503891485368,0
4.233,0.561297302490732,-0.00174972481287439,0.115871820354577,0
4.234,0.570593438991514,-0.00778777382994833,0.126923895764495,0
4.235,0.566448796399112,-3.30224884694708e-05,0.119578874486847,0
4.236,0.561151014017337,-0.00522631742563503,0.117415537792094,0
4.237,0.568015976830789,-0.00413486415095925,0.12292104769838,0
4.238,0.562449246687353,-0.00219267117381416,0.117107432978338,0
4.239,0.571579168705837,-0.00792816248652626,0.127868728245344,0
4.24,0.567272023316419,-0.000600196781727462,0.120585379050496,0
4.241,0.562523195471136,-0.00578816370718707,0.11890104564647,0
4.242,0.568578035955736,-0.00378151101193452,0.123257592967502,0
4.243,0.563386889766177,-0.00307858967006646,0.118366389671966,0
4.244,0.573792803313841,-0.00757954573474751,0.129657163317679,0
4.245,0.570116099687482,-0.00116199548495697,0.123363570825458,0
4.246,0.562341048331343,-0.00464912365972208,0.118208843240906,0
4.247,0.573688018521868,-0.00578305625542865,0.12871426599395,0
4.248,0.568212818950323,-0.00207936202681294,0.122139771527558,0
4.249,0.564448265792815,-0.00564121504051773,0.120540905362037,0
4.25,0.571167317465163,-0.00446833472679311,0.125880027344052,0
4.251,0.565666199924278,-0.00299763999870551,0.120349649083869,0
4.252,0.573758425934142,-0.00771712108983824,0.129713849149514,0
4.253,0.569358248670304,-0.00167825716619066,0.122965824092316,0
4.254,0.566062944310336,-0.00684270704143422,0.122545534161481,0
4.255,0.569240581210533,-0.00238176567837627,0.123202506617137,0
4.256,0.566790742005706,-0.00590403458563672,0.122738479354226,0
4.257,0.57233740567708,-0.00391046266161249,0.126656011923777,0
4.258,0.567086577491314,-0.00365000233971945,0.121924008687652,0
4.259,0.577739400418805,-0.00689820064779154,0.131056248616891,0
4.26,0.574642211683148,-0.00212860931305387,0.127836992281142,0
4.261,0.564740560904127,-0.00485658756952201,0.120451699938856,0
4.262,0.578644665027718,-0.00460119643938385,0.129169103761752,0
4.263,0.574360329021141,-0.00316558968196011,0.128095145507451,0
4.264,0.566165561659372,-0.00441116280185263,0.121499125105061,0
4.265,0.577816851328859,-0.00517861956506475,0.130162087522987,0
4.266,0.573047116600419,-0.00310587741551334,0.126923026265881,0
4.267,0.566524273131922,-0.00511391495026368,0.122158948410889,0
4.268,0.579570621082095,-0.00403487756944968,0.128069065570228,0
4.269,0.575885341883302,-0.00346695812495133,0.129597358043842,0
4.27,0.566802771667905,-0.00470559602547433,0.122218530381141,0
4.271,0.577596341130492,-0.00418056621324254,0.129870340302924,0
4.272,0.571736397113872,-0.00377656679701159,0.126111650974333,0
4.273,0.569331068189996,-0.00532620428436223,0.124742860605603,0
4.274,0.573922245113981,-0.0034615462258335,0.127883931646944,0
4.275,0.569129366899327,-0.0046800405526461,0.124260676137666,0
4.276,0.582343706952804,-0.00440500530740309,0.125777492367215,0
4.277,0.580661482660596,-0.00352812297575265,0.126843515780187,0
4.278,0.568994485983293,-0.00558849806709257,0.124589710142955,0
4.279,0.572054025762915,-0.00172510181529586,0.125429803062805,0
4.28,0.575417290219824,-0.00786243774618467,0.131319818570765,0
4.281,0.571994476180306,-0.00218360929997125,0.125602133583521,0
4.282,0.580866420152107,-0.00726173697464624,0.128408784825894,0
4.283,0.578092274413373,-0.00250187125478908,0.128612711466632,0
4.284,0.567660062396961,-0.00635446062840176,0.123801738492969,0
4.285,0.585281957473553,-1.0555630125098e-05,0.12109420381146,0
4.286,0.583429222564873,-0.00539246701208863,0.125254065341579,0
4.287,0.576324942195883,-0.00563734495201485,0.131081778590451,0
4.288,0.572704412076477,-0.00315706420454473,0.126720160832448,0
4.289,0.579143884581218,-0.00595259506760535,0.129288489229197,0
4.29,0.575112888759387,-0.00341954992848044,0.128967742727049,0
4.291,0.572075932399884,-0.00592428851368768,0.127500927763262,0
4.292,0.574792824587362,-0.00174152300927989,0.127888895192427,0
4.293,0.572797550676358,-0.00678235002451725,0.128548453286284,0
4.294,0.577716954651404,-0.0010568937262431,0.128234933128937,0
4.295,0.571936954214291,-0.00673720906610329,0.127775404761062,0
4.296,0.586865156248039,-0.000790576066637343,0.120036074124878,0
4.297,0.584921132470912,-0.00579081270646798,0.124097878392755,0
4.298,0.576019445971615,-0.0069997884384321,0.131500489147683,0
4.299,0.574683071423877,-0.00195176005416277,0.127916755002077,0
4.3,0.585069647307934,-0.006933508324802,0.12449651522929,0
4.301,0.5837499530764,-0.0026978869473918,0.123661913683022,0
4.302,0.569279134804332,-0.00794475631817421,0.126049127730867,0
4.303,0.583648904357047,0.00407199638550971,0.120560399814265,0
4.304,0.574502117218325,-0.00720044631275157,0.130284590587754,0
4.305,0.577253180585499,-0.00174132614357214,0.128932800711636,0
4.306,0.574918050754242,-0.00817406522048419,0.13111898306586,0
4.307,0.580405316189034,-0.000551652698099496,0.125589855436912,0
4.308,0.573716395196572,-0.00849605166274889,0.130221868294008,0
4.309,0.589454321647824,0.000459887506774003,0.117128406808264,0
4.31,0.586360288670306,-0.00740724199612934,0.123554767567269,0
4.311,0.579884657851152,-0.00671670834341771,0.128937210966867,0
4.312,0.575132141724442,-0.00542993965413932,0.130017350020496,0
4.313,0.585852578860321,-0.0031130959391906,0.121973474874655,0
4.314,0.580976483785212,-0.0066535715779399,0.127937006550473,0
4.315,0.574909010493726,-0.00613346981816403,0.130167915444498,0
4.316,0.585913382172425,-0.00152943505859962,0.121166945555734,0
4.317,0.579159996807699,-0.00778008746672431,0.130062734367718,0
4.318,0.578173845297162,-0.00326933732494373,0.128807157613188,0
4.319,0.57986267317581,-0.006455777564572,0.12881692125861,0
4.32,0.57835799843704,-0.0039271095393327,0.128952014375651,0
4.321,0.585402691272154,-0.00529108963986487,0.123379543498157,0
4.322,0.580957896128048,-0.00553622548534754,0.127412185205184,0
4.323,0.581173751082424,-0.00499624084396413,0.126965840112258,0
4.324,0.579110252831065,-0.00459421472789992,0.12859503986964,0
4.325,0.591310786199191,-0.00393142177489869,0.117520440441539,0
4.326,0.590370815517131,-0.00409416709555145,0.118420420049611,0
4.327,0.574195464776443,-0.0103171949284586,0.131578523992849,0
4.328,0.585428486228179,0.00867486904220113,0.116761322836431,0
4.329,0.577514464278069,-0.0127442377138686,0.133825734534355,0
4.33,0.590866907338601,0.00423318091023872,0.114052587076107,0
4.331,0.579204520146254,-0.00952012959675828,0.130810810071033,0
4.332,0.583415650963192,0.00159968425932361,0.121858437285049,0
4.333,0.58402175708664,-0.0123702457950022,0.127901576259848,0
4.334,0.584454391770815,0.000887981546135142,0.121273108796081,0
4.335,0.586502557688542,-0.0110597616613373,0.125091607339959,0
4.336,0.585051686301351,-0.000655975935178125,0.121467916351038,0
4.337,0.584783173699315,-0.00938945428610927,0.125815696449125,0
4.338,0.583831669335378,-0.0011806843412332,0.122786077612651,0
4.339,0.589457200167429,-0.00814996890596272,0.121104970725195,0
4.34,0.587577935185656,-0.0016011472560262,0.119673582898348,0
4.341,0.577744475110258,-0.00918892764833661,0.131917200888645,0
4.342,0.591703701312631,0.00397904211347002,0.113402957205186,0
4.343,0.579627783239989,-0.0105705840767122,0.130902116652045,0
4.344,0.587943059181032,0.0049728795575442,0.116245922996172,0
4.345,0.578858821522731,-0.0133403095512585,0.132881428666448,0
4.346,0.59615581937101,0.00563981214767374,0.108685290417966,0
4.347,0.583416347465876,-0.00965536320617674,0.127119326860069,0
4.348,0.587154143399202,0.00390847344880792,0.117431011171805,0
4.349,0.595827210003601,-0.0117170611026169,0.11713979674452,0
4.35,0.591963806603656,0.00207405966010014,0.114043361636015,0
4.351,0.575284210343792,-0.011565212806137,0.133204119372661,0
4.352,0.599111294387778,0.00681412512001755,0.105502643857847,0
4.353,0.589807687091647,-0.00905706187519307,0.121176746017992,0
4.354,0.594369042443014,0.00542547362457049,0.110325323603643,0
4.355,0.577909097287988,-0.0127730110430654,0.133409636473716,0
4.356,0.601509395872013,-0.000639090854442165,0.106879491411346,0
4.357,0.600884089690903,-0.00184493530178448,0.107989209567509,0
4.358,0.590837700684034,-0.00610608782475153,0.118847105171379,0
4.359,0.599693515736569,0.00785119986853892,0.104453204521095,0
4.36,0.575640839911419,-0.00739281148130423,0.131572989599386,0
4.361,0.600320306012709,-0.00256899202968159,0.108800748460308,0
4.362,0.600678394789592,0.00168714396317179,0.106468391630803,0
4.363,0.585950331909557,-0.00792132025693718,0.123973856666162,0
4.364,0.594633650282666,0.00628718136620033,0.109614185110068,0
4.365,0.574299738915265,-0.00873109188371203,0.131060579485901,0
4.366,0.59670361570469,-0.000599150654761926,0.111026571506289,0
4.367,0.592101598353377,-0.00818466869909503,0.118651666269726,0
4.368,0.59531290446453,0.00386518188241294,0.110131907092767,0
4.369,0.57386510311969,-0.00935746304956709,0.130996833393761,0
4.37,0.5989905055176,0.000584466827417821,0.108427682923761,0
4.371,0.594570390144594,-0.00702163694697601,0.11590132943882,0
4.372,0.600112317236586,0.00800728838405457,0.103919623142541,0
4.373,0.576641821758854,-0.00546274440227308,0.130953972118938,0
4.374,0.586316282438014,-0.00742850923285198,0.123350509293838,0
4.375,0.578403010543807,-0.0103134766314549,0.131684722037762,0
4.376,0.593758581452978,0.000914486322997024,0.112850529962282,0
4.377,0.58270356819023,-0.0117261965640064,0.128552193132402,0
4.378,0.588781777071095,0.0068362751995399,0.114437260019757,0
4.379,0.594289471359543,-0.0142755281967815,0.119532409697217,0
4.38,0.586794742651647,0.00316337853309556,0.117910642738357,0
4.381,0.581932536552743,-0.0149121363607579,0.130718880717642,0
4.382,0.594661879737548,0.00992768030091023,0.107780451518983,0
4.383,0.579225256822536,-0.0118504036370151,0.13165461237424,0
4.384,0.602796578964946,0.00460234651039857,0.103113637129963,0
4.385,0.592105845219403,-0.00837877358905881,0.118651885228989,0
4.386,0.59900735736219,0.0110908205693557,0.103378803675771,0
4.387,0.581110171624587,-0.0134983380380431,0.130747115661424,0
4.388,0.603396793415132,-0.00177438225718098,0.105568461203726,0
4.389,0.603684611569874,0.00921552739700726,0.100120464507956,0
4.39,0.582810142042513,-0.00520198125520258,0.125313538989838,0
4.391,0.588332870849879,0.0025586172383696,0.116782141528488,0
4.392,0.603119200242392,-0.00699687959467055,0.108249143200278,0
4.393,0.596035004884161,0.00917261702108184,0.106857077455533,0
4.394,0.585867303320376,-0.0118593251739864,0.125734967304991,0
4.395,0.59050697514299,0.00639587598442886,0.113030281669733,0
4.396,0.596114884792723,-0.0138746685974206,0.117644126803342,0
4.397,0.589306088421392,0.0072155532548078,0.113691340147227,0
4.398,0.587339114675937,-0.0170044922243354,0.126847709202532,0
4.399,0.594261613179897,0.0137274002455687,0.106244627451544,0
4.4,0.589639122099029,-0.0167392377001314,0.124686599442183,0
4.401,0.590124999187343,0.00734434736843892,0.112894581535166,0
4.402,0.586725572637862,-0.0174293586181924,0.127575408152479,0
4.403,0.599015889868383,0.0170077702277142,0.100493332250203,0
4.404,0.586830872492785,-0.0140923879391687,0.125899545517086,0
4.405,0.60063774988506,0.00314568078877975,0.105594846965998,0
4.406,0.592333711910758,-0.00928789978169255,0.118774358248643,0
4.407,0.593214885220657,0.00783855289613872,0.109914458064568,0
4.408,0.602790970745627,-0.0105632697026158,0.110148967611602,0
4.409,0.594774118507203,0.014465264005319,0.105400864725696,0
4.41,0.587308997860722,-0.0162532845926746,0.126469106396858,0
4.411,0.600743953768678,0.0114243102032175,0.101566748203175,0
4.412,0.583804716634486,-0.0112346649605267,0.127182787187021,0
4.413,0.60506047720369,0.0127606522073843,0.097123838623027,0
4.414,0.585932454988029,-0.00766833002750789,0.123615536261668,0
4.415,0.596799904238822,0.00847061066879913,0.106420344805379,0
4.416,0.592802961862125,-0.0158632137911248,0.121419703451342,0
4.417,0.596804531220809,0.0157153333499588,0.102990935210069,0
4.418,0.59749716358143,-0.0166385786412541,0.117639088977591,0
4.419,0.59230159044366,0.0156302580293008,0.10699126582595,0
4.42,0.603485293500261,-0.0146824125880205,0.111429031049381,0
4.421,0.596031201964374,0.0185947242771582,0.102293638071725,0
4.422,0.597036717836699,-0.0164565002624646,0.117938474823478,0
4.423,0.591971529099616,0.0140466328618732,0.108009051786528,0
4.424,0.603726777542551,-0.0155152936501813,0.111589121055091,0
4.425,0.597618628065471,0.0205022420670559,0.0999741356372671,0
4.426,0.597573261403631,-0.0155979644332269,0.117039452695989,0
4.427,0.589587862513363,0.00960432446394808,0.112185407252269,0
4.428,0.604713200337123,-0.0170434825305722,0.111421328004333,0
4.429,0.60171835389564,0.0235248204853641,0.0949141016410841,0
4.43,0.595683148481386,-0.0138033580593993,0.117837665409152,0
4.431,0.588853968302225,0.00254442911454905,0.116142810994809,0
4.432,0.59755055073266,-0.0161913458125604,0.117315334488556,0
4.433,0.596426377389647,0.0202085762326813,0.1011290993103,0
4.434,0.605120946945084,-0.0127767233316037,0.109020941837167,0
4.435,0.590664122168109,0.0107135859386233,0.110676674459113,0
4.436,0.601624021378312,-0.0207136408412669,0.115840493549245,0
4.437,0.60093075221411,0.0257574220855141,0.0945211822885988,0
4.438,0.602533074306782,-0.0119175845183353,0.110876013849173,0
4.439,0.584539051249368,0.00110237395562805,0.120591607714171,0
4.44,0.578279198325918,0.0223084779101038,0.116106859356639,0
4.441,0.549047692729574,0.0603064770215515,0.123935879355565,0
4.442,0.539778179671436,0.0407769854887388,0.141310549398582,0
4.443,0.552725479474216,0.0500097872112464,0.125531180838493,0
4.444,0.583986082552842,0.0511807411842681,0.0215161154779767,0
4.445,0,0,NaN,1
4.446,0,0,NaN,1
4.447,0,0,NaN,1
4.448,0,0,NaN,1
4.449,0,0,NaN,1
4.45,0,0,NaN,1
4.451,0,0,NaN,1
4.452,0,0,NaN,1
4.453,0,0,NaN,1
4.454,0.592674481785629,-0.0388783624928209,0.0406356343018145,0
4.455,0.590323016002595,-0.0463890640549384,0.0478305246333321,0
4.456,0.590596177189281,-0.0554124153986144,0.0544254201041526,0
4.457,0.589205261020336,-0.0219622633916518,0.126871005876767,0
4.458,0.592136755908576,-0.0273470262189243,0.126788454947198,0
4.459,0.592677965186255,-0.0249403217968906,0.125124534660209,0
4.46,0.596717575781196,-0.0306568322514345,0.124222256129763,0
4.461,0.59673176228648,-0.0244438612714085,0.121220036440464,0
4.462,0.601049386000741,-0.0306114327945101,0.120287726506429,0
4.463,0.601091814663044,-0.0236886082128338,0.116924805938179,0
4.464,0.604286229641498,-0.0276289479043425,0.115930048103998,0
4.465,0.604530403775,-0.0232473061183152,0.11359444190869,0
4.466,0.605515426016637,-0.0239227271663152,0.113002963626728,0
4.467,0.604612961895772,-0.02237936289455,0.113025001030753,0
4.468,0.601744374337912,-0.022145642631588,0.115401504517212,0
4.469,0.593840098329057,-0.0220336076562595,0.122273539432411,0
4.47,0.582068081140466,-0.0161506876675083,0.129821149504057,0
4.471,0.651740395196978,0.0274659150975176,0.0477759243791635,0
4.472,0.604172344944313,-0.0216574315100941,0.11291691213751,0
4.473,0.590812446512952,-0.0233203963037969,0.125444089520708,0
4.474,0.655443929240101,0.0276037153817371,0.0443779991353781,0
4.475,0.610063859584731,-0.0175886267712886,0.105736736205147,0
4.476,0.598343333209483,-0.0280189014542172,0.120983634678178,0
4.477,0.656007253935354,0.0281826019846763,0.0435510178063613,0
4.478,0.610543034010561,-0.0198505252817138,0.106340747040423,0
4.479,0.609755787419425,-0.012683201991012,0.103621869203224,0
4.48,0.613405791699251,-0.0223704273202002,0.104995417258912,0
4.481,0.651869690908736,0.033782176494443,0.0444831540006751,0
4.482,0.608366514934192,-0.0207163088086802,0.108624476812045,0
4.483,0.604936318573644,-0.00909967986700255,0.106126776279465,0
4.484,0.606679911981023,-0.0294004714818751,0.11422314165205,0
4.485,0.644679469764362,0.0451115151610832,0.0454144346420161,0
4.486,0.6227399663037,-0.0244038998592178,0.0977076606863208,0
4.487,0.591529866508532,0.00385925303298905,0.111761943316808,0
4.488,0.665071689695391,0.0176430762724054,0.0404933792487506,0
4.489,0.598491346766968,-0.0131115586736363,0.113687518389926,0
4.49,0.647518618656245,0.0403906888808481,0.0451487167196574,0
4.491,0.619005666135858,-0.0295381146917475,0.103429278577413,0
4.492,0.642333454116284,0.050150258943587,0.0450789610986086,0
4.493,0.680218133708087,0.00332182251436422,0.0339511858511025,0
4.494,0.632241460420138,0.0595649867828756,0.0494839232664349,0
4.495,0,0,NaN,1
4.496,0.641861764479943,0.0479441111270205,0.0465295797219623,0
4.497,0.618672718172651,-0.0259598641542139,0.102009088148937,0
4.498,0.637982829127361,0.0555071683489296,0.0463505148210657,0
4.499,0.680247036029945,0.00337413239121104,0.0338842903872658,0
4.5,0.628943833701023,0.0618087585546857,0.0513045912229326,0
4.501,0.671740400210732,-0.0737977112746576,0.0779959452174047,0
4.502,0.637260377305223,0.0522593514280857,0.0485160398739866,0
4.503,0.620169257782512,-0.0326657595078376,0.103859707690673,0
4.504,0.635782548205582,0.0560396975569242,0.0480198459864944,0
4.505,0.628729388479583,-0.0275657012659422,0.0939004107884153,0
4.506,0.623694818878371,0.0689462459118947,0.0525251803909528,0
4.507,0.62783264755183,-0.0281506030338794,0.0949614120976521,0
4.508,0.625956745891522,0.0670319456236577,0.0514374786979691,0
4.509,0.62706080730642,-0.0244280563853782,0.0938659469881158,0
4.51,0.622543673379806,0.0691928965445319,0.0534075139018038,0
4.511,0.627984702095481,-0.0296539841442066,0.0955278628498144,0
4.512,0.625284537431292,0.0675829776543539,0.0517548312719204,0
4.513,0.626463713026583,-0.0208978605614497,0.0927033432087561,0
4.514,0.581976674711199,0.0303182827506565,0.107551103654384,0
4.515,0.677689038099651,-0.00958850222949354,0.0377035673455646,0
4.516,0.619246652851993,0.0565770679341124,0.0487248123230629,0
4.517,0.663225158535793,-0.00698670140371999,0.0301028317496989,0
4.518,0.617463259968892,0.0438900440624757,0.0380336790161363,0
4.519,0.63845863434815,0.00687405424548565,0.0241368170565104,0
4.52,0.618901451248599,0.027807585517987,0.026918043908318,0
4.521,0.603474268759252,0.0397894691671746,0.0257122145259083,0
4.522,0.5963457362516,0.0397161625961514,0.0209531911322503,0
4.523,0,0,NaN,1
4.524,0,0,NaN,1
4.525,0,0,NaN,1
4.526,0,0,NaN,1
4.527,0,0,NaN,1
4.528,0,0,NaN,1
4.529,0,0,NaN,1
4.53,0,0,NaN,1
4.531,0.5958500149298,-0.0170486718577932,0.0219517883582629,0
4.532,0.595968756064263,-0.0215338461107997,0.02523827890032,0
4.533,0.594066340801386,-0.0212763719844987,0.026298305123519,0
4.534,0.591807224370229,-0.0214242613016411,0.0279014212604872,0
4.535,0.58321764850385,-0.0141808321720886,0.0281375354999673,0
4.536,0.598484247861491,-0.0329302489124307,0.0321147949400652,0
4.537,0.599641151865628,-0.0328704726650607,0.0313090426130435,0
4.538,0.593188855723913,-0.0252728323434408,0.0298688671525707,0
4.539,0.573878205083044,-0.0038086044957288,0.0265121786837105,0
4.54,0.598536274643007,-0.0361555914591608,0.0344810139351692,0
4.541,0.588271854181129,-0.0231570403617573,0.0315055548894115,0
4.542,0.604190932575147,-0.0414518439547666,0.0347185803643134,0
4.543,0.57965749608324,-0.0118944705659454,0.0287451832587564,0
4.544,0.612058287583155,-0.0524792683906983,0.037787714891438,0
4.545,0,0,NaN,1
4.546,0.594535096287753,-0.0328408792208223,0.0346235993396022,0
4.547,0.59873570927918,-0.0372349099534869,0.0351449942124597,0
4.548,0.58183875415702,-0.0190484761437927,0.0326624989464244,0
4.549,0.598579122789917,-0.0390099059263182,0.0365773769146664,0
4.55,0.581426584154098,-0.019230319154409,0.0330704464926095,0
4.551,0.588094436493111,-0.0293974899741675,0.0362894765163228,0
4.552,0,0,NaN,1
4.553,0.574192064263315,-0.0146778528608593,0.0344257574282175,0
4.554,0,0,NaN,1
4.555,0.572716209821725,-0.0179973855218621,0.037888635831197,0
4.556,0.558300556806789,-0.00145408372804264,0.0349942837522328,0
4.557,0,0,NaN,1
4.558,0.559086661999589,-0.0137587079339155,0.0437032392167192,0
4.559,0,0,NaN,1
4.56,0,0,NaN,1
4.561,0,0,NaN,1
4.562,0,0,NaN,1
4.563,0,0,NaN,1
4.564,0,0,NaN,1
4.565,0,0,NaN,1
4.566,0,0,NaN,1
4.567,0,0,NaN,1
4.568,0,0,NaN,1
4.569,0,0,NaN,1
4.57,0,0,NaN,1
4.571,0,0,NaN,1
4.572,0,0,NaN,1
4.573,0,0,NaN,1
4.574,0,0,NaN,1
4.575,0,0,NaN,1
4.576,0,0,NaN,1
4.577,0,0,NaN,1
4.578,0,0,NaN,1
4.579,0,0,NaN,1
4.58,0,0,NaN,1
4.581,0,0,NaN,1
4.582,0,0,NaN,1
4.583,0.641040688720692,0.0251926372996173,0.138085634863702,0
4.584,0.705498054849777,0.0464608033212752,0.0968596967432951,0
4.585,0.728634180374246,0.0560382577843662,0.0810353842219206,0
4.586,0.717849343715143,0.0732065045248008,0.0986669025186302,0
4.587,0.714525780101343,0.050947123855693,0.0910656254188317,0
4.588,0.703568535292128,0.0448727286023098,0.0978519166061672,0
4.589,0.69625868707226,0.0393651109554887,0.101700190105544,0
4.59,0.69101889136194,0.035514950384674,0.10451313752395,0
4.591,0.687295914612169,0.0327571876377822,0.106508751185204,0
4.592,0.684691820274167,0.0307372724630613,0.107868430810688,0
4.593,0.683015617547393,0.0293313453508753,0.108701036626791,0
4.594,0.682605395134578,0.0289771530105301,0.108916298500473,0
4.595,0.684454408591542,0.0316318470361533,0.108568336457589,0
4.596,0.684183894973468,0.036003075407233,0.110898241555155,0
4.597,0.670830819887014,0.0124375121865194,0.111483669703268,0
4.598,0.675905437825625,0.0166345095418821,0.109021623518601,0
4.599,0.684390700192836,0.0234907745136021,0.104816154287341,0
4.6,0.67229455036216,0.00976839873371803,0.108953508847714,0
4.601,0.66691431935739,0.00915730805571348,0.113401207767019,0
4.602,0.653953188716325,0.0172896142504202,0.128673721631687,0
4.603,0.65828215647355,0.00612072118846156,0.119573161066264,0
4.604,0.653540084673318,0.0098651786909313,0.125528838314067,0
4.605,0.66312211975704,0.000763539799234528,0.112781150667672,0
4.606,0.658007831376136,0.0100290758216478,0.1216785110844,0
4.607,0.638847568961241,-0.00367565885437273,0.122173467982583,0
4.608,0.653043559261868,-0.00105817855471943,0.120788029506136,0
4.609,0.641674557202017,-0.00495683617545451,0.12406793536336,0
4.61,0.62497905087658,-0.0104987507346037,0.10673975515733,0
4.611,0.652475345469966,-0.00152351384279792,0.121069192510398,0
4.612,0.643416175019019,-0.00407818221159756,0.126033674038439,0
4.613,0.621586616181921,-0.00679071162219293,0.105521916308455,0
4.614,0.622748930829264,-0.00985349439578433,0.105102353451681,0
4.615,0.639451994283022,-0.00652903248776477,0.121397016296153,0
4.616,0.63606009009639,-0.00299589643822445,0.12008740385698,0
4.617,0.614013561915098,-0.0075741141058212,0.0985047449051163,0
4.618,0.616964492279968,-0.0178184298472811,0.0962731039669362,0
4.619,0.633433673314392,-0.00590327824440467,0.116416635732217,0
4.62,0.636222247319612,-0.00120818270884065,0.121104106175246,0
4.621,0.611136362092516,-0.00189777099960472,0.0986806675695053,0
4.622,0.611392434581,-0.0309591545298211,0.085195507329575,0
4.623,0.619736506125129,0.00625673921373959,0.110115275541311,0
4.624,0.614924236511825,-0.0210242194524088,0.0930078380986846,0
4.625,0.607007884393114,-0.0032517393726551,0.0944199428269217,0
4.626,0.619504299393228,-0.0263628698794837,0.0945311391354761,0
4.627,0.613852062519417,0.0128196582918342,0.108043917872034,0
4.628,0.624502892554489,-0.0147921398106456,0.10441042488922,0
4.629,0.608769129221538,-0.00697973458213237,0.0942358356127316,0
4.63,0.612591630277309,-0.0178453131751606,0.092480490106702,0
4.631,0.625556216581402,-0.00213124153447814,0.111327348054901,0
4.632,0.634140862149309,-0.00309174681181475,0.118452980377322,0
4.633,0.608837250316982,-0.00219676567787062,0.0965832228649355,0
4.634,0.611228232695792,-0.024348898551114,0.0882412127701997,0
4.635,0.618292401693887,0.00846702389065879,0.109954504996253,0
4.636,0.61328814669653,-0.0178539787695782,0.0931312928141015,0
4.637,0.613947288816058,0.00239462558629345,0.103268892359424,0
4.638,0.612044766185023,-0.0225058627444713,0.0898467779064967,0
4.639,0.623272003903281,0.0120215678242346,0.116036741603315,0
4.64,0.614494161748248,-0.00954630195315916,0.0981317924679869,0
4.641,0.611417374323008,-0.00823933119315306,0.0960389195793692,0
4.642,0.617763430846914,-0.00698057737463669,0.102228869354396,0
4.643,0.608910896558438,-0.011037369995453,0.0925145587860209,0
4.644,0.630800255674456,0.00175707648737744,0.117848773644562,0
4.645,0.622480450321553,-0.00731872289048167,0.106243586236321,0
4.646,0.62948002899626,0.00485551984510971,0.118165306190779,0
4.647,0.608121558428553,-0.00465299141593266,0.0948617043395925,0
4.648,0.634498921667967,-0.00820797890487845,0.116440487082477,0
4.649,0.634099785408931,0.0165741231936496,0.127793833521118,0
4.65,0.618895227069047,0.00755865690090096,0.110153974981333,0
4.651,0.624080127433985,-0.0214613561572468,0.101044741143499,0
4.652,0.603838467588747,-0.00358076563447313,0.0916404297358529,0
4.653,0.614930383488446,-0.0174241036368072,0.0948900936702305,0
4.654,0.61006993336033,-0.00137177474713193,0.0981796164444105,0
4.655,0.613282111348712,-0.0191518654642723,0.0926272240915955,0
4.656,0.623060599635506,0.00149106088755523,0.110987078124888,0
4.657,0.627635149244984,-0.0121251166341733,0.108605865639304,0
4.658,0.604698128401952,-0.0043894565509097,0.092039093809088,0
4.659,0.620429491062194,-0.00019840448564707,0.107884448538222,0
4.66,0.610435545072752,-0.00901759793483724,0.0949187820521529,0
4.661,0.628869216473765,0.00354369612385627,0.117095944968633,0
4.662,0.617400670436279,-0.00751225181671066,0.101779141053927,0
4.663,0.622328567764245,0.00286519812456801,0.111021103575258,0
4.664,0.629922678475738,-0.0028245579902466,0.115040219022869,0
4.665,0.622666576366907,-0.00463945056070772,0.107795675045182,0
4.666,0.624708630528926,-0.00152402498425534,0.111071050688221,0
4.667,0.608194296147291,-0.00295871596623423,0.0958404107128809,0
4.668,0.635861491079001,-0.00328915009682252,0.120079052058207,0
4.669,0.633574923946958,0.00930646206150655,0.124014681879179,0
4.67,0.62960464536765,-0.0051177047017483,0.113725548080393,0
4.671,0.635236084236081,0.00946788178708216,0.125578244596056,0
4.672,0.614785243527212,0.00629384734350353,0.106063662449209,0
4.673,0.618275333068195,-0.0172712037293911,0.098035710255954,0
4.674,0.611528590688215,0.00224457302740646,0.101290379220541,0
4.675,0.615664684139287,-0.01461765730341,0.0969896285655067,0
4.676,0.625365483831895,0.00329443114939465,0.113990008628788,0
4.677,0.630059609326751,-0.00822885987155644,0.112704136207531,0
4.678,0.608532210585895,-0.00296557767216009,0.0962098144166717,0
4.679,0.621665534140653,0.00563031187447044,0.111841843029097,0
4.68,0.621768309083507,-0.00568988057386657,0.106601167905873,0
4.681,0.618799819940315,-0.00111121765927071,0.106145004233284,0
4.682,0.626629810658747,-0.000827816620376292,0.113185685047354,0
4.683,0.626346899106901,-0.00243410682015546,0.112184340147021,0
4.684,0.612094008948872,-0.00156211778232113,0.100031686877176,0
4.685,0.633468632773465,0.0038485722579372,0.12142996178415,0
4.686,0.624742066260708,-0.00341427982980883,0.110319617213007,0
4.687,0.629017452069661,0.00462445065029455,0.117882705886559,0
4.688,0.618130271831524,0.00140758461358029,0.106772630008702,0
4.689,0.628258074981025,-0.00336151487218175,0.113457498289368,0
4.69,0.624549499917344,-0.00102474377556619,0.111293364540028,0
4.691,0.616826084852279,-0.00202939401875956,0.104012386207425,0
4.692,0.6284763312619,0.00328025503232473,0.116788822070418,0
4.693,0.617591243033727,-0.00516973343979052,0.103212162372916,0
4.694,0.631149240648333,0.00824305555480383,0.121489745080673,0
4.695,0.619169550864814,-0.00374714956572415,0.105280880429353,0
4.696,0.627641333700531,0.00556861353750836,0.117142471432292,0
4.697,0.619131432206007,-0.00433400878182771,0.10497526927467,0
4.698,0.634031092556347,0.00655499722381976,0.123246610877932,0
4.699,0.625295448022845,-0.00416908952244379,0.110495797185509,0
4.7,0.625967991921424,0.00314326736368942,0.114536898803516,0
4.701,0.632712670826986,0.00125250056412102,0.119597380237277,0
4.702,0.630917276378404,-0.00247066647359159,0.116265025319403,0
4.703,0.618535001472483,-0.00131734361508021,0.105892770607304,0
4.704,0.634558795789248,0.00595364503046653,0.12344990959192,0
4.705,0.624666989177211,-0.00323212238385985,0.110404160355809,0
4.706,0.627101043434409,0.00447894305316805,0.11618548720451,0
4.707,0.632714142440479,0.000822089129006179,0.11941597126634,0
4.708,0.629834173230987,-0.00159628731522072,0.115741207288664,0
4.709,0.621683834491796,0.000987541592229086,0.109773820563258,0
4.71,0.632635863352936,0.00308749870571883,0.120422188491017,0
4.711,0.623960221284792,-0.00264485340600649,0.110074228054125,0
4.712,0.633004818065192,0.00689549874724613,0.122546336071203,0
4.713,0.624600800788537,-0.00304988467261125,0.110453254836057,0
4.714,0.634121170753938,0.00754817049247019,0.12384319256416,0
4.715,0.625771151715191,-0.00278966674148569,0.111613186436186,0
4.716,0.632859068486327,0.00699676743718279,0.122475528881435,0
4.717,0.62538727009944,-0.00267948749802331,0.111330963185795,0
4.718,0.637691828634936,0.00783884821144896,0.127138635327825,0
4.719,0.631191123881318,-0.00218769156906223,0.11668756733959,0
4.72,0.628301888939919,0.00295331220844194,0.116563327271287,0
4.721,0.635858700036825,0.00283528282859428,0.123174238470654,0
4.722,0.63210570848693,-0.000788972706189918,0.118161085171087,0
4.723,0.627558687867609,0.00366594506801166,0.116251648075667,0
4.724,0.631857060147873,0.00138140583730699,0.118967268715445,0
4.725,0.628726656252524,0.00230235446526327,0.116642141488366,0
4.726,0.634678246253122,0.00374796567762436,0.122573164712955,0
4.727,0.629207701592195,-0.000204595965276318,0.115889330201232,0
4.728,0.639454189562906,0.00697687192546489,0.128310233283696,0
4.729,0.635267573884966,-0.00114421084202472,0.1207975719086,0
4.73,0.628645359848103,0.00298055668937808,0.11690223004264,0
4.731,0.63874861501939,0.00428312630045697,0.12642745611546,0
4.732,0.63290005240897,9.38552627403823e-06,0.119260347460624,0
4.733,0.631576883186215,0.00490732363085649,0.12040180576179,0
4.734,0.632923351681879,0.00149604588907632,0.119984078606539,0
4.735,0.63243344442635,0.00418494242523088,0.120819816783236,0
4.736,0.634005129477249,0.00257200276921867,0.121447764476414,0
4.737,0.632296101903548,0.00305219384020181,0.120168120555682,0
4.738,0.638085961273319,0.00450575742741127,0.12596060432153,0
4.739,0.632967570326492,0.000732208505762712,0.119671966636156,0
4.74,0.640474615134957,0.00701464793900904,0.129253338827632,0
4.741,0.63600452291228,-0.000144801192821038,0.12194314231268,0
4.742,0.633291649488859,0.00561267068224277,0.122263602216189,0
4.743,0.635146335483486,0.000969233205224533,0.121713892123627,0
4.744,0.63499281707232,0.00530170970720681,0.123620162934425,0
4.745,0.634880936679555,0.00147994703316606,0.121723241212166,0
4.746,0.636916577394125,0.0054294534882587,0.125379807574826,0
4.747,0.634145778265648,0.00118611892041286,0.12093959908878,0
4.748,0.643175616898057,0.00666753132846586,0.131486554679922,0
4.749,0.638393185059773,0.000605267909885449,0.124418096134823,0
4.75,0.633987609510702,0.00476757007960803,0.122494223725972,0
4.751,0.640287885603747,0.00193069988865697,0.126716407762743,0
4.752,0.634615602954322,0.00267126617459743,0.122064474288319,0
4.753,0.646036609407255,0.00505733991845726,0.129494658356164,0
4.754,0.642899307596302,0.00135640389362179,0.128758783185964,0
4.755,0.63267783475349,0.00292233276999146,0.120483619099556,0
4.756,0.64501367931322,0.00425673198842336,0.130002253857587,0
4.757,0.639180434184164,0.00183469856255441,0.125712464810094,0
4.758,0.634664110737609,0.0036232867397962,0.122572936605276,0
4.759,0.645003024157416,0.00325735531542925,0.12952708341646,0
4.76,0.639795891305339,0.00203238877111244,0.126356197727991,0
4.761,0.634969210552634,0.00381688099885706,0.122940996552098,0
4.762,0.644530804408877,0.00266616959100585,0.129652390167663,0
4.763,0.638570157198917,0.00236584032678861,0.125439241418942,0
4.764,0.637927740471924,0.00413864015974684,0.125708897987693,0
4.765,0.638156821227646,0.00197864465987563,0.124895619919631,0
4.766,0.640190434554173,0.00450848989164748,0.127881827020297,0
4.767,0.637415739240566,0.00172710646578915,0.124126977838364,0
4.768,0.647603793811719,0.005035906404529,0.128073336545336,0
4.769,0.643721349208852,0.00175007362418322,0.129706700345061,0
4.77,0.635189032027737,0.00386207217718,0.123177322578305,0
4.771,0.650737073373288,0.0013237367957751,0.12354079381275,0
4.772,0.648356472944148,0.00328818843279805,0.126563932400943,0
4.773,0.638582552610056,0.00368188896741759,0.126098231455091,0
4.774,0.638708037344935,0.00128995628048085,0.125084547023409,0
4.775,0.647771202913904,0.00506998184494946,0.127921628896076,0
4.776,0.644274593062532,0.00169838153956329,0.129378888407818,0
4.777,0.63552386312509,0.00411724670365382,0.123616500951862,0
4.778,0.651569099959623,0.000102045089082902,0.122205414129665,0
4.779,0.649203113666634,0.00379669829392236,0.126041809405564,0
4.78,0.640418214876706,0.00403096252383243,0.127906277485425,0
4.781,0.639030093053469,0.00113612659641849,0.125321463061734,0
4.782,0.650502258222608,0.00464550439154315,0.125298147345972,0
4.783,0.649045905056715,0.00179274216064833,0.125209431376495,0
4.784,0.636196962664434,0.0046982322557477,0.12451155677894,0
4.785,0.643197815577017,-0.00178516107272561,0.127637708420441,0
4.786,0.638379592878493,0.00613183160580564,0.127114186149895,0
4.787,0.649446350063806,-0.00197224074723885,0.123051538158937,0
4.788,0.643002340085228,0.00469481488643561,0.130522128418341,0
4.789,0.640070857515722,0.00242184574263583,0.126868909403358,0
4.79,0.647540293546874,0.00333415234720998,0.127252962689722,0
4.791,0.642000252630585,0.00360827420524795,0.129134586102296,0
4.792,0.646181933598742,0.00243079978741805,0.128009946282471,0
4.793,0.641383061991178,0.00376657692679144,0.128669531032573,0
4.794,0.652755722713837,0.00162901160269223,0.121848986456784,0
4.795,0.650007865403396,0.00406704320312037,0.125421970890805,0
4.796,0.639267439288443,0.00559405059056361,0.127674975772067,0
4.797,0.649218672128245,-0.00246064251627478,0.122992490781559,0
4.798,0.641081248137216,0.00593392545223856,0.129439239053583,0
4.799,0.651052767263242,-0.00120097269179808,0.121978870699336,0
4.8,0.644130337280557,0.00581329998788874,0.131406040346832,0
4.801,0.644531623666318,0.00130820943577371,0.128899707779164,0
4.802,0.643542436817578,0.00533845977616593,0.131339977748954,0
4.803,0.647640217837478,0.000672350080075001,0.125863385771717,0
4.804,0.642338140681646,0.0060112104434025,0.130597854495887,0
4.805,0.65742898421722,-0.00100899232014687,0.116459691506998,0
4.806,0.655520835621477,0.0059107495336158,0.121435795177881,0
4.807,0.646974304262187,0.00641668424069501,0.129178778409404,0
4.808,0.645220617698906,0.00100723673089251,0.128131858376307,0
4.809,0.653849857650592,0.00489424108699232,0.122408962522309,0
4.81,0.651321912928007,0.00281083874024958,0.123628890984416,0
4.811,0.639657512815008,0.00654840900066183,0.128514549509375,0
4.812,0.658038361886074,-0.00467398372412482,0.11414982436342,0
4.813,0.653050307198205,0.00675563545119387,0.123986435241075,0
4.814,0.649481545407861,0.00288228747246708,0.125265174647961,0
4.815,0.64157622916858,0.00580279238875425,0.129872203671552,0
4.816,0.654543807713488,-0.00265187344933787,0.118171248347359,0
4.817,0.64622741912135,0.0072997573693378,0.130226817201204,0
4.818,0.647228897772301,-8.34801187512119e-05,0.125816770139876,0
4.819,0.647644491314161,0.00727890825540495,0.128969596740612,0
4.82,0.647601824902755,0.000283686325347858,0.125661747932432,0
4.821,0.651500809566703,0.00658041014878231,0.125246158866112,0
4.822,0.648718520974616,0.00209084993874681,0.125540787800887,0
4.823,0.653574682225545,0.00430336262690356,0.122331905618925,0
4.824,0.650390013864389,0.00341453610167911,0.124700393482266,0
4.825,0.648186466094717,0.00422308250684772,0.127019847934825,0
4.826,0.648161532532133,0.00188670853689661,0.125923633311911,0
4.827,0.657508165327631,0.00386601130523139,0.118660429753976,0
4.828,0.655083656346892,0.00322868172640628,0.120480220915886,0
4.829,0.642334834023507,0.00752775997232847,0.131393209312675,0
4.83,0.661658660634564,-0.006753923082319,0.109930777564362,0
4.831,0.653576202709471,0.00773571364735068,0.123949198752721,0
4.832,0.653314172521364,-0.000860444841876048,0.120065960018773,0
4.833,0.650017984650582,0.00741936985083769,0.12691612299329,0
4.834,0.650075477360607,0.000102201201212123,0.123365378461831,0
4.835,0.654843958926328,0.00660264301752327,0.122284399810312,0
4.836,0.65249486119712,0.00148900832323001,0.121898886351694,0
4.837,0.651162669361722,0.00542888723200098,0.124950100167877,0
4.838,0.650636724536429,0.0010928188924856,0.123336846705305,0
4.839,0.660265548489792,0.00427845724938124,0.116402871045539,0
4.84,0.659302735026114,0.00105410499931105,0.115701106164467,0
4.841,0.641631393548565,0.00899338158478585,0.131501638438066,0
4.842,0.664732019696651,-0.0100915495289919,0.105600204387172,0
4.843,0.655544128231357,0.00739635006003561,0.122023056023443,0
4.844,0.657067445454407,-0.00271045309454009,0.115848161449191,0
4.845,0.648832249050464,0.00887995554364256,0.128618024007875,0
4.846,0.655781883404639,-0.00228010069772594,0.117177512692111,0
4.847,0.64617138813986,0.0104779951438594,0.131714648901496,0
4.848,0.66488753020995,-0.0062339130703637,0.107287883059915,0
4.849,0.655272063343045,0.0084113479172007,0.122727920995751,0
4.85,0.658321991457958,-0.00533803937956373,0.11347006195151,0
4.851,0.653125075272422,0.0109664379775844,0.125826918883512,0
4.852,0.652452991425737,-0.000439104250231085,0.120959868393175,0
4.853,0.650306152883875,0.00884369228305577,0.127283196479011,0
4.854,0.656306183407655,-0.00400737338275245,0.115867221320588,0
4.855,0.647279195779917,0.0113103244325512,0.131117056957297,0
4.856,0.666804786756243,-0.00817351096271651,0.104653539982843,0
4.857,0.654116708996433,0.00803298544048523,0.123538432084574,0
4.858,0.658585167473508,-0.00742697643471019,0.112217112940445,0
4.859,0.662562971231408,0.0113116449749912,0.117683501730523,0
4.86,0.654781159174115,-9.91598731142899e-05,0.119052761626012,0
4.861,0.649238463495278,0.00885542790008799,0.128200728609547,0
4.862,0.661823173028763,-0.00672059801568258,0.109699745037954,0
4.863,0.647752769437472,0.010406110015496,0.130241628212577,0
4.864,0.664807837279752,-0.0113283434255428,0.104869920936886,0
4.865,0.648755916475075,0.00813526994063138,0.128267992454957,0
4.866,0.661945107143683,-0.00755086580887828,0.109183683366445,0
4.867,0.647692214087545,0.011536510223077,0.130824319794959,0
4.868,0.670184875660078,-0.00910810943895199,0.101199962826854,0
4.869,0.656547850883473,0.00790004648746955,0.121301490808588,0
4.87,0.661935261173224,-0.00868042171373515,0.108635455778856,0
4.871,0.661127363423952,0.0132460711305083,0.119830140135499,0
4.872,0.653398451197744,-0.000570786396998246,0.120001628534273,0
4.873,0.658347454828391,0.00843182433724531,0.119962670454858,0
4.874,0.657705462621398,-0.00350295609737818,0.114813056019897,0
4.875,0.663296309273575,0.00758699978501757,0.115207288996725,0
4.876,0.661368148005923,-0.00535577297300351,0.110702353109187,0
4.877,0.651307628365805,0.0101763212853879,0.126962361117191,0
4.878,0.666744036218353,-0.00780953651669354,0.104803764742047,0
4.879,0.651609942877087,0.00959311037388775,0.126411101932387,0
4.88,0.661463832292585,-0.0142937238475794,0.106329397115792,0
4.881,0.661933249168874,0.0147339731854797,0.119801947488434,0
4.882,0.657345366422101,-0.00830032560508593,0.112804457721174,0
4.883,0.661707529926714,0.0129693591409282,0.119149317318967,0
4.884,0.662273349585096,-0.0135256905453036,0.105970613818926,0
4.885,0.663785946555585,0.0137940150108551,0.117709721622048,0
4.886,0.656066178179251,-0.00782381791154401,0.114138992257829,0
4.887,0.662160879771539,0.0128321034755787,0.118669760743748,0
4.888,0.663304114015638,-0.0158479273653533,0.10393825232606,0
4.889,0.664304122577734,0.0141800731995993,0.117422855757976,0
4.89,0.654556879167469,-0.00796562861490922,0.11537949659979,0
4.891,0.663547206768523,0.013083117476932,0.117556770022386,0
4.892,0.664162512453297,-0.0180546950973171,0.102112025754596,0
4.893,0.663785817290901,0.0145544725758259,0.118040132954907,0
4.894,0.653966641990741,-0.00831888227308884,0.115712051041219,0
4.895,0.664941331812577,0.01318666774749,0.116366119657811,0
4.896,0.664849252410561,-0.0197110111627402,0.100699695544245,0
4.897,0.663224219618274,0.0146132731601208,0.118544320269017,0
4.898,0.65409596505238,-0.00860002923482233,0.115447281825882,0
4.899,0.665227749488804,0.0136138498883359,0.116302557447661,0
4.9,0.665096623054254,-0.0209746832697976,0.0998612822303103,0
4.901,0.66459835749916,0.0142297879653101,0.117137792904795,0
4.902,0.653606629470646,-0.00887317975559927,0.115729115957859,0
4.903,0.667397072652516,0.0134966675419681,0.114325192765615,0
4.904,0.666115717663534,-0.0223091168810225,0.0983102920365424,0
4.905,0.662660877949037,0.0141539535095319,0.118784604703616,0
4.906,0.654899353709388,-0.00836348901992095,0.114820988944325,0
4.907,0.66431022437116,0.0146540836871432,0.117572100524307,0
4.908,0.665083261403573,-0.0229277613908043,0.0989053022239066,0
4.909,0.668566331167921,0.0125545422977154,0.112819463993577,0
4.91,0.652991719935315,-0.00807378065672468,0.116617081726169,0
4.911,0.668201723878513,0.0136842994408396,0.113675102114561,0
4.912,0.665684896045935,-0.0228544356438407,0.0983940151851387,0
4.913,0.66599644917277,0.0135202542602965,0.115519991490771,0
4.914,0.654805462853209,-0.0103332350860978,0.113926608725176,0
4.915,0.670991095897516,0.0142784204681695,0.111492822012876,0
4.916,0.668348827245163,-0.024988963339384,0.0950147405337659,0
4.917,0.662121126013572,0.0126433016205707,0.118482694777313,0
4.918,0.657179710106012,-0.00631823893651509,0.113745103174792,0
4.919,0.660087526084399,0.0151780222760745,0.121478066752169,0
4.92,0.668162031444512,-0.0193478129343742,0.0978659184121312,0
4.921,0.659001526034505,0.0138269917036519,0.121776904996499,0
4.922,0.670357525650986,-0.011303774144475,0.0997808291416633,0
4.923,0.655262812881116,0.0119288260121703,0.124144146867348,0
4.924,0.674012120846549,-0.0242383652993286,0.0903763077479419,0
4.925,0.659453571482777,0.00936930709143724,0.119230783205767,0
4.926,0.672913714235914,-0.00327307125380838,0.101363045423871,0
4.927,0.669569755268418,-0.000532018446100571,0.105603215470182,0
4.928,0.648869949168429,0.00958094847699854,0.128610858745385,0
4.929,0.680023156470054,-0.0193178182396422,0.0874340126692928,0
4.93,0.663735797045711,0.00375102869218434,0.112761292803813,0
4.931,0.667418531576668,-0.0098388601650784,0.103020772166163,0
4.932,0.678135257315047,0.00631437283596867,0.101337111952701,0
4.933,0.660971265493249,-0.0124619753841819,0.107410100263985,0
4.934,0.659198866193813,0.0202406568113962,0.124615415656325,0
4.935,0.673429059692756,-0.0174940832306258,0.0940628312403211,0
4.936,0.656917173323761,0.0101595538958361,0.12178546538693,0
4.937,0.679886753221083,-0.00824829289969204,0.0928108963137567,0
4.938,0.662838886593968,0.00592399408621009,0.114550008502478,0
4.939,0.669012896331294,-0.0147725795495057,0.0992207809575076,0
4.94,0.669956909485243,0.0139231240207386,0.112121031744108,0
4.941,0.659247687618571,-0.0195471732155011,0.105497041296964,0
4.942,0.675096396657185,0.0122109128477485,0.10678170121673,0
4.943,0.666062446697528,-0.0228208589354418,0.0979368593472134,0
4.944,0.668333599198754,0.0144978865107788,0.113799882474277,0
4.945,0.659139364107573,-0.0172471089946922,0.106672575589952,0
4.946,0.646171599449664,-0.0139314276481655,0.119641810297444,0
4.947,0.621835550180362,-0.0586902467930083,0.119572777650048,0
4.948,0.610079739038232,-0.037162902672153,0.140187088028514,0
4.949,0.610947071412885,-0.0563839042469552,0.130221641141842,0
4.95,0.619292088029516,-0.0389495799082064,0.131228758420494,0
4.951,0.659251947115481,-0.0460327303345523,0.0222223717998322,0
4.952,0,0,NaN,1
4.953,0,0,NaN,1
4.954,0,0,NaN,1
4.955,0,0,NaN,1
4.956,0,0,NaN,1
4.957,0,0,NaN,1
4.958,0,0,NaN,1
4.959,0,0,NaN,1
4.96,0,0,NaN,1
4.961,0,0,NaN,1
4.962,0,0,NaN,1
4.963,0,0,NaN,1
4.964,0,0,NaN,1
4.965,0,0,NaN,1
4.966,0,0,NaN,1
4.967,0,0,NaN,1
4.968,0,0,NaN,1
4.969,0,0,NaN,1
4.97,0,0,NaN,1
4.971,0,0,NaN,1
4.972,0,0,NaN,1
4.973,0,0,NaN,1
4.974,0.709295500894568,-0.0161876454865896,0.0321467199310334,0
4.975,0,0,NaN,1
4.976,0.713078493873671,-0.00983743594130303,0.0298304599044965,0
4.977,0.687763610590376,0.0761758601958736,0.0517252677883311,0
4.978,0.7132595579469,-0.0134826053480251,0.0326922255702964,0
4.979,0.688970760215555,0.0762988511843011,0.0510336884508912,0
4.98,0.712336471991597,-0.0186347929459432,0.0359735064786654,0
4.981,0.725736306518663,-0.00133791936303984,0.0316992578629911,0
4.982,0.713797757959818,-0.0172038004476846,0.0358539854778768,0
4.983,0.67969132552479,0.0237653923893079,0.107708072497468,0
4.984,0.714325851540566,-0.0185562768831525,0.0372237178097406,0
4.985,0.677178992195316,0.0207151735161406,0.108421651842065,0
4.986,0.674912436725377,0.0231202645758465,0.111557252000822,0
4.987,0.714637774415142,-0.0192488529182202,0.0379524694714517,0
4.988,0.67335150029001,0.0219040527077638,0.112321078918715,0
4.989,0.667267400153036,0.0235682700618739,0.118450788191997,0
4.99,0.712799168513052,-0.0241110252044682,0.0404166298970385,0
4.991,0.676809582404483,0.0222827518712867,0.109447890483723,0
4.992,0.659110735504939,0.0215248306837594,0.124598915793029,0
4.993,0.711312181705455,-0.024940310606518,0.0400674858287941,0
4.994,0.67363192105205,0.0255983615131914,0.1138134652566,0
4.995,0.704420675032963,-0.0366642909125012,0.0444020671770365,0
4.996,0.680822670765129,0.0252343785345161,0.10731892674044,0
4.997,0.658460813718619,-0.00299409376376774,0.113360831427085,0
4.998,0.73668076820391,0.00232772351485973,0.0361232886309723,0
4.999,0.657371987825744,0.000343279089361708,0.11591053808959,0
5,0.723045405683957,-0.0162928521228339,0.0412390125562983,0
5.001,0.675107499713721,0.0152880270242919,0.107531356091957,0
5.002,0.713454710541458,-0.0306046534713198,0.0457583382078559,0
5.003,0.68794841931422,0.0253453518120775,0.101087846448796,0
5.004,0.651299893118711,-0.0157377031582478,0.113479293677234,0
5.005,0.685554467551532,0.0213537489170658,0.101263991935024,0
5.006,0.655402863668783,-0.0100136687078395,0.112626521199299,0
5.007,0.682032102373466,0.0112584294565169,0.0994976120428211,0
5.008,0.670016603328534,0.00639239367814799,0.107691033303133,0
5.009,0.717916680739986,-0.025011625944154,0.0444807852175386,0
5.01,0.681178996874279,0.0223642360342143,0.105571935936514,0
5.011,0.706401390701838,-0.0414765593102856,0.049364149600952,0
5.012,0.741388205582104,0.00335017820231274,0.0384761717403221,0
5.013,0.651286850346824,-0.0271264313611483,0.107981099050696,0
5.014,0.700718791422353,0.0423473886457877,0.0980247659857616,0
5.015,0.692109572162996,-0.0538300340237198,0.0493374090805865,0
5.016,0.697654532971464,0.0464357131333598,0.102669896868957,0
5.017,0.690570252603293,-0.0546464999480548,0.0489498613844676,0
5.018,0.69491636139421,0.0475285806868873,0.105591510184732,0
5.019,0.68970895728611,-0.0549536479615808,0.0486215337233251,0
5.02,0.694137066310506,0.0468326760383763,0.105937246870682,0
5.021,0.68864393259462,-0.0556749879870394,0.0484723509409489,0
5.022,0.705235054795251,0.0971302195604588,0.0559957471190485,0
5.023,0.685731646829465,-0.0585626319722336,0.0487482693593704,0
5.024,0.746616896889216,0.0161806451027369,0.0322604542724186,0
5.025,0.679253090724864,-0.0657482648465107,0.049932368079092,0
5.026,0.738294137717906,0.00771614219819876,0.0332014670378375,0
5.027,0.670041578660929,-0.0753679704939337,0.0511653788803193,0
5.028,0.725751908219028,-0.00454893205811059,0.0342471306316712,0
5.029,0.671968582384261,-0.0703026662909116,0.0486191386973393,0
5.03,0.721776021761724,-0.00734832028916344,0.0337637773481947,0
5.031,0.677000408429312,-0.0618708283426725,0.0455664567931635,0
5.032,0.717661308304152,0.0317090408008126,0.0780348678368824,0
5.033,0.674416304848129,-0.0633854985156664,0.0450279563807574,0
5.034,0.710414363539921,0.0334367468271096,0.0852203906656843,0
5.035,0.678046057462566,-0.0141727399804329,0.0907288984600715,0
5.036,0.699436544167899,0.0274240619891553,0.0919624338884931,0
5.037,0.678759348375871,-0.00232776660979879,0.0958037619610823,0
5.038,0.684315764245622,0.0146256520419657,0.096275857480522,0
5.039,0.674670310638427,0.00174579320483044,0.0940151361965018,0
5.04,0.675144183159605,0.00916841402578528,0.0908684814374857,0
5.041,0.66783603504479,0.000912571015387443,0.0884344821485787,0
5.042,0.667387208287485,0.00532828361084101,0.0859235507845156,0
5.043,0.660856584586083,-0.00118150190762505,0.0833315604617357,0
5.044,0.661877863934752,0.00610175150782508,0.0807308870383615,0
5.045,0.653036114084484,-0.0046024252676182,0.078127651219258,0
5.046,0.660701022902168,0.0535869418031865,0.0522247327672269,0
5.047,0.642874841798627,-0.011263564363547,0.0724280504045148,0
5.048,0.648125854754348,0.0511881571648092,0.0470162081846924,0
5.049,0.632283860656567,0.0370030400547675,0.0399489965791782,0
5.05,0.629247710133258,0.0425353926608696,0.0346288060731766,0
5.051,0,0,NaN,1
5.052,0,0,NaN,1
5.053,0,0,NaN,1
5.054,0,0,NaN,1
5.055,0,0,NaN,1
5.056,0,0,NaN,1
5.057,0,0,NaN,1
5.058,0,0,NaN,1
5.059,0,0,NaN,1
5.06,0,0,NaN,1
5.061,0,0,NaN,1
5.062,0,0,NaN,1
5.063,0,0,NaN,1
5.064,0,0,NaN,1
5.065,0,0,NaN,1
5.066,0,0,NaN,1
5.067,0,0,NaN,1
5.068,0,0,NaN,1
5.069,0,0,NaN,1
5.07,0,0,NaN,1
5.071,0,0,NaN,1
5.072,0,0,NaN,1
5.073,0,0,NaN,1
5.074,0,0,NaN,1
5.075,0,0,NaN,1
5.076,0,0,NaN,1
5.077,0,0,NaN,1
5.078,0,0,NaN,1
5.079,0,0,NaN,1
5.08,0,0,NaN,1
5.081,0,0,NaN,1
5.082,0,0,NaN,1
5.083,0,0,NaN,1
5.084,0.701884743985109,-0.00602607901459357,0.121764397148528,0
5.085,0.759718382302009,-0.072043546318811,0.110470342499177,0
5.086,0.802068995197939,-0.0520916977719397,0.0735710324389909,0
5.087,0.787856705309434,-0.0730769170826293,0.0959134168456981,0
5.088,0.779110085450429,-0.057933701480432,0.0966194901499827,0
5.089,0.769124512429204,-0.0495776108606919,0.101585616086867,0
5.09,0.761813761272997,-0.0439347917947995,0.105452959958618,0
5.091,0.756512691466286,-0.0400803819153805,0.108377147807977,0
5.092,0.752702377769117,-0.0373893582476667,0.110524765684805,0
5.093,0.749981331946617,-0.0354615550737914,0.11206365316564,0
5.094,0.748039967428292,-0.0340531035406665,0.113153439680756,0
5.095,0.746609048721532,-0.0330505447506892,0.11397903662072,0
5.096,0.74557648164676,-0.0322980070286996,0.114566713282767,0
5.097,0.744967542096923,-0.0318530616569816,0.114920798036375,0
5.098,0.745378775919028,-0.0324668727494012,0.11486383798352,0
5.099,0.747723406264512,-0.03653395548052,0.11470490421359,0
5.1,0.746218410836885,-0.0402930022592737,0.117805020985892,0
5.101,0.745702267925773,-0.0201768906251579,0.108891789269529,0
5.102,0.747758298337334,-0.0395864120851651,0.116133758364684,0
5.103,0.738083885886865,-0.00253032880967381,0.107408250313128,0
5.104,0.735138402532566,-0.0294918042806105,0.122591557317595,0
5.105,0.729500629337154,-0.0025082331954429,0.114993576278794,0
5.106,0.72233433637233,-0.0367198326622292,0.137294268580745,0
5.107,0.72689340982048,-0.0105186459928833,0.121045527434755,0
5.108,0.713943820550896,-0.00733744628282966,0.131013408916671,0
5.109,0.724824402918526,-0.00491482715852356,0.12026321118409,0
5.11,0.720125627455967,-0.0150012579359313,0.129122413438508,0
5.111,0.695081445436724,-0.00358642022220828,0.114082148999155,0
5.112,0.719491744028504,0.00217495103260038,0.121670856504754,0
5.113,0.712672524600756,-0.0185984865760558,0.136729413290859,0
5.114,0.692631205919939,-0.00502339022078874,0.11264630308728,0
5.115,0.6915478783385,0.0221373744840282,0.0986509746475562,0
5.116,0.697821501970276,-0.0173720309027382,0.123132820132308,0
5.117,0.691920865135246,0.010986892626385,0.104344303459951,0
5.118,0.681015509733546,0.00301808784569123,0.0986126572634199,0
5.119,0.688239165306125,0.0137968776862397,0.0997696974506489,0
5.12,0.686666729919566,-0.000639260203716777,0.105328514434884,0
5.121,0.687934621055782,0.0145608503915741,0.0991430426572788,0
5.122,0.687548663535028,-0.00299205865946721,0.107240324390284,0
5.123,0.691246647301549,0.0127741557531134,0.102916093246984,0
5.124,0.670665012960874,0.00108392194736417,0.0904882913538056,0
5.125,0.697567842887308,0.0133795700307329,0.108174030637598,0
5.126,0.687476474424804,-0.0111624957998179,0.111122649559022,0
5.127,0.680721269990515,0.01555620501746,0.0923737503144797,0
5.128,0.678382155426975,0.000154836795017381,0.0977225121670696,0
5.129,0.678226684872769,0.0215567217485113,0.087309593603521,0
5.13,0.688520084310171,-0.00799355113216479,0.110530994466486,0
5.131,0.681598207204094,0.0159684380606953,0.0929602571831609,0
5.132,0.679466942858503,-0.0060352477159922,0.101662493114892,0
5.133,0.690468205138632,0.0150995529871953,0.101164441657601,0
5.134,0.683574706045926,-0.00990330481433215,0.10713481028834,0
5.135,0.679268528108733,0.0154148741010344,0.091205631588269,0
5.136,0.679869512417172,-0.00309301488729151,0.100624015340781,0
5.137,0.676987841580761,0.0200916346095609,0.0869655830778532,0
5.138,0.690867625429547,-0.012897927675998,0.114983165608933,0
5.139,0.680391313428056,0.0068235181720226,0.0963338259139789,0
5.14,0.678967654152839,0.00620010084732048,0.0953873108866693,0
5.141,0.684898066012979,0.00393771270943672,0.101676706360564,0
5.142,0.678912160793814,0.00864506337867785,0.0941702580541589,0
5.143,0.694708927100627,-0.00163724309060687,0.112963728252223,0
5.144,0.694657500537894,0.00454233367996629,0.109960153765941,0
5.145,0.676947403824393,0.00363370226606224,0.0948724027202376,0
5.146,0.685495277139292,-0.00424242821461047,0.106152390046015,0
5.147,0.701759831421683,-0.00119173085977526,0.1189580793319,0
5.148,0.696231241604676,-0.00340410124433737,0.115184340110882,0
5.149,0.699350558460733,0.00338182979434794,0.114672419438238,0
5.15,0.679652513468895,-0.000516957171063502,0.0992787821531359,0
5.151,0.688574902490612,-0.0022041088194713,0.107917533862198,0
5.152,0.682808805787729,-0.000354579390574808,0.101979262740764,0
5.153,0.678412287205214,0.0113583376900519,0.0925030781037138,0
5.154,0.694026958273698,-0.0080456514681935,0.115515425299627,0
5.155,0.684989879992374,0.00729640869854796,0.100232252579625,0
5.156,0.688105485392839,-0.00643014640551648,0.109558141814782,0
5.157,0.695712116713202,0.00168744686627236,0.112339341366564,0
5.158,0.689086401336405,0.00216519810856214,0.106306804562154,0
5.159,0.685916081247228,0.00375530172206755,0.102767793290188,0
5.16,0.680338702326319,0.000591870902666622,0.0993978271996279,0
5.161,0.686142520223469,0.00213338269045045,0.103749611996531,0
5.162,0.690331190213603,-0.00255867482586369,0.109679693458905,0
5.163,0.692603337244639,0.00464200091707279,0.108221513352479,0
5.164,0.675535140821881,-0.00188900644919609,0.0963910844730252,0
5.165,0.697869747383259,0.0018287576601915,0.114196196729823,0
5.166,0.68819705600862,0.00109106884285977,0.106073930255987,0
5.167,0.689686658324812,0.000444654835435963,0.107694736419735,0
5.168,0.68640305208285,-0.00457517762277686,0.107229044035569,0
5.169,0.685989968926264,0.00938308203523104,0.100169988556817,0
5.17,0.694209800978103,-0.00626216059839717,0.114891323325809,0
5.171,0.69731496506134,0.00549088699071315,0.111980307549969,0
5.172,0.676557614232753,-0.000829288625791183,0.096812063392242,0
5.173,0.696021068384604,-0.00694615737151137,0.116819241140696,0
5.174,0.682283601082436,0.00391473195533356,0.0995629812352186,0
5.175,0.694067615639493,-0.00999914800951223,0.116577525432879,0
5.176,0.683183785165047,0.00344047945851006,0.100586341670907,0
5.177,0.700238962258483,-0.00584700226261931,0.120004672256409,0
5.178,0.694652490351896,0.00397755757844683,0.110397387683893,0
5.179,0.693644861018457,-0.00439156041783608,0.113534660895741,0
5.18,0.682819631536576,-0.000144604515728999,0.102005978033774,0
5.181,0.697267310073125,-0.00178515350730263,0.115467321421619,0
5.182,0.688838524188075,0.00400778389980982,0.105299552484924,0
5.183,0.689528924609343,-0.00400082826947562,0.10975028527657,0
5.184,0.694247780630257,-0.000520687127640708,0.112223121711784,0
5.185,0.692476954743669,0.001346966583698,0.109777872638246,0
5.186,0.685172022713191,-0.00264808818040256,0.105290350926315,0
5.187,0.691050829976205,0.000779423729889708,0.108803310539046,0
5.188,0.689869087412929,-0.0029262126901188,0.109547417901239,0
5.189,0.690054040333272,0.0025252218501301,0.107095837789135,0
5.19,0.70004054918451,-0.00661694874443909,0.120245327445911,0
5.191,0.702984051251323,0.0023395041825785,0.118536526821004,0
5.192,0.683140615106005,-0.000881814132234247,0.102680911033986,0
5.193,0.695049209926404,-0.010492434310244,0.117737829426471,0
5.194,0.69239882430435,0.00086377950053095,0.109968499763567,0
5.195,0.692416203628832,-0.00411508436721919,0.112374280618958,0
5.196,0.695789634618255,-0.00242276315296441,0.114523947122773,0
5.197,0.693524383084928,-0.000378144667448579,0.111558670297915,0
5.198,0.698629187059012,-0.00670160644113716,0.119073119207383,0
5.199,0.697883061717179,0.00235945685133371,0.1140756966428,0
5.2,0.68853254001455,-0.00537929398877938,0.109588738340522,0
5.201,0.696157111858175,-0.0016003392037901,0.114464654532931,0
5.202,0.691166699672987,-0.00327341074449051,0.110891902523621,0
5.203,0.696664327804958,-0.00380704989876648,0.115971540429721,0
5.204,0.691486156327056,-0.00126965481043379,0.110214129554964,0
5.205,0.700806546778425,-0.00691519527911657,0.121099756993227,0
5.206,0.693451711727865,0.0015166193986331,0.110606747805836,0
5.207,0.698699561519043,-0.00840839330018176,0.119972836547609,0
5.208,0.692286836300624,0.00161989431978542,0.109539705946931,0
5.209,0.704277880085071,-0.00970879503743293,0.125494514725216,0
5.21,0.698785520527371,0.00147666223002021,0.11531628968544,0
5.211,0.694217048190189,-0.00424857581262831,0.114057224442256,0
5.212,0.700708178895559,-0.00474474246852892,0.119991638275924,0
5.213,0.696799615459517,-4.9156877245526e-05,0.11431393240766,0
5.214,0.696593569360126,-0.00694105668026325,0.117440978613033,0
5.215,0.695025765165604,0.000464595918877775,0.112515332351132,0
5.216,0.705050070555364,-0.00918865533745094,0.125941583993592,0
5.217,0.703903611955727,0.00118503225359746,0.119965822972034,0
5.218,0.691822336017003,-0.00260491762036007,0.111188309872679,0
5.219,0.700941601635539,-0.00817111342558622,0.121858753213424,0
5.22,0.693035158352558,-0.000947920044530718,0.111461339242658,0
5.221,0.705896757137101,-0.00961799433567532,0.126904125541036,0
5.222,0.700183256320394,-7.76333552404397e-05,0.117321493679412,0
5.223,0.695953793892375,-0.00458702852385074,0.115775795726726,0
5.224,0.702957049715038,-0.00611536851325208,0.122654719430273,0
5.225,0.69872897040855,-0.000744318867944595,0.11637312482405,0
5.226,0.698273684262716,-0.00761434929104588,0.119270192662102,0
5.227,0.696955651268775,-0.00111499049152096,0.114998805183388,0
5.228,0.70579304497706,-0.00947370824158751,0.126762327870034,0
5.229,0.702436228976411,-5.48508730966422e-05,0.1193052522534,0
5.23,0.695569462885085,-0.00552656149788052,0.115906969510203,0
5.231,0.703812073468539,-0.00568336833065207,0.123214809821115,0
5.232,0.69764074007893,-0.00216394347643884,0.116115823541502,0
5.233,0.704915933990758,-0.00902010982177604,0.125787808346491,0
5.234,0.699840683887251,-0.000998801213709375,0.117492439314487,0
5.235,0.701836064498207,-0.00884044746615729,0.123004794764593,0
5.236,0.698627039739549,-0.00125060944738104,0.116552374662535,0
5.237,0.708988745058978,-0.0102329310059161,0.129952010953146,0
5.238,0.706439390529121,-0.000840724629901195,0.123217354204876,0
5.239,0.69659958799216,-0.00439210373821048,0.116289888294475,0
5.24,0.706996886574237,-0.00772158841775443,0.127009471502229,0
5.241,0.700415177554968,-0.00231840796797979,0.118648064222785,0
5.242,0.702825909306385,-0.00826210415340431,0.123614283838786,0
5.243,0.699733065750278,-0.00241642109543389,0.118100217155631,0
5.244,0.709439427181052,-0.00956131115904787,0.130043624891382,0
5.245,0.705622371023625,-0.00161044194276976,0.122887585369481,0
5.246,0.698696353080587,-0.00599372670880361,0.118914426393378,0
5.247,0.708840041375382,-0.00568684621900019,0.127668624326208,0
5.248,0.70290016352163,-0.00306449984949409,0.121203572713855,0
5.249,0.702630068672956,-0.00745727828397141,0.123074095738809,0
5.25,0.702347460340892,-0.00338043047687855,0.120873424033576,0
5.251,0.70589998924775,-0.00801031909708033,0.126211470783812,0
5.252,0.701934709723535,-0.00268523966623759,0.120182042891827,0
5.253,0.712950138403085,-0.00939649220348407,0.132543144239957,0
5.254,0.710776959994413,-0.00192906486706052,0.127585662876497,0
5.255,0.699328002914571,-0.00486409715357561,0.118950220516961,0
5.256,0.710539124834617,-0.00646827759982588,0.129557020994822,0
5.257,0.703964987623063,-0.00353349285322513,0.122385756236837,0
5.258,0.705244251261434,-0.00720873017358207,0.125271445656676,0
5.259,0.703407358399471,-0.00330544040381208,0.121790713232808,0
5.26,0.711042599319821,-0.00820617183783356,0.130840987921857,0
5.261,0.70637343396477,-0.00271206302723195,0.124114722283014,0
5.262,0.705308583189895,-0.00782254796907667,0.125631790279765,0
5.263,0.704975908503707,-0.00222441783114539,0.122658555346112,0
5.264,0.710726631598802,-0.00883822471728778,0.130876298881082,0
5.265,0.706401341160089,-0.00241376803454804,0.124005584998388,0
5.266,0.710243688516648,-0.00857117151748175,0.130330368721975,0
5.267,0.706476453028435,-0.0021224458297244,0.123937472955644,0
5.268,0.712845709108769,-0.0088128978116802,0.13232948679563,0
5.269,0.709267486243014,-0.00210537614044187,0.126385270425724,0
5.27,0.705012317443772,-0.00760414198259362,0.125289055264951,0
5.271,0.708846277372571,-0.00098372024225103,0.125482068766475,0
5.272,0.705445641424488,-0.00735075496021484,0.125551094321034,0
5.273,0.713382972409647,-0.00174261954786723,0.128528247208478,0
5.274,0.706886711676589,-0.00525304344036817,0.125815297041076,0
5.275,0.712448241908468,-0.00496627491942738,0.130560117812004,0
5.276,0.707195542584732,-0.00436986519587821,0.12566814085529,0
5.277,0.715948027924836,-0.00606595209220463,0.128284609199074,0
5.278,0.711835083623175,-0.00380074859928605,0.129473744771134,0
5.279,0.704965942171931,-0.00646404831180338,0.124724788584366,0
5.28,0.717645354874029,-0.00200217116295632,0.124871863542743,0
5.281,0.712176050889002,-0.00540923369338461,0.130552772289743,0
5.282,0.705904315074197,-0.00538500956691463,0.125040328646593,0
5.283,0.71954924841299,-0.00390965897867704,0.124078754779106,0
5.284,0.716956525325072,-0.00488518775178547,0.126819939069023,0
5.285,0.706264639605122,-0.00663837784951858,0.125969448186774,0
5.286,0.711111164710554,-0.00161264601300755,0.127816059665189,0
5.287,0.707243526176469,-0.00776571957932578,0.12737178768709,0
5.288,0.716532056369629,-0.00103697869518149,0.125380888041616,0
5.289,0.709555268491195,-0.00650382598260984,0.12880141110989,0
5.29,0.711865375589589,-0.00387719268071742,0.129572444909601,0
5.291,0.708379268891515,-0.00625026136379794,0.127651978612963,0
5.292,0.720580504678197,-0.00338026172163394,0.122900026062858,0
5.293,0.717119207308869,-0.00587152712695571,0.127120044012018,0
5.294,0.707343683833664,-0.00725969128846812,0.127238415883659,0
5.295,0.717988874452298,-0.000938182888897529,0.124031970972184,0
5.296,0.71048070541272,-0.00719877105203384,0.129967525037788,0
5.297,0.712931762435314,-0.00323048145733304,0.129567401590787,0
5.298,0.709429978377622,-0.00728567299207037,0.129091017758165,0
5.299,0.720771468352492,-0.00218433480641036,0.122153685352605,0
5.3,0.71546562986599,-0.00706092914976538,0.129122695867102,0
5.301,0.709414785538116,-0.00620860130397469,0.12857186932847,0
5.302,0.721552091138702,-0.00312972721981177,0.12190108143281,0
5.303,0.716905178130203,-0.00686554521218957,0.127752604713249,0
5.304,0.709349001942111,-0.0069831195785604,0.128895793245734,0
5.305,0.721951768613986,-0.00179025556128181,0.120911099589927,0
5.306,0.716531703671854,-0.0075003194854743,0.12837237700639,0
5.307,0.710551011470087,-0.00619987755273427,0.129586098433017,0
5.308,0.7217158960509,-0.00323925266672,0.121791782052828,0
5.309,0.716892092404243,-0.00707537179142478,0.127846898806711,0
5.31,0.710150905371703,-0.00679906119492533,0.12953244045052,0
5.311,0.722418221926387,-0.00186757898861487,0.120519968530591,0
5.312,0.716559207524553,-0.00789169612158595,0.128516630624132,0
5.313,0.711756222018468,-0.00566167849912047,0.130406962366427,0
5.314,0.72183339825494,-0.00395670454734791,0.122009912218139,0
5.315,0.716822482195788,-0.00708784105529329,0.127899455198634,0
5.316,0.711625129767587,-0.00632985159855016,0.130621902589358,0
5.317,0.720310773803813,-0.00257002400778009,0.122695496427287,0
5.318,0.713044041663525,-0.00854618612124498,0.131913752107912,0
5.319,0.721338595516066,-0.00123641621465469,0.121157625370702,0
5.32,0.713921507199172,-0.00904043165948919,0.131367214708792,0
5.321,0.719858354026581,-0.00133472433656727,0.122505730900884,0
5.322,0.712470756941412,-0.00962401363312467,0.132918243003962,0
5.323,0.727237702055152,0.000350208619257014,0.115197983288611,0
5.324,0.722138187246799,-0.00898710897938977,0.124080546806415,0
5.325,0.717017878993201,-0.00578445127247517,0.127090840160338,0
5.326,0.716019024544839,-0.00638589268244668,0.128253324818691,0
5.327,0.715672022900228,-0.00432861257564352,0.127591512727904,0
5.328,0.723600012228825,-0.00623713260000473,0.121490566510297,0
5.329,0.720150369625037,-0.00540283770977128,0.124138971719342,0
5.33,0.713295102489609,-0.00790220763170643,0.131361151589704,0
5.331,0.721720816626239,0.000423388260064128,0.120012090955532,0
5.332,0.71249845553463,-0.011341981363173,0.133677998733404,0
5.333,0.731070938562275,0.00312205821044008,0.110489336427581,0
5.334,0.724213094487684,-0.00954106362973734,0.122486404182465,0
5.335,0.724504995555196,-0.000101219001448293,0.117787242107482,0
5.336,0.711857961788358,-0.0109574517608463,0.133105941891552,0
5.337,0.731940081428969,0.00236280620285885,0.110063492656734,0
5.338,0.726949652827329,-0.0092708341468412,0.119928500100789,0
5.339,0.72811721477039,0.00104903207234706,0.114040843787996,0
5.34,0.708065349156329,-0.0106676833663257,0.12965713246353,0
5.341,0.734948012832162,0.00289183322405832,0.107141615761034,0
5.342,0.732357644489902,-0.00848307116570703,0.11476581513668,0
5.343,0.735705013963878,0.00783175033808958,0.104131536719199,0
5.344,0.713176785829397,-0.0042380830190688,0.129674677731039,0
5.345,0.716576719348303,-0.00501844842445386,0.127040243222061,0
5.346,0.732287647644578,-0.00645327856607445,0.113848687669474,0
5.347,0.734067073131216,0.000464139705579163,0.109016348851779,0
5.348,0.717254703526209,-0.00921937359194331,0.128395051395916,0
5.349,0.724669427908944,0.00320809691429205,0.116004294026215,0
5.35,0.709760189496911,-0.0131702226703852,0.132392786079613,0
5.351,0.733787398716283,-0.000275902240904649,0.109591670046538,0
5.352,0.732041368519396,-0.00773758183699571,0.114631951242868,0
5.353,0.734433659804757,0.00441877684260284,0.10679316568306,0
5.354,0.715724126014627,-0.00656545612896137,0.128456545110661,0
5.355,0.722377361316895,-0.000341095475424797,0.11965504066351,0
5.356,0.713935114451706,-0.0136421713179388,0.13335584117087,0
5.357,0.722892569820928,-0.00154342734580066,0.119759658668596,0
5.358,0.713645531440628,-0.0132857656547339,0.133437898443305,0
5.359,0.724310646902068,0.0019586670585936,0.116855465433125,0
5.36,0.711981473758299,-0.0136596207207936,0.134619109456276,0
5.361,0.731204874769264,0.00473897541220947,0.109459928186397,0
5.362,0.718356853121954,-0.0107042594114803,0.128053411707406,0
5.363,0.722957175858935,0.00246464015556567,0.117796398734649,0
5.364,0.730927740218182,-0.012918476926628,0.117997868866755,0
5.365,0.724950750008502,-0.00039042805078274,0.11736983654205,0
5.366,0.71253728165143,-0.0138610403987901,0.134655687913778,0
5.367,0.733881860070305,0.00669343394113324,0.106153307076793,0
5.368,0.720084103321812,-0.0096562484984887,0.126010951185327,0
5.369,0.725025322317352,0.0036060525304133,0.115408273504246,0
5.37,0.731647955183168,-0.0130306286675444,0.117389577134606,0
5.371,0.723788012165747,-0.000602266437934247,0.118469016231005,0
5.372,0.714630366288853,-0.0140828739375865,0.132888672499326,0
5.373,0.735183494911314,0.00620466001843624,0.105209447523088,0
5.374,0.720944079788713,-0.00991659787410668,0.125349824539894,0
5.375,0.726698428388218,0.00654778206723921,0.112522218739877,0
5.376,0.732977993611714,-0.0140624881574874,0.1166770333017,0
5.377,0.722912873490762,0.00142054910278433,0.118263285604728,0
5.378,0.717054260554065,-0.0150844635625377,0.131197166589598,0
5.379,0.734895536029373,0.00704748136073926,0.105041420591008,0
5.38,0.718437852591128,-0.010167321203951,0.127654467325952,0
5.381,0.726228134760303,0.0087431171938667,0.111880487276078,0
5.382,0.735231832851413,-0.0140577052719724,0.114664745307258,0
5.383,0.726604321453777,0.00751617203306868,0.112114331022283,0
5.384,0.717947821248216,-0.0164963975892341,0.131049128986355,0
5.385,0.736840455694932,0.00844728135150252,0.102642144568212,0
5.386,0.718772135024044,-0.00930062691631663,0.126926683869985,0
5.387,0.726985724243951,0.00799357837718901,0.111539816088363,0
5.388,0.736071516190981,-0.0138038538574327,0.113780448847766,0
5.389,0.728273906498272,0.00933270506163362,0.109761347875023,0
5.39,0.719786647516079,-0.0168325611061247,0.129560341661642,0
5.391,0.736698965003325,0.00849584780190557,0.10271842502159,0
5.392,0.718546569775887,-0.0102059945459385,0.127526908726247,0
5.393,0.73024102853933,0.00967589811111918,0.107851491446843,0
5.394,0.725710208995114,-0.0173500383517253,0.124565473782777,0
5.395,0.729918530799352,0.00923102101261431,0.108338643775994,0
5.396,0.723554681017762,-0.0173112417257255,0.126442317461727,0
5.397,0.734678398046627,0.0116318361238626,0.103004316197982,0
5.398,0.71948729104705,-0.0139040603815418,0.128419059795523,0
5.399,0.743153769123905,0.00437381254409877,0.098938707050331,0
5.4,0.729197488553142,-0.00858517319783199,0.117340790999643,0
5.401,0.735590581806757,0.011112415622356,0.102424070271144,0
5.402,0.723919987969502,-0.0164061490999189,0.125667225668861,0
5.403,0.735579696992917,0.00275105291868118,0.106362666853162,0
5.404,0.727062903254904,-0.0108813531730042,0.120287278874982,0
5.405,0.729205165797155,0.00760637911420561,0.109691188235425,0
5.406,0.736395939929271,-0.0130779730702701,0.113082050683351,0
5.407,0.732012711575492,0.0153385614294391,0.103563542965597,0
5.408,0.729099707469377,-0.0170983296910659,0.121398751757599,0
5.409,0.728170992546809,0.0118098485414115,0.108605363162866,0
5.41,0.731853493283754,-0.0176369494383828,0.119216720712391,0
5.411,0.731822102649938,0.0198024846210062,0.101613835012491,0
5.412,0.737131144737201,-0.0144184992826986,0.113035321588381,0
5.413,0.72285603387819,0.00695419792803053,0.115559883478296,0
5.414,0.734038953068272,-0.0185040118631485,0.11767999937965,0
5.415,0.734337464353211,0.022501756468091,0.0981060580092136,0
5.416,0.735783631574095,-0.0145144929996955,0.114250220043161,0
5.417,0.720264529626997,0.00364850112488012,0.119384076105677,0
5.418,0.739679882581057,-0.0135985904579027,0.110377856354423,0
5.419,0.735206802980883,0.0202424260047491,0.0983832692587073,0
5.42,0.729629530059555,-0.0157364437165329,0.120235215342881,0
5.421,0.727479066087282,0.00692895766708876,0.111458913214889,0
5.422,0.727967636811424,-0.0200372138144353,0.123721903348522,0
5.423,0.738038545252727,0.0249327162141816,0.0936640763705927,0
5.424,0.73452623404834,-0.0142599481140131,0.115205917289697,0
5.425,0.720809395035268,0.00243696821593474,0.119441356606169,0
5.426,0.742482785682637,-0.0114071884474768,0.106841677522972,0
5.427,0.735153380639037,0.0188749693169267,0.0990415388422157,0
5.428,0.729905284765304,-0.0165081409290469,0.120323584961502,0
5.429,0.732356784723665,0.0111625027951541,0.10513154804584,0
5.43,0.727402975334086,-0.0201787059520052,0.124253327597694,0
5.431,0.741664750487261,0.0230837376418001,0.0913035940426155,0
5.432,0.730514707747438,-0.0138521112313647,0.118519521232292,0
5.433,0.73169354964018,0.00254802591413591,0.1097570403877,0
5.434,0.728070321057405,-0.0141606312846026,0.120817136398026,0
5.435,0.743068233417935,0.000601549207076417,0.10063706715466,0
5.436,0.743252971803083,0.00867603025541489,0.0966640513468207,0
5.437,0.720821525777106,-0.0120751436530834,0.126212852837295,0
5.438,0.750618283563204,0.00212594677120307,0.0932454356380088,0
5.439,0.732254715343452,0.00227618674108695,0.109361679451342,0
5.44,0.708279867301908,0.0298894651403436,0.117502210728207,0
5.441,0.683194910211271,0.0376859858441126,0.135952417173829,0
5.442,0.67130289799955,0.0618480925904737,0.135060043999994,0
5.443,0.672156060658254,0.0416811346127082,0.143795366559912,0
5.444,0.715649952672222,0.0561810792808052,0.0228723375869525,0
5.445,0,0,NaN,1
5.446,0,0,NaN,1
5.447,0,0,NaN,1
5.448,0,0,NaN,1
5.449,0,0,NaN,1
5.45,0,0,NaN,1
5.451,0,0,NaN,1
5.452,0,0,NaN,1
5.453,0,0,NaN,1
5.454,0.729723889195462,-0.0395692356027262,0.0399340654888977,0
5.455,0.727702291721348,-0.04747431576754,0.047203452657888,0
5.456,0.725793033359022,-0.0205196003135238,0.125388852147124,0
5.457,0.726903687229846,-0.023230200533781,0.125644463292317,0
5.458,0.729342584001744,-0.0273479219152962,0.12539164552295,0
5.459,0.730875811418778,-0.0271984393560198,0.12392201241544,0
5.46,0.733750060727534,-0.0299295558685971,0.122629717289144,0
5.461,0.735125551277858,-0.0276185801273729,0.120277669246163,0
5.462,0.737875337168014,-0.0294963632663178,0.118692777355565,0
5.463,0.738989712513489,-0.0266029284360915,0.116296514634414,0
5.464,0.740838873306017,-0.0272087400223202,0.114906688348992,0
5.465,0.741364296044632,-0.0252279684397166,0.113462978651366,0
5.466,0.741394135224543,-0.0247405467365013,0.113163465596135,0
5.467,0.739697723444855,-0.0239682502692266,0.114252976994244,0
5.468,0.734681816572594,-0.0239391709568969,0.118621988977624,0
5.469,0.72375998202148,-0.0226277330132349,0.127592993563409,0
5.47,0.724992498617612,-0.0054185167595081,0.118343064635643,0
5.471,0.733412775575858,-0.0373106163932607,0.125982281753748,0
5.472,0.783317703587815,0.0353903785985217,0.0476043743254733,0
5.473,0.74487155302196,-0.0201558559944235,0.107726024427755,0
5.474,0.733451197193325,-0.0300348294456802,0.122439979031325,0
5.475,0.792451155784215,0.0272491187875374,0.043344880060631,0
5.476,0.747510554087231,-0.0194484383219411,0.105010550223627,0
5.477,0.73949263304994,-0.029388854193313,0.116763411577518,0
5.478,0.793015240730821,0.0279212546376192,0.0424817869183588,0
5.479,0.748289379450342,-0.0199786831069322,0.104535490423572,0
5.48,0.747870109678862,-0.0173387376343553,0.10364610118284,0
5.481,0.749015706261697,-0.0166080315806023,0.102283667482326,0
5.482,0.743066026945301,-0.0182976922598993,0.108317458404344,0
5.483,0.793230226529833,0.0259868989656692,0.0431619986641388,0
5.484,0.744425866865125,-0.025030297623321,0.11029746960711,0
5.485,0.785012106640322,0.0389166603566604,0.0442716888496525,0
5.486,0.755859106987405,-0.0253544222724929,0.100373163641823,0
5.487,0.778432716995264,0.0448165029159152,0.0472636693471616,0
5.488,0.804349650501282,-0.0743207322746683,0.0808476646837065,0
5.489,0.776922786871576,0.0495612796709896,0.0463457936865036,0
5.49,0.760838133128085,-0.0258710347146783,0.096223946675253,0
5.491,0.770358513392026,0.0589481988938833,0.0476762197838888,0
5.492,0,0,NaN,1
5.493,0.769046207134404,0.0583887268472436,0.0490885033059958,0
5.494,0.809971386327881,-0.0677377497436104,0.0727609747724084,0
5.495,0.776518297500517,0.0499322291210574,0.0465083259589804,0
5.496,0.758093183672064,-0.0255958212822327,0.0984918205338415,0
5.497,0.77074253775898,0.0588487881109597,0.0473679542729719,0
5.498,0.816252639674623,0.00308327122907884,0.0336795110761327,0
5.499,0.767050284676389,0.0592279112628104,0.050430177988942,0
5.5,0.807005852403524,-0.0744562225198942,0.0785346751088109,0
5.501,0.775122434621863,0.0498745860203715,0.0477478441339652,0
5.502,0.75501044600823,-0.0323006809514517,0.104364665454282,0
5.503,0.772625100346097,0.0552660449804152,0.0473915317114465,0
5.504,0.765206106875717,-0.0267645189377644,0.0927582656031778,0
5.505,0.760194984211223,0.0675392392768304,0.0525189208406598,0
5.506,0.764505772270816,-0.0323323459095478,0.0960061612321769,0
5.507,0.765834012915735,0.0620845676072054,0.0501310383681334,0
5.508,0.76234970075344,-0.0274189026862376,0.0955706894738935,0
5.509,0.759165479214502,0.0686658437543515,0.0528800550413032,0
5.51,0.762505696441796,-0.0286927982674897,0.096030771237862,0
5.511,0.761321675145028,0.067321315807746,0.0516121618874245,0
5.512,0.763244685706234,-0.0235110410919908,0.0929184071769363,0
5.513,0.722953885727696,0.0292687020188908,0.103414591335277,0
5.514,0.810769795846864,-0.0749375619450812,0.0754061005263883,0
5.515,0.765578711407004,0.0610080597926127,0.0508410970345825,0
5.516,0.769375323399113,-0.0284944719929242,0.0898707258738701,0
5.517,0.719381886194228,0.03495186372159,0.103861294457635,0
5.518,0.809100712613754,0.00335668640759699,0.0397972860153964,0
5.519,0.723552289272843,0.0294279783079765,0.102802053096717,0
5.52,0.798208342965785,0.00574174832201899,0.0395477646405797,0
5.521,0.714886310185273,0.0263546022879711,0.111887239847839,0
5.522,0.792141080421186,0.000241391603333276,0.0314167200566789,0
5.523,0.745961636547984,0.0523133319535622,0.0398811293783639,0
5.524,0,0,NaN,1
5.525,0.743529842110234,0.038026534552164,0.0275726206594715,0
5.526,0,0,NaN,1
5.527,0,0,NaN,1
5.528,0,0,NaN,1
5.529,0,0,NaN,1
5.53,0,0,NaN,1
5.531,0.747526872055154,-0.0279214288681759,0.0191982057120745,0
5.532,0.736607115821166,-0.0247221150423271,0.0240269179440655,0
5.533,0.726896099008784,-0.0168367429480649,0.0245352231229687,0
5.534,0.724270362296851,-0.0180340446333718,0.0271702655274771,0
5.535,0.715717827848637,-0.0119517851523813,0.0282670407709386,0
5.536,0.727745285219896,-0.0272858061333273,0.0317944852638615,0
5.537,0.730012370130285,-0.0299428830437122,0.0322881097481828,0
5.538,0.731828517800131,-0.035097186756132,0.0349455027273902,0
5.539,0.712392032264492,-0.0143380909090066,0.0322418127415287,0
5.54,0.732584560557247,-0.0402948851021941,0.0383306315982834,0
5.541,0.722478864938782,-0.0269617879203846,0.0350278877959438,0
5.542,0.715779926220007,-0.0175549301276322,0.0324134251349744,0
5.543,0.717037005469653,-0.0206010224408099,0.0338610046540222,0
5.544,0.737894060017715,-0.0447138074737093,0.0381220604935883,0
5.545,0,0,NaN,1
5.546,0.722621038185514,-0.027254953221965,0.0351347952335796,0
5.547,0.727984538484699,-0.0347131067541171,0.0371693776554704,0
5.548,0.71357107398815,-0.0186938543744909,0.0346993788898027,0
5.549,0.730738004320112,-0.0390099769479341,0.0385659611735439,0
5.55,0.709003334202096,-0.012751932233596,0.0332670942282026,0
5.551,0.719107282551131,-0.0282088169420612,0.038162969378076,0
5.552,0.718385576782905,-0.0261535875137278,0.0370967488067732,0
5.553,0,0,NaN,1
5.554,0.713930654234447,-0.024900266709511,0.03910009055336,0
5.555,0.704628707212064,-0.0137253638981979,0.036873994351623,0
5.556,0,0,NaN,1
5.557,0.707028166375484,-0.0201456449273499,0.0400938279158855,0
5.558,0,0,NaN,1
5.559,0.700992696909668,-0.0198680495951955,0.0438743038595432,0
5.56,0.670478548342263,0.0112789511708182,0.0374260387317434,0
5.561,0.685970728104597,-0.0147879574144522,0.0387686618442258,0
5.562,0,0,NaN,1
5.563,0,0,NaN,1
5.564,0,0,NaN,1
5.565,0,0,NaN,1
5.566,0,0,NaN,1
5.567,0,0,NaN,1
5.568,0,0,NaN,1
5.569,0,0,NaN,1
5.57,0,0,NaN,1
5.571,0,0,NaN,1
5.572,0,0,NaN,1
5.573,0,0,NaN,1
5.574,0,0,NaN,1
5.575,0,0,NaN,1
5.576,0,0,NaN,1
5.577,0,0,NaN,1
5.578,0,0,NaN,1
5.579,0,0,NaN,1
5.58,0,0,NaN,1
5.581,0,0,NaN,1
5.582,0,0,NaN,1
5.583,0,0,NaN,1
5.584,0.798390510723759,0.0339145023690149,0.129285767371945,0
5.585,0.852808313490827,0.0505878158380502,0.089326886931233,0
5.586,0.874437367114384,0.0567013917843539,0.0732074292072671,0
5.587,0.854140584380615,0.06113915522767,0.0931561441250691,0
5.588,0.844841868607462,0.0492583677119384,0.0957113041628292,0
5.589,0.836088310802302,0.0422255312579293,0.100092656511816,0
5.59,0.829761330904117,0.0374006811852386,0.103390857980802,0
5.591,0.825230283893492,0.0340183146278232,0.105795473871825,0
5.592,0.822013806214741,0.0315749658782113,0.107489678538454,0
5.593,0.819764462733016,0.0297649124102224,0.108633094022015,0
5.594,0.818324380305464,0.0284943169896615,0.109319527477482,0
5.595,0.818047231342818,0.0282164793980293,0.109453163347183,0
5.596,0.819968611203066,0.0309040698080144,0.109061182710353,0
5.597,0.819981188020062,0.0355240652642555,0.111265091615321,0
5.598,0.806254817479693,0.0123735852754503,0.112340458235317,0
5.599,0.811431914389956,0.0157916263596487,0.109425795479514,0
5.6,0.8198236305397,0.0229861094087765,0.105476647741785,0
5.601,0.807555225822144,0.00893933383634396,0.109587832806409,0
5.602,0.802737623230682,0.00803663257955983,0.11339809841783,0
5.603,0.789988903881108,0.0179227711092501,0.12931927913413,0
5.604,0.794417932092695,0.0057990011932044,0.119666217658538,0
5.605,0.789064913993875,0.00832439293058188,0.125580351525838,0
5.606,0.798731343008834,0.000499532814551145,0.11336123822953,0
5.607,0.793881521501127,0.00898877616131196,0.12166427455008,0
5.608,0.77474952007725,-0.00393386099346492,0.12233784157922,0
5.609,0.789021506378762,-0.002006137928168,0.120709960874188,0
5.61,0.77800517703107,-0.00457867084707772,0.124913236992766,0
5.611,0.760594632437221,-0.0116550675824769,0.106228180436171,0
5.612,0.788202769693136,-0.000414386511901452,0.122189266295799,0
5.613,0.778721157314992,-0.0093194587674814,0.12332813349671,0
5.614,0.759963251857657,-0.00501235340837903,0.108820292909531,0
5.615,0.759718325501262,-0.0171435788587323,0.102894631831875,0
5.616,0.773557049851269,-0.0051545170032686,0.120748494595109,0
5.617,0.776355593498514,-0.000336170525614476,0.125498052989107,0
5.618,0.74928808067502,-0.00317609013592512,0.100299423837735,0
5.619,0.760468814638532,-0.0283961012094628,0.0982891909340994,0
5.62,0.754570495768859,0.0121241984276305,0.112170271116269,0
5.621,0.762174588216977,-0.0148350089436396,0.106192854573724,0
5.622,0.745124928634673,-0.0125742979405594,0.0922262286671585,0
5.623,0.751193537397098,-0.0135137720740437,0.0971386426320635,0
5.624,0.764962749489991,-0.00740845334354991,0.112163599177154,0
5.625,0.768139978828236,-0.00401246699582305,0.116577872631493,0
5.626,0.745323993304151,-0.00432881160019068,0.0963170508046046,0
5.627,0.747114874538758,-0.0264333968697373,0.0874945507466313,0
5.628,0.751911715336621,-0.00175268046715948,0.103347569052367,0
5.629,0.756482748109941,-0.0194377784585221,0.0990618789234232,0
5.63,0.733819752692993,-0.00752996282828695,0.0846822934459572,0
5.631,0.76494389656245,-0.0137992890114577,0.109186271348387,0
5.632,0.755186943008682,0.00529753199986276,0.109580739448149,0
5.633,0.75398994524891,-0.021669042392689,0.0958416779395038,0
5.634,0.74097302534549,-0.00131455107471574,0.0939448933381163,0
5.635,0.754893134326988,-0.025219502214545,0.0949760628670163,0
5.636,0.750926935216993,0.0122711260842459,0.109128778766071,0
5.637,0.753685394849013,-0.0163526666198764,0.0980990694302886,0
5.638,0.739069427383175,-0.00855430174775132,0.0888812705181853,0
5.639,0.758239091929242,-0.0114283188581656,0.104440580696735,0
5.64,0.743852268005055,-0.00911947342305103,0.0928430509734597,0
5.641,0.750389026495703,-0.00647874403460407,0.0998547035111563,0
5.642,0.765301557271315,-0.00280030806026666,0.114747223647586,0
5.643,0.76578799314877,-0.00350178214794711,0.11485862749798,0
5.644,0.752251124820339,-0.00449461693620286,0.102461175029408,0
5.645,0.763214269495061,0.000895606381879756,0.114676426601586,0
5.646,0.741558742180758,-0.00510964664438788,0.0927566465941793,0
5.647,0.768904231964502,-0.0102215810888816,0.11447860030026,0
5.648,0.767905103711391,0.0173971814042263,0.126606490477196,0
5.649,0.756378660346175,0.00570869980770588,0.110955101535441,0
5.65,0.759048915836444,-0.0210696262556411,0.100722176244977,0
5.651,0.742291637136195,-0.00221583508735199,0.0948149788767544,0
5.652,0.747876364729963,-0.0227023926793311,0.0901062301247248,0
5.653,0.752722268766518,0.00187436371064022,0.105945856603076,0
5.654,0.751659836533855,-0.0201241453956774,0.094665325741155,0
5.655,0.74637337986923,0.00170877039930757,0.100274776207195,0
5.656,0.751357516228464,-0.0217972159038242,0.0936166502104062,0
5.657,0.754280852334875,0.00951218829388359,0.110926791680645,0
5.658,0.753006613599133,-0.0161030330333554,0.0977584461602862,0
5.659,0.752994811775508,0.00348181335286765,0.106963550555965,0
5.66,0.753398576254361,-0.0168963752219876,0.0977369924626498,0
5.661,0.758418141769586,0.00994006476160181,0.11479220800803,0
5.662,0.757248098775403,-0.0126230786868486,0.103151909656269,0
5.663,0.753952206480963,0.00181537724466004,0.107038930067274,0
5.664,0.763640552639968,-0.0107277602175216,0.109689255304722,0
5.665,0.762340257412842,0.0069503175638355,0.116863646788041,0
5.666,0.753007915979482,-0.007795977239841,0.101699504049147,0
5.667,0.762247792450885,0.000546855039760529,0.113777832344754,0
5.668,0.754235608922447,-0.010351471432957,0.101587151568534,0
5.669,0.760141533724297,0.00513896006735449,0.114085984083967,0
5.67,0.751739669554137,-0.0107269262294323,0.099214276661008,0
5.671,0.767998656066772,0.00787814978052531,0.122312115446141,0
5.672,0.757063653812571,-0.00558163863097829,0.106341237820358,0
5.673,0.758862000835464,-0.000238944054140189,0.110443728608846,0
5.674,0.767979049322943,6.59804502021748e-05,0.118636294316801,0
5.675,0.768589267227244,-0.0043340396572357,0.117113548162133,0
5.676,0.752612817157222,-0.00395039179934747,0.10320495351991,0
5.677,0.759108478591078,0.0025315456376845,0.111986683725699,0
5.678,0.771661342726513,0.00012378558796693,0.121936409730316,0
5.679,0.76887108563449,-0.00107770376180788,0.11892006787254,0
5.68,0.772498692114777,0.00128969762750162,0.123244323691523,0
5.681,0.754864450625001,0.000616008592150152,0.107378703827899,0
5.682,0.764864617722387,0.0010471750665018,0.116410137014279,0
5.683,0.74512492375691,-0.00211629333544589,0.0975119263540318,0
5.684,0.773790550114684,-0.00328825253991389,0.122256663912562,0
5.685,0.773610264920256,0.0107909716823983,0.12872993174684,0
5.686,0.765524746385158,0.000361931669484379,0.11670581180939,0
5.687,0.778482427324735,0.00188602245230185,0.128867436392851,0
5.688,0.754139824835643,0.00331560686906752,0.108073119021319,0
5.689,0.751840261205555,-0.0141683874800154,0.09782951445512,0
5.69,0.754648314997638,0.00214981509649593,0.107980594987548,0
5.691,0.751053084065616,-0.0119657074522057,0.0981763450315801,0
5.692,0.761451828839618,0.00405128635930391,0.114883781557298,0
5.693,0.75549379480441,-0.00923453439720437,0.103386908319541,0
5.694,0.755424388415483,0.00156960323660974,0.108406537823021,0
5.695,0.758586594373325,-0.00420176667752119,0.108487750281054,0
5.696,0.756650360543852,-0.00277223834558702,0.107454247823574,0
5.697,0.759983020311878,0.000879904651679907,0.11211492586434,0
5.698,0.759082764202095,-0.00513804042643909,0.108495349567145,0
5.699,0.759936805295636,0.00343774058013857,0.113282487333257,0
5.7,0.759718063350861,-0.00556614015129028,0.108860325747338,0
5.701,0.764932472163499,0.00528817287064871,0.118566127395535,0
5.702,0.76509577491465,-0.00519374499221656,0.113788329873548,0
5.703,0.754401025644147,0.00215749085495885,0.107808230098109,0
5.704,0.765796239077145,0.00152767707025337,0.117568816148498,0
5.705,0.756374033050399,-0.00213373564838452,0.107536167721759,0
5.706,0.770614061337425,0.00710321708283809,0.124444933058725,0
5.707,0.761337120891913,-0.00277569032294966,0.111620816290812,0
5.708,0.763528568167513,0.00469622093423064,0.117067698206938,0
5.709,0.768006656239226,0.00111982906247297,0.119342440092727,0
5.71,0.76539175893385,-0.00124102259447556,0.115929202272026,0
5.711,0.759518525250572,0.00228166438576201,0.112403868853085,0
5.712,0.764840542754692,0.000634277157620686,0.116327342754494,0
5.713,0.761341151589017,0.00102219578811221,0.11342345405773,0
5.714,0.765669838232828,0.00205944920156806,0.117732132153482,0
5.715,0.76163267453444,-0.000340768384374562,0.11304343495206,0
5.716,0.769570412473877,0.00443562310979736,0.12229436818088,0
5.717,0.76278942922057,-0.0025625123726845,0.113024866942249,0
5.718,0.770108810732352,0.00629678909371707,0.123648681404995,0
5.719,0.763559186054096,-0.00295069988493019,0.113526709674416,0
5.72,0.769847799871351,0.00644257590596766,0.123491660460964,0
5.721,0.763578512488368,-0.00287504833827131,0.113583960675724,0
5.722,0.771997709143767,0.00683244137710072,0.125576857253865,0
5.723,0.76581509290862,-0.00270381276594029,0.115643801816562,0
5.724,0.767188913645744,0.0051102256146186,0.120529077602796,0
5.725,0.764612796176291,-0.00170019798494807,0.115057685534489,0
5.726,0.772185502558154,0.00612510340655326,0.125419024561239,0
5.727,0.766165860828957,-0.00224659215650097,0.11617666568652,0
5.728,0.770054848571685,0.00586181262357752,0.12341987868531,0
5.729,0.765337662579616,-0.00215289643924014,0.115493804523109,0
5.73,0.775957902216165,0.00698083945921154,0.129159664777464,0
5.731,0.772038202151534,-0.00197621650189018,0.12149740985474,0
5.732,0.764512568079406,0.00165354698614954,0.11656303924097,0
5.733,0.775092288854572,0.00388731947774144,0.12695127096326,0
5.734,0.769261746007848,-0.000855694383509341,0.119581288806287,0
5.735,0.766969254264374,0.00358464645642531,0.119645476345052,0
5.736,0.770693710780444,0.00138195722328394,0.121899405699773,0
5.737,0.76693387470982,0.00143159388619741,0.118606178113648,0
5.738,0.777074270630569,0.00467999171803517,0.129083845404742,0
5.739,0.773105045708026,-0.000606033820693698,0.123102238307991,0
5.74,0.765807275551922,0.00235817531832474,0.118055754210298,0
5.741,0.777330660800071,0.00377679253494282,0.128894130512729,0
5.742,0.771731076133578,2.56138942201955e-05,0.122194223171691,0
5.743,0.767613209719157,0.00304204638153813,0.11997831018619,0
5.744,0.775861808878834,0.00293804442878376,0.127211450562748,0
5.745,0.770224895240972,0.000461618483234522,0.121076336374725,0
5.746,0.772107885354092,0.00495147258067421,0.124848722167625,0
5.747,0.769116336025595,-6.27827029531113e-05,0.119855238956097,0
5.748,0.779634277438966,0.00639974755841423,0.132175910082692,0
5.749,0.776473606067928,-0.000387970235042073,0.126203555603974,0
5.75,0.767048427968634,0.00219469949698283,0.119100003481155,0
5.751,0.779824188199156,0.00385637380559443,0.131158215337828,0
5.752,0.774458751525512,0.000709271240041299,0.12494914268372,0
5.753,0.768793435031263,0.0024692998361404,0.120777194505007,0
5.754,0.780581392984804,0.00349038806773929,0.130329219092284,0
5.755,0.776532345357208,0.000826881205740982,0.126843587498021,0
5.756,0.768417154456543,0.00223185104880788,0.120342808585669,0
5.757,0.781119694478877,0.00355136061292321,0.129876768703578,0
5.758,0.776671111653893,0.00102684275263807,0.12706922542331,0
5.759,0.769142650758865,0.00223299242287166,0.120992797221948,0
5.76,0.781571830225169,0.00336335639520383,0.129380808808092,0
5.761,0.77738758259846,0.00115386900062117,0.12777073377785,0
5.762,0.769412578228559,0.00230528522407583,0.121274401137962,0
5.763,0.781968032436344,0.00298924335495823,0.128844832505337,0
5.764,0.777603586802183,0.0013752001723131,0.12807481742942,0
5.765,0.769920757510808,0.00238412624030419,0.121769312481312,0
5.766,0.782799001681565,0.00263331419748075,0.127936005990463,0
5.767,0.778873103533131,0.00157929072930847,0.129301087276155,0
5.768,0.770401728820283,0.00240970996906488,0.122215863324465,0
5.769,0.781747270791332,0.00225802263855351,0.128670137224658,0
5.77,0.776267018343199,0.00180505080300388,0.127115641622741,0
5.771,0.771718559831654,0.0027106712956074,0.12352766599793,0
5.772,0.782428325198055,0.00177943952295975,0.127835566176433,0
5.773,0.777241516349019,0.00202908571792168,0.128089473791237,0
5.774,0.772147196228116,0.00274215946827551,0.123929275248776,0
5.775,0.783535498974267,0.00144655524391312,0.12669674659149,0
5.776,0.778526076012629,0.00230466633878544,0.129361564226498,0
5.777,0.772387047716522,0.00270365084255234,0.12413181319246,0
5.778,0.785743446643573,0.00120862255060803,0.124636853324453,0
5.779,0.782388193525335,0.00252286908356054,0.128205645144613,0
5.78,0.773048446001744,0.00320385005890664,0.124961638924271,0
5.781,0.780549831667487,0.000152623096618943,0.128679829790975,0
5.782,0.774112589902239,0.00328302764664684,0.125942295246583,0
5.783,0.786137118121936,0.000557367366763552,0.123965591693198,0
5.784,0.782446889517597,0.00296639544950917,0.128352894714221,0
5.785,0.773481438703372,0.00348808584193412,0.125492220873378,0
5.786,0.784756643904335,-0.000504773592157267,0.124659330059683,0
5.787,0.778408245951677,0.00354473402400487,0.129874151699031,0
5.788,0.776041151243237,0.00177618593961228,0.126956672290435,0
5.789,0.781781642330839,0.00251044935130963,0.128707498792624,0
5.79,0.776504842760276,0.00275082950572945,0.127827969405544,0
5.791,0.787589450636768,0.00119298518820679,0.122975365946841,0
5.792,0.784200507066741,0.00313294100904248,0.126873859808997,0
5.793,0.774537534066478,0.00423570976628207,0.126799008714345,0
5.794,0.787550219124564,-0.00219322693220801,0.121379075457739,0
5.795,0.781186666609226,0.00447295281322897,0.130152237702232,0
5.796,0.777108247764534,0.00197568753151379,0.128017126134912,0
5.797,0.787638875433102,0.00193490006402091,0.123270765743886,0
5.798,0.783397777797454,0.00334834158357816,0.127665405325601,0
5.799,0.775803513880375,0.00384779217461429,0.127753562355996,0
5.8,0.78962539528783,-0.00156467788540014,0.119843220448406,0
5.801,0.78464161987018,0.00475039538961028,0.127237141290416,0
5.802,0.77810213618121,0.00336327449158606,0.129566436658975,0
5.803,0.786836065783443,0.000161430082967065,0.12310881542092,0
5.804,0.780974777799522,0.00445608142148255,0.130306434230782,0
5.805,0.780827552547629,0.00106832121691216,0.128810892975528,0
5.806,0.779653554765647,0.00363917291963456,0.131071750633125,0
5.807,0.786331300671944,0.000301581597822507,0.123611386237712,0
5.808,0.780254854451839,0.00486281544188544,0.131126398674881,0
5.809,0.788721636186891,-0.00081265292381642,0.120975632414988,0
5.81,0.78289092963798,0.00527672781311031,0.129006417064918,0
5.811,0.781916312251924,0.00113411178437364,0.127874995659644,0
5.812,0.781636834929322,0.00382635889147253,0.129409355716817,0
5.813,0.785266129022156,0.000770746064027196,0.124759272552989,0
5.814,0.780392473124735,0.00505199637267743,0.13108581918347,0
5.815,0.795083553131747,-0.00168576092803801,0.11496421849158,0
5.816,0.792892443646312,0.00528932051975509,0.12022357548239,0
5.817,0.783656394763473,0.00601026810180163,0.12866921610377,0
5.818,0.783328366155092,-0.000826666010091402,0.125678679456645,0
5.819,0.789916763284736,0.00520312412826778,0.122785671961424,0
5.82,0.78694828512178,0.00137092884642441,0.123550050692482,0
5.821,0.780380979580417,0.00475304830036194,0.13093130440626,0
5.822,0.787741491936252,-0.00290739377917502,0.120800477189903,0
5.823,0.779742432359914,0.00771973988638883,0.132910738600963,0
5.824,0.797687442475449,-0.00533442534211842,0.110906918510495,0
5.825,0.793051591873763,0.00661507843643112,0.120695567564941,0
5.826,0.791105058183839,6.18147994507077e-05,0.119257332951553,0
5.827,0.776572998706842,0.00731152042629987,0.13014535053348,0
5.828,0.799313768279442,-0.00733319247158165,0.108506223541756,0
5.829,0.794937510013459,0.00671098018866218,0.119070745847591,0
5.83,0.79658340537677,-0.0039413973428188,0.112513170770748,0
5.831,0.775309450653944,0.00650819842935379,0.128672407489889,0
5.832,0.795918424014915,-0.00731458719891173,0.111473121607703,0
5.833,0.788029989244657,0.00734615846974406,0.125416907450704,0
5.834,0.787432077165019,-7.54986601987076e-05,0.122379736108378,0
5.835,0.785947930266339,0.0065712613254049,0.126865932581601,0
5.836,0.785088800390521,0.000941258329839627,0.12491809984564,0
5.837,0.792202906692655,0.00487592915360466,0.120560885656002,0
5.838,0.789951059492254,0.00203355113632077,0.121169375896805,0
5.839,0.779741171297034,0.0065875483570354,0.132307825857067,0
5.84,0.795561464872552,-0.00568435846767114,0.112542790771617,0
5.841,0.784837050954615,0.00830152746878889,0.128653202146933,0
5.842,0.788624786607978,-0.00442880745244657,0.119223747894393,0
5.843,0.790338788855921,0.0100267893645321,0.124649508201896,0
5.844,0.789365261666444,-0.00235669825840161,0.119562089036968,0
5.845,0.789822671479785,0.00765283140928016,0.123958138928271,0
5.846,0.788732153948738,-0.00106565612413518,0.120731207153293,0
5.847,0.792878956252114,0.00577877997894777,0.12037283862301,0
5.848,0.790926923517931,-0.000117849409780698,0.119253860744244,0
5.849,0.785860770980897,0.00566806015172427,0.126470457451938,0
5.85,0.789357174603416,-0.00263049078270296,0.119422037781186,0
5.851,0.7895620345487,0.00809887663096643,0.124385913564967,0
5.852,0.790608069967354,-0.00390216898551417,0.117710462261699,0
5.853,0.794743639117336,0.00765133429760658,0.119620457568136,0
5.854,0.792873734013121,-0.00286537660471617,0.116213212065132,0
5.855,0.78732467807853,0.00708197790748891,0.125849092321123,0
5.856,0.791562958898514,-0.00461182864914256,0.116521158822019,0
5.857,0.787270316313955,0.00974352724158404,0.127169847442037,0
5.858,0.795095633792951,-0.00874174343784537,0.111437686529983,0
5.859,0.784001419317395,0.011164701711474,0.130714760927487,0
5.86,0.805141218308313,-0.00882304018807694,0.102582063122086,0
5.861,0.792838286286643,0.00702746357961945,0.120969911501817,0
5.862,0.798082633690424,-0.0102407174636111,0.108082565041998,0
5.863,0.791910458158236,0.0125342742042047,0.12441635691273,0
5.864,0.790777809843052,-0.00288631873249733,0.118011417777931,0
5.865,0.786581735566547,0.00952846018663787,0.127645905171762,0
5.866,0.801177148739892,-0.00770436737867452,0.106574869835714,0
5.867,0.78741780694711,0.00873934738306397,0.126527532334613,0
5.868,0.795613935815789,-0.0127641588805919,0.10902107144868,0
5.869,0.796659241185254,0.0132688180348772,0.120587596195017,0
5.87,0.79326753692086,-0.00765232619573723,0.113523752877272,0
5.871,0.794536720718773,0.0108953031275495,0.121304509602234,0
5.872,0.795373813636717,-0.00958639610064948,0.110742027493001,0
5.873,0.797705170860086,0.0107278632599744,0.118437345490291,0
5.874,0.79381509953141,-0.00712402887594567,0.113282469732552,0
5.875,0.794330307090692,0.00984407085573457,0.120966925003519,0
5.876,0.795316406016097,-0.00961923433057517,0.110762270131667,0
5.877,0.798939848228054,0.0100349008693917,0.117007527787128,0
5.878,0.794639336382055,-0.00827073475519378,0.111994436812469,0
5.879,0.793308578231553,0.0104898888777204,0.122158056455029,0
5.88,0.795777323222214,-0.0111586127622054,0.1096048591915,0
5.881,0.797233525123853,0.0114141842275478,0.119151575437342,0
5.882,0.794848184258941,-0.0106630012928442,0.110649881747471,0
5.883,0.798521620645868,0.0109403688549037,0.117786773047028,0
5.884,0.796274720059262,-0.0123650889644024,0.108573704128989,0
5.885,0.797851715043755,0.0117905581025904,0.118773511380942,0
5.886,0.794476051924795,-0.0114143597030571,0.110599429133716,0
5.887,0.799151661876032,0.0113669005967899,0.117422315603655,0
5.888,0.797064352323038,-0.0145982051719314,0.106793036556132,0
5.889,0.79850466408055,0.0126099108555905,0.118576609843213,0
5.89,0.793521668568355,-0.0119515977190435,0.11116174799459,0
5.891,0.799882091474763,0.0119978741108245,0.11706736732794,0
5.892,0.798361071487568,-0.0175020149596373,0.10424521713766,0
5.893,0.798946909659816,0.0133640776874116,0.118532471148417,0
5.894,0.791775427330797,-0.0112844827235887,0.112995904178768,0
5.895,0.800651124359697,0.0126279539358464,0.116678003361731,0
5.896,0.800103700497046,-0.0204874720186932,0.101266908891363,0
5.897,0.798954996723883,0.0137203023122491,0.118678080713898,0
5.898,0.789952742935907,-0.0095753122228347,0.115396996523253,0
5.899,0.801089341207161,0.0128689354197052,0.116392449776573,0
5.9,0.800865937075955,-0.0218573208451315,0.0999242424320714,0
5.901,0.79991966012056,0.0135034729485618,0.117710739445737,0
5.902,0.789330337377511,-0.00939282441337763,0.116013312669637,0
5.903,0.802820418247774,0.0127237609705883,0.114787389493458,0
5.904,0.801598484679033,-0.0228715546834656,0.0987775554403966,0
5.905,0.799048557735441,0.0133766889990918,0.118396614435801,0
5.906,0.790291686489422,-0.00942209035416718,0.115138792833315,0
5.907,0.801863133866921,0.0135812987576905,0.116021527185646,0
5.908,0.801436081342566,-0.023771190685694,0.0984720054328096,0
5.909,0.802506375379988,0.0125474319149311,0.114948943634085,0
5.91,0.788902439142397,-0.00930112404555079,0.116397981692034,0
5.911,0.805881593487529,0.0125129963191773,0.111966765164939,0
5.912,0.803042070317505,-0.0246095384433148,0.0966420431232077,0
5.913,0.797980084991927,0.0125306457109162,0.118892735880308,0
5.914,0.792589201607026,-0.00841582836176448,0.113571086538791,0
5.915,0.797083890835437,0.0150381309989456,0.120878528781507,0
5.916,0.802810868951075,-0.0248007605382381,0.0967398323549105,0
5.917,0.802990962804696,0.0123447127432458,0.11439440116408,0
5.918,0.790345643572542,-0.0104499187783541,0.114548918431662,0
5.919,0.808679820889799,0.0131075557690665,0.10976514884338,0
5.92,0.805229920753071,-0.0263683164249309,0.093846285230753,0
5.921,0.798030753504879,0.0111801654708139,0.118167220169309,0
5.922,0.794922865151504,-0.00656919729162651,0.112376872141008,0
5.923,0.794663007864438,0.0143018998331928,0.122616291927333,0
5.924,0.808178190264553,-0.0141242208782124,0.0971224795657848,0
5.925,0.791086197566138,0.0093759704348352,0.123383500017387,0
5.926,0.810123232716235,-0.0231581469858627,0.0910749145085376,0
5.927,0.794450686882967,0.00812596407107547,0.1198232259862,0
5.928,0.812119686230196,-0.0042386447632263,0.0983903864616488,0
5.929,0.80675985056652,-0.00377815028092639,0.103304513296399,0
5.93,0.788517849499883,0.009645400802665,0.125742090578082,0
5.931,0.810504105573225,-0.0253003556369102,0.0896893579222514,0
5.932,0.796166679812778,0.00629517863135685,0.117416247162648,0
5.933,0.808114036965686,-0.00217304440140551,0.102871380925035,0
5.934,0.803621964524653,-0.00103594799191287,0.107351073358046,0
5.935,0.788089221585802,0.0088292649965952,0.125706600768289,0
5.936,0.816906408504596,-0.0206636284948412,0.0862779733172678,0
5.937,0.798321644980185,0.00165505117506343,0.113278065924665,0
5.938,0.800392783334029,-0.00281537998701262,0.109314088830045,0
5.939,0.815982610807068,0.000899110531044466,0.0974166210226742,0
5.94,0.812114715374761,-0.0230800709603423,0.0892922376148842,0
5.941,0.796138487677082,0.00497286201335396,0.116757255523202,0
5.942,0.806222786965823,0.00182147461977461,0.10639761644123,0
5.943,0.80202278092539,-0.00334940247722505,0.107594831764658,0
5.944,0.798925763553118,0.0100957223704046,0.116759500619734,0
5.945,0.804999788070866,-0.0229303287220281,0.0955803357193933,0
5.946,0.785354453175389,-0.0152292816285012,0.116502356163968,0
5.947,0.749682188796736,-0.043949168094479,0.134005423068088,0
5.948,0.753346182772192,-0.0466613283522525,0.129486958094242,0
5.949,0.749113110378235,-0.0469094180674044,0.133073172918523,0
5.95,0.756129218777383,-0.0454373997845676,0.127614419018905,0
5.951,0.791289899255216,-0.0523282459530144,0.0238943335987689,0
5.952,0.804383277818975,-0.0342477366743087,0.0187396612599296,0
5.953,0,0,NaN,1
5.954,0,0,NaN,1
5.955,0,0,NaN,1
5.956,0,0,NaN,1
5.957,0,0,NaN,1
5.958,0,0,NaN,1
5.959,0,0,NaN,1
5.96,0,0,NaN,1
5.961,0,0,NaN,1
5.962,0,0,NaN,1
5.963,0,0,NaN,1
5.964,0,0,NaN,1
5.965,0,0,NaN,1
5.966,0,0,NaN,1
5.967,0,0,NaN,1
5.968,0,0,NaN,1
5.969,0,0,NaN,1
5.97,0,0,NaN,1
5.971,0,0,NaN,1
5.972,0.845108003070445,-0.0141319771806264,0.0298924558370904,0
5.973,0,0,NaN,1
5.974,0,0,NaN,1
5.975,0.848581425251644,-0.0146829048190068,0.0325743101185019,0
5.976,0,0,NaN,1
5.977,0.819590869726045,0.0740515506803022,0.0534853843315659,0
5.978,0.850849892534795,-0.0103277739736845,0.0307609507622542,0
5.979,0.824984748669032,0.0770017006003191,0.0521949294814084,0
5.98,0.849881577811092,-0.0144248739550926,0.0332180491680231,0
5.981,0.824835293120478,0.0766641429518305,0.0520422684405771,0
5.982,0.848389835557326,-0.019783323788033,0.0362901878422592,0
5.983,0.861541830919283,-0.00285654804236898,0.0321071758319708,0
5.984,0.8491478692558,-0.0193582043263967,0.0364698843855931,0
5.985,0.814280375932899,0.0211109508062315,0.107998071471848,0
5.986,0.851776538844924,-0.0143763769426119,0.0344287061655931,0
5.987,0.813035204206674,0.0780079467203306,0.0607704283467715,0
5.988,0.847047729673065,-0.0249431801599201,0.0393190990389165,0
5.989,0.811166823850567,0.0184081753688835,0.109386040354091,0
5.99,0.801250076647108,0.0246193065876421,0.12106113795365,0
5.991,0.846824119856352,-0.0262738711153703,0.0401796401974629,0
5.992,0.810657916000835,0.020534813609191,0.110834422757802,0
5.993,0.796346040945783,0.0198893463541039,0.123059622755458,0
5.994,0.847416709587161,-0.0257810657340437,0.0401953976364056,0
5.995,0.809716908427881,0.0223155515888376,0.112501554928271,0
5.996,0.842095783103353,-0.030702657340522,0.0404369358844877,0
5.997,0.814498423195078,0.0396505262586228,0.116654216779662,0
5.998,0.842478994126076,-0.0355346855620557,0.0443344346012887,0
5.999,0.812767935114038,0.0224699701808716,0.109882218082751,0
6,0.833820007222619,-0.047497768431355,0.0477159029366627,0
6.001,0.817953990084924,0.0240201928876572,0.106070538774452,0
6.002,0.793573328383076,-0.0198419373754513,0.106299302175208,0
6.003,0.826837238005667,0.0411277350983497,0.106521684626931,0
6.004,0.82362280134441,-0.0610616320160324,0.0513021475281866,0
6.005,0.819451819657622,0.0235740114173569,0.104523857833525,0
6.006,0.828857476306196,-0.0523332861880432,0.0481441999837101,0
6.007,0.824800486534393,0.0427621189968578,0.109073757535396,0
6.008,0.826433504364758,-0.0587108024858949,0.0513805055864223,0
6.009,0.820024420913866,0.0235541033841882,0.103993117187071,0
6.01,0.790335436195191,-0.0212786719144664,0.108403503461875,0
6.011,0.828921855609402,0.0416830508752283,0.104927745247604,0
6.012,0.81796066762871,-0.0679587581606831,0.0528411125937333,0
6.013,0.822201473792206,0.0238160623764222,0.102199554804449,0
6.014,0.791249621502249,-0.0231697028949378,0.106678306994973,0
6.015,0.836741258252512,0.0442967062220245,0.0993238158197284,0
6.016,0.824992363374896,-0.0598366289232562,0.0513260542044312,0
6.017,0.83083369935946,0.0296692919499192,0.0974451735925993,0
6.018,0.780563685767193,-0.0346038073373153,0.110520254790388,0
6.019,0.871716034266461,-0.000863891835412479,0.0373656698977833,0
6.02,0.790189269862958,-0.022596927380815,0.107870069412333,0
6.021,0.874701078642735,0.00265278827880266,0.0366714617248345,0
6.022,0.789273152696647,-0.025473682829804,0.107284950628458,0
6.023,0.873189770754108,0.00215390389783013,0.0360695839679703,0
6.024,0.827187111261506,-0.0537162853074466,0.0481797092206609,0
6.025,0.872981028683645,0.00226160897375599,0.0358614017270032,0
6.026,0.824860140831255,-0.056084629372571,0.0484563979383004,0
6.027,0.869708867695161,-0.000450008686584472,0.0357806026892948,0
6.028,0.822726212552435,-0.0576270706047738,0.0482373803308667,0
6.029,0.865597287835462,-0.00482378269769836,0.0364061079693569,0
6.03,0.820719680231757,-0.0593848378524688,0.0482647345547934,0
6.031,0.859203275506503,0.0304295591047994,0.072943411372156,0
6.032,0.81647196111597,-0.064143713943375,0.0490934275576736,0
6.033,0.8529766492778,0.03368176773271,0.0799654634155572,0
6.034,0.818402270284892,-0.0152483066189101,0.0866921607405522,0
6.035,0.845404114947995,0.033392934520607,0.0864654654359315,0
6.036,0.815751823111624,-0.0122918811042434,0.0904463311222421,0
6.037,0.835356099164787,0.0295260505688834,0.0934115279355735,0
6.038,0.815321505735634,0.00177154952321411,0.0976046204365318,0
6.039,0.81729622737495,0.0121636757073305,0.0944834917953933,0
6.04,0.80935081643792,0.00313190736034112,0.0918795834491866,0
6.041,0.808685184746078,0.00821532636533708,0.0888526883685665,0
6.042,0.80160056893316,0.000674037484840025,0.0862847019747495,0
6.043,0.801278210998667,0.00598193173773729,0.083449549217626,0
6.044,0.794359204230542,-0.000763720405532093,0.0806425002149257,0
6.045,0.795780947826262,0.00805975328300498,0.0776408832811299,0
6.046,0.786268703190362,-0.0029669822985934,0.0746234261970456,0
6.047,0.79168773655778,0.0549252815093418,0.0514765441900214,0
6.048,0.773105350982806,-0.0103767942812072,0.0666675701135915,0
6.049,0.776297208801394,0.0515843200963276,0.0396106958325954,0
6.05,0,0,NaN,1
6.051,0,0,NaN,1
6.052,0,0,NaN,1
6.053,0,0,NaN,1
6.054,0,0,NaN,1
6.055,0,0,NaN,1
6.056,0,0,NaN,1
6.057,0,0,NaN,1
6.058,0,0,NaN,1
6.059,0,0,NaN,1
6.06,0,0,NaN,1
6.061,0,0,NaN,1
6.062,0,0,NaN,1
6.063,0,0,NaN,1
6.064,0,0,NaN,1
6.065,0,0,NaN,1
6.066,0,0,NaN,1
6.067,0,0,NaN,1
6.068,0,0,NaN,1
6.069,0,0,NaN,1
6.07,0,0,NaN,1
6.071,0,0,NaN,1
6.072,0,0,NaN,1
6.073,0,0,NaN,1
6.074,0,0,NaN,1
6.075,0,0,NaN,1
6.076,0,0,NaN,1
6.077,0,0,NaN,1
6.078,0,0,NaN,1
6.079,0,0,NaN,1
6.08,0,0,NaN,1
6.081,0,0,NaN,1
6.082,0,0,NaN,1
6.083,0,0,NaN,1
6.084,0,0,NaN,1
6.085,0.838600647497269,-0.0399610015060079,0.138429000689443,0
6.086,0.911450990699881,-0.0544776001117059,0.0977454645092014,0
6.087,0.922158415559139,-0.086786649319166,0.0963071842755833,0
6.088,0.933645429345161,-0.0632275851952386,0.0821896921652868,0
6.089,0.917125218262404,-0.0577936852870238,0.0943044224300706,0
6.09,0.906576066074644,-0.0496140027348444,0.0998667194627835,0
6.091,0.898843178861753,-0.0441863647172738,0.104217822952063,0
6.092,0.893258915525566,-0.0404314074515718,0.107445686562931,0
6.093,0.889254731200688,-0.0377789204654287,0.109787380643013,0
6.094,0.886390321542099,-0.0358723390436666,0.11146607724075,0
6.095,0.884301239893598,-0.0345213523967149,0.112715346043334,0
6.096,0.882789813678191,-0.0335117759451157,0.113610208893856,0
6.097,0.881737257101035,-0.0327689084777697,0.114220814516793,0
6.098,0.881287837373451,-0.0325132351169234,0.114521888375017,0
6.099,0.882381530477198,-0.0340476671381281,0.114287608140501,0
6.1,0.88454305374013,-0.0394794802381975,0.11491936658079,0
6.101,0.872919935924516,-0.0311155014864424,0.121328845023684,0
6.102,0.879573122767453,-0.0248108893866781,0.112520987609246,0
6.103,0.881779652561231,-0.0379939114100183,0.116711718395573,0
6.104,0.872714119204265,-0.000402420024101694,0.10724458235077,0
6.105,0.870437579178662,-0.0277367090658919,0.121981622016685,0
6.106,0.865804930067698,-0.00470970742369934,0.115367989584293,0
6.107,0.855754828124384,-0.0328498736294303,0.137361710284412,0
6.108,0.860875058822035,-0.0109296501439811,0.122634998890802,0
6.109,0.850418614704445,-0.00763461769640532,0.130355357527424,0
6.11,0.859797325860907,-0.00653222216979776,0.121544594193159,0
6.111,0.856163118365386,-0.0142296160613999,0.128341700452238,0
6.112,0.830479121174106,-0.0038282865594648,0.11337113441883,0
6.113,0.855328721921604,0.00184630280607757,0.121598787690948,0
6.114,0.849114634000034,-0.0188351352413549,0.136720363810472,0
6.115,0.827655111931218,-0.00624051817454468,0.112080575364584,0
6.116,0.828168385651644,0.0224924266420202,0.0986978596205541,0
6.117,0.832340882618313,-0.0186308337971415,0.122155497201892,0
6.118,0.828757547799571,0.0113442088397119,0.10459130541779,0
6.119,0.815166084391602,0.00223939950593893,0.0970684203890203,0
6.12,0.829205823589881,0.0133666032401582,0.104013861522829,0
6.121,0.813512952382367,0.00120442756702584,0.096122360430793,0
6.122,0.838183030519286,0.0124801703321696,0.112313055915863,0
6.123,0.83159988700345,-0.0169816817542801,0.120740012076176,0
6.124,0.822039868106691,0.00320140501355121,0.102657852214382,0
6.125,0.809350559057142,0.0166982041944595,0.085045119120013,0
6.126,0.835849043864443,-0.0070685382682478,0.119709673564376,0
6.127,0.826995365957253,0.00560199060601724,0.105865059242751,0
6.128,0.829720281116557,0.000839944352128081,0.110555027125693,0
6.129,0.807314647028345,0.00552720926042501,0.0886734530582814,0
6.13,0.82917796038457,0.0109722802953442,0.105214055156797,0
6.131,0.819862800367432,-0.00379260601144413,0.104167409059447,0
6.132,0.812976642477673,0.0188196906712317,0.0872548424361469,0
6.133,0.819675590743685,-0.0102259851706654,0.107108822039491,0
6.134,0.813822614791758,0.014797398311032,0.089942083060882,0
6.135,0.817141533536817,-0.00157464210543495,0.100733743549537,0
6.136,0.812732312220039,0.0191041227519118,0.086920712405658,0
6.137,0.824495941520099,-0.00834741397626597,0.110445202636457,0
6.138,0.817099819816233,0.0132876444020274,0.0935583742230275,0
6.139,0.815855439550556,-0.00506201983028981,0.101303210836075,0
6.14,0.827344074414145,0.0105520427449309,0.103861874763901,0
6.141,0.821603105116483,-0.00816086330870921,0.10784543275329,0
6.142,0.811088572392573,0.0118609746693409,0.0890012427174411,0
6.143,0.825804747203119,-0.0040010454550268,0.109534706893839,0
6.144,0.81686365528538,0.0112734350735818,0.0943555400810149,0
6.145,0.820197948506873,-0.00759014721412453,0.10635994034834,0
6.146,0.829568536447333,0.00684284726132424,0.107633782094985,0
6.147,0.817465460599222,0.000612634703451906,0.100033777826633,0
6.148,0.820224635974202,0.00775690082629947,0.0990183921449027,0
6.149,0.81441490149322,-0.00377635709655588,0.0994817892046125,0
6.15,0.816427224865985,0.015360467061526,0.0920388377557554,0
6.151,0.823694865810541,-0.00455809417779343,0.107996362073459,0
6.152,0.829375961456497,0.00697909582639517,0.107430567475531,0
6.153,0.806191516173214,0.00103239670914466,0.0899791665899565,0
6.154,0.830301717827339,-0.0014037698043709,0.112282697560807,0
6.155,0.816993313250656,0.00512131901316306,0.09748684105166,0
6.156,0.824297183364138,-0.00765539229169803,0.110039266636192,0
6.157,0.832506058484551,0.000812829725259322,0.113167273601728,0
6.158,0.821141529198429,0.00200827049616571,0.102640680695351,0
6.159,0.828428189896547,-0.00440884231342044,0.112120046004851,0
6.16,0.814468363076457,-0.0016431783044733,0.09856209081532,0
6.161,0.834338028872067,0.00319979055729179,0.113650403399953,0
6.162,0.835860620310323,-0.0139666763301708,0.123255507473745,0
6.163,0.820854383271305,-0.00697831170499597,0.1067536845838,0
6.164,0.824186927324352,0.013481201426805,0.0998370945091109,0
6.165,0.809491797718315,-0.00197874354570012,0.0943982719021986,0
6.166,0.824522985306671,0.0066481477983556,0.103423118631677,0
6.167,0.813051806341203,0.00238531605431157,0.0954230258699172,0
6.168,0.830269899502431,-0.00259601453078059,0.112912271075733,0
6.169,0.818459867965095,0.00606207400885823,0.0984019651193127,0
6.17,0.825133930833342,-0.00894999945804689,0.111475384891653,0
6.171,0.832906962920695,0.00192175606315377,0.113065160570962,0
6.172,0.824992609060661,0.00146389137264772,0.106355473911311,0
6.173,0.823251913894524,0.00171121789343787,0.104714618540736,0
6.174,0.822591246778119,-0.00294285702982619,0.106377610308969,0
6.175,0.823382884796361,0.00482955104658712,0.103335620744221,0
6.176,0.830210448788451,-0.00687643714437835,0.114954314187708,0
6.177,0.834440653949023,0.00376051820915752,0.113552108023315,0
6.178,0.813727739604343,-0.00170977398587772,0.0980326224941989,0
6.179,0.834176143841368,-0.00841660388210102,0.119182259132379,0
6.18,0.821542828275118,0.00258314645092131,0.102823980410814,0
6.181,0.829030996943687,-0.0103384999174832,0.115603763366529,0
6.182,0.829881883611622,0.000457486137286949,0.11116215056238,0
6.183,0.824983885551811,-0.000444637337974609,0.10730587524235,0
6.184,0.831323285723525,-0.00448788954188259,0.114809630882403,0
6.185,0.829222527888284,0.00212366779475727,0.109792457759639,0
6.186,0.823697215509043,-0.00532884493766108,0.108535894961153,0
6.187,0.827330862075612,0.000849176946564149,0.108750851237756,0
6.188,0.833630429559497,-0.00725296493165663,0.118172062601177,0
6.189,0.834258747473859,0.00222510078618701,0.114169607907295,0
6.19,0.819434113927455,-0.00402272986471278,0.104182631649559,0
6.191,0.836052984385981,-0.00613241064648436,0.119765140836284,0
6.192,0.824763016267023,0.0015210097934195,0.106192684978666,0
6.193,0.831759624895685,-0.0104858763808512,0.118100747486392,0
6.194,0.826017581498903,0.000276960967261454,0.107895445208377,0
6.195,0.831986437754725,-0.00719154396288153,0.116720364879371,0
6.196,0.824795286479473,0.00175216167427812,0.106118684398926,0
6.197,0.839235552265821,-0.0102865536167156,0.124567309267826,0
6.198,0.832163198060464,0.00152089528286054,0.112696106093907,0
6.199,0.83032900029847,-0.00542754347257439,0.114431980609139,0
6.2,0.834269939531111,-0.00498787364294683,0.117678541067787,0
6.201,0.832043807667484,0.000516304856730182,0.113084184521094,0
6.202,0.827687027662182,-0.00642389375464132,0.112604430449611,0
6.203,0.829615442590608,8.23148222547198e-05,0.111167751853801,0
6.204,0.837551995554633,-0.00870060790823509,0.122350541146171,0
6.205,0.836736359793049,0.00114059934118298,0.116908668640395,0
6.206,0.825503706002568,-0.00497096780439739,0.110002977807101,0
6.207,0.837956821696725,-0.00743446785895045,0.122104818961952,0
6.208,0.828770925517623,-0.000947404576214939,0.110936831123273,0
6.209,0.837659215171818,-0.0108802883389684,0.123505214139062,0
6.21,0.829196567748995,-0.000625620459489325,0.111159948692835,0
6.211,0.839787556516188,-0.0111722476736322,0.125516137943607,0
6.212,0.832042111307507,-0.000478828858874878,0.113589565354145,0
6.213,0.834275467488902,-0.00897854917980994,0.119634954010451,0
6.214,0.831190975814181,-0.00195804025523249,0.113558080675526,0
6.215,0.836775752492217,-0.00893308006065798,0.121808408199705,0
6.216,0.830650843900675,-0.000966027357660063,0.11261158577857,0
6.217,0.842327934529035,-0.0105855210684841,0.127474361724614,0
6.218,0.837685576204946,-0.000405835405009488,0.118516271919555,0
6.219,0.83130579746831,-0.0050517338185396,0.115158914753072,0
6.22,0.83927817037401,-0.00680203544129741,0.122991163814417,0
6.221,0.834073116176759,-0.00144982962407214,0.115858668756173,0
6.222,0.835206197894913,-0.00846621840301526,0.120226415491067,0
6.223,0.832518116295672,-0.00128548611019592,0.114420196646487,0
6.224,0.842560917119585,-0.0103249026859448,0.127571614200085,0
6.225,0.839881584877522,-0.000474321580517154,0.120493064907416,0
6.226,0.830372992479182,-0.00467765004346437,0.114179825644272,0
6.227,0.840297927625146,-0.00790354781443293,0.124432727558895,0
6.228,0.833312437378994,-0.00194077577499288,0.115446042629119,0
6.229,0.837859146673411,-0.00923785490085446,0.122940829997666,0
6.23,0.832922632234123,-0.00166458849425318,0.114975651147127,0
6.231,0.843316992396261,-0.0104764258961476,0.128325540632575,0
6.232,0.839637569783476,-0.00113711248835995,0.120616216725077,0
6.233,0.83206796909878,-0.0053877293775787,0.116024875349884,0
6.234,0.841722599178427,-0.00730063856994104,0.125410182855899,0
6.235,0.835701523654464,-0.00242158251430699,0.117790122074003,0
6.236,0.836787649594731,-0.00846231310555855,0.121646978672145,0
6.237,0.834690253258824,-0.00284187680858246,0.117109016496021,0
6.238,0.842598831630903,-0.00976873739587771,0.127373443738565,0
6.239,0.837947775362059,-0.00184208824807075,0.11949039512871,0
6.24,0.836268999115589,-0.00845191007069287,0.121196642819246,0
6.241,0.836650871451198,-0.00305647165250225,0.118940289129753,0
6.242,0.839997487870181,-0.00897726431417648,0.124721289821583,0
6.243,0.836077744124175,-0.0025004330578438,0.118174715084852,0
6.244,0.846552122093429,-0.0104557663542494,0.131183153112391,0
6.245,0.844067221042314,-0.00191378959095833,0.124905347271757,0
6.246,0.833630384780326,-0.00524013707935397,0.117355698759033,0
6.247,0.845128444017732,-0.00774165371023024,0.128640140599128,0
6.248,0.838814425103495,-0.003389828304253,0.121017108735799,0
6.249,0.837876832365563,-0.00765563005683662,0.122246272873031,0
6.25,0.839295340949793,-0.00440723506216827,0.121930890674292,0
6.251,0.838380257020088,-0.00688215675452715,0.122319233380203,0
6.252,0.840951281865603,-0.00540663589841334,0.123866210648608,0
6.253,0.837964056381014,-0.00548354526303487,0.121285738599149,0
6.254,0.847306066243248,-0.00757480600698994,0.130483601214142,0
6.255,0.842761975672903,-0.0034807814619115,0.124536645032732,0
6.256,0.837539678190825,-0.00723224009724952,0.121762056433981,0
6.257,0.845708450211151,-0.00476299064259992,0.127739781347872,0
6.258,0.839552541775294,-0.0048345225610088,0.12237946010544,0
6.259,0.845911478901404,-0.0080232460375007,0.129488975696316,0
6.26,0.841040714949103,-0.0036481146554011,0.123119675822452,0
6.261,0.844814844743807,-0.00902205887854874,0.129012683934245,0
6.262,0.840881345338527,-0.00302165194193582,0.122684090827879,0
6.263,0.849107433624887,-0.00974674131525766,0.132153558410886,0
6.264,0.845999760169335,-0.00275987306147151,0.127053810333091,0
6.265,0.837496764619771,-0.00727940689518695,0.121771522478843,0
6.266,0.851398091175284,-0.00343774063671161,0.127168979255581,0
6.267,0.846762945771067,-0.00509073186241572,0.128851889077566,0
6.268,0.838888398723686,-0.00568026631006814,0.122233082210419,0
6.269,0.850967405163828,-0.00598821619339761,0.128734614694479,0
6.27,0.846689937382923,-0.0046032248672378,0.128563663147968,0
6.271,0.838676597582019,-0.00623851514164946,0.122325101914789,0
6.272,0.85282679527923,-0.00495043972726961,0.126597829193464,0
6.273,0.849830565307796,-0.00503267709818613,0.12927758851407,0
6.274,0.840003630287171,-0.00615451131466103,0.123459932453531,0
6.275,0.845150094391826,-0.00462345152605072,0.127238935855106,0
6.276,0.840687970832451,-0.00637079170974228,0.124167362060903,0
6.277,0.852737613466976,-0.00497532013250867,0.12667525905168,0
6.278,0.849014133342891,-0.00529475258917802,0.130108965321378,0
6.279,0.839911000145255,-0.0066465716661802,0.123629166242952,0
6.28,0.852641954475708,-0.00387960150646205,0.126237767227019,0
6.281,0.847508966811099,-0.00592163154601446,0.129950636349591,0
6.282,0.840997210118791,-0.00630293293666679,0.124426054680931,0
6.283,0.854561639627814,-0.00463866121546387,0.12488942776297,0
6.284,0.851726397997205,-0.00572099717740567,0.127895274380827,0
6.285,0.841697832772249,-0.00718174758654405,0.12547460195448,0
6.286,0.846995835633704,-0.00299631655401832,0.128112704448916,0
6.287,0.842212223833561,-0.00785422873963048,0.126252096570502,0
6.288,0.854781340153624,-0.00272264598296045,0.123784855161863,0
6.289,0.850311936428807,-0.00675834711029169,0.129618091066332,0
6.29,0.842578151347117,-0.00694156283486563,0.12614560392643,0
6.291,0.853875042195812,-0.0037245343578112,0.125045805169038,0
6.292,0.848390831507789,-0.00684503844923495,0.131203693948488,0
6.293,0.843338832670815,-0.00641172187921427,0.126567699163611,0
6.294,0.854821687140409,-0.00444190830138848,0.124538418172356,0
6.295,0.849967787116213,-0.006796315941973,0.129924219665931,0
6.296,0.84332761531323,-0.00703045258269407,0.126864913069499,0
6.297,0.856563982833848,-0.00327587987268879,0.122445482885584,0
6.298,0.852316387926528,-0.00723318737769209,0.128046275716042,0
6.299,0.844323384094598,-0.00754554040902287,0.127996792245549,0
6.3,0.85397127834748,-0.00284668800710932,0.124525186250945,0
6.301,0.847242703301536,-0.00789386985783981,0.130730273383711,0
6.302,0.848502248736034,-0.00440810675015153,0.130082152262014,0
6.303,0.846204115959182,-0.00765335127324332,0.129708116257173,0
6.304,0.854745443949259,-0.00345066497666313,0.124117123950582,0
6.305,0.848345833024632,-0.00812969391573971,0.131821117935165,0
6.306,0.85060949765531,-0.00436932138855853,0.128195731535977,0
6.307,0.846654710989528,-0.00796893504864939,0.13026518195307,0
6.308,0.860234330760682,-0.00301349427517355,0.119057100779771,0
6.309,0.857505114171033,-0.00780171204829615,0.123706124458541,0
6.31,0.847587926576602,-0.00935102134682887,0.131760475788753,0
6.311,0.850904805379083,-0.00142838572563569,0.126542961034281,0
6.312,0.848358336026574,-0.0108663614412526,0.133167304470993,0
6.313,0.85319379979799,-0.000300229602718367,0.123990067917601,0
6.314,0.84661428885119,-0.0112330354574878,0.131817714311068,0
6.315,0.861808153028491,0.0011438552775908,0.115702661489431,0
6.316,0.855075306138894,-0.00966037152092509,0.126707799491703,0
6.317,0.851715737893324,-0.00527072096276036,0.127613993058446,0
6.318,0.854492094864066,-0.00785046164535117,0.126369715276186,0
6.319,0.851507135045939,-0.00561725951294068,0.127956287200823,0
6.32,0.85787044135325,-0.00691225487675956,0.122942046512557,0
6.321,0.854732963837752,-0.00609899496496193,0.125327738986206,0
6.322,0.848033168850657,-0.00859134971588501,0.131822959815987,0
6.323,0.856177382449978,-0.000926812835792131,0.121624424259978,0
6.324,0.847563555113673,-0.0113500181623757,0.132738398471983,0
6.325,0.865034953015404,0.00121613182623044,0.112794483305951,0
6.326,0.859592857880146,-0.010002913363123,0.122854223561822,0
6.327,0.857388377350311,-0.00405757290030099,0.122008808536102,0
6.328,0.846224582214461,-0.0106087624108275,0.13122501818663,0
6.329,0.864435143315015,0.0022735447768589,0.112813946003464,0
6.33,0.856789261562099,-0.0103964254592452,0.12550083686365,0
6.331,0.856069358365708,-0.00277189475950214,0.122557603532843,0
6.332,0.853046900748348,-0.0105641793904335,0.128878050566962,0
6.333,0.853495810901858,-0.00266077093826279,0.12477346778721,0
6.334,0.858494593098785,-0.010360775283009,0.123968612142282,0
6.335,0.856517128973137,-0.00348416018824275,0.122486263180157,0
6.336,0.852616323136584,-0.00984594151018135,0.128911818027552,0
6.337,0.854712037689,-0.00170907225914529,0.123243784864595,0
6.338,0.857393123991284,-0.011254560678222,0.125351361972464,0
6.339,0.856444650955343,-0.00194548478308166,0.121820108002915,0
6.34,0.859509324748252,-0.01011394294283,0.122942492620769,0
6.341,0.857567853087667,-0.00291398586363367,0.121276496788534,0
6.342,0.854704743753892,-0.00967488476614906,0.126973071028171,0
6.343,0.855727124122878,-0.00166318213889254,0.122310951613625,0
6.344,0.861996828105908,-0.010070764282913,0.120716057620363,0
6.345,0.86051983254202,-0.00151483250422856,0.118002863163936,0
6.346,0.850215568363151,-0.0110051481090201,0.131549658794101,0
6.347,0.865187409265762,0.00301456967371311,0.111753059943558,0
6.348,0.852900501220742,-0.0117847979179382,0.129539035013055,0
6.349,0.859210740229129,0.00399393638391435,0.116564569274639,0
6.35,0.857822887873171,-0.0155752691002257,0.126966771298129,0
6.351,0.859787654360626,0.00286388813385036,0.116579999538208,0
6.352,0.858158662892394,-0.0145119376915235,0.126166175499076,0
6.353,0.859567986700188,0.00223627783919012,0.117063007696298,0
6.354,0.859584758787568,-0.0137624001658665,0.124550172155625,0
6.355,0.859924011866275,0.00195493067194429,0.116874924552527,0
6.356,0.861824003497166,-0.0128120438356045,0.122121288272595,0
6.357,0.860392799367933,0.000926662301298774,0.116936654583344,0
6.358,0.859554396388026,-0.011868082353858,0.123675863587673,0
6.359,0.859388902593799,0.000783489673846583,0.117884423746777,0
6.36,0.863692260444968,-0.0111081775943684,0.119660214527624,0
6.361,0.862244194958324,0.00134330012595364,0.115093355225944,0
6.362,0.85548232685032,-0.0119803096092183,0.127310666983211,0
6.363,0.861627861343451,0.00306243707179669,0.114826324367246,0
6.364,0.852168371677738,-0.0145392217160345,0.131433273070921,0
6.365,0.871484707287298,0.00720608621623672,0.104176107499648,0
6.366,0.855344033858194,-0.010057713724906,0.126519513885844,0
6.367,0.861304440908412,0.00664535145700779,0.113419032820902,0
6.368,0.872248248437128,-0.013102914806131,0.113017015332369,0
6.369,0.865229154141432,0.00663430208261557,0.109946909001831,0
6.37,0.85107084010905,-0.0138107321120771,0.132035358312901,0
6.371,0.873100715158051,0.00570592969988085,0.103427468392143,0
6.372,0.859505060559167,-0.0105321975196479,0.123042095439265,0
6.373,0.86525880184945,0.00671036151672894,0.109868144343925,0
6.374,0.864724337677721,-0.0165448609092853,0.121246516631965,0
6.375,0.857079197531271,-0.000662926807882074,0.120540679403942,0
6.376,0.861776338945762,-0.0128334839326089,0.122102710330221,0
6.377,0.862812865068707,0.00463110840317035,0.112989315974291,0
6.378,0.866951810405428,-0.0135597747699532,0.117866482517186,0
6.379,0.862395134032807,0.00392802548068003,0.113678741527352,0
6.38,0.858108072968824,-0.0149134748739821,0.12630158710793,0
6.381,0.864756474983812,0.00827070165056875,0.109550953744981,0
6.382,0.857595407271244,-0.0165232559033743,0.127503548333563,0
6.383,0.867785338449482,0.00772140773905307,0.107129068238628,0
6.384,0.852196528841965,-0.0138936754217365,0.131030126900724,0
6.385,0.876904109101869,0.00739566590539383,0.0992261737141822,0
6.386,0.861230804621113,-0.00937739267301694,0.120925823711646,0
6.387,0.867537054304811,0.00883314669512819,0.106808890075299,0
6.388,0.864048334266428,-0.0168854553420388,0.121952908331411,0
6.389,0.859702016887203,0.00360045325672783,0.116173664865809,0
6.39,0.864042787571007,-0.0159043394261703,0.121492654119304,0
6.391,0.867182720455247,0.0137024557281907,0.104822533689861,0
6.392,0.870288791137741,-0.0166845609808477,0.116334552757176,0
6.393,0.858646276518062,0.00604283448949133,0.115942865434904,0
6.394,0.865566614182172,-0.0176566178980716,0.120953321095288,0
6.395,0.867946419495223,0.0169532473368328,0.102605735776586,0
6.396,0.870135034001296,-0.0167924194716291,0.116503609603318,0
6.397,0.85726686550127,0.00517579256436632,0.117550565121717,0
6.398,0.868031971698516,-0.0169155149879499,0.118412487161138,0
6.399,0.868617588230228,0.0174984701103637,0.101739813741183,0
6.4,0.868990417274572,-0.0171099208734311,0.117645794128419,0
6.401,0.857542748317108,0.00599961185625549,0.116903391301717,0
6.402,0.870720965742703,-0.0167079674544124,0.115923925312142,0
6.403,0.870293611103452,0.0192433211704387,0.0994228248427116,0
6.404,0.86569084705333,-0.0171939694481249,0.120579690618908,0
6.405,0.858718769283633,0.00476386625684197,0.116427646279304,0
6.406,0.866789385567198,-0.017467590693111,0.11973446124472,0
6.407,0.868770440196612,0.019292492545463,0.100729382846028,0
6.408,0.872474086053915,-0.0154822591604955,0.113772753150894,0
6.409,0.857179426345251,0.00530270632629973,0.117516602695293,0
6.41,0.870215704408799,-0.0174496374381489,0.116684432710993,0
6.411,0.869431523257698,0.0200979883016672,0.0997496968310179,0
6.412,0.871030752438412,-0.0159614899362339,0.115254155119312,0
6.413,0.857789206507414,0.00623793540101641,0.116521996161161,0
6.414,0.873997229101703,-0.0170959015237112,0.113162193384314,0
6.415,0.872196432835335,0.021604695652528,0.096581997206416,0
6.416,0.865714712245668,-0.0157897696106161,0.119846975249397,0
6.417,0.860604544447682,0.00360643221646138,0.115253357664598,0
6.418,0.864741556814082,-0.0181538237251483,0.121812545551901,0
6.419,0.870876239502627,0.0197386916419854,0.0986099503649747,0
6.42,0.870452038295422,-0.0165480732355068,0.116007809499991,0
6.421,0.860298691938826,0.00954260566713201,0.112723466594818,0
6.422,0.876560819224556,-0.0173980449786305,0.111007776248035,0
6.423,0.873612641192175,0.0225866646770063,0.0948374506331513,0
6.424,0.866261527920763,-0.0148325501284744,0.118881373342251,0
6.425,0.862364787529787,0.00269220710144059,0.114094945033829,0
6.426,0.86420811639066,-0.0182149220972807,0.122278803812524,0
6.427,0.873748447128416,0.0168755574250381,0.097385492683556,0
6.428,0.863360693566881,-0.0163481248055058,0.122142500099159,0
6.429,0.875464181646692,0.00784067628498169,0.100103657653182,0
6.43,0.860067793247555,-0.0148990454822149,0.124362800716437,0
6.431,0.877527883672028,0.0224830042871753,0.0914028083074906,0
6.432,0.867000048723915,-0.0147744013906614,0.118174770469639,0
6.433,0.867104442027465,0.00272404646871707,0.109868721963379,0
6.434,0.863415841132127,-0.0169022376582616,0.122334455387259,0
6.435,0.879918284961354,0.00231799848750781,0.098744455227849,0
6.436,0.871037043309056,-0.00526499365095557,0.110136830721993,0
6.437,0.865235595791617,-0.000919616876896299,0.113215775216367,0
6.438,0.88284054065415,-0.00706424583312929,0.100554981275299,0
6.439,0.882775095335375,0.0238924606190624,0.0860720812322305,0
6.44,0.837618271453402,0.0196624401815236,0.127913221415728,0
6.441,0.82548591655031,0.0395546697680542,0.129286333879794,0
6.442,0.817093535988076,0.0639767018386318,0.125220954483287,0
6.443,0.818413150363926,0.0414367360448035,0.134620337634499,0
6.444,0.853588366739268,0.0539992563762721,0.0229748875392778,0
6.445,0,0,NaN,1
6.446,0,0,NaN,1
6.447,0,0,NaN,1
6.448,0,0,NaN,1
6.449,0,0,NaN,1
6.45,0,0,NaN,1
6.451,0,0,NaN,1
6.452,0,0,NaN,1
6.453,0,0,NaN,1
6.454,0.864531743478209,-0.0408096742335857,0.0410631541657281,0
6.455,0.862240853946587,-0.0483033808175984,0.0481961104948816,0
6.456,0.862485234417377,-0.0573711550193571,0.0548259225913176,0
6.457,0.861169438194966,-0.0232278342153863,0.126773168764628,0
6.458,0.86411664426187,-0.0287008953210805,0.1267011189419,0
6.459,0.864634041208957,-0.0262062207941377,0.125022135294295,0
6.46,0.868699391566353,-0.0320787784755449,0.124151108525995,0
6.461,0.868672759423451,-0.0256992358345849,0.121121955773919,0
6.462,0.873018178680157,-0.032066565115962,0.120238194844919,0
6.463,0.873028816805737,-0.0250022187206075,0.116853887577748,0
6.464,0.876237123379085,-0.0290736789356053,0.115894674863175,0
6.465,0.876457423113433,-0.0246351234030223,0.113563964343463,0
6.466,0.877428429491721,-0.0253611234506504,0.113005780658838,0
6.467,0.876485788244214,-0.0238293271928081,0.113073847422498,0
6.468,0.873542429405089,-0.0236392286976802,0.115541385099023,0
6.469,0.86550226848917,-0.0235867520664366,0.122572318678491,0
6.47,0.853937487500677,-0.0174932099187603,0.129868450562088,0
6.471,0.925005919269075,0.0252992456941687,0.0469964650865275,0
6.472,0.876262403332624,-0.0229859900721297,0.11272006946494,0
6.473,0.863012877721878,-0.0251776912793376,0.125413059057859,0
6.474,0.927858492520143,0.0264106106471883,0.0438852758530258,0
6.475,0.881984597636888,-0.0190178998587384,0.105739161765535,0
6.476,0.870429553448468,-0.0297064807112783,0.120951858180668,0
6.477,0.928465431669278,0.026944137000168,0.0430422010473415,0
6.478,0.882464185410623,-0.0212437603652922,0.106319787088029,0
6.479,0.881662893648109,-0.0151009805102956,0.104115821872697,0
6.48,0.885885094476489,-0.0216929867626612,0.103495286333827,0
6.481,0.926630054000667,0.027322755216139,0.0444288556935492,0
6.482,0.877941853323237,-0.0312704555136616,0.114999863005099,0
6.483,0.920288436028027,0.0379984684633021,0.0449666268717294,0
6.484,0.884518277109033,-0.0253556999791192,0.106398525849878,0
6.485,0.870287462933852,-0.00836702936909813,0.110920804405797,0
6.486,0.93143785462079,0.0250594070056902,0.0412356308914861,0
6.487,0.884839686195279,-0.0197920888606505,0.103481184653952,0
6.488,0.9199821962852,0.0403054080488977,0.0441298958630897,0
6.489,0.895252902613474,-0.0254543479990357,0.0969680292282399,0
6.49,0.908489686704103,0.0542492441707633,0.0476700479426134,0
6.491,0,0,NaN,1
6.492,0.907131676945039,0.0568814706401572,0.0476183116623679,0
6.493,0,0,NaN,1
6.494,0.905196455743079,0.0578717477445738,0.0488484075277498,0
6.495,0.944257905635761,-0.0662351980793664,0.073001303680283,0
6.496,0.909747795640044,0.053381211229106,0.046951559298465,0
6.497,0.898706736063702,-0.0256605072034057,0.0939916031304405,0
6.498,0.904040198558681,0.0592076958908606,0.0492239073433651,0
6.499,0.941984491787123,-0.0661190276058548,0.074934796733208,0
6.5,0.906369517984445,0.0571407059731182,0.0481405394354339,0
6.501,0.899318562156042,-0.0260357676895715,0.0936140598627371,0
6.502,0.902129155093245,0.0601732615082621,0.0504377270424759,0
6.503,0.901082446762393,-0.0340771416640924,0.0958493776508679,0
6.504,0.904992712595906,0.0584062664426616,0.0487429456982804,0
6.505,0.898153564391622,-0.0264074814177209,0.0948012784396785,0
6.506,0.900225031072362,0.0609023028093408,0.0517573137946187,0
6.507,0.900408152529146,-0.0392795287371188,0.0988859438651404,0
6.508,0.903858574895457,0.0588180108046381,0.049535615081981,0
6.509,0.89785231358095,-0.0288909670284618,0.0962271471290517,0
6.51,0.896519376393081,0.0654810064597291,0.0528508504790284,0
6.511,0.898684185987046,-0.0334706396928523,0.097650990395754,0
6.512,0.899007526140734,0.0647712219682353,0.0509884655750571,0
6.513,0.899247604850716,-0.0242904771457371,0.0928123327862614,0
6.514,0.857190607415333,0.0196224353827139,0.109155536256802,0
6.515,0.949842603283076,-0.0730402381817208,0.0712246651275888,0
6.516,0.8985835334543,0.0632959078389726,0.0520475687127492,0
6.517,0.947627304042127,-0.000450261848579207,0.0389035145501231,0
6.518,0.853104776252062,0.0299142217308252,0.107892851167669,0
6.519,0.937634547577011,0.00199038965736029,0.0396712744320257,0
6.52,0.887690831651294,0.0586124311217479,0.048935762743083,0
6.521,0.923439583661339,0.00435081961326465,0.0320356595643763,0
6.522,0.848261397286215,0.0251858301219113,0.114389675572418,0
6.523,0,0,NaN,1
6.524,0.881908110684855,0.033880954535502,0.0266061176429661,0
6.525,0,0,NaN,1
6.526,0,0,NaN,1
6.527,0,0,NaN,1
6.528,0,0,NaN,1
6.529,0,0,NaN,1
6.53,0,0,NaN,1
6.531,0.879630393190298,-0.0309738282162296,0.0234261742534669,0
6.532,0.876015568831487,-0.0281449628679982,0.0237020603012388,0
6.533,0.860671230865869,-0.0173866282240538,0.0258277044449913,0
6.534,0.847899936756901,-0.00678372693951955,0.0263471241716295,0
6.535,0.853590082399624,-0.0139914083371161,0.0279604857269227,0
6.536,0.85207865392083,-0.0143079056941189,0.029196620812593,0
6.537,0.867064559877681,-0.0342152094996902,0.0341495563542205,0
6.538,0.860786342459289,-0.0275666052737034,0.0333332275187028,0
6.539,0.863634843698411,-0.0314672577374214,0.0343631645014527,0
6.54,0.853561664635322,-0.0196080414829623,0.0321632764009688,0
6.541,0.874842281533465,-0.0479369757918443,0.0392493818664858,0
6.542,0.839463672102887,-0.00530032834837399,0.0307919944863535,0
6.543,0.868882952008133,-0.0410518850111576,0.0380463062031762,0
6.544,0.847474256792296,-0.0128505581641891,0.031132939870255,0
6.545,0.865874680529932,-0.0375571198236651,0.0374232315705299,0
6.546,0.854741336037303,-0.0220082849658229,0.0331615879266599,0
6.547,0.876896821718429,-0.0473476955071655,0.03743995848602,0
6.548,0,0,NaN,1
6.549,0.86808941692714,-0.0409151982557869,0.038448741668362,0
6.55,0.842169694746749,-0.0109131579293733,0.0331803552589528,0
6.551,0.86250717096272,-0.0357879668999384,0.0383087689577093,0
6.552,0.842582065245276,-0.0127239946540104,0.034258881940787,0
6.553,0.852980586370571,-0.0272930811124822,0.0382629886619156,0
6.554,0.830541567774509,-0.00355366350688318,0.0353717114493161,0
6.555,0.846308326022007,-0.0219772189722644,0.0387049854483189,0
6.556,0,0,NaN,1
6.557,0.840868500064258,-0.0185638053471436,0.0397555697521886,0
6.558,0,0,NaN,1
6.559,0.837481539550049,-0.0220804849859859,0.0446293462864973,0
6.56,0.813185336473299,0.00142395667875354,0.0390297462504459,0
6.561,0.81910080436428,-0.0110414361153005,0.0383903420691628,0
6.562,0,0,NaN,1
6.563,0,0,NaN,1
6.564,0,0,NaN,1
6.565,0,0,NaN,1
6.566,0,0,NaN,1
6.567,0,0,NaN,1
6.568,0,0,NaN,1
6.569,0,0,NaN,1
6.57,0,0,NaN,1
6.571,0,0,NaN,1
6.572,0,0,NaN,1
6.573,0,0,NaN,1
6.574,0,0,NaN,1
6.575,0,0,NaN,1
6.576,0,0,NaN,1
6.577,0,0,NaN,1
6.578,0,0,NaN,1
6.579,0,0,NaN,1
6.58,0,0,NaN,1
6.581,0,0,NaN,1
6.582,0,0,NaN,1
6.583,0.872924104415132,-0.00425100501315963,0.0895622336529937,0
6.584,0.956428249340644,0.0397540852444045,0.113088892812949,0
6.585,0.99297400481952,0.0632134194294432,0.0921548053042145,0
6.586,0.987813450289164,0.077201619313996,0.101156548651795,0
6.587,0.988082940341781,0.0392245964684013,0.0850469664920729,0
6.588,0.974913857561162,0.0400975249027155,0.0970555874566415,0
6.589,0.967568143735317,0.0363994403647441,0.101774754059648,0
6.59,0.962550180575776,0.0332236437854622,0.104698904653154,0
6.591,0.95902130259202,0.0308168853975746,0.106681182050109,0
6.592,0.95653587787948,0.0289898130156561,0.108022071541378,0
6.593,0.954802939113072,0.0275751308933263,0.108896932654738,0
6.594,0.95369022201687,0.0265258608595049,0.109399236861125,0
6.595,0.953485774127645,0.0262073617005352,0.109450047452163,0
6.596,0.955359438454052,0.0283457844237243,0.108845318778687,0
6.597,0.956710749031876,0.0334713511536786,0.110123204119608,0
6.598,0.940089957761272,0.0139423558637178,0.115418208273689,0
6.599,0.944785165296693,0.0143608875074621,0.111508390781464,0
6.6,0.951960859448375,0.019616901238251,0.107724962058248,0
6.601,0.939911752622437,0.0144889004882998,0.115869075880111,0
6.602,0.939234154436447,0.00786223423052598,0.113308065771349,0
6.603,0.932813853405965,0.0221841657898357,0.125793654257034,0
6.604,0.937894513689405,0.00387018379534057,0.112594837199701,0
6.605,0.927778767958593,0.00725500801598734,0.123100371512158,0
6.606,0.93275251513897,0.00142448543964973,0.115951105933166,0
6.607,0.927088004388369,0.000250688997597674,0.1203672875519,0
6.608,0.924845470723963,0.000415188334879035,0.122415556227113,0
6.609,0.921955718784527,-0.0054315767262354,0.12216213205425,0
6.61,0.902957117540989,-0.00075342264871828,0.117329923643162,0
6.611,0.914642696560028,-0.021464328826327,0.117928080020914,0
6.612,0.903831084184609,0.0129510373716644,0.124535649437557,0
6.613,0.912862160964696,-0.01099305836389,0.121279477537581,0
6.614,0.898398887519242,-0.0108809310297705,0.108569624350938,0
6.615,0.896011533560186,-0.0173859046433872,0.103411351402098,0
6.616,0.907125229251907,-0.00538564910545537,0.118856517444436,0
6.617,0.904096723223786,-0.0165278091815684,0.110963676342274,0
6.618,0.879880374356493,-0.010512636090654,0.0924104227978487,0
6.619,0.910556015001964,-0.0113562289657648,0.119098590620425,0
6.62,0.902463458178316,-0.000168039738289846,0.117215212940056,0
6.621,0.894760908893207,-0.0193891425586759,0.101407561887623,0
6.622,0.887181941587968,-0.00502195437763791,0.101461161801465,0
6.623,0.89797240255042,-0.0213262000277133,0.10334508048708,0
6.624,0.89366398900986,0.00672051892783814,0.11270620183321,0
6.625,0.885788041744082,-0.0169051258851609,0.0946787824182063,0
6.626,0.879978611224872,-0.0134659610797977,0.0911656864429752,0
6.627,0.888189643974341,-0.014815291744587,0.0977845891440858,0
6.628,0.876572286438648,-0.0145057110576503,0.0876757776014058,0
6.629,0.902578180135469,-0.00635629630861653,0.114462767615268,0
6.63,0.89229382410406,-0.00919482267834094,0.104062634412072,0
6.631,0.899991037146235,-0.00289960839299998,0.113821096829556,0
6.632,0.877028978493707,-0.00793838440118257,0.0911934607154218,0
6.633,0.902709842969767,-0.0157949414633011,0.110188253248004,0
6.634,0.900598357115986,0.0144132456926691,0.122505847427325,0
6.635,0.891007156390591,0.0012499589066401,0.107879775214701,0
6.636,0.886799402780461,-0.0213879623194779,0.0935575247357554,0
6.637,0.87801501528528,-0.00770977883282113,0.0922205261566602,0
6.638,0.890585468419841,-0.0219616839447864,0.0966408577156363,0
6.639,0.88866275955504,0.00594117280001216,0.108035482073384,0
6.64,0.882979394468303,-0.0181305811724481,0.0917372380547579,0
6.641,0.877582794351408,-0.00880181308148273,0.0913496871231557,0
6.642,0.885575867951914,-0.0186271503131261,0.0938022515381272,0
6.643,0.878716040481416,-0.00534263005066658,0.0939775555905913,0
6.644,0.892537118317234,-0.0192385741282564,0.0996681647465231,0
6.645,0.887124121057064,0.00417745228187363,0.105874676343635,0
6.646,0.888010419960676,-0.0194371819976806,0.0955896470941475,0
6.647,0.884198109108267,0.00188095057533463,0.102223392252459,0
6.648,0.897139009496077,-0.0178966777198121,0.104381125421352,0
6.649,0.893412392016197,0.0100157990362696,0.114186440837525,0
6.65,0.88615368064757,-0.0129225499475923,0.0970285403804929,0
6.651,0.88735955661679,-0.00480762774849806,0.101901011975377,0
6.652,0.885284696068528,-0.0157972134707699,0.0949183423803197,0
6.653,0.900018915027258,0.000591000858793857,0.11561637248683,0
6.654,0.899806795408497,-0.0123592262540333,0.109365809017367,0
6.655,0.887020320221501,-0.00248711866837001,0.102709769802884,0
6.656,0.887643308406965,-0.0148859086750982,0.0974491035783533,0
6.657,0.899233051059651,0.000341780880146248,0.114826074853894,0
6.658,0.905493711006681,-0.00740325964910064,0.116732553058062,0
6.659,0.880740922107712,-0.00468293255790365,0.0961569726504456,0
6.66,0.891032576475076,-0.00252015627722175,0.106259938770385,0
6.661,0.903444242774376,-0.00311650620323737,0.116946765869458,0
6.662,0.904728298692047,-0.00201662222014622,0.118606540051998,0
6.663,0.889071602701732,-0.00476236991074928,0.103502152776549,0
6.664,0.897577063901624,0.000762852582849957,0.113607971716013,0
6.665,0.885664954393651,-0.00490260826674773,0.100439347526163,0
6.666,0.900139169466141,-0.00702937925556253,0.112228394384832,0
6.667,0.90127908671647,0.00107702428622196,0.117043202685035,0
6.668,0.881634208368734,-0.00560610205574532,0.096569072143357,0
6.669,0.891833484570639,-0.00317991473840266,0.106714605784435,0
6.67,0.888946605719957,-0.00566459784219975,0.103004525074594,0
6.671,0.889413500104881,-0.00704800566113252,0.102770757613638,0
6.672,0.900563752794644,-0.00102442803539673,0.115445133392455,0
6.673,0.905005160092489,-0.00452656064645164,0.11773452998368,0
6.674,0.882076689071578,-0.00436862599801994,0.0975660950472579,0
6.675,0.891773535956548,0.00145843205187839,0.108861368245566,0
6.676,0.906003709711794,-0.00323064040286558,0.119237368909296,0
6.677,0.905184386576403,0.00113221647074912,0.120568555452548,0
6.678,0.899106556363859,-0.00473706618820303,0.112460042182477,0
6.679,0.907283140122857,0.00514019589566293,0.124318415118211,0
6.68,0.884046641429179,0.00104800213772788,0.101888252594216,0
6.681,0.897530453710551,-0.0120259730476694,0.107673708587674,0
6.682,0.892905871492475,0.00146597318650846,0.109916026175906,0
6.683,0.88563863014543,-0.00859301513077307,0.0987879251266129,0
6.684,0.899282313044442,0.00382352829908719,0.116657972722828,0
6.685,0.887795206964727,-0.00828725099045622,0.100843319306299,0
6.686,0.895577885310621,0.00497365253037495,0.113931975310481,0
6.687,0.891277341045728,-0.00705046238613372,0.104504349459368,0
6.688,0.893453310129158,0.000243366713691308,0.109845431714863,0
6.689,0.891611184751797,-0.0061914247076951,0.105206011270356,0
6.69,0.895482153729599,0.00165060747388393,0.112300766363984,0
6.691,0.892167656951121,-0.00555679047448507,0.105999220046448,0
6.692,0.896989576554953,0.00243228448669054,0.114002596366765,0
6.693,0.892319141446805,-0.00542093974249896,0.106200895537945,0
6.694,0.899587405400221,0.00379051321152204,0.116937547523117,0
6.695,0.891163262503963,-0.00646923033560402,0.10469323382152,0
6.696,0.90747477402842,0.00671436364320855,0.125278437143211,0
6.697,0.899045441869793,-0.00476980791162386,0.112459535684793,0
6.698,0.899573380110524,0.00176252361509097,0.11598898905189,0
6.699,0.901819046085433,0.0011237868701404,0.117677488173159,0
6.7,0.898472883814728,-0.00552817055633524,0.111609394895767,0
6.701,0.896420463623002,0.00208821652161543,0.113366611305958,0
6.702,0.896708599755729,-0.00487941295754206,0.110358549775822,0
6.703,0.905929202680058,0.00447985736494138,0.12288962101725,0
6.704,0.904250641649894,-0.00492805423481494,0.117004988293301,0
6.705,0.894018664774417,0.000274479592555888,0.110406816830647,0
6.706,0.906975582669023,0.00360378631875917,0.123412078258104,0
6.707,0.897930234156785,-0.00323970781510614,0.11222074326519,0
6.708,0.902813889801147,0.00609850184364992,0.12090965387616,0
6.709,0.897656399596079,-0.00255181254243892,0.11230481233479,0
6.71,0.905796985877876,0.00630040978578982,0.12364287649188,0
6.711,0.897361945148075,-0.00330657602058217,0.111695450000821,0
6.712,0.909934329925657,0.00746143513712307,0.127845624418179,0
6.713,0.90205355721869,-0.00293229053027531,0.116021228270169,0
6.714,0.901437252786259,0.00327077470958755,0.118383675406367,0
6.715,0.906858088487868,0.000794738649228263,0.122014921753967,0
6.716,0.903687383991643,-0.00103354052974551,0.118361214246343,0
6.717,0.900916495087761,0.00312796041917052,0.117864815828876,0
6.718,0.901429381383375,-0.00175309970489599,0.116033117507921,0
6.719,0.909068819335131,0.00498322467461729,0.125938386983507,0
6.72,0.906280544884116,-0.00330467496321186,0.119598340767341,0
6.721,0.898235662785193,0.00191751444704985,0.114939719812328,0
6.722,0.907981285304148,0.00179863210945223,0.123493849764725,0
6.723,0.900539234364803,-0.00161610164834157,0.115323764244519,0
6.724,0.907813959557894,0.00506787351739278,0.124881434331159,0
6.725,0.901471759252944,-0.00270990189570298,0.115639926820206,0
6.726,0.907997142507899,0.00571417567708544,0.125350584060666,0
6.727,0.902189102526799,-0.0029183055825366,0.116180822684271,0
6.728,0.907930017093109,0.00568919778219015,0.125284392090495,0
6.729,0.902588758552702,-0.00292931179085132,0.116533474569153,0
6.73,0.908828230450446,0.00580597526363713,0.12613732177087,0
6.731,0.903748746011802,-0.00288582297398885,0.117583705939097,0
6.732,0.906895387873726,0.0052438922941466,0.124171727034991,0
6.733,0.902802031403837,-0.00274600851266269,0.116817054166667,0
6.734,0.912684958167612,0.00622656375445724,0.129750737335259,0
6.735,0.90929107083987,-0.00254976240535013,0.122648438982994,0
6.736,0.900829714098195,0.00106807126043038,0.116869880192288,0
6.737,0.912447394552751,0.00312836854567504,0.128099055109236,0
6.738,0.906418866376761,-0.00122157595347791,0.12074101524701,0
6.739,0.903367210023833,0.00235287095934828,0.119720264118213,0
6.74,0.909732253774708,0.00151720309456907,0.124953716787448,0
6.741,0.90441332989864,-0.000371621221007844,0.119373248734747,0
6.742,0.911635725803267,0.00465231173661753,0.128107630745619,0
6.743,0.906929879472282,-0.00152791971577601,0.121060749639513,0
6.744,0.906091272892767,0.00418753932475528,0.1229972714506,0
6.745,0.9055647375241,-0.00111559298129981,0.120051099497989,0
6.746,0.911106338729956,0.00509511868137365,0.127855907432527,0
6.747,0.906226112268411,-0.00141501779687607,0.120500011067394,0
6.748,0.912362916792678,0.00542181122966959,0.129123908087195,0
6.749,0.907803518636034,-0.00152812027450395,0.121846106888808,0
6.75,0.909176194592134,0.00480019387163829,0.126022938943214,0
6.751,0.90632340979679,-0.00163968377289095,0.120490279103316,0
6.752,0.917013861445454,0.0057625037796106,0.131503672831286,0
6.753,0.914589971580539,-0.00137476969129341,0.127925378790156,0
6.754,0.90348085120141,0.00111834194360404,0.119280692772557,0
6.755,0.91537638678705,0.00253453569084721,0.130454127372634,0
6.756,0.908747444540193,7.94330079421756e-05,0.123452436642696,0
6.757,0.907644944215847,0.00250588277313117,0.123615625056851,0
6.758,0.910354553741388,0.000625392112313278,0.125130985689577,0
6.759,0.907256208130264,0.00155977359812017,0.122832637555789,0
6.76,0.917158687686972,0.00209767072386724,0.129598251964274,0
6.761,0.912505622299269,0.000224130012208699,0.126851788197872,0
6.762,0.906398974394436,0.00212082405068334,0.12234631154185,0
6.763,0.918326418936893,0.00090244715578821,0.127992654076497,0
6.764,0.913297037061266,0.000813578752333775,0.127835333956161,0
6.765,0.906782602064696,0.00165798257965218,0.122477143795228,0
6.766,0.920273484398382,0.0014234215505102,0.126527030879173,0
6.767,0.917169338972239,0.000873246395619457,0.128979582436057,0
6.768,0.907298813762363,0.00163574989123105,0.122933831102438,0
6.769,0.91403742851324,0.000874344948201056,0.12853263110209,0
6.77,0.908224215328682,0.00144634657930895,0.123666399158078,0
6.771,0.921282717503919,0.00151907787917711,0.125674245517696,0
6.772,0.918961926777273,0.000955605869864772,0.127433189369282,0
6.773,0.908099130487548,0.00216137508459043,0.123902475494352,0
6.774,0.91269684984455,-0.000374438475764502,0.126779499787825,0
6.775,0.909880912267107,0.00295406918899161,0.125850486017512,0
6.776,0.915809543066082,-0.000687606691320101,0.129386871207122,0
6.777,0.91001043789504,0.00225801654586816,0.125643348655796,0
6.778,0.92263740562217,0.000313264324160115,0.123890129083158,0
6.779,0.920165791621491,0.00173238337566579,0.126733524630619,0
6.78,0.909402987679347,0.0028487503486291,0.125395116947716,0
6.781,0.914769318689405,-0.00150611144981292,0.128100818804631,0
6.782,0.910424431964782,0.00365024884567718,0.126675539500731,0
6.783,0.921474686493683,-0.00191681153319603,0.123825308414545,0
6.784,0.915830815795544,0.00273705374406086,0.131005253893839,0
6.785,0.910943312993809,0.00157765445246662,0.126173206840812,0
6.786,0.922092886083204,0.000715601355136794,0.124540223492203,0
6.787,0.917229730956253,0.00225184757373461,0.129538015256823,0
6.788,0.910736524341134,0.00227098253484655,0.126324078372519,0
6.789,0.924017677105945,-0.000731615450588685,0.122149551651064,0
6.79,0.919992865346346,0.00279633267094714,0.127368406132529,0
6.791,0.911550792371087,0.00290690004056251,0.127351916256743,0
6.792,0.921063837732198,-0.00158185453119899,0.124321729415382,0
6.793,0.914314925073439,0.00331143800415001,0.129988983139761,0
6.794,0.91673534116969,-0.000368141114566361,0.128695124202089,0
6.795,0.91297707474838,0.00324370349976405,0.128778997581702,0
6.796,0.926180309678465,-0.00143209271316017,0.119899595273844,0
6.797,0.923481377643064,0.00335720234476666,0.124561769937406,0
6.798,0.913632867453759,0.00422009903738763,0.129827925955896,0
6.799,0.91717040680229,-0.0026436334180421,0.127206503001351,0
6.8,0.914413257588159,0.00548464881052931,0.13111221739729,0
6.801,0.920533344042831,-0.00365065521177134,0.123771367237169,0
6.802,0.913383207091235,0.00525619053795111,0.130099245643738,0
6.803,0.928964001141177,-0.0038079060584988,0.116300483556877,0
6.804,0.926361349353973,0.00464611748328207,0.122639108209736,0
6.805,0.919346343560356,0.00392976775215307,0.128440463454562,0
6.806,0.915225421733456,0.00145699304693462,0.129968327783328,0
6.807,0.925453960076354,0.000789479460922124,0.121572851496892,0
6.808,0.921667741443641,0.00299495169220485,0.125947872867004,0
6.809,0.913091932036713,0.00381188716910832,0.129194535858585,0
6.81,0.92710758690008,-0.00372981646053142,0.117942897291493,0
6.811,0.920769507438804,0.0049904453424514,0.127686280499478,0
6.812,0.916759574465853,0.00122968787349983,0.129391531524439,0
6.813,0.925057994907969,0.00133785776254859,0.122166952824934,0
6.814,0.920875456428931,0.00297884253272842,0.126618698400513,0
6.815,0.915498661957259,0.00270944619532132,0.130825965705716,0
6.816,0.922628898232162,-0.00147781864533525,0.122936202696306,0
6.817,0.915509702955243,0.0054525163255795,0.132121791023165,0
6.818,0.931119972287319,-0.00424210102484876,0.114159982325213,0
6.819,0.92747209185749,0.00531434878277124,0.121946363445858,0
6.82,0.921703116451986,0.00292892052371262,0.125852528200499,0
6.821,0.916173110256649,0.00309733804578412,0.13077923975214,0
6.822,0.926309525311601,-0.00203469638285994,0.119424894421191,0
6.823,0.918793437358734,0.00570787510465256,0.12973303232564,0
6.824,0.922856185540257,-0.00254154623775209,0.122203533905034,0
6.825,0.916503260308738,0.00644199669802635,0.132090445411361,0
6.826,0.933154911877541,-0.00514990925306384,0.111918310394517,0
6.827,0.928991290564697,0.00574201406623482,0.120799359867955,0
6.828,0.925341492408764,0.000800396937143723,0.121617700903007,0
6.829,0.914447875541058,0.0057298224504467,0.131356558618575,0
6.83,0.932740898887961,-0.00724922456383202,0.111257047178047,0
6.831,0.925174746576619,0.00619533947238083,0.124348987291869,0
6.832,0.924608075791249,-0.0021208744388286,0.120842570960932,0
6.833,0.921186670174834,0.00557405426629413,0.127539620037685,0
6.834,0.921694764793774,-0.00155650383827395,0.123663050576151,0
6.835,0.925927562408657,0.00517449480635329,0.123188369546012,0
6.836,0.923670012343112,-0.000139344188219722,0.122608356943969,0
6.837,0.924728844907073,0.00357495236955224,0.12346436678596,0
6.838,0.922940989380968,0.00043093427071089,0.123516817141639,0
6.839,0.930040134615836,0.00208907499169787,0.118089318169126,0
6.84,0.928178143059156,0.000918358462897538,0.119153814796364,0
6.841,0.915423838187337,0.00585517998485436,0.132317711254216,0
6.842,0.935460428967433,-0.00867092787389573,0.108154747094927,0
6.843,0.926444050116589,0.00653882695365538,0.123367554892604,0
6.844,0.928066462499799,-0.00515741791958948,0.116315409398392,0
6.845,0.925157009899835,0.00760921685439251,0.125003348303664,0
6.846,0.923358841180366,-0.00122859078839008,0.122325632718701,0
6.847,0.926844035699385,0.00492268505639332,0.122228238151896,0
6.848,0.925251767627572,-0.00100789801979108,0.120767976559174,0
6.849,0.929343726980591,0.00343659175468799,0.119316918004411,0
6.85,0.927451949926185,-0.000475204412306902,0.119089413351474,0
6.851,0.921936677764393,0.00413483332087214,0.126138541467901,0
6.852,0.925821980824998,-0.00360274339714615,0.119009561745965,0
6.853,0.926170210034907,0.00701241365938062,0.123809315120574,0
6.854,0.927144320221463,-0.00502185167507861,0.117163481613923,0
6.855,0.931747647524247,0.00653536315072034,0.118686201859608,0
6.856,0.929673710521156,-0.00401017276849137,0.115426120932503,0
6.857,0.922465525069979,0.00638875765804358,0.126743874598561,0
6.858,0.929964178795205,-0.00691494908683217,0.113769772406095,0
6.859,0.919462240688798,0.00989323084816424,0.131058591454391,0
6.86,0.941046292215056,-0.0105322248887017,0.10231322306363,0
6.861,0.928314215584433,0.00592737033129542,0.121384020227924,0
6.862,0.933434882399954,-0.0106229994389441,0.108928825491504,0
6.863,0.929561239457867,0.0113060912346781,0.122870616962763,0
6.864,0.925258384953886,-0.00283506475086758,0.119834975948844,0
6.865,0.926427012638466,0.00691154637860356,0.123499337700824,0
6.866,0.928564038863934,-0.00582563853839432,0.115495685967748,0
6.867,0.928582095244639,0.00813977404964454,0.122197314621288,0
6.868,0.930458146768862,-0.0087419743800197,0.112427203306196,0
6.869,0.934265611846609,0.00847145337377297,0.117369413079986,0
6.87,0.930795137483574,-0.00719344711117044,0.112868826947532,0
6.871,0.92691890752738,0.00840481848106773,0.12376867225313,0
6.872,0.930918874692101,-0.00943559894740226,0.111676383438826,0
6.873,0.927422397418143,0.0103760794513356,0.124271004651019,0
6.874,0.93273445855016,-0.0119821139096527,0.108854725375157,0
6.875,0.926004025577681,0.0114356379762677,0.12601837392351,0
6.876,0.936311352062829,-0.0120907585380398,0.105662610140193,0
6.877,0.920512377669975,0.00904601104880957,0.129675602547986,0
6.878,0.945091967939863,-0.0118687664271617,0.0980691872092307,0
6.879,0.930627801339658,0.00533798736883537,0.119017298324233,0
6.88,0.936598193056029,-0.0133594021605733,0.104783003287232,0
6.881,0.929569936937913,0.0122029755305595,0.12323893627258,0
6.882,0.93020188962176,-0.00635395919589745,0.113752890291649,0
6.883,0.923569411400673,0.0110561097685457,0.127942231270028,0
6.884,0.943598617479079,-0.0115270423311272,0.0995199427652357,0
6.885,0.926815671506694,0.00581332705395521,0.122565981830782,0
6.886,0.933080947435803,-0.015191372579734,0.10696398748227,0
6.887,0.943279036865316,0.00864944248391499,0.109495352853041,0
6.888,0.929960534892039,-0.0109773030529983,0.111714242789919,0
6.889,0.9247578387945,0.0141315534589119,0.128356376313766,0
6.89,0.943079707788105,-0.0124031435562887,0.0995278035638268,0
6.891,0.924111305990756,0.00555999367188609,0.124789456657784,0
6.892,0.933161601037164,-0.015851755377555,0.106551233037777,0
6.893,0.941787822413186,0.0103279345108393,0.111587290844633,0
6.894,0.931211865074685,-0.0136540140581111,0.109306140878027,0
6.895,0.928434468838665,0.0146515647448001,0.125361488624199,0
6.896,0.938964347060434,-0.0183976704913477,0.10022415986809,0
6.897,0.925816729209161,0.0106396126861858,0.125716497612205,0
6.898,0.944974543649011,-0.00675266407738365,0.100555246980454,0
6.899,0.935564386096117,0.00422340935257494,0.114076960125581,0
6.9,0.939359473156444,-0.0140428781823486,0.101953211233702,0
6.901,0.931669832604355,0.0119269242852631,0.121186449984537,0
6.902,0.929669921348944,-0.00692456388593053,0.113862989287954,0
6.903,0.927010451187076,0.0114816317163151,0.125052200464742,0
6.904,0.944220245206667,-0.00893948697391348,0.100139948879059,0
6.905,0.931570924624126,0.00578509057927966,0.118305750780415,0
6.906,0.937413864899716,-0.0185679309293827,0.101458746775775,0
6.907,0.943675927884813,0.00967488747172672,0.10956041691659,0
6.908,0.925804691953537,-0.0109962430185004,0.115264589094309,0
6.909,0.932861822918306,0.0146220805918828,0.12141255892881,0
6.91,0.937119566861714,-0.0230561039111323,0.0995403018588559,0
6.911,0.936104556881416,0.0123950084625899,0.117490006679519,0
6.912,0.930403463675161,-0.0154800607330877,0.10906405495962,0
6.913,0.940674191126344,0.0131491613479392,0.11384253402204,0
6.914,0.938262917252058,-0.0259691634120611,0.0971182913101338,0
6.915,0.938898464622695,0.0112733952174077,0.114482889918806,0
6.916,0.926202238674259,-0.010640003905235,0.11505639345582,0
6.917,0.944286994832121,0.011836664729846,0.110027224731138,0
6.918,0.940926959177869,-0.0268395514845651,0.0943452987868399,0
6.919,0.933844885387494,0.0105874794046183,0.118561514047854,0
6.92,0.930861681243416,-0.00758420064511885,0.112426012419481,0
6.921,0.930307908084694,0.0135639045775125,0.123090996320075,0
6.922,0.944316664104186,-0.0152053249890737,0.0969643002156962,0
6.923,0.92685395594709,0.00796428909525504,0.123414502268866,0
6.924,0.945650994938743,-0.0227931597883493,0.0921345588434754,0
6.925,0.929615767990971,0.0073026227054049,0.120666876003639,0
6.926,0.94911489693712,-0.00541165150290542,0.0974576057354409,0
6.927,0.942178064919958,-0.00401426985032501,0.104200117056417,0
6.928,0.92954296098176,0.00659645990902738,0.120375671695909,0
6.929,0.942034563289738,-0.0185926842999745,0.097300402905067,0
6.93,0.932489764279271,0.0131219298582793,0.120927460934379,0
6.931,0.942092004864773,-0.0135966500361642,0.0996482471016916,0
6.932,0.92848397394673,0.0121020045209124,0.123940318658236,0
6.933,0.94910984129556,-0.0265861728902937,0.0872384880404774,0
6.934,0.93214855940981,0.00487085925511843,0.117236862363997,0
6.935,0.946913526092469,-0.00261648781563964,0.100691858864475,0
6.936,0.946062419863777,-0.0121480242541749,0.0968400922287286,0
6.937,0.925158374219968,0.00930588965666586,0.125480563331774,0
6.938,0.954741571366103,-0.00670947041037455,0.0918471734143286,0
6.939,0.935382463731361,-0.00262559780198132,0.110766803274616,0
6.94,0.94173295888908,-0.0105898529007887,0.10136302535662,0
6.941,0.934492264616267,0.0108234891145773,0.118013287008344,0
6.942,0.939570593660346,-0.0182173304889819,0.0995773765861747,0
6.943,0.934485741187087,0.0152591493762127,0.120147594398012,0
6.944,0.943389470019805,-0.0256161265842871,0.0926614903698973,0
6.945,0.93656693436863,0.0113666846011767,0.116439954454513,0
6.946,0.91219851596004,-0.031716808054618,0.1170480760829,0
6.947,0.893717517532949,-0.0218049117418606,0.138012637286371,0
6.948,0.88824236422773,-0.0663373854790085,0.121367966712611,0
6.949,0.884197212613887,-0.0408672073477982,0.137165753786805,0
6.95,0.89164016731361,-0.0435552850174629,0.129344195870417,0
6.951,0.927001178788322,-0.0541604568981728,0.024453598133112,0
6.952,0.939564470375387,-0.0366983849578485,0.0193803555725727,0
6.953,0,0,NaN,1
6.954,0,0,NaN,1
6.955,0,0,NaN,1
6.956,0,0,NaN,1
6.957,0,0,NaN,1
6.958,0,0,NaN,1
6.959,0,0,NaN,1
6.96,0,0,NaN,1
6.961,0,0,NaN,1
6.962,0,0,NaN,1
6.963,0,0,NaN,1
6.964,0,0,NaN,1
6.965,0,0,NaN,1
6.966,0.968361978495069,-0.0194757319006247,0.0248975260935408,0
6.967,0,0,NaN,1
6.968,0.967002224003117,-0.020877722004809,0.0250629332709674,0
6.969,0,0,NaN,1
6.97,0.976235593202884,-0.0157885685233478,0.027220857997695,0
6.971,0,0,NaN,1
6.972,0.978096721658992,-0.0176507647709192,0.0298413245861357,0
6.973,0,0,NaN,1
6.974,0,0,NaN,1
6.975,0.984685687492628,-0.014418557453077,0.031688131097342,0
6.976,0,0,NaN,1
6.977,0.960193942477644,0.0708083475584056,0.0488388865896455,0
6.978,0.985062271584283,-0.0175624353381146,0.0343120684494865,0
6.979,0.993525583671359,-0.00212845825919695,0.0281627877988382,0
6.98,0.957920196702057,0.074301199382603,0.0529661661064649,0
6.981,0.985814067641065,-0.018840078152467,0.0357711435977391,0
6.982,0.994993272962466,-0.0038626214348168,0.0304361575224541,0
6.983,0.997774127869123,-0.00381991707957353,0.0322200376397241,0
6.984,0.987344041707671,-0.0190896794984198,0.0369652911143306,0
6.985,0.992803563187499,-0.0075107870844976,0.031775362366552,0
6.986,0.946922307691566,0.0273231914093774,0.114463044420326,0
6.987,0.984068375432904,-0.0254781053061242,0.0396666433150898,0
6.988,0.991447057610569,-0.00988978725498473,0.0326975938638458,0
6.989,0.937082440746976,0.0304847293117176,0.124572683786392,0
6.99,0.983867800712266,-0.02348834355011,0.0380332581348643,0
6.991,0.944461771198313,0.0243030504256752,0.11511346601514,0
6.992,0.980193861755008,-0.0313057571944088,0.0415534624444532,0
6.993,0.948688171795537,0.0203457029761592,0.109482516830246,0
6.994,0.93032087570492,0.0183432356744155,0.124589448435386,0
6.995,0.983923144372974,-0.0259004344823841,0.0399012141964231,0
6.996,0.945160861676569,0.0232300829851168,0.113949484775118,0
6.997,0.976155544918094,-0.0382420460952515,0.0441709874339931,0
6.998,0.951569655682931,0.0237722296456372,0.108586747874637,0
6.999,0.931911885660925,-0.00899978435081166,0.109958908857036,0
7,0.963543248176374,0.0333090239423516,0.10270612512137,0
7.001,0.925175977490427,-0.0239103105985102,0.108643065261092,0
7.002,0.962241882815799,0.0352439777133792,0.104773048230343,0
7.003,0.959255051276986,-0.0606812330536079,0.0501209738219201,0
7.004,0.956387656794605,0.0256490006832673,0.105250107448331,0
7.005,0.965562521438648,-0.0537755989833797,0.0490255113116581,0
7.006,0.957680150707545,0.0293944180973959,0.105916752116409,0
7.007,0.960848414749265,-0.0607217273207451,0.051211435722717,0
7.008,0.957450486217822,0.0244204066894892,0.103702875689751,0
7.009,0.966407762576756,-0.0513080250089079,0.0477328827985562,0
7.01,0.965342587781925,0.0455493912839759,0.106997801883825,0
7.011,0.960988722179817,-0.061185709709801,0.0516707434951914,0
7.012,0.959103658763032,0.0248705650387755,0.102457625031728,0
7.013,0.924292366788143,-0.0254411781454144,0.108617588504577,0
7.014,0.967889611690167,0.0415923515601185,0.102843668293247,0
7.015,0.955735449055078,-0.0672540335749452,0.0528499452550868,0
7.016,0.961341019469455,0.0219549797539977,0.0990790359574341,0
7.017,0.92364061309755,-0.0112212522127201,0.116048069109855,0
7.018,1.02340979720877,0.0157932612400333,0.0342377693709379,0
7.019,0.921522675821697,-0.0276793249280729,0.109945635673071,0
7.02,1.02034886778143,0.013260658276075,0.0341644178889664,0
7.021,0.957297026736865,-0.0630974460019541,0.050755089829939,0
7.022,1.00655066884922,0.000846083738075483,0.0345564408042057,0
7.023,0.918536537978937,-0.0151647157236221,0.118600959215374,0
7.024,1.01101535383817,0.00434274379547081,0.0348310682652996,0
7.025,0.959000589329614,-0.0563054809933832,0.0467500042982033,0
7.026,1.01359546154448,0.00970398851501055,0.0324721894443309,0
7.027,0.948070942130306,-0.0694293708485722,0.0495518254387054,0
7.028,0.99493428472068,-0.00817896117378195,0.0338271786078619,0
7.029,0.96921054879048,-0.0406350954402278,0.041587643244824,0
7.03,0.998058429757205,-0.00463097227471141,0.0331896135838148,0
7.031,0.951066409375445,-0.0576512049910432,0.0426220148420555,0
7.032,0.98015821007022,0.0229650468298174,0.0830918969825153,0
7.033,0.962718744165175,0.00476722586666238,0.0895639208709211,0
7.034,0.967707414847031,0.0126019547296422,0.0889942729171476,0
7.035,0.960159960127875,0.0106599494393623,0.094662048745737,0
7.036,0.957509935912367,0.00562244954224358,0.0945593524333707,0
7.037,0.955898595099144,0.0130102199653451,0.0958064556107619,0
7.038,0.948617960473537,0.0011359540461521,0.0951752280644718,0
7.039,0.94958399080577,0.0113504767031492,0.0910905519116724,0
7.04,0.941538626642416,0.000880056923817212,0.089113911758141,0
7.041,0.942496292416143,0.00851811087122358,0.0862651337131292,0
7.042,0.933682480335651,-0.00346801794470022,0.0843489592995278,0
7.043,0.936380158032429,0.00725451250577794,0.0815321081525544,0
7.044,0.926547556300429,-0.00656488540563506,0.079610124229621,0
7.045,0.934733308556355,0.0536719014103505,0.0522727356917379,0
7.046,0.919188622775079,-0.0094020239250607,0.0745490023569556,0
7.047,0.929658789555301,0.0529429552870366,0.0535760708863781,0
7.048,0.910576523726147,-0.0102549447867515,0.0674313269884569,0
7.049,0.920665742235562,0.0510047530037768,0.0466493616494823,0
7.05,0.891401300559401,0.0257520059271377,0.0332443350489113,0
7.051,0.904552832415436,0.0485425376741023,0.0337450753487876,0
7.052,0,0,NaN,1
7.053,0,0,NaN,1
7.054,0,0,NaN,1
7.055,0,0,NaN,1
7.056,0,0,NaN,1
7.057,0,0,NaN,1
7.058,0,0,NaN,1
7.059,0,0,NaN,1
7.06,0,0,NaN,1
7.061,0,0,NaN,1
7.062,0,0,NaN,1
7.063,0,0,NaN,1
7.064,0,0,NaN,1
7.065,0,0,NaN,1
7.066,0,0,NaN,1
7.067,0,0,NaN,1
7.068,0,0,NaN,1
7.069,0,0,NaN,1
7.07,0,0,NaN,1
7.071,0,0,NaN,1
7.072,0,0,NaN,1
7.073,0,0,NaN,1
7.074,0,0,NaN,1
7.075,0,0,NaN,1
7.076,0,0,NaN,1
7.077,0,0,NaN,1
7.078,0,0,NaN,1
7.079,0,0,NaN,1
7.08,0,0,NaN,1
7.081,0,0,NaN,1
7.082,0,0,NaN,1
7.083,0,0,NaN,1
7.084,0.976486742381964,-0.0435959599228448,0.141170195730338,0
7.085,1.04879331144351,-0.055126904692935,0.0963886259726976,0
7.086,1.05599640134085,-0.0872076863896549,0.0969676808527088,0
7.087,1.06701194405532,-0.0638512966240443,0.0843117696808178,0
7.088,1.05182175073954,-0.0579085586647358,0.0950358508636941,0
7.089,1.04163073654817,-0.0500143038631854,0.10043479658632,0
7.09,1.03417336844855,-0.0447311657637729,0.104623675091486,0
7.091,1.02878851609575,-0.0410724543688012,0.107729831218648,0
7.092,1.02492937533422,-0.038484143887161,0.109979978264936,0
7.093,1.02217747197008,-0.0366077820581015,0.111578028848003,0
7.094,1.02022437884583,-0.0352107728030802,0.112688927382215,0
7.095,1.01884835019084,-0.0341486373558091,0.113441814105656,0
7.096,1.01794311128641,-0.0333952356585935,0.113918498294224,0
7.097,1.01772159377176,-0.0333863876255096,0.114132274815102,0
7.098,1.0193415799723,-0.0358057737093501,0.113838147851649,0
7.099,1.02097309611145,-0.0417298039590581,0.115156739954033,0
7.1,1.00653084213287,-0.0233911248137052,0.119459934150865,0
7.101,1.01228712139932,-0.0210637205187848,0.113294060648135,0
7.102,1.02025494157319,-0.0316553427406142,0.111155740007713,0
7.103,1.00587392009842,-0.0124837388304143,0.115005971264644,0
7.104,1.00763887024812,-0.01509595493716,0.114656965967716,0
7.105,0.997272100364438,-0.0262261461705652,0.129005269006238,0
7.106,1.00304435170842,-0.0129654246216522,0.117746055012418,0
7.107,0.997148016521527,-0.0195270910281022,0.126012897866999,0
7.108,0.993250178833001,-0.00918181641719725,0.124666041645022,0
7.109,0.988342276660262,-0.0119967998884038,0.130318806733546,0
7.11,0.985863661528728,-0.00716991003983377,0.130274002398437,0
7.111,0.98170996219519,-0.0042898138515497,0.126399945187541,0
7.112,0.967765080155198,-0.00600312836787073,0.115024937419959,0
7.113,0.968191003750745,0.0103869792296893,0.107480441370718,0
7.114,0.977902776881664,-0.00518667398702142,0.123506254748624,0
7.115,0.980469764327508,-0.00547146899106168,0.125900158189242,0
7.116,0.95263738412218,-0.00217087904328096,0.0999506361428649,0
7.117,0.979575323951296,0.00719546084078264,0.11900879636798,0
7.118,0.974777553667196,-0.0197279320701678,0.127826471890437,0
7.119,0.959552710671688,-0.0061239722196113,0.107941522772578,0
7.12,0.953227975653391,0.0210692017770037,0.0892755518419928,0
7.121,0.961022816900745,-0.0109896944000765,0.111586527170507,0
7.122,0.953847029612126,0.0156377303686833,0.0924512674252447,0
7.123,0.950823964956011,-0.00155024320254277,0.0981094222609399,0
7.124,0.951043933700009,0.022712298970608,0.0865858805253943,0
7.125,0.959682398053259,-0.0126453609954388,0.111228296247229,0
7.126,0.952501843525384,0.0132575038806837,0.0924394323045933,0
7.127,0.948861015967549,0.000698063738604937,0.0953211128033966,0
7.128,0.950770513611914,0.0182783550157129,0.0885038513333927,0
7.129,0.957257071009028,-0.00732193512064305,0.106549546066831,0
7.13,0.952303794500527,0.0179749188640755,0.0900015794285389,0
7.131,0.952970083891944,-0.0117358467877589,0.104937339905043,0
7.132,0.954461198060363,0.0170065249448356,0.0923663565892621,0
7.133,0.949841017693797,-0.00950805749065233,0.101130940311404,0
7.134,0.960534700310116,0.0167660985230807,0.0978072785985116,0
7.135,0.954167725756644,-0.0139347528082868,0.107067086738005,0
7.136,0.958397822868456,0.0134217230282175,0.0975646829969238,0
7.137,0.947098562657335,-0.0028257552628048,0.095524528823113,0
7.138,0.963216101883295,0.0129627177863487,0.102011975482774,0
7.139,0.959241576069382,-0.0154654504650836,0.112269358387145,0
7.14,0.953308900268758,0.00876747084122833,0.0953802330965064,0
7.141,0.950891287622815,-0.000395040239962642,0.0976914743102831,0
7.142,0.952831586613221,0.0106509146198051,0.0940575176313331,0
7.143,0.960002786577253,-0.0050115444214136,0.107902333316432,0
7.144,0.959236101749129,0.0104245417656723,0.0997823404373995,0
7.145,0.946072254197655,-0.00334193235989251,0.0949092421554182,0
7.146,0.962699020196505,0.00718831622158939,0.104380909683171,0
7.147,0.949254783166948,-0.00101400300924171,0.0965762177914958,0
7.148,0.962983138560348,0.00282260767496308,0.106743794245234,0
7.149,0.950821471985308,0.0025565808891964,0.0962295041908314,0
7.15,0.961893263392513,-0.0044894933697341,0.109326642971363,0
7.151,0.948385666899493,0.00679658108182437,0.0920554074810007,0
7.152,0.972168245929352,-0.0139892759782419,0.122915326348338,0
7.153,0.960693872655562,-0.00207235417143415,0.10712597480814,0
7.154,0.964478949970746,8.06815559301339e-05,0.109405469217269,0
7.155,0.951122707770025,-0.00552641074684903,0.100424812024382,0
7.156,0.964849376572067,0.00854526239564881,0.105649742670783,0
7.157,0.957984991859547,-0.00846310332092017,0.107856838175846,0
7.158,0.960237455304491,0.00715068023934375,0.102293789803662,0
7.159,0.959997311694215,-0.00954679088364049,0.110148779741045,0
7.16,0.968028603499766,0.00262229585300574,0.111310185015531,0
7.161,0.963043373909525,-0.00422849775222214,0.110259815080102,0
7.162,0.950715682829613,0.00557415610196132,0.0947378164179728,0
7.163,0.972133516267392,-0.0128844954126479,0.122403191745059,0
7.164,0.960780330128566,-0.000655486570769274,0.106568265488165,0
7.165,0.964304772022653,-0.00258504674607191,0.110589657489569,0
7.166,0.961762567580474,-0.00733918664808747,0.110664761944502,0
7.167,0.95828907257465,0.0092707937451953,0.0996083603791433,0
7.168,0.965174312723753,-0.00915479900880081,0.114534137716329,0
7.169,0.961024623280996,0.00802570638047945,0.102611752116053,0
7.17,0.959207460069414,-0.00842021702731077,0.108962242124453,0
7.171,0.958948487278313,0.00724242665046397,0.101176736579346,0
7.172,0.964898727962739,-0.0119255659308143,0.115641726764002,0
7.173,0.956997286664401,0.00465040541153863,0.100725837484731,0
7.174,0.971983625171931,-0.0116444168731148,0.121715155305222,0
7.175,0.962549812198555,0.00200624371061516,0.106872509416581,0
7.176,0.964397062486335,-0.00781235463937519,0.113232213639728,0
7.177,0.971904365415304,-0.00418877854936884,0.118061544413817,0
7.178,0.970338850567547,-0.000422672681326046,0.114879761195885,0
7.179,0.955920529254173,0.000193196618401113,0.101962638826906,0
7.18,0.965386158804903,-0.00974498181558838,0.115048538703971,0
7.181,0.960525481355013,0.000225186182000663,0.105984470510609,0
7.182,0.962571792929993,-0.00421405247929202,0.109920613022346,0
7.183,0.961731731156404,-0.00074372931417762,0.107512516936685,0
7.184,0.962630603876209,-0.00329068663694217,0.109530716847969,0
7.185,0.968557357042666,-0.00435124712893569,0.115235219726729,0
7.186,0.96783498141933,0.000338802600953574,0.112343627371293,0
7.187,0.955969665120745,-0.0043170836044617,0.104204676351583,0
7.188,0.968883848807556,-0.00341784791745592,0.1150790331049,0
7.189,0.958085675663407,0.000874350641490481,0.103555861916741,0
7.19,0.97199025911056,-0.0101911938294649,0.121072843790525,0
7.191,0.961321516536882,0.00146541227601653,0.106110606710491,0
7.192,0.965860120551721,-0.00865914275330343,0.114972450742302,0
7.193,0.964187451963653,-0.000805226153530843,0.109720884488683,0
7.194,0.96366785231271,-0.00355865565853267,0.110596635128692,0
7.195,0.970490966075251,-0.00506650984879938,0.117301701504265,0
7.196,0.968780433874482,0.000357512340464873,0.113190723301207,0
7.197,0.958924067674523,-0.00459974860861753,0.106955218309364,0
7.198,0.96951098173321,-0.0044143663178454,0.116136826349957,0
7.199,0.96049285992416,-0.00030994245563818,0.106262389782408,0
7.2,0.974509783954874,-0.00995087066745375,0.123190158042623,0
7.201,0.966859806795814,0.000793070411092665,0.111312300077098,0
7.202,0.965925686605405,-0.00660200978261229,0.114064982541797,0
7.203,0.971397862924491,-0.00514711252866527,0.118157900724816,0
7.204,0.968946060431141,-0.000852175287672197,0.113942438988753,0
7.205,0.962400328742867,-0.00611428772248106,0.110752167025109,0
7.206,0.967765307034318,-0.00331889122437764,0.114102150943673,0
7.207,0.964956831290507,-0.00515251744023679,0.112529672872566,0
7.208,0.967508974517365,-0.00427155666342026,0.114340686394723,0
7.209,0.96685147162162,-0.00528697654769084,0.114256731302851,0
7.21,0.96708745076106,-0.00400998486839348,0.113848639781685,0
7.211,0.970409841745063,-0.00696985564459468,0.118187952845851,0
7.212,0.966703212069577,-0.00147933798988196,0.112295147100237,0
7.213,0.976882408894449,-0.0103693934542383,0.125500473888378,0
7.214,0.974804090418604,-0.000322582571803801,0.118838344621222,0
7.215,0.964270110606713,-0.004583150033505,0.111672214171719,0
7.216,0.974159804387324,-0.00900958989946067,0.122469255331312,0
7.217,0.966236414752164,-0.00172332858152244,0.112018625455443,0
7.218,0.975120516312715,-0.0112481468553343,0.124395161457879,0
7.219,0.968085481459935,-0.00128053292030007,0.113429396819853,0
7.22,0.972706442211049,-0.0105808455265609,0.121964281985968,0
7.221,0.967216688908935,-0.00157673314302227,0.112815529445219,0
7.222,0.978669076413753,-0.0117546975214981,0.127756472029903,0
7.223,0.974479260725678,-0.00146500753974587,0.1191286314815,0
7.224,0.967706406448256,-0.00583812691508632,0.115309377516902,0
7.225,0.97590862540509,-0.00835174904096662,0.123706551448652,0
7.226,0.970452636936983,-0.00255465989630351,0.116135395581333,0
7.227,0.972692286369986,-0.010029672582366,0.121704236491906,0
7.228,0.969243803725959,-0.00247103589735728,0.11504026486458,0
7.229,0.97986441856614,-0.0118046852500375,0.128845547966648,0
7.23,0.977174288989235,-0.00200324817167857,0.121767100065201,0
7.231,0.967780297139274,-0.00565709559447219,0.115305278458559,0
7.232,0.977111548124529,-0.00954234556781221,0.125352479600074,0
7.233,0.970431230028761,-0.00335818501050127,0.116522520559265,0
7.234,0.975822590978269,-0.0108355490562557,0.124852175570255,0
7.235,0.970707844005916,-0.00296234189768573,0.116578210110114,0
7.236,0.97950186424965,-0.0117710929228525,0.128530296904891,0
7.237,0.975399820780238,-0.00261435230128713,0.120525849283333,0
7.238,0.970330906860573,-0.00831124684486349,0.118836052364644,0
7.239,0.976390040805038,-0.00635324209970438,0.123199609918248,0
7.24,0.97121565628173,-0.00544377857086614,0.118231499426967,0
7.241,0.981637680713336,-0.0102989599316361,0.129702616809203,0
7.242,0.978025459508739,-0.00345252048812234,0.123241984052336,0
7.243,0.9701643626613,-0.00701673113941478,0.118078314040776,0
7.244,0.981206700065864,-0.00856979336214216,0.128499769668733,0
7.245,0.975581549549474,-0.00434034095603312,0.121537579682638,0
7.246,0.972704747553146,-0.00849897860142895,0.121025155469789,0
7.247,0.97715642342429,-0.00642082162677011,0.123923434052347,0
7.248,0.972817191560899,-0.00620622010708467,0.120021521630469,0
7.249,0.983692263916586,-0.00972058229865233,0.131243036143933,0
7.25,0.980484872184107,-0.00413477283559975,0.125745427671988,0
7.251,0.97123493745236,-0.00682697103254782,0.118944695517037,0
7.252,0.983424556447293,-0.00863021663720914,0.130491886326934,0
7.253,0.978140101253691,-0.00484210017511005,0.124041424503947,0
7.254,0.97301543375656,-0.0076357840258691,0.120901946213428,0
7.255,0.983040394782249,-0.00755537109979108,0.129645462294419,0
7.256,0.97779150827196,-0.00512611295217783,0.123880860985429,0
7.257,0.974362546038878,-0.00842980362207355,0.122472259713607,0
7.258,0.979715952157811,-0.00603878410891965,0.126009913601684,0
7.259,0.974660405752596,-0.00653309001240129,0.121822386337412,0
7.26,0.986482526318239,-0.00883287898047976,0.130191795219332,0
7.261,0.983904476988209,-0.00482202910284618,0.129101994415069,0
7.262,0.97306996203067,-0.00683278751409437,0.120584727287924,0
7.263,0.983122270836624,-0.00745143261710557,0.129688969851433,0
7.264,0.9765949986306,-0.00584145654466875,0.123198959345479,0
7.265,0.98080495421181,-0.00874884648144207,0.128289882426861,0
7.266,0.976475547434083,-0.00514718968364387,0.122764072042817,0
7.267,0.987615439026992,-0.00972847018486758,0.12959035746483,0
7.268,0.985604324159634,-0.0044475162399264,0.128900350495545,0
7.269,0.973525388415931,-0.00729711602068017,0.121227987329734,0
7.27,0.984883571435229,-0.00560175161347162,0.130072025757427,0
7.271,0.977964719486376,-0.00645226286507825,0.124713920265888,0
7.272,0.980485069029857,-0.00747914927838146,0.127418371847523,0
7.273,0.977351968293229,-0.00598000100953453,0.123953435327704,0
7.274,0.988553932772271,-0.00816187070966057,0.128013031931834,0
7.275,0.985587213147259,-0.00536091466695961,0.129324773618974,0
7.276,0.975028847657888,-0.00779830547935637,0.122805884820723,0
7.277,0.98917108683909,-0.0044535733522215,0.125728478709515,0
7.278,0.9843044579567,-0.00682963371329169,0.130470876963779,0
7.279,0.976966816395164,-0.00714050169889717,0.124196081665145,0
7.28,0.989189256665096,-0.00598780095665582,0.126419477409331,0
7.281,0.985128370022493,-0.00652846181151216,0.130257670229471,0
7.282,0.976626253143352,-0.00771569455808127,0.124185361902231,0
7.283,0.990080660012521,-0.00471080668464211,0.125026756083439,0
7.284,0.985832548524154,-0.00709139205389096,0.129888832787442,0
7.285,0.97770148050132,-0.00765419997298272,0.125108276292154,0
7.286,0.988444420494558,-0.00494045768641506,0.126571618913203,0
7.287,0.982584282556102,-0.00736428419107389,0.129252319118354,0
7.288,0.979315531293026,-0.00700392473910847,0.126217484955549,0
7.289,0.986669882988459,-0.00609476677739124,0.128672661177468,0
7.29,0.980755290957685,-0.00740504423235797,0.127677275861041,0
7.291,0.98789768308234,-0.00611720893355815,0.127593307120282,0
7.292,0.982529400868708,-0.00728844113852837,0.129181400773478,0
7.293,0.984365278970248,-0.00683916601688893,0.130575691491483,0
7.294,0.98101409806812,-0.00683163101515434,0.127638486960436,0
7.295,0.993922424328098,-0.00635798362138631,0.122371062362309,0
7.296,0.992589141296678,-0.00665958539834856,0.12368495670573,0
7.297,0.979947658213993,-0.0100080976634195,0.128248589807457,0
7.298,0.984189931984106,-0.000651576592645152,0.127459242689042,0
7.299,0.987293720047224,-0.0133505667544828,0.131484020066549,0
7.3,0.985523905908061,-0.00317364693607135,0.128294859601549,0
7.301,0.987836032670327,-0.0110613338500713,0.129931191183067,0
7.302,0.985219991063416,-0.00439297586044496,0.129128110749904,0
7.303,0.989001219210655,-0.00953189066497515,0.128182465258734,0
7.304,0.985739581042646,-0.00537154056707735,0.129120755561698,0
7.305,0.987339003124422,-0.00858461412812511,0.129205057797768,0
7.306,0.984447047744257,-0.00554894632552638,0.130070177007487,0
7.307,0.994251584781037,-0.0075683447016759,0.122615230389981,0
7.308,0.992153746022062,-0.00613592368652398,0.123796187801971,0
7.309,0.97905223044883,-0.0105919183892615,0.127785405496452,0
7.31,0.99606887122357,0.0019019191524638,0.116577844312212,0
7.311,0.988360296002815,-0.00981535519987648,0.128858863196522,0
7.312,0.985647856347752,-0.00568878325374987,0.12932738175418,0
7.313,0.992956352739045,-0.00841497213795996,0.124137447720411,0
7.314,0.989933745173025,-0.00660503790850393,0.125960320328275,0
7.315,0.981365368978878,-0.00987616379514467,0.129487979802845,0
7.316,0.995190505313737,-0.000704582220204191,0.11855433467689,0
7.317,0.986804454761318,-0.0107118701965738,0.130637226579413,0
7.318,0.986624915622193,-0.00434672807407822,0.127821520213423,0
7.319,0.991554643124688,-0.0103339316389723,0.126258410901213,0
7.32,0.988602823796059,-0.00581063210480369,0.126752290233159,0
7.321,0.990176274844099,-0.00900895627574324,0.126853196005236,0
7.322,0.9877630470221,-0.00598391015557205,0.127571308801392,0
7.323,0.995924339154238,-0.0079375035387914,0.121267084236017,0
7.324,0.993686905833231,-0.00639825899250158,0.122521514733598,0
7.325,0.981276901994965,-0.0112949040897914,0.130126578854982,0
7.326,1.00077299524792,0.00208572736902446,0.112291047605525,0
7.327,0.993874817047744,-0.0108904127312071,0.124444134785236,0
7.328,0.992977788530715,-0.00383797728404471,0.121938550247669,0
7.329,0.984251635823571,-0.0115068893045734,0.132850413236395,0
7.33,0.995224629738044,-4.15987093372744e-05,0.118174976956748,0
7.331,0.984596397162566,-0.0126355941496986,0.13345018861141,0
7.332,0.997100690764047,0.000875703096115872,0.11608352262081,0
7.333,0.985759742696605,-0.0125704088219762,0.132386383191422,0
7.334,0.994229114471911,0.000455993754650444,0.118812795314467,0
7.335,0.984317621127334,-0.014434161532313,0.134331166688606,0
7.336,1.00356893503923,0.00162652024694599,0.1100065274176,0
7.337,0.995663681456489,-0.0117432439457214,0.123234310135531,0
7.338,0.997293703371175,-0.00125864539290164,0.116890003511212,0
7.339,0.985189610915686,-0.0136536766568601,0.133376936145163,0
7.34,1.00317954451166,-0.000565315765749122,0.111358267821929,0
7.341,0.997678734765365,-0.0116746573452942,0.121404920260291,0
7.342,0.997400130060449,-0.00273037689756331,0.117466311295364,0
7.343,0.981874836704774,-0.0131622183158098,0.131612071331162,0
7.344,1.00702544342256,0.000883071603584663,0.10726553499421,0
7.345,1.00334541473202,-0.0104894248115604,0.115824157619271,0
7.346,1.00799091706983,0.00583707475904096,0.104078340222514,0
7.347,0.983812369244941,-0.0068365808742736,0.130289799795714,0
7.348,0.989154512464067,-0.00799897129084781,0.127183882027881,0
7.349,0.995897261171676,-0.00962821960728414,0.121983578789521,0
7.35,0.993951233365046,-0.00714726633541879,0.122539687870996,0
7.351,0.985231222869847,-0.0118640807083683,0.132448717021168,0
7.352,0.997226198686715,4.09265347998379e-05,0.116281413190061,0
7.353,0.985062950708098,-0.0148451774047556,0.133986496035803,0
7.354,1.00333072884532,0.00336479752257592,0.109327661001915,0
7.355,0.990106120923879,-0.0123913341653849,0.128374965537337,0
7.356,0.994662489377399,0.000942013373797392,0.118112831208991,0
7.357,1.00345688544833,-0.014523823681252,0.117566491537724,0
7.358,0.999534593928392,-0.000122964525796689,0.114294103746547,0
7.359,0.983538726242481,-0.0146137614764381,0.13382750409968,0
7.36,1.00772036710418,0.00389718534584276,0.105175404169788,0
7.361,0.997642738234483,-0.0115662529745466,0.121303105051569,0
7.362,1.00343414817879,0.00416542157339837,0.108823857619739,0
7.363,0.98642902085722,-0.0157534922940558,0.133159731863208,0
7.364,1.00977061666224,-0.00394720207815065,0.107009734818527,0
7.365,1.00965056717085,-0.0015775207478741,0.105997561914659,0
7.366,0.994480561727797,-0.010630425958431,0.123627951916592,0
7.367,1.00224192358389,0.00449857626953596,0.109689059319632,0
7.368,0.983574221405718,-0.0132032716364643,0.133222280840911,0
7.369,1.01007803755845,-0.00185169069339452,0.105726782300109,0
7.37,1.0067280127824,-0.00651906309456108,0.110859652760313,0
7.371,1.00800026139226,0.00137417692625185,0.106033594011599,0
7.372,0.989023230498881,-0.0100995454469669,0.128160560898025,0
7.373,0.995862165231295,0.00215867775012095,0.116380199618313,0
7.374,0.996682813057952,-0.0171197153858846,0.124668463488606,0
7.375,0.99195578652706,-0.00264182266118666,0.122069073218157,0
7.376,0.994016038302691,-0.014622621748327,0.125850620982625,0
7.377,0.996050740435165,0.00202386883342286,0.116262267028229,0
7.378,1.00003430183217,-0.0151415058473867,0.120767862610638,0
7.379,0.996139825464889,0.00106469976161291,0.116623087895575,0
7.38,0.992427690489867,-0.0157038796322241,0.127744433941783,0
7.381,0.998459953207834,0.005321917682769,0.112575895630374,0
7.382,0.992778263165084,-0.0174998332574071,0.128268752356159,0
7.383,1.00097060906426,0.00611859229425694,0.109978947424801,0
7.384,0.98817865271703,-0.0162995875651467,0.131765610470226,0
7.385,1.01145916131587,0.00479263156242256,0.101326269318764,0
7.386,0.996531421435073,-0.0107157236746656,0.121763452715226,0
7.387,1.00315970571141,0.00775197842009513,0.107262668360541,0
7.388,0.997662972089938,-0.0180972707993067,0.124207794995653,0
7.389,0.995598155281824,0.00159528411141275,0.116816886382703,0
7.39,0.993959252868735,-0.017349178728465,0.127126549491766,0
7.391,1.00473317225497,0.0110923678231487,0.104298220663439,0
7.392,0.992096404753444,-0.016450333701734,0.128344867125325,0
7.393,1.01124641239928,0.00251994096927256,0.102547402548849,0
7.394,0.998812536056406,-0.0111911972534926,0.119941477789826,0
7.395,1.00490948246397,0.0101194275166763,0.104579284557227,0
7.396,1.00419197567439,-0.0178424197678768,0.118290081738133,0
7.397,0.992959398086507,0.00316876000841753,0.118380630039722,0
7.398,1.00543714591311,-0.0165247080075593,0.116568290208194,0
7.399,1.00526531720788,0.015754909843614,0.101610637467362,0
7.4,1.00185322579199,-0.0187055036770877,0.120743110414484,0
7.401,0.994905217934071,0.0050583796723728,0.115760551484333,0
7.402,1.00373443937427,-0.0184815452667951,0.118971524221045,0
7.403,1.00520962867638,0.0180862858517893,0.100552983294205,0
7.404,1.00638919440201,-0.0174875875111481,0.116148835957544,0
7.405,0.992644053343061,0.00411215596260907,0.118183556794303,0
7.406,1.00752740458386,-0.0172819204800588,0.115041856843208,0
7.407,1.00626927084119,0.0183464025770415,0.0994764522446388,0
7.408,1.00267645438671,-0.0180148393325207,0.119657971665988,0
7.409,0.995210551135507,0.00504240832018548,0.115463486260893,0
7.41,1.00586821684747,-0.0188924463297392,0.11724403622824,0
7.411,1.00648599907494,0.0198626799852149,0.0985588044531249,0
7.412,1.00657309511607,-0.0170858939120183,0.115763263105807,0
7.413,0.992638692551214,0.00378035672697147,0.118308472064969,0
7.414,1.01078217750049,-0.0166467706870027,0.111834113412861,0
7.415,1.0080461407831,0.0199956242215431,0.0970985913322214,0
7.416,1.00104919633451,-0.0167653056013251,0.120475010830451,0
7.417,0.998223387200878,0.00302018586611139,0.113711925492413,0
7.418,0.998162347698097,-0.0199003325939466,0.124489487353701,0
7.419,1.01055993565357,0.0176359698021598,0.0959693074711811,0
7.42,0.998546897260987,-0.0161024633301952,0.122363446312495,0
7.421,1.00951042763553,0.00253875470354,0.10395249970263,0
7.422,1.0000458426883,-0.0133513033599455,0.119745170114807,0
7.423,1.00636038841864,0.0120481520724977,0.10227830044705,0
7.424,1.0072516729355,-0.0181330204036005,0.115607867770346,0
7.425,1.00131096220528,0.0165157637516097,0.104639775000934,0
7.426,1.01279975415631,-0.0153898469958886,0.109412895421897,0
7.427,1.00289097108791,0.0148994094177872,0.103988551637556,0
7.428,1.00603582950278,-0.0199217840613814,0.117499012280583,0
7.429,1.0036548331203,0.0194558516723752,0.10117301090378,0
7.43,1.01217101343985,-0.0144256490823438,0.10949598978465,0
7.431,0.997326777042908,0.00543235866944273,0.113314825304575,0
7.432,1.00895305645499,-0.022361464099656,0.116045950334481,0
7.433,1.00878392566248,0.0230821391773516,0.0949257206526442,0
7.434,1.00997340908275,-0.0146755576395029,0.111534800544297,0
7.435,0.992438496657466,-0.000439207682053269,0.120363104666709,0
7.436,1.01819557741776,-0.0113030380934694,0.102687969898137,0
7.437,1.00841246068381,0.017605701114704,0.0977951259134824,0
7.438,1.0012342382413,-0.0174809605165802,0.120550244272206,0
7.439,1.00836774784427,0.00587304381015331,0.103317099739426,0
7.44,0.970382754957393,0.00771988565459353,0.136011983973956,0
7.441,0.967688889758582,0.0587607629182657,0.114508449087839,0
7.442,0.948984578903209,0.0432607811289821,0.138274708783447,0
7.443,0.947446936015023,0.0491021606710796,0.136892594837006,0
7.444,0.982436510715333,0.06217857868269,0.0249903833529378,0
7.445,0,0,NaN,1
7.446,0,0,NaN,1
7.447,0,0,NaN,1
7.448,0,0,NaN,1
7.449,0,0,NaN,1
7.45,0,0,NaN,1
7.451,0,0,NaN,1
7.452,0,0,NaN,1
7.453,0,0,NaN,1
7.454,0,0,NaN,1
7.455,1.00067520938608,-0.0444689340951825,0.042977589370607,0
7.456,0.999339459850635,-0.0535129210808337,0.0506305736790325,0
7.457,0.997607167394998,-0.023930143195351,0.126335643893168,0
7.458,0.999705407331616,-0.0280495167638166,0.126371603722237,0
7.459,1.00186933746248,-0.030156312599565,0.125403846884616,0
7.46,1.00417576482959,-0.0318196921249306,0.124101027385189,0
7.461,1.00615531183613,-0.0318413082775494,0.122315884695887,0
7.462,1.00833292062312,-0.0320693692838295,0.120452584480005,0
7.463,1.01005647268718,-0.0309892441988532,0.118376470980635,0
7.464,1.01181931722525,-0.0304262681413772,0.116509094196316,0
7.465,1.01296096166431,-0.0290818478275374,0.114824357004018,0
7.466,1.01364937625367,-0.028195402665106,0.11375624381329,0
7.467,1.01336520423868,-0.0272143996899836,0.113504237341875,0
7.468,1.01152271593734,-0.0267135270398809,0.114855799342921,0
7.469,1.00617575859097,-0.0269645659004707,0.119657322519323,0
7.47,0.995186063378527,-0.0260332419874567,0.1288886189795,0
7.471,1.00150386487905,-0.00620609051531699,0.113969190688164,0
7.472,1.00651025385722,-0.0344756073890482,0.122810787191227,0
7.473,1.00788540216986,0.00283424397444415,0.104036516737741,0
7.474,1.01363425037199,-0.0276759711852154,0.113282128917808,0
7.475,1.00541406526677,-0.0287856222250631,0.121039918229541,0
7.476,1.06845666641808,0.0227303459759767,0.0411648122127174,0
7.477,1.02008477713751,-0.0204645032319741,0.104144295145501,0
7.478,1.01093083203927,-0.034589736628154,0.118851003515541,0
7.479,1.06590852831043,0.0259027049893049,0.0418733739080448,0
7.48,1.01951780538344,-0.0241433978685973,0.106336451317665,0
7.481,1.07015697847153,0.0175432290908297,0.0420308931040758,0
7.482,1.01187744997191,-0.0340484997883356,0.117720014042949,0
7.483,1.05975370308456,0.0326322813882135,0.0440989297561591,0
7.484,1.01718242804668,-0.0283123354238755,0.110329874834633,0
7.485,1.06151934541005,0.0287210919355338,0.0443701794303157,0
7.486,1.05803005369062,-0.0766937785018156,0.0970505669632939,0
7.487,1.05261237882075,0.0446675203422334,0.0447242210283969,0
7.488,1.07139255626481,-0.0642324046222336,0.0793909865897127,0
7.489,1.04728811641498,0.0486400311194393,0.0475426026232145,0
7.49,1.0812892447339,-0.0731641322457755,0.0748608601213879,0
7.491,1.04894885082559,0.0483846956031296,0.0461958359402547,0
7.492,1.03075165936362,-0.028959405083397,0.0986423510775512,0
7.493,1.04423943691758,0.0565994922062409,0.0464801261222831,0
7.494,0,0,NaN,1
7.495,1.0420372550007,0.0554894630380607,0.0489353021818128,0
7.496,1.08397191068417,-0.0718773937848821,0.0718713413140319,0
7.497,1.04976682455162,0.0462470440947362,0.0464632362504872,0
7.498,1.02490432646798,-0.0311349639479168,0.10480834608405,0
7.499,1.04812070078448,0.0510765278939635,0.0456404444063893,0
7.5,1.0385541324097,-0.0253937970742149,0.0900591190241766,0
7.501,1.03586622214046,0.0629098526108447,0.0508748358072939,0
7.502,1.07570509109088,-0.0714277033500594,0.0789365742195987,0
7.503,1.04307396062888,0.0548611827590204,0.0482993928453627,0
7.504,1.0321309047901,-0.030778097417263,0.0982473582728092,0
7.505,1.03653397896801,0.063346113180447,0.0500705676692956,0
7.506,1.03611972820048,-0.0269761196838158,0.0929320111683457,0
7.507,1.03307483024898,0.0657370881446352,0.0519890138149378,0
7.508,1.03601775958002,-0.0319189908171436,0.0953418296322605,0
7.509,1.03562788708644,0.0640239830051136,0.0505374709907952,0
7.51,1.03569967935481,-0.0262211028887466,0.092932840097426,0
7.511,0.996745935906407,0.0321012950061109,0.0998578126896241,0
7.512,1.07803650085078,-0.0755252328645759,0.0787744518623242,0
7.513,1.03738325834187,0.0609823750505386,0.0504083986585984,0
7.514,1.03925869374729,-0.0291513852708173,0.0911620000962839,0
7.515,0.991632111514642,0.033053111951945,0.103911916604442,0
7.516,1.03737612244549,-0.0265098368795872,0.0915782510909829,0
7.517,1.0316315769934,0.0612101265302684,0.0553663534602447,0
7.518,1.06888375375377,0.00561151517706175,0.0399675893385274,0
7.519,0.984003616086197,0.0145712886660666,0.119331905879473,0
7.52,1.06495186671,-0.000857930825085184,0.0325227328904077,0
7.521,0.985965689262296,0.0215768323647243,0.114303420291104,0
7.522,0,0,NaN,1
7.523,1.01624104539089,0.036320886416688,0.0279587870870256,0
7.524,0,0,NaN,1
7.525,0,0,NaN,1
7.526,0,0,NaN,1
7.527,0,0,NaN,1
7.528,0,0,NaN,1
7.529,0,0,NaN,1
7.53,1.01334753036964,-0.0286244138231898,0.0224907253023245,0
7.531,1.0057162270978,-0.0218466639192907,0.0224882932152029,0
7.532,0.992926318769427,-0.0134125221055696,0.024686460437546,0
7.533,0.987880062039925,-0.010629134128196,0.02595168880897,0
7.534,0.990048061210496,-0.0142567626618154,0.0272194059839823,0
7.535,0.987859400277664,-0.0144430354706653,0.0288106489689096,0
7.536,1.00202948835718,-0.0318935326833341,0.0324303534953334,0
7.537,1.00174475725287,-0.031148516044808,0.0320646397039368,0
7.538,1.0071860595368,-0.0403781258409802,0.0353424626490416,0
7.539,0.985974945064176,-0.0162111055450678,0.0313661589998186,0
7.54,1.00758684634148,-0.0439079173569467,0.0377066719097522,0
7.541,0.992419396125709,-0.0244945909009541,0.0332760159354269,0
7.542,0.997770839152543,-0.0305285975749216,0.0342331895384001,0
7.543,0.992712333884079,-0.0225979067211635,0.0316655683881099,0
7.544,1.01094254673913,-0.0456356531289883,0.0367683929914866,0
7.545,0,0,NaN,1
7.546,1.01386614469081,-0.0512518259106095,0.0390143314476709,0
7.547,0,0,NaN,1
7.548,1.00234200885487,-0.0373497736502765,0.0362771234803259,0
7.549,0.982713723703498,-0.0158480478170527,0.033247872257265,0
7.55,1.00444060171886,-0.0425661615401818,0.0387785395980021,0
7.551,0.991024274173591,-0.0268593149728416,0.0359582537049027,0
7.552,0.992390619075895,-0.0289403055906082,0.0366017917381499,0
7.553,0,0,NaN,1
7.554,0.984257832056173,-0.0215555657024516,0.0364811514804255,0
7.555,0,0,NaN,1
7.556,0.979246043803502,-0.0199549878557136,0.0386095544097332,0
7.557,0,0,NaN,1
7.558,0.972409633182174,-0.017704980629657,0.0414668543502855,0
7.559,0.946139260659654,0.00902659058987711,0.0389433120521209,0
7.56,0.959182077855444,-0.0147070781055203,0.0405428381072001,0
7.561,0,0,NaN,1
7.562,0,0,NaN,1
7.563,0,0,NaN,1
7.564,0,0,NaN,1
7.565,0,0,NaN,1
7.566,0,0,NaN,1
7.567,0,0,NaN,1
7.568,0,0,NaN,1
7.569,0,0,NaN,1
7.57,0,0,NaN,1
7.571,0,0,NaN,1
7.572,0,0,NaN,1
7.573,0,0,NaN,1
7.574,0,0,NaN,1
7.575,0,0,NaN,1
7.576,0,0,NaN,1
7.577,0,0,NaN,1
7.578,0,0,NaN,1
7.579,0,0,NaN,1
7.58,0,0,NaN,1
7.581,0,0,NaN,1
7.582,0,0,NaN,1
7.583,1.00941921193869,-0.00585215539588159,0.0895581906719864,0
7.584,1.09203631143162,0.0409263521461025,0.114776928554203,0
7.585,1.13127939530568,0.0622364708461921,0.0905138410998393,0
7.586,1.12001099531051,0.0767522636935351,0.1005015108267,0
7.587,1.12089399468775,0.0358787799277572,0.0870634588304481,0
7.588,1.10927906017387,0.0361556933220078,0.0974182291334721,0
7.589,1.10242989015313,0.0333586341687015,0.102123989800628,0
7.59,1.09780456714278,0.0307869749676455,0.104986217255582,0
7.591,1.09458160028042,0.02876383594906,0.10687930790402,0
7.592,1.09232428845027,0.0271893353604112,0.108138123088079,0
7.593,1.09074992131936,0.0259393962621834,0.108951010288968,0
7.594,1.08969234285404,0.0249466384144312,0.109431278530997,0
7.595,1.08922225194173,0.0243488722556995,0.109582663620883,0
7.596,1.09015617975502,0.0250983706939519,0.109144330506896,0
7.597,1.09258594070009,0.029353508324095,0.109069474701693,0
7.598,1.08650255282379,0.0282584007314174,0.113901937924828,0
7.599,1.0948904980502,0.0178314909946998,0.101561912360247,0
7.6,1.07734920066534,0.0193125857385725,0.117674763332492,0
7.601,1.07986857240784,0.00988029209535749,0.110956869673246,0
7.602,1.08437177971531,0.0226391673159278,0.113125368335398,0
7.603,1.07390062530785,-0.0133820266869442,0.105063033497158,0
7.604,1.0711230899799,0.00722444425634806,0.117373766959509,0
7.605,1.06190785684184,-0.000638285195055036,0.121698667077366,0
7.606,1.0704098378427,-0.00156827382579282,0.113795918026256,0
7.607,1.06516832921909,0.00797904206324548,0.122970487933532,0
7.608,1.0573432071248,-0.006192554784725,0.123047852732848,0
7.609,1.05003729436195,0.00322446175352485,0.129254390621188,0
7.61,1.06024729068869,-0.00529583117126264,0.120933280985816,0
7.611,1.0534863074341,-0.00258958306801552,0.128160192944096,0
7.612,1.02977491183776,-0.0105245683987675,0.104935589095006,0
7.613,1.05912409546027,-0.00744458709606697,0.120890543985771,0
7.614,1.05197191442817,0.000815617095216306,0.129867342068524,0
7.615,1.03097662696793,-0.00603143723364414,0.108122069682703,0
7.616,1.02994512632032,-0.0260017519507463,0.0978765595574768,0
7.617,1.04227997014149,-0.00689691545582556,0.117711330320822,0
7.618,1.04650276252763,-0.006501235320022,0.12163955471704,0
7.619,1.01962057035256,-0.007415398710802,0.0974647194165418,0
7.62,1.03913563051557,-0.0257505218089635,0.106143390977734,0
7.621,1.03277669210244,0.00944896812322892,0.116987348461849,0
7.622,1.02574084374251,-0.0145013308284459,0.0995838275830582,0
7.623,1.01402665637573,-0.0205172601952254,0.0864223397709332,0
7.624,1.04050586954929,-0.00373103933582499,0.11767434495628,0
7.625,1.03103947912417,-0.013553556884738,0.104729775704102,0
7.626,1.03624081929782,-0.0040129666877457,0.113796677592282,0
7.627,1.01379309166365,-0.0100040718985906,0.0911675456376812,0
7.628,1.03321558177299,-0.0240811616777216,0.101758200316602,0
7.629,1.02977988998757,0.00946006224777717,0.114408937559599,0
7.63,1.02129144386499,-0.0100092145480534,0.0978193388018638,0
7.631,1.01137613995672,-0.0250966168291951,0.0820090647463332,0
7.632,1.03727782058774,0.00181852153750046,0.117484862559596,0
7.633,1.02920669688518,-0.0101613466414672,0.104766225579057,0
7.634,1.03228286558385,-0.0126208932866508,0.106345576770242,0
7.635,1.00940446101843,-0.0125436057478264,0.0861677905010574,0
7.636,1.02444356916958,-0.00930039203493435,0.100977364345824,0
7.637,1.01422298768867,-0.0147761483170513,0.0893896107721727,0
7.638,1.03135421846759,-0.00664740005437744,0.108332791309148,0
7.639,1.01698135494954,-0.0155146917796309,0.0914924303796204,0
7.64,1.02512990558178,0.000422125855090234,0.106144552394953,0
7.641,1.03864312211346,-0.0126401334411004,0.111993295281055,0
7.642,1.02705721775095,-0.00102213143521123,0.107192634396238,0
7.643,1.03369276368777,-0.0183807623770767,0.10495550266751,0
7.644,1.0091820152925,-0.00823905049265109,0.0880348591424731,0
7.645,1.02845663080082,-0.0110549805710755,0.103757265997096,0
7.646,1.01155151467442,-0.0134736782789777,0.0876890144607356,0
7.647,1.03590916329239,0.00191487217897888,0.116411099968215,0
7.648,1.022091720993,-0.00869688015865396,0.0992495939080663,0
7.649,1.02612986470093,-0.0107089134190534,0.101883424289305,0
7.65,1.03036638608234,-0.00187585494808346,0.109761286008451,0
7.651,1.02972086960209,-0.0186493763027383,0.101362376800165,0
7.652,1.01602792656779,-0.00552851869481167,0.0953924983190702,0
7.653,1.02797354107457,-0.0171275076978431,0.100535447537182,0
7.654,1.01897714027138,-0.00424733333115661,0.0986036240519551,0
7.655,1.03246749506855,-0.0153849563319686,0.105328982700488,0
7.656,1.02980322362478,0.00367880279005223,0.111885704170497,0
7.657,1.01929182368713,-0.013608404698777,0.0945249237561163,0
7.658,1.03511252682605,-0.00256158355346064,0.113673007005638,0
7.659,1.03065286367802,-0.0127992180412605,0.104956878793322,0
7.66,1.02760279813189,-0.00224396424631067,0.107196413808947,0
7.661,1.01901661727305,-0.0118886675401073,0.0951057224556209,0
7.662,1.03284136033631,-0.00045804606064112,0.112667910534738,0
7.663,1.0200269197667,-0.0129861222131152,0.0954941406210587,0
7.664,1.03037928083909,0.00483842367285583,0.112972729744671,0
7.665,1.02468181644279,-0.0129406380334021,0.0996379888621043,0
7.666,1.02566886107391,-0.0021449861741064,0.105554982944496,0
7.667,1.02311815140634,-0.0144886836572867,0.0975372866019156,0
7.668,1.03342273743689,0.00441616628886925,0.115478417804921,0
7.669,1.02228341696463,-0.0120735146673641,0.0979348952785632,0
7.67,1.03465540191,0.00391312246934688,0.116340329023389,0
7.671,1.02193621550001,-0.0106798546424186,0.0982862048637704,0
7.672,1.03601658139926,0.0033616293527749,0.117293176525949,0
7.673,1.02272023852374,-0.0099870888769215,0.0993102048112417,0
7.674,1.03405981659362,0.00328930425427484,0.115536589836731,0
7.675,1.0222954287858,-0.0104651093514845,0.0987174555593876,0
7.676,1.04264488980484,0.00290949959880773,0.122955221323434,0
7.677,1.03643802980939,-0.00748482542973201,0.112622872421272,0
7.678,1.04021211938055,0.00243879446421242,0.120600228176937,0
7.679,1.02018748922636,-0.00346120891731397,0.100149138722447,0
7.68,1.04801821979009,-0.00477559561191036,0.124141832870101,0
7.681,1.0482630402667,0.010697056232103,0.131595906234549,0
7.682,1.03729316482459,0.00300465116970237,0.118319466203379,0
7.683,1.04954810951829,-0.00691635754662969,0.124532089391509,0
7.684,1.02481430811257,-0.00236848254319014,0.104798778362796,0
7.685,1.027829377647,-0.0105759008330514,0.103635481379468,0
7.686,1.03545003521001,0.00182050583162433,0.116164701031405,0
7.687,1.03929919721585,-0.0107028269240537,0.11372853817594,0
7.688,1.01993479732791,-0.00509796728094581,0.0992292665010607,0
7.689,1.03214960460207,0.00402881186746409,0.114289756341124,0
7.69,1.0314903381999,-0.0070336754583252,0.108547294176087,0
7.691,1.02916553526436,-0.00267407217664551,0.10852943870471,0
7.692,1.03724927076811,-0.00206560623811836,0.115963646942023,0
7.693,1.03602962658335,-0.00497205955392529,0.113533472567869,0
7.694,1.02411340252531,-0.00293403786256766,0.103951996374497,0
7.695,1.04116786491933,0.00187448830232705,0.121276445925516,0
7.696,1.0305161084688,-0.0062157644167609,0.108087610461417,0
7.697,1.03453988984092,0.00337003187658863,0.116121315379511,0
7.698,1.04090969127332,-0.0022160430779253,0.119150693696145,0
7.699,1.03793282481566,-0.00395356209332553,0.115713053758222,0
7.7,1.02705370321465,-0.00434441044117956,0.105914564629029,0
7.701,1.04119636931991,0.00388480585704756,0.122261382730547,0
7.702,1.03070459641145,-0.00588918936113214,0.10842779593365,0
7.703,1.035704978107,0.00378853816026257,0.117367110501896,0
7.704,1.03421967770972,-0.00412359867679459,0.112364535593986,0
7.705,1.03370307454068,-0.000870682359629359,0.113427716092325,0
7.706,1.04051908623032,-0.000239862175444117,0.119751648942079,0
7.707,1.03833621196242,-0.00448565277351138,0.115844303729653,0
7.708,1.02982617324059,-0.000628668891132691,0.110122099564051,0
7.709,1.03992255910816,-0.000109996709723407,0.119292411760229,0
7.71,1.03131794006432,-0.00446519001349037,0.109654504590936,0
7.711,1.0439263991031,0.00455056286166366,0.125011924811748,0
7.712,1.0360446219764,-0.00517716615886401,0.113508028048681,0
7.713,1.03616309574044,0.00183103761471098,0.116884739203566,0
7.714,1.04025324820449,-0.00143740180673804,0.118978867524606,0
7.715,1.03709657487493,-0.00268167678330149,0.115609894395865,0
7.716,1.03944510991575,0.00229172282289617,0.120009663795192,0
7.717,1.03684041355714,-0.00491157205316549,0.114347869225144,0
7.718,1.04289785208318,0.00427125608033405,0.123991301163166,0
7.719,1.04026056573978,-0.00549344894934108,0.117107044886651,0
7.72,1.03463029001066,0.00180044015772579,0.115533801607467,0
7.721,1.03942062316087,-0.00187708015176302,0.118054793062351,0
7.722,1.03618248078282,0.000137389344838358,0.116133129025345,0
7.723,1.04155962144664,0.000627892327577991,0.121118166038936,0
7.724,1.03643247474052,-0.0024368478863476,0.115156682725109,0
7.725,1.0473321753648,0.00411532122525524,0.127853841717473,0
7.726,1.04333411231717,-0.0037490352528772,0.120654191100777,0
7.727,1.03606275821999,-0.00016837850093966,0.115897103346581,0
7.728,1.04619039325852,0.00232355468096773,0.12601689786637,0
7.729,1.04024029410586,-0.00295511217499641,0.118296461180502,0
7.73,1.03912822969439,0.00241680288572126,0.119820724831522,0
7.731,1.0403494499963,-0.00118539098540353,0.119221655925375,0
7.732,1.0398245430928,0.00147635716235142,0.120000631021796,0
7.733,1.04182983098363,0.000154882448457289,0.121158960656013,0
7.734,1.03946019883852,-9.22010636370614e-05,0.118949782528359,0
7.735,1.04741984444574,0.00270555272474411,0.127295491443468,0
7.736,1.04247872154295,-0.00245212668949548,0.120523582046853,0
7.737,1.0412015821678,0.00303248521566962,0.121954329987301,0
7.738,1.04123944916539,-0.00174762145047644,0.119759382789688,0
7.739,1.04507023856763,0.00369925524674596,0.125689368592432,0
7.74,1.04062180885052,-0.00245164331909763,0.118888649558168,0
7.741,1.05134441562484,0.00509581507395796,0.131893464236159,0
7.742,1.04824408830229,-0.00266001869842307,0.125539289891653,0
7.743,1.03861025866904,5.61965680000042e-05,0.118289286133105,0
7.744,1.05044508677986,0.00274940359428105,0.130012731477424,0
7.745,1.04427278795937,-0.00162250491412073,0.12251934059116,0
7.746,1.04134408279445,0.00166822195563105,0.12146577063507,0
7.747,1.04775150264412,0.00051463593407366,0.126595769695863,0
7.748,1.04230418611747,-0.000797164226050285,0.121169206375833,0
7.749,1.05005452970138,0.0034683800929779,0.130014655217508,0
7.75,1.04537421249062,-0.00191165724454357,0.123370239877148,0
7.751,1.04291035941729,0.00277546916465614,0.123379008775678,0
7.752,1.0448718826735,-0.00144279834970352,0.123147788751361,0
7.753,1.04417717967115,0.00245401004732129,0.124352196181896,0
7.754,1.04542094301834,-0.000890275664350376,0.1238940187967,0
7.755,1.04446845521876,0.00184982453065162,0.124330913343867,0
7.756,1.04742159084348,-0.000182271858940069,0.125996483005643,0
7.757,1.04378808514782,0.000532439433552503,0.123118075961366,0
7.758,1.05517979299657,0.00163496889897068,0.128327014993385,0
7.759,1.05190907554199,-0.000821181764804541,0.129676238353651,0
7.76,1.04178805014606,0.000594136870080397,0.121388094434078,0
7.761,1.05470533071969,0.000841188547707408,0.128351341774666,0
7.762,1.04934689366938,-0.000369729526551632,0.127629704826591,0
7.763,1.04315532557439,0.000649040770481525,0.122631012245395,0
7.764,1.05641473283433,0.000687508167337707,0.126771595680559,0
7.765,1.05339919187721,-0.000306395752975374,0.128929065513479,0
7.766,1.04323257205571,0.000563753665003741,0.122670491763907,0
7.767,1.05041235060323,9.21038766685264e-05,0.128801786994991,0
7.768,1.04437162774241,0.000251301448588725,0.123535794441727,0
7.769,1.0570551339261,0.000858276865647961,0.126279246187954,0
7.77,1.0544187201447,-0.000308475736302586,0.128021138360687,0
7.771,1.04367376619437,0.000953711023550561,0.123257507828468,0
7.772,1.05079716280075,-0.00101882574672249,0.128639425803402,0
7.773,1.04480867525328,0.000936576371542553,0.124256619969541,0
7.774,1.05851517195346,-0.000461247570133465,0.124350875064722,0
7.775,1.05643663435873,0.000356872066330123,0.126560111893069,0
7.776,1.04574396027756,0.00143163334651096,0.125327238081196,0
7.777,1.0479321312181,-0.00187129177193353,0.125724274698476,0
7.778,1.05192980960283,0.0030343899436417,0.131548940242974,0
7.779,1.04789696520509,-0.00124067386391323,0.125992285852723,0
7.78,1.05646359093836,0.00212033800323848,0.127375690386684,0
7.781,1.05280583374191,-0.000631712323285831,0.129248932207095,0
7.782,1.04482755263288,0.00165440897402399,0.124636726480259,0
7.783,1.05983773667062,-0.00305199294058711,0.121919318599496,0
7.784,1.05630816050436,0.00146208284789738,0.127181279894194,0
7.785,1.04784639492922,0.00140242807616827,0.127201186945392,0
7.786,1.0505640982041,-0.00167663134601004,0.128171839926772,0
7.787,1.0480167550331,0.00190028861281804,0.12758728398737,0
7.788,1.05569807797403,-0.00237130063263519,0.125860193737489,0
7.789,1.04935111675029,0.00176800607382088,0.12871103036582,0
7.79,1.05542061297939,-0.00155901202723667,0.12649022195135,0
7.791,1.04971262042304,0.00166133143443095,0.128986227278207,0
7.792,1.0578423879567,-0.00144518792128783,0.124419478664883,0
7.793,1.05255803679092,0.00167933931776622,0.130550703546803,0
7.794,1.0503395176418,0.000160522070940279,0.128850086832912,0
7.795,1.05241694815242,0.000178093553459791,0.129947858437354,0
7.796,1.05093050040772,0.000930991230386656,0.129735185004803,0
7.797,1.05531265396997,-0.000619241127922912,0.12702483750078,0
7.798,1.05027831462717,0.00192047954833873,0.129623339613665,0
7.799,1.06451639624576,-0.00238311047387384,0.118109760424761,0
7.8,1.06316975785819,0.00212504463205267,0.121457079968277,0
7.801,1.05249265331109,0.00406231829834123,0.131738071583225,0
7.802,1.05335562651296,-0.00439290524841975,0.126903085751746,0
7.803,1.06311373703781,0.00474570755749854,0.122761626810409,0
7.804,1.06205871080372,-0.00218053715935477,0.120339856491578,0
7.805,1.04587847186606,0.00416506378967652,0.126807486634951,0
7.806,1.06162582603797,-0.00943258179101391,0.117216834596785,0
7.807,1.05249940924049,0.00364868204380047,0.131514185483157,0
7.808,1.05389663491096,-0.00222047102730335,0.127458415480526,0
7.809,1.0539749094184,0.00414834044240438,0.130460424765235,0
7.81,1.05429392062731,-0.00210219821858181,0.127164788008855,0
7.811,1.05626292721985,0.00395187011447098,0.128359232035749,0
7.812,1.05430317992179,-0.00100612676695569,0.127682275974307,0
7.813,1.06264399405197,0.00201428268854246,0.121832859399724,0
7.814,1.05936730794612,0.000863291941178482,0.124143266956446,0
7.815,1.05054429751613,0.0032939680183882,0.130554291098809,0
7.816,1.06457950162463,-0.00572687441353954,0.116396604734173,0
7.817,1.0565268313363,0.00480116546377487,0.128522878774841,0
7.818,1.05572283933406,-0.00199305244892039,0.125947692107526,0
7.819,1.06079214384705,0.00345774837312967,0.12413630123673,0
7.82,1.05753662810471,-1.59552573309378e-05,0.125308588036554,0
7.821,1.05899104009806,0.00165023116959842,0.124836716129126,0
7.822,1.05631348600308,0.000452821822859284,0.126601731491729,0
7.823,1.06597485166921,-3.14958714103343e-05,0.11790527780905,0
7.824,1.06422165279081,0.00106721659928724,0.119965714065201,0
7.825,1.04993294610562,0.00551482906439991,0.13107995349095,0
7.826,1.0671037457039,-0.0108810535186275,0.111673287099083,0
7.827,1.05636472484438,0.00473454864732871,0.128606538395684,0
7.828,1.0581391587217,-0.00370272694439164,0.122980159613053,0
7.829,1.06276010625126,0.00548990862599074,0.123367241798215,0
7.83,1.06050480420737,-0.00169203196157547,0.121873411938094,0
7.831,1.05752844265801,0.00375368691827831,0.12710504355632,0
7.832,1.05833638642527,-0.00249894806751366,0.123379011120139,0
7.833,1.06417905219478,0.00380864684197875,0.121304496641322,0
7.834,1.06167675560499,-0.000997236409422529,0.121173083378455,0
7.835,1.05633581947642,0.00334402606907745,0.127942437956166,0
7.836,1.06022565375503,-0.00399952451017132,0.120991622118186,0
7.837,1.05825184525319,0.00611181236783217,0.127597802913905,0
7.838,1.06171021331088,-0.00581485505332208,0.118812626722103,0
7.839,1.05784084633377,0.00749931759232321,0.128624121175063,0
7.84,1.06450868529759,-0.00823071550723341,0.115193137345246,0
7.841,1.05461800369162,0.0083870521722032,0.131870910911145,0
7.842,1.07440155612098,-0.00966803591100346,0.105833513691017,0
7.843,1.0651267621726,0.00538978012057302,0.121214796837758,0
7.844,1.06807093728866,-0.00810949442493737,0.112117443924353,0
7.845,1.05772097946965,0.00804052240511488,0.128970231589656,0
7.846,1.06928300600612,-0.00562495589325423,0.112249338257616,0
7.847,1.06104204735927,0.00662302553537776,0.125371958795085,0
7.848,1.06181724670161,-0.00476486203589572,0.119194732494626,0
7.849,1.06425080599039,0.00597685697207288,0.122246089762862,0
7.85,1.06332036130577,-0.00437899039129348,0.118059373663841,0
7.851,1.06502688780951,0.00457484490221827,0.12088387775188,0
7.852,1.06311832007449,-0.00289589277331815,0.118945969189021,0
7.853,1.06420399097262,0.00324079483564644,0.120954645753486,0
7.854,1.06298354577559,-0.0027023031042042,0.119151825511606,0
7.855,1.06752235039185,0.00217355158277304,0.117528242825838,0
7.856,1.06575492484987,-0.00251954318515077,0.116806379508357,0
7.857,1.05707707409813,0.00382130855573705,0.127462408853679,0
7.858,1.06692511361411,-0.00795342775413958,0.113155102543322,0
7.859,1.05513687574455,0.00868086368740371,0.131503428916161,0
7.86,1.07764605023703,-0.0117237418309786,0.101944663008958,0
7.861,1.06547982083809,0.00473580491372919,0.120534693398897,0
7.862,1.07073594885175,-0.0118967792815205,0.107898941050814,0
7.863,1.06199217577072,0.0102513951618934,0.12624176065616,0
7.864,1.0668323398679,-0.00530213121536435,0.114493590798692,0
7.865,1.05888807429399,0.00768317788042063,0.127715186091077,0
7.866,1.07310184914821,-0.00857086339853756,0.107422039204469,0
7.867,1.06105403163675,0.0068259961993034,0.125398361795546,0
7.868,1.06722700453249,-0.0134229092391277,0.110215514903248,0
7.869,1.07165380919995,0.00988065034842239,0.117586182266706,0
7.87,1.06509433334737,-0.00833951728332367,0.114527777322068,0
7.871,1.06146787476749,0.00886816918315802,0.126008299871365,0
7.872,1.0689280642533,-0.0131361173669669,0.108851085535396,0
7.873,1.05932453077077,0.0101353800350443,0.128491172540413,0
7.874,1.07643049484811,-0.0113914739871464,0.10311998501718,0
7.875,1.06095123998414,0.00570013184014215,0.124918023345387,0
7.876,1.06776450310586,-0.0153342395610082,0.108794981061686,0
7.877,1.07713925934363,0.00858575271814526,0.112131512331865,0
7.878,1.06626818660577,-0.0108456948911118,0.112260461008549,0
7.879,1.05869588556665,0.011524174410308,0.129688790181382,0
7.88,1.0785394453975,-0.0132589129722041,0.100348219280882,0
7.881,1.0608802372388,0.00419058394817348,0.124226968801896,0
7.882,1.06727572845221,-0.0137758577565872,0.109950510549029,0
7.883,1.07955859499616,0.00653025032255815,0.10899716716187,0
7.884,1.06829238738052,-0.0125131800261977,0.109657031592846,0
7.885,1.05974008635969,0.0113570366423874,0.128667747229102,0
7.886,1.07790328512952,-0.0127294633330904,0.10113369300362,0
7.887,1.06063133377776,0.00511444052622947,0.12486461162354,0
7.888,1.06830583115032,-0.0150062109558627,0.108427517613609,0
7.889,1.07850528417178,0.00832853784999892,0.110761873660683,0
7.89,1.0668447249913,-0.0125867769905987,0.110862658980419,0
7.891,1.06065796768823,0.0133256072921214,0.128790286519973,0
7.892,1.07891167120371,-0.0146291657315843,0.0993083489569385,0
7.893,1.05979460936139,0.00402156893976107,0.125044240803987,0
7.894,1.07005714806966,-0.013228119699688,0.107728141491603,0
7.895,1.06978852107269,0.011365862702728,0.119836810014036,0
7.896,1.068766474228,-0.0147891713670183,0.108096409990717,0
7.897,1.07385415696135,0.0110419516421233,0.116113338410693,0
7.898,1.06959695993836,-0.017556381005312,0.106023529902641,0
7.899,1.07341475990387,0.0117007659788953,0.116806333644993,0
7.9,1.06768684467672,-0.0166428126784193,0.108127594850598,0
7.901,1.07487621814166,0.0114142734366986,0.11537976800011,0
7.902,1.07015417402354,-0.0199619093519772,0.104354840180249,0
7.903,1.07318907450374,0.0119094757260375,0.117085221611569,0
7.904,1.06641313101544,-0.0160090572633332,0.109529599554188,0
7.905,1.07603555822301,0.0114622620408546,0.114369296332687,0
7.906,1.07197731368929,-0.0226443742295982,0.101443872754919,0
7.907,1.0721522180786,0.0118561759511019,0.117947104126398,0
7.908,1.06449507436258,-0.0130297582640599,0.112628391052415,0
7.909,1.07628482812859,0.0121486423001555,0.11446450479264,0
7.91,1.07460369487808,-0.025598016748882,0.0976997248527863,0
7.911,1.07213342481595,0.0112754851076879,0.117663764348704,0
7.912,1.06228188696751,-0.00945678797794397,0.116272706169696,0
7.913,1.07606826736978,0.0113567609886199,0.1142543782524,0
7.914,1.07406001009252,-0.0251986710634319,0.0983515160516736,0
7.915,1.07490051417681,0.010936129599553,0.115060805113841,0
7.916,1.06224071355424,-0.0116715593440365,0.115221527509842,0
7.917,1.07980184611335,0.0115688924985805,0.11107052913366,0
7.918,1.07660273318555,-0.0275840236031555,0.0949539414977142,0
7.919,1.07037564377853,0.00981906879923306,0.118462763420607,0
7.92,1.06567075989382,-0.00817746097330003,0.113887803413004,0
7.921,1.0681499903424,0.0123494152940006,0.121630498399394,0
7.922,1.07670147711767,-0.0194433200466,0.0987872190958584,0
7.923,1.06442895351046,0.010696072782301,0.124082211735713,0
7.924,1.08529796593622,-0.0141049144077575,0.0938336867867067,0
7.925,1.06603056501008,0.00441808839222017,0.119639038974398,0
7.926,1.07273492987817,-0.0204265769507346,0.101768209840435,0
7.927,1.08491333146504,0.00551866701913438,0.103632374331065,0
7.928,1.06630323468683,-0.0134900867145105,0.110735811962007,0
7.929,1.0687221911026,0.0171710772937633,0.123427072089059,0
7.93,1.07987951364575,-0.0232356274417242,0.0941414482097385,0
7.931,1.0672923009943,0.00923160623416246,0.120835717823589,0
7.932,1.08379658564284,-0.0101559579968609,0.0970221056413235,0
7.933,1.07182415538673,0.00478418723891403,0.114712044332551,0
7.934,1.07681063831599,-0.0221418370562138,0.0973370158920554,0
7.935,1.08503255170467,0.00688341505415482,0.10415213754475,0
7.936,1.06245091165898,-0.0109214106318487,0.115314053768697,0
7.937,1.07327970119431,0.0128959494776476,0.117339696552803,0
7.938,1.07247485876258,-0.0220184365349037,0.101176891473233,0
7.939,1.07517412086881,0.0146027613132634,0.116499446512758,0
7.94,1.07526789251818,-0.0317015089668743,0.0940471755655027,0
7.941,1.08119537914827,0.00538966940606478,0.106767314521094,0
7.942,1.06213981398308,-0.00508162537382729,0.118386900605875,0
7.943,1.08843206572291,0.00115584123432539,0.0983832431390045,0
7.944,1.07300891967091,-0.0162541386500664,0.103466393318666,0
7.945,1.06903954418116,0.0181146729319194,0.123540894504381,0
7.946,1.05498098754488,-0.0496339226254057,0.103122270707547,0
7.947,1.02677894422058,-0.0338304386347363,0.135435704713208,0
7.948,1.01663280348129,-0.0572349785731588,0.133011685161085,0
7.949,1.02589203489441,-0.0586928783551275,0.124192463604018,0
7.95,1.03566121897694,-0.03763271212173,0.125798218915795,0
7.951,1.07005526273646,-0.0456878349526077,0.0217170313824764,0
7.952,0,0,NaN,1
7.953,0,0,NaN,1
7.954,0,0,NaN,1
7.955,0,0,NaN,1
7.956,0,0,NaN,1
7.957,0,0,NaN,1
7.958,0,0,NaN,1
7.959,0,0,NaN,1
7.96,0,0,NaN,1
7.961,1.08062952951736,-0.0388290595745968,0.0232029199227518,0
7.962,0,0,NaN,1
7.963,0,0,NaN,1
7.964,0,0,NaN,1
7.965,0,0,NaN,1
7.966,0,0,NaN,1
7.967,0,0,NaN,1
7.968,0,0,NaN,1
7.969,0,0,NaN,1
7.97,1.11607293843944,-0.0153559276625588,0.0283844465395552,0
7.971,0,0,NaN,1
7.972,0,0,NaN,1
7.973,1.12025082082703,-0.0107035025732412,0.0275654428396252,0
7.974,0,0,NaN,1
7.975,1.11896609390667,-0.0178934173027129,0.0321750028042018,0
7.976,0,0,NaN,1
7.977,0,0,NaN,1
7.978,1.12166610871038,-0.0190664196214108,0.0348215550504265,0
7.979,1.12770318185352,-0.0054728745117008,0.0284550732227725,0
7.98,1.08976490792671,0.0749062806402521,0.0572344777571537,0
7.981,1.12324277639404,-0.0154056645136142,0.0330724288652739,0
7.982,1.09538437638269,0.0757519642203623,0.0542191473643066,0
7.983,1.12097516716645,-0.0223582100596365,0.0368653525795706,0
7.984,1.13278747869328,-0.00611435053633105,0.0322521246955288,0
7.985,1.12412870795853,-0.0158001765761475,0.0339540423197537,0
7.986,1.0886558046389,0.0783084033353107,0.0605371307246032,0
7.987,1.12134469108983,-0.0225222987881991,0.0372337873241213,0
7.988,1.08447263042951,0.0233169570377435,0.111929443253267,0
7.989,1.11795786383213,-0.0304917385569395,0.0410738883778677,0
7.99,1.12774849915554,-0.0117857325026509,0.0332807459834374,0
7.991,1.06956556235934,0.0259098808898244,0.126191156836299,0
7.992,1.11835856144009,-0.0274387290522208,0.0390239109896617,0
7.993,1.0801098758169,0.0224191291256707,0.115267313522847,0
7.994,1.11405215089337,-0.0355205737708192,0.0423485670375663,0
7.995,1.08546800595232,0.0210254300202478,0.109890306012244,0
7.996,1.06618402824911,0.00348732895559194,0.118243958622085,0
7.997,1.12962361555166,-0.0191852926747942,0.0401150131621533,0
7.998,1.08232228568646,0.0141129091796046,0.109273187755164,0
7.999,1.07722211877637,0.000634679045460057,0.107193235988042,0
8,1.09196685661616,0.0216601294302062,0.104492591413896,0
8.001,1.06597343900474,-0.019377690267182,0.107315334712828,0
8.002,1.09922498986579,0.0379417317004008,0.106034921176347,0
8.003,1.09484150377881,-0.0626006632683786,0.0503678997712042,0
8.004,1.09165746091733,0.0229786547980728,0.105383155985312,0
8.005,1.10012812599311,-0.0560254049160695,0.0488387031079714,0
8.006,1.09364076442179,0.0309210956239883,0.107490339770009,0
8.007,1.09626418527287,-0.0637240361834582,0.0521642192966537,0
8.008,1.09299771353943,0.0183959687689685,0.101964525724936,0
8.009,1.06419277223988,-0.00794093513894406,0.114374600142796,0
8.01,1.09847350019995,0.0187709776654393,0.0973560109173922,0
8.011,1.0701799276124,-0.00924513014218101,0.108502684822191,0
8.012,1.13487143869856,-0.0179634217214596,0.0426601701338763,0
8.013,1.08537592476995,0.00242527253036808,0.100868663315658,0
8.014,1.12344897739247,-0.0331637350045727,0.0467482590257426,0
8.015,1.14432193970017,-0.00270665750960784,0.0372749177758546,0
8.016,1.04872175494327,-0.0241719244205752,0.119998511141749,0
8.017,1.15167949410849,0.00380304198774517,0.0371413355177151,0
8.018,1.09531669025948,-0.0627813151847717,0.050887213546286,0
8.019,1.15298420564939,0.00690344109980706,0.0356539782758835,0
8.02,1.09016964010596,-0.0684352846869083,0.0518292807250986,0
8.021,1.14305579098767,-0.00222883499174958,0.0361170786900929,0
8.022,1.05446972521191,-0.0245822506702401,0.114762721042912,0
8.023,1.14871997368089,0.00351757634536332,0.0354592247474042,0
8.024,1.09401538851675,-0.0617360090315489,0.0492770150853607,0
8.025,1.14330828428286,0.000488082639480428,0.0342418161671851,0
8.026,1.094197057889,-0.0585924608926355,0.0470252216224295,0
8.027,1.14181786341234,-0.00060320916923771,0.0341063922408355,0
8.028,1.09371975215947,-0.0577379166640249,0.0460769609969863,0
8.029,1.13966336446228,-0.00165044982697357,0.0335080421697509,0
8.03,1.08727697488542,-0.0644061969661983,0.0469453600028738,0
8.031,1.13040183383769,-0.0104362545125205,0.0341461318961189,0
8.032,1.08960659227022,-0.0607116309981972,0.0456763283670722,0
8.033,1.12294563232134,0.031111179204066,0.0819021936310594,0
8.034,1.09166104151493,-0.0126709098054349,0.0880254606339958,0
8.035,1.11319998476591,0.0281622643355892,0.0889966547070066,0
8.036,1.09011511106225,-0.00491361900516604,0.0931459668020908,0
8.037,1.09931509252107,0.0179180136269096,0.0961766320558128,0
8.038,1.08715929768439,0.00223126376221135,0.0961551229399626,0
8.039,1.08773814084911,0.0102657684476755,0.0927691325697011,0
8.04,1.08013660914567,0.00182288396897828,0.0902243335201715,0
8.041,1.07916833923723,0.00567045067101296,0.0875163723350394,0
8.042,1.07311851552129,0.000439434925810539,0.084769979924437,0
8.043,1.07158729303724,0.0028613185496838,0.0822608463679749,0
8.044,1.06671442980749,-0.000315317800292881,0.0795461426896817,0
8.045,1.06829447898368,0.0506840620320533,0.0526289212330708,0
8.046,1.06171032686534,0.0463797141592837,0.0525216058612045,0
8.047,1.0625042315518,0.0483500439742246,0.0522639778106083,0
8.048,1.0503327231964,0.0405837686824759,0.0453922472673706,0
8.049,1.05322884701713,0.045579670366614,0.0455063377180443,0
8.05,1.03097490369231,0.0278801854534138,0.0346364741074953,0
8.051,1.0367277175976,0.0425083323068007,0.0325785499862292,0
8.052,0,0,NaN,1
8.053,0,0,NaN,1
8.054,0,0,NaN,1
8.055,0,0,NaN,1
8.056,0,0,NaN,1
8.057,0,0,NaN,1
8.058,0,0,NaN,1
8.059,0,0,NaN,1
8.06,0,0,NaN,1
8.061,0,0,NaN,1
8.062,0,0,NaN,1
8.063,0,0,NaN,1
8.064,0,0,NaN,1
8.065,0,0,NaN,1
8.066,0,0,NaN,1
8.067,0,0,NaN,1
8.068,0,0,NaN,1
8.069,0,0,NaN,1
8.07,0,0,NaN,1
8.071,0,0,NaN,1
8.072,0,0,NaN,1
8.073,0,0,NaN,1
8.074,0,0,NaN,1
8.075,0,0,NaN,1
8.076,0,0,NaN,1
8.077,0,0,NaN,1
8.078,0,0,NaN,1
8.079,0,0,NaN,1
8.08,0,0,NaN,1
8.081,0,0,NaN,1
8.082,0,0,NaN,1
8.083,0,0,NaN,1
8.084,1.09231014901068,-0.0207325682480123,0.11198296202215,0
8.085,1.17011023972953,-0.0521432269873671,0.107466205883199,0
8.086,1.19996437073609,-0.0926222960168003,0.0928388506191232,0
8.087,1.21072295466285,-0.080847809947622,0.0846992021237943,0
8.088,1.18985493063096,-0.0648315541714736,0.0958368959072396,0
8.089,1.1791919937164,-0.054065484774367,0.100348716320265,0
8.09,1.17152148608671,-0.0473085809398535,0.104061323702118,0
8.091,1.16597019643431,-0.0428138214873295,0.106940057421199,0
8.092,1.1619784004434,-0.039727502740511,0.109085854162138,0
8.093,1.15912669250632,-0.0375405119893787,0.110634771481093,0
8.094,1.15709941040758,-0.035940985396954,0.111722200905787,0
8.095,1.15566947615578,-0.0347419432466846,0.112462810593575,0
8.096,1.15474806380442,-0.0339049963893013,0.11291738198395,0
8.097,1.15471407059604,-0.0339254521737258,0.112978379049074,0
8.098,1.15670443223484,-0.0369598043618572,0.112633187586024,0
8.099,1.15718875663842,-0.0424816742073175,0.114770179391194,0
8.1,1.14426973567695,-0.018956826880219,0.115376718306843,0
8.101,1.15018037558178,-0.0207846808617864,0.110989848985536,0
8.102,1.15726563009541,-0.0322058161948207,0.109987470167847,0
8.103,1.14336695427867,-0.011951629402857,0.112960509052142,0
8.104,1.14335906877587,-0.0191556322679237,0.116296720527359,0
8.105,1.13522589794933,-0.0214180904008028,0.12455759647529,0
8.106,1.1400262407994,-0.0144431124952218,0.117081173986085,0
8.107,1.13469390926279,-0.0189317052652476,0.123883070821188,0
8.108,1.11564763163753,-0.00972827079723224,0.126579601868182,0
8.109,1.1250941168414,-0.00708878557041362,0.126928242296764,0
8.11,1.1084034475393,-0.00377811254307311,0.117362439211795,0
8.111,1.12833028938905,-0.00636302977956478,0.123725763636804,0
8.112,1.12168995466662,-0.0139469830820522,0.133113022963443,0
8.113,1.09725102040241,-0.00507891446996932,0.108262253018383,0
8.114,1.10748822003794,0.0103461539773164,0.109733413484552,0
8.115,1.09411033775088,-0.011543227224442,0.108653503741318,0
8.116,1.11299789780076,0.011259470897415,0.114113489432602,0
8.117,1.1055546363021,-0.0196242318917606,0.122589621114764,0
8.118,1.0961605343998,0.00413797731234252,0.102863392251931,0
8.119,1.08817377362935,0.0081095796111672,0.0939570461345261,0
8.12,1.09956870825008,-0.00446468447847482,0.110019282492574,0
8.121,1.08484489866123,0.0119844958159814,0.0891749487551397,0
8.122,1.109254754695,-0.00656534775931422,0.119515074148987,0
8.123,1.10074630737012,0.0057922564834242,0.106096361476272,0
8.124,1.10273697396629,-0.00855474381303756,0.114802722042454,0
8.125,1.08260042206285,0.00231767559017086,0.0919345499257985,0
8.126,1.10185425259979,0.0114097834943729,0.104365838922843,0
8.127,1.0996163114868,-0.0167267008296365,0.116060660788002,0
8.128,1.08720903376477,0.000412928448372701,0.0969141382729834,0
8.129,1.0818895022382,0.0179817403023984,0.0837490887359125,0
8.13,1.09937640642475,-0.0131266377110595,0.114124341826462,0
8.131,1.08849521806669,0.00398986303138494,0.0963222716843709,0
8.132,1.08259830050437,0.0126931286542299,0.0869500846959957,0
8.133,1.10270072832247,-0.00490122296440623,0.113060644856413,0
8.134,1.09859379164665,0.00759877993494565,0.103420845959004,0
8.135,1.09767071706909,-0.0106009822578013,0.111444967070011,0
8.136,1.08229319968414,0.00396701762250065,0.0909454862425619,0
8.137,1.09750528453997,0.00577980049355557,0.10337220556564,0
8.138,1.09366849207431,-0.00251841307169305,0.104047438639855,0
8.139,1.07907839491147,0.00981048224309306,0.0853185631965835,0
8.14,1.10295123054593,-0.0101713381714736,0.115882408874352,0
8.141,1.09146041166561,0.00113855630235529,0.100363556266933,0
8.142,1.09571705378573,0.00287464291784113,0.10325089929337,0
8.143,1.07921664542311,-0.00137770427886025,0.0908887474777523,0
8.144,1.10467980891531,0.00812695131119594,0.108552360473448,0
8.145,1.10082787490011,-0.019769914816717,0.118716002177512,0
8.146,1.09308609377274,-0.00266661698200126,0.103669671172187,0
8.147,1.08331763289584,0.0126351539546092,0.0877175319649335,0
8.148,1.09215791046903,-0.00985805875284437,0.106351911618648,0
8.149,1.08674861953827,0.010225833440133,0.0918950410591062,0
8.15,1.08799671237782,-0.0016200620157107,0.0987301401485733,0
8.151,1.08615477372312,0.0126227994559037,0.0902198894370402,0
8.152,1.10036284060616,-0.00826098469745449,0.112768485843673,0
8.153,1.09680635056624,0.00835176162201352,0.101615800346577,0
8.154,1.09323413984669,-0.0084418845047556,0.106634914434228,0
8.155,1.09329164265709,0.00570573757313785,0.0998344608897066,0
8.156,1.09165746467442,-0.00501483659599884,0.103603523723187,0
8.157,1.10136981292555,0.00131206859768295,0.109035886606195,0
8.158,1.10194467631249,-0.00704905041031353,0.113597435967019,0
8.159,1.08337481001175,0.000119075095222408,0.0938902401881222,0
8.16,1.11057245686482,-0.00378419509685976,0.119569333532401,0
8.161,1.10652349175991,-0.00618433913425462,0.117202970947593,0
8.162,1.10876600298893,7.93314962190185e-05,0.116140252014796,0
8.163,1.09335356894382,-0.00517479414707655,0.105216205807477,0
8.164,1.10403355861221,-0.00471928690316686,0.114342571934947,0
8.165,1.08230084265555,-0.00354766725837294,0.0947751333434082,0
8.166,1.11127682965139,0.000966683089445913,0.117934166003996,0
8.167,1.11051321271652,-0.02131982728345,0.128075878822637,0
8.168,1.09875247233463,-0.0114244252365013,0.113011415824087,0
8.169,1.1066481642086,0.0119859169136755,0.108587718236415,0
8.17,1.08436325258126,-0.00221773981216736,0.0959833838028125,0
8.171,1.09195997634613,0.0015759611603426,0.10079293278772,0
8.172,1.1049071766513,-0.00774456792221491,0.116638113174461,0
8.173,1.1077300501757,0.00481453903684773,0.113035779737927,0
8.174,1.09655844232204,-0.00943700688978133,0.110176385641967,0
8.175,1.1057517767411,0.00742208471469464,0.110062139981411,0
8.176,1.08224214531353,-0.000474399293837502,0.0933287514545883,0
8.177,1.09206185474378,-0.00447529937749624,0.103856896075152,0
8.178,1.10591508818669,-0.00486973446350658,0.11617224706461,0
8.179,1.10618105174729,-0.000681246092641078,0.114387373986712,0
8.18,1.10428433034636,-0.00610044685341434,0.115362581257657,0
8.181,1.1045005056078,0.00107934711542769,0.112085789328596,0
8.182,1.10395954728238,-0.00883281017477732,0.116421240798296,0
8.183,1.09732342831997,0.000373846136817346,0.106168916853832,0
8.184,1.10696036517502,-0.00968903460756116,0.119478514333908,0
8.185,1.0849100072966,-0.00590618281873188,0.0983673233700155,0
8.186,1.10430461909817,0.00248769465609694,0.111274777349009,0
8.187,1.10435944042161,-0.00980763293342973,0.11728353290468,0
8.188,1.09329705262273,-0.00119210226080291,0.10344469001821,0
8.189,1.10071577073171,-0.0042530311317136,0.111421471581355,0
8.19,1.08720130527583,-0.00697874835185182,0.10092416591984,0
8.191,1.10855897814195,0.000266630042233516,0.116105995064083,0
8.192,1.10972697411268,-0.0126110496189246,0.123370679870386,0
8.193,1.09981475553475,-0.00551494935810131,0.111275259806713,0
8.194,1.11158051074392,-0.0055422897175673,0.121589805388238,0
8.195,1.08806120384813,-0.00659361032454829,0.101530769800212,0
8.196,1.10451262035371,0.000906174369541941,0.112297395008075,0
8.197,1.10125936809734,-0.00369477265081267,0.111683947280467,0
8.198,1.09176430033721,0.00103771628395727,0.10109085837416,0
8.199,1.09967275821729,-0.00976228980491658,0.113237728910981,0
8.2,1.09205467224418,-0.000599832341497303,0.102142823207344,0
8.201,1.10548836920045,-0.0094055203513417,0.118158996264344,0
8.202,1.09754435362696,0.000622733546738095,0.106361563630673,0
8.203,1.0994404230313,-0.00820717603787801,0.112294989744697,0
8.204,1.10174839083804,-0.00491001592823239,0.112722683157965,0
8.205,1.09933567651428,-0.00151233040349404,0.108970815378505,0
8.206,1.10234187600375,-0.00865551397912388,0.115059866922567,0
8.207,1.10066096248869,0.000345164086022823,0.109237457023612,0
8.208,1.10291368648359,-0.0100125786026123,0.116222338039021,0
8.209,1.10142567018412,0.000499886039432705,0.109837289695748,0
8.21,1.10415347527202,-0.0106952134385075,0.117642801807269,0
8.211,1.10256288753951,0.00023779565773028,0.110964846974271,0
8.212,1.10348102195565,-0.0106838021507032,0.117054405991608,0
8.213,1.10201301276537,-0.000346076598340811,0.110771186874236,0
8.214,1.10829987813602,-0.0117931222282426,0.121812414002624,0
8.215,1.1069330698165,-0.000524078062182675,0.115169186258111,0
8.216,1.09859890391384,-0.0077258000715432,0.111363348795136,0
8.217,1.10657254839545,-0.00710243064430722,0.118039558251274,0
8.218,1.10017276298314,-0.00452125140650189,0.111193598344402,0
8.219,1.11133482290061,-0.0111956716274547,0.12419062250552,0
8.22,1.10536317616188,-0.00247747851668725,0.114752525797834,0
8.221,1.10362347134515,-0.00892258884287323,0.116349736002779,0
8.222,1.10662811537776,-0.00666441952926464,0.117888387870336,0
8.223,1.10367880529933,-0.00557780167382314,0.114784065166843,0
8.224,1.11245211279575,-0.0108560503390415,0.125016162920301,0
8.225,1.1093999786468,-0.00285186895096226,0.118478236257432,0
8.226,1.10228693414505,-0.00794403958975347,0.114719486346786,0
8.227,1.1106242943531,-0.00865345633562187,0.122359206340448,0
8.228,1.1042863539545,-0.00454992018327863,0.114831330568393,0
8.229,1.11237967159128,-0.0119728712174106,0.125505195489089,0
8.23,1.10707995103947,-0.00341839906675837,0.116733889230278,0
8.231,1.10794134888225,-0.011100265484483,0.121204721187793,0
8.232,1.10570519259962,-0.00436682261734972,0.115993174405507,0
8.233,1.11442311202018,-0.0124599979934243,0.127537864118039,0
8.234,1.11014925668029,-0.00352588183221555,0.119481324737174,0
8.235,1.10595623413245,-0.00957266102581525,0.1187385213479,0
8.236,1.11043127072932,-0.00696174975968248,0.121393020114034,0
8.237,1.10653227786032,-0.00723422499277099,0.118114817718132,0
8.238,1.11575573633332,-0.0104969602996672,0.12776565792397,0
8.239,1.11119045370565,-0.0045520531538402,0.120899738868925,0
8.24,1.10718115324198,-0.00965668025971878,0.119861789856733,0
8.241,1.11179733443475,-0.00713237577570018,0.122681839556955,0
8.242,1.10765546087571,-0.0074170134776887,0.11919692572923,0
8.243,1.11759654520257,-0.0105496597486492,0.129412945460018,0
8.244,1.11340284415016,-0.0049335962502799,0.123031686023885,0
8.245,1.10717104625197,-0.00890888330649936,0.119502700640374,0
8.246,1.11649826527038,-0.00850368069129659,0.127470346344384,0
8.247,1.11053948984224,-0.00593911089506719,0.121019067582968,0
8.248,1.11234438399577,-0.0108426518524987,0.124971287063657,0
8.249,1.10954925114924,-0.00543294981775373,0.119911425863933,0
8.25,1.11981107064883,-0.0123644821165657,0.132245336799614,0
8.251,1.11697450042257,-0.00467442862806947,0.126049864198299,0
8.252,1.10710549462001,-0.0080966760282634,0.119070678398969,0
8.253,1.12011634946621,-0.0091351843521948,0.130960212551167,0
8.254,1.11498587049144,-0.00601492369289975,0.124966421630936,0
8.255,1.10890413301935,-0.00822333585921033,0.120714001633628,0
8.256,1.12055826439201,-0.00904617934851203,0.131312622433633,0
8.257,1.11632912131038,-0.00602319954374004,0.126154804089929,0
8.258,1.10870829441052,-0.00820779697593666,0.120544054451412,0
8.259,1.12153284812397,-0.00878241233485008,0.130390209260161,0
8.26,1.11751804744422,-0.00627657726358867,0.127327129711734,0
8.261,1.10915655541642,-0.00788259876224373,0.120788589607963,0
8.262,1.12123299490916,-0.00893939778418099,0.130719752475888,0
8.263,1.11659023340677,-0.00638344351966671,0.12657609126608,0
8.264,1.10973221827139,-0.00837334326879397,0.121538396642734,0
8.265,1.12275353612825,-0.00812101587975526,0.128985271961106,0
8.266,1.11917665512131,-0.00665022871192175,0.128978373225738,0
8.267,1.11004468962534,-0.00796849915280153,0.12162643639536,0
8.268,1.12058475486452,-0.00818313871775159,0.130924373099319,0
8.269,1.11469332259276,-0.00696306477261399,0.125214500776974,0
8.27,1.11315050583164,-0.00907090486280184,0.124884919304614,0
8.271,1.11558698680526,-0.00671525083761426,0.12588046478029,0
8.272,1.11319752321972,-0.00872114497729168,0.12476044944128,0
8.273,1.12042658585105,-0.0072348041568099,0.130371062017168,0
8.274,1.11467401856906,-0.0074738268469867,0.125454983250031,0
8.275,1.12007790160945,-0.00897343247214941,0.130911574344889,0
8.276,1.11526227244229,-0.0067782535848985,0.125639035327944,0
8.277,1.12209796611717,-0.00970275723095651,0.130274726836019,0
8.278,1.11774924402569,-0.00641237030671645,0.12764544785683,0
8.279,1.11561478893977,-0.00976686155613838,0.127400717314285,0
8.28,1.11661095090257,-0.00518135109164247,0.126058300989949,0
8.281,1.11845318693046,-0.010624616596512,0.130303101863005,0
8.282,1.11610796676636,-0.00544510444055735,0.125749805053788,0
8.283,1.1260473629182,-0.0104780835811881,0.127130540462819,0
8.284,1.12329212710238,-0.0060256883510988,0.127492590867653,0
8.285,1.11209765606035,-0.0097953582720194,0.124353083136486,0
8.286,1.13010351596149,-0.00303412049714691,0.120069434391264,0
8.287,1.12813192941976,-0.00906592978397436,0.124614424532768,0
8.288,1.12104006897808,-0.00914544826646746,0.130921905966521,0
8.289,1.11722899689415,-0.0065687474328961,0.127303239985606,0
8.29,1.12342929942407,-0.00921031485170521,0.128833517642166,0
8.291,1.11933509785785,-0.00684878844379069,0.129289103495388,0
8.292,1.11713755712541,-0.00921124544591436,0.128509524533676,0
8.293,1.11816498328854,-0.00541920619886512,0.127578641177674,0
8.294,1.12019710038879,-0.0101592157139125,0.131649484239121,0
8.295,1.11783139124235,-0.00597874925388837,0.127561602667383,0
8.296,1.12780855682384,-0.00937287332559181,0.125023838336936,0
8.297,1.12491797722507,-0.00692948797470441,0.12643979870384,0
8.298,1.11391360968071,-0.0104549197950184,0.12630622492686,0
8.299,1.13158667599364,-0.00161704469957992,0.118062684828924,0
8.3,1.12795617015064,-0.00998574823738434,0.12516444285068,0
8.301,1.12217736584309,-0.00885142241422462,0.129745347281963,0
8.302,1.11655785930168,-0.00867158974723353,0.127775728271034,0
8.303,1.1288193865389,-0.00546096951822763,0.122286773422258,0
8.304,1.12412226050412,-0.00943029080111985,0.128286086467942,0
8.305,1.11691744918135,-0.00933960109103744,0.128424108789393,0
8.306,1.12905597113437,-0.00462247488336592,0.121678736782832,0
8.307,1.12356153866476,-0.0100168575185972,0.129047221487815,0
8.308,1.11805380923706,-0.00858816518828594,0.129066367072066,0
8.309,1.12923162398499,-0.00599896409938429,0.122156259787406,0
8.31,1.12436644053015,-0.00969335811922743,0.128176709534325,0
8.311,1.11789167354698,-0.00931548844153701,0.129286300872218,0
8.312,1.12993583135438,-0.00466200543627646,0.120903037899765,0
8.313,1.12396536161552,-0.0105648450116793,0.128929862188604,0
8.314,1.11964419183547,-0.00809333228838995,0.130240424051609,0
8.315,1.1290903939739,-0.00694100453683752,0.122704795523564,0
8.316,1.12387172544593,-0.00974827353263916,0.128625595159421,0
8.317,1.12047915728658,-0.00835964070651856,0.130978697403665,0
8.318,1.12471019524905,-0.00665559903190786,0.126440955888095,0
8.319,1.12013310923245,-0.0104187513725411,0.131805081495658,0
8.32,1.13332617498861,-0.00401116811294838,0.117583804718892,0
8.321,1.12841417140483,-0.0110411236205962,0.125198752984578,0
8.322,1.12164662309553,-0.00960759724660022,0.130515680869447,0
8.323,1.12934482292523,-0.00565976159321214,0.121864995843981,0
8.324,1.12306884770218,-0.0109804631670197,0.129892629623995,0
8.325,1.12770356685589,-0.00534319353678931,0.123165093255897,0
8.326,1.1217348632334,-0.0113710430938502,0.131251180754042,0
8.327,1.13522582997345,-0.00372481161298908,0.115752761577698,0
8.328,1.13141155662169,-0.0109645306021327,0.122494197481997,0
8.329,1.12311338109977,-0.0106588683837391,0.129689600858958,0
8.33,1.1268100510111,-0.00492467829682125,0.123746797254938,0
8.331,1.12127079585789,-0.0120773414007183,0.131977759735633,0
8.332,1.13662097105169,-0.00194930752230628,0.113678598156585,0
8.333,1.13093081832367,-0.0119313037167045,0.123357187951758,0
8.334,1.12706154171835,-0.00686937957146795,0.124418279886029,0
8.335,1.1246567994568,-0.0102091580606063,0.128099686975714,0
8.336,1.12588108250351,-0.00467062999284157,0.124434826236817,0
8.337,1.13193456319098,-0.0111802431227363,0.122110958855522,0
8.338,1.12986420343679,-0.00519013103365913,0.121147712645604,0
8.339,1.12347274926534,-0.0115496058697373,0.129762351913424,0
8.34,1.12920837396358,-0.00156881529536043,0.12003704073171,0
8.341,1.12302678332756,-0.0149768437831698,0.13175111149925,0
8.342,1.13577799525287,0.00202698884644533,0.112547079208022,0
8.343,1.12220185163404,-0.0137524002159067,0.131905092778916,0
8.344,1.13477125324923,0.00275599359533081,0.113092871134043,0
8.345,1.12152617002817,-0.0148845360290661,0.133026018579593,0
8.346,1.1410277377878,0.00191885691162385,0.107944091210567,0
8.347,1.13021425981524,-0.0131370782790898,0.124519196208871,0
8.348,1.13322106207102,-7.90340657293628e-05,0.115770772907763,0
8.349,1.13378774288686,-0.0161411066052492,0.122751023849112,0
8.35,1.12936394188011,-0.00538074112174326,0.12164596424557,0
8.351,1.12820024511776,-0.0126129304860315,0.126043824412565,0
8.352,1.12975554834794,-0.00279471992726816,0.120090439446953,0
8.353,1.13566232999715,-0.0131993738711211,0.119711968275822,0
8.354,1.13445595022966,-0.00194081184477604,0.115527308768149,0
8.355,1.12350425952885,-0.0142583976802937,0.130952078353632,0
8.356,1.14004012409457,0.00107585249851163,0.109177406651462,0
8.357,1.12776831874878,-0.0138353254784411,0.126976541855978,0
8.358,1.13266294219254,0.00292465176229627,0.114833112805857,0
8.359,1.13978232128001,-0.0163546224622521,0.117517703792395,0
8.36,1.13448007565008,0.00011120951728801,0.114527007420094,0
8.361,1.12146913468628,-0.0160918871237049,0.133584809326132,0
8.362,1.14494669607361,0.0029577936809081,0.103938279117204,0
8.363,1.1337479966806,-0.0121811342481991,0.120892269115237,0
8.364,1.13984505246235,0.00492517678997371,0.107519967108717,0
8.365,1.12426577996716,-0.0173436670707629,0.131675044370435,0
8.366,1.14495627857233,-0.00396767743798205,0.107137453029643,0
8.367,1.14404030986367,-0.00482226874817912,0.108336814214791,0
8.368,1.13118015291808,-0.0112355696400564,0.122693440398797,0
8.369,1.1380067606551,0.00452981162217436,0.109300406507197,0
8.37,1.12423755591673,-0.0172579674411622,0.13163154212187,0
8.371,1.1431090123282,-0.00304927262521647,0.108314146508702,0
8.372,1.14110519948929,-0.00767019247535219,0.11223240790439,0
8.373,1.13303147605763,-0.00860135611809256,0.119800246238219,0
8.374,1.1317749239073,-0.00541669439843758,0.119422249744427,0
8.375,1.12512239728424,-0.011283631957158,0.128038558186085,0
8.376,1.13185731155748,-5.897558092242e-05,0.116846455876632,0
8.377,1.12745813862738,-0.0161973003496239,0.128259967841459,0
8.378,1.13554698742342,0.00549039266637924,0.110990666158919,0
8.379,1.12635392793469,-0.0180012030061588,0.130071912111878,0
8.38,1.14196885640794,0.00419291680794631,0.105910796770351,0
8.381,1.12543880560056,-0.0134150881686609,0.128735276792559,0
8.382,1.13614088642396,0.00836048222127389,0.109114195952797,0
8.383,1.13545856449522,-0.0196624923254615,0.122781421855358,0
8.384,1.13371606229082,0.00477179163594052,0.112924427111556,0
8.385,1.13689777277235,-0.0184052117503344,0.120915373464723,0
8.386,1.13689940062446,0.00847072183105121,0.108376182735521,0
8.387,1.13913756017586,-0.0187941048944643,0.119106418040876,0
8.388,1.13274337585951,0.00484789026035117,0.113731853600489,0
8.389,1.13745164220284,-0.0186056326924641,0.120502100497469,0
8.39,1.13827651797977,0.0112747216722997,0.105833325696721,0
8.391,1.13986292583484,-0.0192371450104816,0.118653629939566,0
8.392,1.13080701918441,0.00428118011109323,0.115690917477116,0
8.393,1.138739128212,-0.0189365617727487,0.119500826019422,0
8.394,1.1399173259913,0.0140967954584279,0.103048493945257,0
8.395,1.13938511354925,-0.0196365569316615,0.119244381195627,0
8.396,1.12913642133639,0.00316332845614437,0.11767215615638,0
8.397,1.14076121866255,-0.01840669334421,0.117448543302436,0
8.398,1.14105820331259,0.015311630203013,0.101455277064236,0
8.399,1.13777268827381,-0.019724398362337,0.120693731162676,0
8.4,1.12992161308012,0.00321748820154433,0.11693542189576,0
8.401,1.13975527668938,-0.0190311456728603,0.118612586634358,0
8.402,1.14083525611758,0.0162405948644392,0.101202969085021,0
8.403,1.14148649219843,-0.0188858768849836,0.117001813429963,0
8.404,1.12889263090424,0.00372506847734736,0.117591291248265,0
8.405,1.14319563826577,-0.0187366506436726,0.115415389680479,0
8.406,1.14239359595479,0.0176729105824981,0.0991381130810892,0
8.407,1.13775577895767,-0.0189813375086369,0.120327206522846,0
8.408,1.13089918983132,0.00296714744026291,0.116152750119164,0
8.409,1.13939328993331,-0.0198205661486586,0.119266519240447,0
8.41,1.14121904104891,0.0182213328365352,0.0999057205548475,0
8.411,1.14450178908172,-0.0172855192054645,0.113554637708971,0
8.412,1.12860431464505,0.00242417947841228,0.118418100094038,0
8.413,1.14351566777184,-0.0184980336505063,0.114987187659831,0
8.414,1.14138811833551,0.0173642679105964,0.10013762406299,0
8.415,1.14246189844093,-0.0184043164430294,0.115863012056948,0
8.416,1.13116715668208,0.00631775766527376,0.11431847012482,0
8.417,1.14685248266535,-0.0195686710666914,0.112516967822152,0
8.418,1.14474003398506,0.020018016799157,0.0959154082200438,0
8.419,1.13737557377728,-0.0172664705287388,0.119809828976444,0
8.42,1.13340150734791,0.00067307598341021,0.11495585565935,0
8.421,1.13525049044544,-0.0199179520680766,0.122922933466093,0
8.422,1.14463518187843,0.0138827672106422,0.0988570516865392,0
8.423,1.13406091765545,-0.0184806411107064,0.123296561912084,0
8.424,1.14749218134449,0.00572621154115336,0.100127309202174,0
8.425,1.13129240848408,-0.0158574768928116,0.124514573050932,0
8.426,1.1469415467657,0.019117701856949,0.0943613071729419,0
8.427,1.14031227122482,-0.0184547743993052,0.117740058846948,0
8.428,1.13447810633006,0.00394941407307244,0.112448806281036,0
8.429,1.14102857527168,-0.0229834556679885,0.119215529873377,0
8.43,1.14474360478172,0.0241496932920966,0.0939441030993049,0
8.431,1.14735373162023,-0.0134698403888506,0.10917293744953,0
8.432,1.12750090769997,-0.00485328678240776,0.122708438094004,0
8.433,1.15344679758919,-0.00352150636871249,0.0991413376707655,0
8.434,1.13663652480025,-0.00764410742211516,0.115923640435678,0
8.435,1.14198787753553,0.00568917804829503,0.10496995446442,0
8.436,1.15621256244874,-0.00955101975560292,0.0994922735782856,0
8.437,1.13885430314039,0.00767105134617839,0.106801925326012,0
8.438,1.13609280059965,-0.0237768253414701,0.123909925817312,0
8.439,1.14919453919548,0.010163947226912,0.0964910990891281,0
8.44,1.1055366803517,0.012389398091549,0.134057560573039,0
8.441,1.1035233603244,0.05446464245453,0.116213474673878,0
8.442,1.08591643132772,0.0433547942953913,0.136952551350542,0
8.443,1.08867236700382,0.0541064448598759,0.129489504791275,0
8.444,1.1217163846214,0.0559008187676016,0.023223269836216,0
8.445,0,0,NaN,1
8.446,0,0,NaN,1
8.447,0,0,NaN,1
8.448,0,0,NaN,1
8.449,0,0,NaN,1
8.45,0,0,NaN,1
8.451,0,0,NaN,1
8.452,0,0,NaN,1
8.453,0,0,NaN,1
8.454,0,0,NaN,1
8.455,1.13636107966755,-0.0453609532115088,0.0429629985342512,0
8.456,1.13507709261901,-0.0543689099926594,0.050546290901507,0
8.457,1.13324055764535,-0.0246769883059861,0.126400503670853,0
8.458,1.13522388402796,-0.0288850153785868,0.126571384642305,0
8.459,1.13717462326119,-0.0307600095754067,0.125678477681475,0
8.46,1.13952955324311,-0.0327205453880857,0.124467207182408,0
8.461,1.14139423859336,-0.0323897878766406,0.122616826905304,0
8.462,1.14375037315762,-0.0330684258537919,0.12080423346698,0
8.463,1.14537505621562,-0.0315205410604805,0.118596507726629,0
8.464,1.14733622868422,-0.0314414071780143,0.116779440022879,0
8.465,1.14846266187938,-0.0297147485644715,0.114929936243628,0
8.466,1.1494113700615,-0.0290446429967111,0.113733443425846,0
8.467,1.14933937278177,-0.0278746702226143,0.113206651733227,0
8.468,1.14796460931418,-0.0273105592280281,0.114116900581388,0
8.469,1.14365122745007,-0.0273374571475513,0.117903241799518,0
8.47,1.1336173474739,-0.0272170153607918,0.126678581559647,0
8.471,1.12857905992224,-0.0141081357233179,0.124961327812683,0
8.472,1.14577792948368,-0.0354815830319604,0.119761064320004,0
8.473,1.13879990826538,0.00374232683743182,0.107519129500251,0
8.474,1.14875284622273,-0.0324171698317232,0.115652540890355,0
8.475,1.14400085806665,-0.00983241584862852,0.109244216703244,0
8.476,1.19083738596258,-0.0831940679509214,0.102257148142058,0
8.477,1.19609671176359,0.0318398962866314,0.0436587365362495,0
8.478,1.15630540825508,-0.0212594515183676,0.103683000911105,0
8.479,1.14829794552923,-0.0341268689981598,0.116776503089443,0
8.48,1.20102479981313,0.0259386605453486,0.0420308675211234,0
8.481,1.15497468998695,-0.0242205020749757,0.106212320908593,0
8.482,1.15538659151158,-0.0146918670342186,0.101371976029252,0
8.483,1.14572514461079,-0.0345551345038678,0.119214878662737,0
8.484,1.19267393575226,0.0360913029175245,0.0446120013971876,0
8.485,1.15996246926001,-0.0301255827557077,0.104556579526074,0
8.486,1.14259684382323,0.000670867960539889,0.105442583873962,0
8.487,1.20919061615535,-0.0675622584641355,0.0786469128789639,0
8.488,1.17858283658285,0.0546649952199659,0.0483282454407427,0
8.489,1.21378094819486,-0.0691005008187201,0.0753103655105173,0
8.49,1.18288455247572,0.0518736547711422,0.0458351429445139,0
8.491,1.21073863760542,-0.0628646061312993,0.0750624250365613,0
8.492,1.17799272216166,0.0569403210825147,0.0477694231002726,0
8.493,0,0,NaN,1
8.494,1.18215752336455,0.0529978831339214,0.045936597717572,0
8.495,1.21161220174196,-0.0628175930934517,0.0742548783798701,0
8.496,1.17675464282065,0.0587101459861954,0.0480195963001753,0
8.497,1.21492075671845,-0.0635871749416657,0.0716880328937214,0
8.498,1.17979930018286,0.0553937264555858,0.0468808844854731,0
8.499,1.21162162275939,-0.0635692939876377,0.0745834478357737,0
8.5,1.17606787948053,0.0586438701086329,0.0486427821934761,0
8.501,1.21174480826623,-0.06684956525651,0.0760064249951354,0
8.502,1.17755878328202,0.0576234000895431,0.0477987232217013,0
8.503,1.17280068085991,-0.0276773379354012,0.0920110786967736,0
8.504,1.17495739372444,0.0579337640406666,0.0499406329480542,0
8.505,1.20989104155951,-0.0750717051548887,0.0814855420466828,0
8.506,1.17815691529668,0.0558635296098426,0.0480827728233398,0
8.507,1.17093587082672,-0.0304905755385036,0.094963730726949,0
8.508,1.1709615368119,0.0622376975736341,0.0514370682811154,0
8.509,1.1716981178942,-0.0361098393575036,0.0969216385284979,0
8.51,1.17336757471665,0.0615535687115798,0.0496289096712369,0
8.511,1.17138626045719,-0.0267136957127051,0.0927801208087224,0
8.512,1.13100427223643,0.0188605912529504,0.107059030410295,0
8.513,1.21799317859457,-0.0768933000004308,0.0751622768112128,0
8.514,1.17174675970018,0.0616064533411617,0.0510237060719987,0
8.515,1.1744564859113,-0.0293539711689295,0.0913011501085301,0
8.516,1.12917154878989,0.0291880796079291,0.103825297584714,0
8.517,1.1739480035395,-0.0261554525537271,0.0902473909843086,0
8.518,1.13565368644828,0.0234391876417881,0.100796121527605,0
8.519,1.21984124726641,-0.000782659713804317,0.0378114283497992,0
8.52,1.13310164307956,0.0144985640425113,0.107241372817283,0
8.521,1.22879271421258,-0.00901986024762698,0.0337706768558947,0
8.522,1.17463886652965,0.0562791796309639,0.0509584998616413,0
8.523,1.2260009008844,-0.00887149040415777,0.0361591264248571,0
8.524,1.12778640029273,0.0270822716359429,0.106027490133229,0
8.525,1.22343943900952,-0.00557077284642701,0.0368742341524216,0
8.526,1.17396595707995,0.0551088936685965,0.0520994888535321,0
8.527,1.21910048759758,-0.003844406824254,0.0398930877293642,0
8.528,1.13249384680496,0.0157224901135696,0.107199103344902,0
8.529,1.21976276164606,-0.00523564333877022,0.0399658065949003,0
8.53,1.16160298449619,0.0597347387446695,0.0525508355267939,0
8.531,1.20393578189312,0.000903727823148559,0.0368343047630124,0
8.532,1.14529711840553,0.0696506193009181,0.0491117273435783,0
8.533,1.17903040512768,-0.0250661913255981,0.085235526512522,0
8.534,1.14463590224475,0.012455631026789,0.0973452989099739,0
8.535,1.16162968533044,-0.0234880136758893,0.0954725220066008,0
8.536,1.14064610967129,-0.0361385475999713,0.032906520398562,0
8.537,1.15052364733752,-0.0544068305428222,0.0399727150351319,0
8.538,1.13215666996954,-0.0320918145276652,0.035532610178484,0
8.539,1.1358189146736,-0.0416664537960719,0.0402486871195221,0
8.54,1.12791393622068,-0.0317549580124459,0.0380981840236294,0
8.541,1.12096845545731,-0.0252862767445357,0.0378959327489933,0
8.542,1.10456629453636,-0.00895860511029198,0.03661405254794,0
8.543,1.12698715779543,-0.0389586606071523,0.0440696947938296,0
8.544,1.11481881367189,-0.0227431108852996,0.0400663088331938,0
8.545,1.11363113804385,-0.0217334328405852,0.0401058790278241,0
8.546,1.11125261050105,-0.0170260585341,0.0381699280809117,0
8.547,1.13268767977487,-0.0447326057943138,0.0445762019957754,0
8.548,1.09763587540992,-0.00465992730802075,0.0379888915897812,0
8.549,1.13620344198748,-0.0504098267403593,0.0464596209025201,0
8.55,1.07476068658313,0.0268463682318057,0.0296982145279122,0
8.551,1.11460431591542,-0.027279840459027,0.0435649908837988,0
8.552,1.11397605320738,-0.0228753134571475,0.0406894797732156,0
8.553,1.11285458364457,-0.0192159112413351,0.0387130105683969,0
8.554,1.12238740236116,-0.0318277614044724,0.0417664651606634,0
8.555,1.11172570921332,-0.0208782157442027,0.0406809397844911,0
8.556,1.11415186989242,-0.0283547359502087,0.044634597636505,0
8.557,1.10474864971283,-0.0166855830717623,0.0421788848524522,0
8.558,1.08774158200441,0.00177349911952643,0.0397191778331241,0
8.559,1.10935648583174,-0.0243601704792058,0.0448362005509227,0
8.56,1.08223182967206,0.00691176757072117,0.0395467848204731,0
8.561,1.09968841810248,-0.0209393655393897,0.0423133255724519,0
8.562,0,0,NaN,1
8.563,0,0,NaN,1
8.564,0,0,NaN,1
8.565,0,0,NaN,1
8.566,0,0,NaN,1
8.567,0,0,NaN,1
8.568,0,0,NaN,1
8.569,0,0,NaN,1
8.57,0,0,NaN,1
8.571,0,0,NaN,1
8.572,0,0,NaN,1
8.573,0,0,NaN,1
8.574,0,0,NaN,1
8.575,0,0,NaN,1
8.576,0,0,NaN,1
8.577,0,0,NaN,1
8.578,0,0,NaN,1
8.579,0,0,NaN,1
8.58,0,0,NaN,1
8.581,0,0,NaN,1
8.582,0,0,NaN,1
8.583,0,0,NaN,1
8.584,0,0,NaN,1
8.585,1.17724193216707,0.0228304039135083,0.131887718275631,0
8.586,1.2511991409015,0.0448273182150986,0.0967645537740294,0
8.587,1.27440638820979,0.0484675100486152,0.0781517629262119,0
8.588,1.26646378758342,0.068048706781484,0.0945127930366243,0
8.589,1.26329673206785,0.0498006070927933,0.0885562139782599,0
8.59,1.25170834491164,0.0418694096397387,0.0949350268251768,0
8.591,1.24359056287837,0.0356986088002837,0.0991184984305089,0
8.592,1.23772778945157,0.0314492314187165,0.102247758235394,0
8.593,1.23352937929269,0.0284325758480402,0.104509178292719,0
8.594,1.23054999350954,0.0262234119720723,0.106088423440205,0
8.595,1.2284913427435,0.0245881966995825,0.10713442173168,0
8.596,1.22732185144687,0.0235646918283283,0.107692608689556,0
8.597,1.22774127915307,0.0239968768135136,0.107554318163502,0
8.598,1.22987038560994,0.0279718020647674,0.107616004251978,0
8.599,1.22483465086057,0.0277841271445108,0.111959614544189,0
8.6,1.23211085613993,0.0158855230728082,0.0998795090433692,0
8.601,1.21402536118427,0.0176125780228963,0.116576730406632,0
8.602,1.21760203186518,0.00918078566673488,0.109401797167034,0
8.603,1.22012881884024,0.0206560653156001,0.112707719643866,0
8.604,1.21089147930828,-0.0143211572626602,0.104008324745392,0
8.605,1.21024888738239,0.00684769466346204,0.114743845948909,0
8.606,1.19877574185189,-0.00437783788811217,0.119414248859559,0
8.607,1.21021995943207,-0.00117306111828388,0.110923143515709,0
8.608,1.204802295087,0.0058353758812388,0.119040524719069,0
8.609,1.18600771485585,-0.00481367249567752,0.126384435732033,0
8.61,1.19558777496346,-0.00518757008808132,0.121827133938208,0
8.611,1.18186853979576,-0.00960352828926925,0.120494141946371,0
8.612,1.19344102951159,-0.00672682351459526,0.122970887925725,0
8.613,1.19015296969944,-0.00385177409777862,0.127232552265434,0
8.614,1.16349688409235,-0.00842245466685716,0.104812502723561,0
8.615,1.19149559790652,-0.0138691250188077,0.121243741687652,0
8.616,1.18690440351263,0.00735626730628885,0.132883973906437,0
8.617,1.16652802805228,-0.00245383615465357,0.110301102114847,0
8.618,1.16457797556256,-0.033236019888682,0.0942306545442832,0
8.619,1.17213365447734,0.00220235297811564,0.117435043648357,0
8.62,1.1660851094737,-0.0253424167364382,0.0992533766823743,0
8.621,1.15526611595632,-0.00644368407342375,0.0984962267118208,0
8.622,1.16870270814297,-0.0312369527944046,0.0988257091506009,0
8.623,1.16170122497084,0.00818366996205083,0.111013099744774,0
8.624,1.17108130797159,-0.0189583741605492,0.106666075464824,0
8.625,1.15462486136274,-0.0134612808515212,0.0946796546462914,0
8.626,1.15829357826088,-0.021002910456486,0.094411545581473,0
8.627,1.17155724367072,-0.0082956880448513,0.112070866081686,0
8.628,1.17803175750745,-0.00826577047299462,0.117823952814222,0
8.629,1.15281957035432,-0.00736616985542066,0.0959546933991304,0
8.63,1.15395159921372,-0.0312964506701057,0.0858055732682083,0
8.631,1.16355554751212,0.0007679514922252,0.109247512572409,0
8.632,1.15897409264787,-0.024305572109659,0.0935170978431611,0
8.633,1.15307788695149,-0.00164408735747087,0.098866667439446,0
8.634,1.16841185285495,-0.024818837031357,0.101634003359661,0
8.635,1.16343572450167,0.00936378185456191,0.113171146069617,0
8.636,1.15834167321295,-0.0162138857293808,0.0967542224795424,0
8.637,1.1496646283783,-0.0137142631566044,0.0902470432951598,0
8.638,1.16917077748655,-0.00986183023629644,0.109299084602167,0
8.639,1.15628978278048,-0.0137508727353672,0.096100776236063,0
8.64,1.16230692036601,-0.00439473914837588,0.105787490534315,0
8.641,1.17363023665402,-0.00952572191843926,0.113421132050033,0
8.642,1.16420464810555,-0.00678994137113996,0.10636983057304,0
8.643,1.17305555156524,-0.00848776044886479,0.113417543361722,0
8.644,1.14883141015613,-0.00787164005979565,0.0922860196601021,0
8.645,1.16917962947826,-0.0188697524190915,0.105164491929043,0
8.646,1.16492625745496,0.00749671213322558,0.113696763731927,0
8.647,1.15548302378276,-0.0123574717559001,0.0961021565730029,0
8.648,1.15145944193671,-0.0170008466621753,0.0903823516616876,0
8.649,1.16457101242142,-0.00456385374747729,0.107778308161477,0
8.65,1.15260518917666,-0.0181676100312933,0.0908612823186102,0
8.651,1.16304238960983,0.00283591754201378,0.109882350618981,0
8.652,1.16017806629033,-0.0183100585132525,0.0975035556089315,0
8.653,1.15319182232712,-0.00721453038989354,0.0964959674580833,0
8.654,1.16803019103537,-0.016442971742929,0.105325421067554,0
8.655,1.16321935656322,-0.000870464903376458,0.108331525195799,0
8.656,1.15348462632902,-0.0175516913784776,0.0919533020698511,0
8.657,1.17316033911699,0.000776289282254723,0.117900343304007,0
8.658,1.16490589627351,-0.011913156783419,0.104696306993192,0
8.659,1.16970474115713,-0.00210386308999558,0.113517725554584,0
8.66,1.15410165169976,-0.00932462994654343,0.0963580706091308,0
8.661,1.1793543634055,-0.0093062975265235,0.118710157332237,0
8.662,1.18087548394997,0.00989663020143268,0.129015037318565,0
8.663,1.16549337406677,0.00488903186700211,0.113089962783988,0
8.664,1.17361633753969,-0.0218160791860281,0.107846457127283,0
8.665,1.15170864099521,-0.00799518379885895,0.0949090678844477,0
8.666,1.15957083268538,-0.0119286937089325,0.10003399458141,0
8.667,1.17707049557987,-0.00414147002759001,0.119148507405071,0
8.668,1.18043002293454,-0.00800704093164953,0.120333093389963,0
8.669,1.16206998231746,-0.00244130572448739,0.106693522170196,0
8.67,1.17372787231212,-0.00362316000375024,0.116464822633144,0
8.671,1.15249746909011,-0.00729259640874499,0.0959811810579591,0
8.672,1.16058485090993,-0.0139250562197028,0.100049743384211,0
8.673,1.16357629244606,-0.00394601853965377,0.107346499933543,0
8.674,1.16434435332173,-0.0145709246250951,0.103083332145725,0
8.675,1.15878698163354,-0.0018975031267761,0.104070363665639,0
8.676,1.16201000861768,-0.015139668565189,0.100758127816217,0
8.677,1.17378863651915,0.000242012761168089,0.11834467713393,0
8.678,1.18047924542222,-0.00830884009851917,0.120291971615671,0
8.679,1.15633508542256,-0.00431881485471823,0.10079450375928,0
8.68,1.16446923145899,-1.13176841802926e-05,0.109997397494414,0
8.681,1.18291341923567,-0.00234422300711708,0.125236633881749,0
8.682,1.18268025810979,0.00264359694672259,0.127364313776717,0
8.683,1.17642414476487,-0.00322387606982554,0.119109414399532,0
8.684,1.18786988616393,0.00582170848949677,0.133458765468943,0
8.685,1.16226621101104,0.00347811557982323,0.109726336778903,0
8.686,1.1602939310582,-0.0168463445718409,0.0985247564937732,0
8.687,1.16871364289263,0.00243866744735409,0.114953456132554,0
8.688,1.16284960703455,-0.0126784714061999,0.102733867130168,0
8.689,1.16354473841805,0.000127020960438391,0.109311224570754,0
8.69,1.16324618508928,-0.00966943235221679,0.104490711696439,0
8.691,1.16475354659117,-0.000933317570166715,0.109892629705928,0
8.692,1.16707022162628,-0.00623774249388218,0.109477351506269,0
8.693,1.16556514586485,-0.00498320793839932,0.108732519763207,0
8.694,1.16851556155042,-0.00172437429969845,0.112863306822124,0
8.695,1.16770855517429,-0.00826756676965249,0.109107688739982,0
8.696,1.16403324134044,-0.000388156943125202,0.109525260053561,0
8.697,1.16582117314054,-0.00851344736844623,0.107327681372952,0
8.698,1.17478924657299,0.00160205791428529,0.119974147285339,0
8.699,1.17704033330458,-0.00793498295762357,0.117534252319747,0
8.7,1.15871827724656,-0.00488848917314617,0.102743029938216,0
8.701,1.17071972547724,0.00508368420811035,0.118004032576833,0
8.702,1.16573242457106,-0.00667126411959877,0.108124690956656,0
8.703,1.16931105483434,7.39423557306446e-05,0.114431862365178,0
8.704,1.16525189827021,-0.00637849538015369,0.107839702204282,0
8.705,1.17338152808892,0.00191942524114885,0.118896611325557,0
8.706,1.16546243755441,-0.00695948465333056,0.107760418596581,0
8.707,1.17913775931624,0.00472448186875232,0.125300444251622,0
8.708,1.17084471428887,-0.00582012657779501,0.113060527904657,0
8.709,1.17154079614588,0.000908547982380047,0.116809204001586,0
8.71,1.17716295231184,-0.00124978093502778,0.120783558664201,0
8.711,1.17505582879368,-0.00402036784467829,0.117633864444541,0
8.712,1.16673281502641,-0.000930975797847238,0.111708346933578,0
8.713,1.1764375929164,-0.00042645289780296,0.120532212257208,0
8.714,1.16814833009901,-0.00437090352076602,0.111364143122929,0
8.715,1.18036197597162,0.0035696878727861,0.125868564858088,0
8.716,1.17286306779443,-0.00533123023575815,0.115095829105145,0
8.717,1.17245472704375,0.000832331644965688,0.117603590424988,0
8.718,1.17633546645211,-0.00191574483132715,0.119761833203152,0
8.719,1.17309887201962,-0.00319627138970291,0.116304435961659,0
8.72,1.17750852328393,0.00173021001652405,0.122501178610215,0
8.721,1.17453645659793,-0.00550376110527242,0.116508857086964,0
8.722,1.17430138698707,0.00226740362917977,0.119918132328344,0
8.723,1.17264399221485,-0.00559664329176534,0.114794885776991,0
8.724,1.18239636671314,0.0037932167922859,0.127796112674677,0
8.725,1.18082391649043,-0.00568840366241866,0.121999250042797,0
8.726,1.16925381909266,-0.00243326452896353,0.113276914991414,0
8.727,1.17926017112381,0.00236940688870251,0.124367518059883,0
8.728,1.1710012554913,-0.00410971981345501,0.114047642754171,0
8.729,1.18139423969849,0.00345524190412329,0.126765828319316,0
8.73,1.17439669844143,-0.004595243450861,0.116832337201853,0
8.731,1.17536334513958,0.00149134283480048,0.120520331014015,0
8.732,1.17441527223999,-0.0032888897065549,0.117459690900103,0
8.733,1.17677464539672,0.00113625288136063,0.121607406205313,0
8.734,1.17407917226345,-0.00324277957477208,0.117186936330353,0
8.735,1.18113221297552,0.00223346982264637,0.125977758812694,0
8.736,1.17541092998314,-0.00428469216425012,0.117885748550232,0
8.737,1.18074182581219,0.0028799673866045,0.125937794890298,0
8.738,1.17581525656709,-0.00455502656557519,0.118122579671137,0
8.739,1.18259942974555,0.00336183989603318,0.127810818124072,0
8.74,1.1779489130118,-0.00461683251083669,0.119987862084318,0
8.741,1.17782118168933,0.00216387843919946,0.123030090772166,0
8.742,1.17635196154865,-0.00415624858052787,0.11879220365509,0
8.743,1.18450531605926,0.00332483842786176,0.129489495997167,0
8.744,1.17998228663271,-0.00423757718121659,0.12197357532535,0
8.745,1.1762934978419,0.0010175915565657,0.12115445098425,0
8.746,1.18054650857712,-0.00265896291788222,0.123210257642453,0
8.747,1.17665130945902,-0.000594254068776694,0.120724640287299,0
8.748,1.18645737309714,4.44477247046621e-05,0.129702684802173,0
8.749,1.18161196437003,-0.00278152917415006,0.124104150073563,0
8.75,1.17648806917788,2.62600433686246e-05,0.120876642563194,0
8.751,1.18548139189945,-0.000961777871499099,0.128378609808255,0
8.752,1.17936647634534,-0.00215293914812831,0.122415734510306,0
8.753,1.18160840513733,0.00119981321546015,0.12596070794118,0
8.754,1.17838501294682,-0.00278911335834886,0.121254895032854,0
8.755,1.18940567127967,0.00245818730686158,0.130531710809569,0
8.756,1.18652780925546,-0.0031814561762317,0.128287329615326,0
8.757,1.17604843067311,-0.000884073903892495,0.120082926253899,0
8.758,1.1887060515731,-0.000214084439875144,0.129844088994064,0
8.759,1.1828122825484,-0.00199233684074699,0.125560183416517,0
8.76,1.17833119014023,-0.000474917028262572,0.12230122537338,0
8.761,1.18912296274133,-0.000676334330943574,0.12924806759922,0
8.762,1.18429998784845,-0.00191069092792706,0.126923299710623,0
8.763,1.17806175504956,-0.000372948899538649,0.122118636176965,0
8.764,1.19077697823628,-0.00110809845041706,0.127583726134618,0
8.765,1.18663534725468,-0.00156931923025901,0.129158330921645,0
8.766,1.17825391412816,-0.000764917366174877,0.122116177997535,0
8.767,1.19064862363036,-0.000848475390132185,0.127812411644048,0
8.768,1.18594474854503,-0.00149850416806645,0.128589487611476,0
8.769,1.17873281560658,-0.00060669604551855,0.122622716783963,0
8.77,1.19248986179979,-0.00124927833032734,0.125998572844074,0
8.771,1.18952206617486,-0.00127732239956937,0.12857696841277,0
8.772,1.17976714203129,-0.000449004718501184,0.123622983219397,0
8.773,1.18491062149599,-0.00195331133377923,0.127478071995863,0
8.774,1.18045791668702,-0.0002331991678836,0.124337981161278,0
8.775,1.19241029020742,-0.00185944552467292,0.125759856040562,0
8.776,1.18847285037202,-0.000896073091562335,0.129666558119625,0
8.777,1.17984351669025,-0.000174953546559175,0.123831415077257,0
8.778,1.1927878914112,-0.00254932716737256,0.125086934264477,0
8.779,1.18808916634394,-0.000474107451475047,0.130197369243139,0
8.78,1.18077004228661,-0.000374586076298616,0.124568484937498,0
8.781,1.19365475315678,-0.00225474499660039,0.124461837788935,0
8.782,1.18982992348456,-0.000451192713084551,0.128675906919732,0
8.783,1.18113687142437,0.000111098833084867,0.125129664149808,0
8.784,1.1915391992574,-0.00321905230796651,0.125837738004866,0
8.785,1.18513374189454,0.000109098384622945,0.128672591997531,0
8.786,1.18449196079282,-0.00150806623762864,0.127355081054947,0
8.787,1.18565079889928,-0.000388802379964295,0.128902633931106,0
8.788,1.18510573452082,-0.00123753515651503,0.128027580013314,0
8.789,1.18755204305922,-0.000597491530935984,0.130492357168497,0
8.79,1.18459885425223,-0.000784399625606852,0.127793082201553,0
8.791,1.19529877228814,-0.00158466721668038,0.123326127741044,0
8.792,1.19112229529823,-3.81457840242224e-05,0.127724347796683,0
8.793,1.18300921126237,0.0006397546214425,0.127057564599987,0
8.794,1.19750634640865,-0.00458632212962039,0.119934965160342,0
8.795,1.19345371555281,0.00111812127061854,0.126234514741633,0
8.796,1.18557262205136,0.000699406336450686,0.129366172178656,0
8.797,1.19036368044834,-0.00337828141185963,0.126759717856613,0
8.798,1.18481874608587,0.00135192444697223,0.129005950717964,0
8.799,1.19964699800002,-0.00464762806084485,0.118018741921765,0
8.8,1.19811313135291,0.00116163326988208,0.122164340921171,0
8.801,1.18910275102043,0.0022129523197066,0.130552531840379,0
8.802,1.18800431373917,-0.00377350840405795,0.128616089441121,0
8.803,1.19706208078084,0.00161783497498104,0.123295783823903,0
8.804,1.19516501497542,-0.00204529666858401,0.123178939956166,0
8.805,1.18171674407725,0.00268946174653038,0.126911124413823,0
8.806,1.19928724059435,-0.00942246246947629,0.115999363601584,0
8.807,1.19289400736433,0.00225786660002249,0.12723777794707,0
8.808,1.1890722521675,-0.00113019569413747,0.12893981406501,0
8.809,1.19139927129815,3.69306609803314e-05,0.127466426786598,0
8.81,1.18808391048184,-0.000525829961831578,0.130092857386516,0
8.811,1.19846644691428,-0.00165653090909368,0.120459348448029,0
8.812,1.19612968430625,0.000301558227710071,0.123446267216775,0
8.813,1.18432014248807,0.00310612060959757,0.129437670853644,0
8.814,1.19757675855455,-0.00905132727706586,0.117651018328646,0
8.815,1.18791511228893,0.00322322438816664,0.13203908753367,0
8.816,1.19248467803816,-0.00547068495053822,0.123833301369981,0
8.817,1.18718845372057,0.00460909210203385,0.132683645229665,0
8.818,1.2002195562083,-0.00766252705541929,0.116002103680467,0
8.819,1.19216205909512,0.00376511005800652,0.128576563706986,0
8.82,1.1911985121275,-0.00292574662299846,0.126180150061431,0
8.821,1.19736635280271,0.00221838817149091,0.123271142974745,0
8.822,1.1942662486448,-0.00104134374946037,0.124402652067855,0
8.823,1.18989866917101,0.00158943336258168,0.129494795071891,0
8.824,1.19295884315807,-0.00381155482409998,0.124202877504839,0
8.825,1.19213014622932,0.00364634384903594,0.128535529253216,0
8.826,1.19367753772273,-0.00456403396025342,0.123207147661252,0
8.827,1.19357535412041,0.00421556901786083,0.127543819367518,0
8.828,1.19423934873906,-0.00480194464400865,0.122597404894022,0
8.829,1.19701866777043,0.00395942944935006,0.124404052977125,0
8.83,1.19531808775192,-0.00360505845436789,0.122228545062306,0
8.831,1.19944260413325,0.00196222002945774,0.121311996004919,0
8.832,1.19690774957936,-0.00213793499692718,0.121542064655126,0
8.833,1.1929918953355,0.0016184328381619,0.126783630871909,0
8.834,1.19474514660391,-0.00419262027682054,0.122436237662394,0
8.835,1.19950874707991,0.00277267515195656,0.121637945205898,0
8.836,1.19725580583023,-0.00306968865381248,0.120778252447587,0
8.837,1.196167524524,0.00168375001583418,0.124028578266066,0
8.838,1.19535215832161,-0.00321198765467494,0.122370524090611,0
8.839,1.20473238349555,0.000393481208073467,0.115906721563362,0
8.84,1.2037911585808,-0.00350228343729083,0.114839172057317,0
8.841,1.18570477006035,0.00510061062994262,0.131668331554617,0
8.842,1.20973896723684,-0.0138734114554283,0.104611938178838,0
8.843,1.20168812236515,0.00359366990743314,0.12010239196846,0
8.844,1.20395744630665,-0.00852656129059309,0.112245013519444,0
8.845,1.18828300102253,0.00561173525981427,0.132796821692146,0
8.846,1.21293909535154,-0.00665378661770876,0.105288665493653,0
8.847,1.21173614245631,-0.000184870704645427,0.109463015337735,0
8.848,1.20818743649142,-0.00606715665672556,0.109709982919725,0
8.849,1.20518857514512,0.00214192025401767,0.116299663381565,0
8.85,1.20600309537375,-0.00748322198918227,0.11091901676424,0
8.851,1.18543034306891,0.00378844243754993,0.130870827165935,0
8.852,1.19634106860597,-0.012240433158992,0.117060084195573,0
8.853,1.19424851445904,0.0101370852475161,0.129723484763902,0
8.854,1.19819038695495,-0.00900041420777014,0.117005976323014,0
8.855,1.19043281966599,0.00815412581330077,0.132095760004619,0
8.856,1.20609218924864,-0.0109078090282145,0.109165943436503,0
8.857,1.19283139099029,0.00495844247413066,0.128442827684951,0
8.858,1.19861678540478,-0.0102913381091486,0.115995489876432,0
8.859,1.2043485343984,0.00789808674366362,0.119786583451902,0
8.86,1.20004944519794,-0.00675026902088559,0.116448294302557,0
8.861,1.19122137100011,0.00667589088114391,0.130669354980995,0
8.862,1.207226907359,-0.0114958909260687,0.107867606672223,0
8.863,1.19313155889013,0.00520941202040999,0.128281353442736,0
8.864,1.2006993778686,-0.0124446153213449,0.11311036985381,0
8.865,1.202103409405,0.00966215464464732,0.122584995520909,0
8.866,1.19998442526269,-0.00900741521094654,0.115393096940855,0
8.867,1.20030158336432,0.0073707077363914,0.123044678440161,0
8.868,1.20079002720182,-0.00968386549692838,0.114354700553983,0
8.869,1.20322361519296,0.00668801210110656,0.120151636278005,0
8.87,1.20117143331027,-0.00887233504797387,0.114406720628606,0
8.871,1.20130024599891,0.00592851682659146,0.121459002211031,0
8.872,1.20090515262665,-0.00921525927162774,0.114467072433252,0
8.873,1.20494373937655,0.00522216842341158,0.117923405108304,0
8.874,1.20277029761934,-0.00979210826864158,0.112548278351723,0
8.875,1.19924504712677,0.00610932903541644,0.12332971233777,0
8.876,1.20152671043768,-0.0106451662588602,0.113217098216296,0
8.877,1.20049852179592,0.00744203010711434,0.122873664456872,0
8.878,1.20354436797078,-0.0143458249982581,0.109654280676066,0
8.879,1.20457656190853,0.00854802214869785,0.119835553533242,0
8.88,1.20199589809272,-0.0129170072598443,0.111693045614187,0
8.881,1.20561301988637,0.00767883700619507,0.118500886460356,0
8.882,1.20419066470027,-0.0152631908930113,0.108629095691256,0
8.883,1.20579083767686,0.00849049122871375,0.118729713338131,0
8.884,1.20151018392948,-0.0132236693514129,0.111953176287786,0
8.885,1.20608125027694,0.00789410556998266,0.11817964154697,0
8.886,1.20521944391746,-0.0175860399982839,0.106587895437398,0
8.887,1.20667252478766,0.00927238319197321,0.11832043927355,0
8.888,1.20026377566856,-0.0135678805414759,0.112859839799681,0
8.889,1.20688417649188,0.00859374374743049,0.117799856562313,0
8.89,1.20668222608674,-0.0208170953955129,0.103726641811572,0
8.891,1.20704464564135,0.0102089260267888,0.118431063557774,0
8.892,1.19838832869481,-0.0130976520147605,0.114710790507725,0
8.893,1.20801411361206,0.00916026471259769,0.117069474360256,0
8.894,1.207974808179,-0.0234409414801125,0.101308219813603,0
8.895,1.20681905613012,0.0105657818910798,0.118783814362892,0
8.896,1.19744761649875,-0.0124662216915979,0.115822399310006,0
8.897,1.20857376844044,0.00936186543229507,0.116661151098924,0
8.898,1.2082706928173,-0.0244889202811116,0.100525254779212,0
8.899,1.20792905521921,0.0102813206472627,0.11765851418818,0
8.9,1.19731022961986,-0.0129687869254835,0.115682242469654,0
8.901,1.21047113714798,0.00949210821356484,0.115047819817717,0
8.902,1.20927316905017,-0.0260143799523416,0.098891949453553,0
8.903,1.20656881100236,0.0102200237767127,0.118800933442356,0
8.904,1.1981103009689,-0.0124403668928085,0.115221221740637,0
8.905,1.20872606662384,0.0102843903782482,0.116941114253862,0
8.906,1.20865423430948,-0.026543542202441,0.0991611130574129,0
8.907,1.21114051808224,0.00909840959584258,0.114242912042354,0
8.908,1.19671320247518,-0.0126058381569497,0.116345736004135,0
8.909,1.2125651752174,0.00965328649480381,0.113260462237442,0
8.91,1.21002331049035,-0.0274421566654139,0.097509715836759,0
8.911,1.20728277541203,0.00963792545668047,0.117860131463284,0
8.912,1.19889526180524,-0.0126633770879309,0.114392049924368,0
8.913,1.21066246950864,0.0109767063302622,0.115548397956966,0
8.914,1.20991937401109,-0.028481023983027,0.0970809959844171,0
8.915,1.21156780008046,0.00858213334459372,0.113584062092796,0
8.916,1.19640384667661,-0.0115382393240747,0.117098388539966,0
8.917,1.21586049553808,0.00836652340285047,0.109720420524146,0
8.918,1.21137146192546,-0.0282730374543015,0.0958921123278761,0
8.919,1.20587967005216,0.00879573910764293,0.118643823781246,0
8.92,1.20223503050814,-0.0114707262517385,0.112013183303451,0
8.921,1.2034650393016,0.0127860566335969,0.122685437314566,0
8.922,1.2142813722451,-0.0276268964949831,0.093647593172162,0
8.923,1.2051189647656,0.00867444098162468,0.119237553569606,0
8.924,1.20796881745736,-0.0113979605301259,0.107021058271097,0
8.925,1.20134687744278,0.0106628102044138,0.123495912587092,0
8.926,1.21970473260922,-0.0167908556994657,0.0941404732658646,0
8.927,1.20004283839394,0.00355021994108724,0.121183222116487,0
8.928,1.21082222131744,-0.0253815122609699,0.0977396944940033,0
8.929,1.21758021563237,0.00750197099192686,0.107750463646668,0
8.93,1.20069360952591,-0.0168734319066854,0.110708175964012,0
8.931,1.21462772702391,0.0142868676557467,0.113612827115477,0
8.932,1.21246902773375,-0.0316072372138306,0.0932646991404779,0
8.933,1.21394519605267,0.00682064324557112,0.110580272646922,0
8.934,1.1972026194144,-0.00993304111937385,0.117105603408543,0
8.935,1.22263579373469,0.00550353432262785,0.10233717820022,0
8.936,1.21455456323124,-0.0302625050053472,0.0920707035358087,0
8.937,1.20684732875154,0.00614858171912055,0.116442183469207,0
8.938,1.20746158557583,-0.00749866476890252,0.109292270887892,0
8.939,1.20457723000125,0.00766102910288764,0.119156728764921,0
8.94,1.21954825276695,-0.00597125949029583,0.0994574573595123,0
8.941,1.22179488942782,-0.0195130547633447,0.0909231982034168,0
8.942,1.1999460121664,0.00552378019662884,0.122153335739441,0
8.943,1.22465578881923,-0.00357253994466293,0.0961343896705738,0
8.944,1.21970884143555,-0.0280219354229463,0.0886050533975085,0
8.945,1.20468257677564,0.00100271144912743,0.115798806301654,0
8.946,1.1869049422514,-0.0244902493132456,0.118996838482527,0
8.947,1.16651814961289,-0.045203021692483,0.126787617461647,0
8.948,1.15134883245374,-0.0471800428152833,0.139092881771295,0
8.949,1.1594433081596,-0.0670602443757571,0.12237639979521,0
8.95,1.16986196259128,-0.039239228602382,0.12672666739522,0
8.951,1.20441000025598,-0.0484437007883469,0.0221100856135769,0
8.952,0,0,NaN,1
8.953,0,0,NaN,1
8.954,0,0,NaN,1
8.955,0,0,NaN,1
8.956,0,0,NaN,1
8.957,0,0,NaN,1
8.958,0,0,NaN,1
8.959,0,0,NaN,1
8.96,0,0,NaN,1
8.961,1.21586909460047,-0.0406189696565663,0.0234090966385294,0
8.962,0,0,NaN,1
8.963,0,0,NaN,1
8.964,0,0,NaN,1
8.965,0,0,NaN,1
8.966,0,0,NaN,1
8.967,1.24881161610249,-0.0142012827269925,0.024683903091393,0
8.968,0,0,NaN,1
8.969,1.24252009480236,-0.025496172697591,0.0291656228967973,0
8.97,0,0,NaN,1
8.971,0,0,NaN,1
8.972,1.26407878780859,-0.00347014426787364,0.0264424787908882,0
8.973,0,0,NaN,1
8.974,1.25954714545547,-0.0116537426883161,0.0297086679201069,0
8.975,0,0,NaN,1
8.976,1.26120484716964,-0.0104130794804284,0.0298441890724346,0
8.977,1.23155594209881,0.0673508067320392,0.0484999148173538,0
8.978,1.25750995621642,-0.021131094442983,0.0355766473802282,0
8.979,1.26387933291706,-0.00731662977356142,0.0292389733192917,0
8.98,1.22606634230844,0.0750188707018086,0.0578889353595963,0
8.981,1.2591683309393,-0.017596203860929,0.0339707786765096,0
8.982,1.23146504443421,0.0753726305829984,0.0546501897003071,0
8.983,1.25664953485013,-0.0251344442385994,0.038054614633809,0
8.984,1.26694034169913,-0.00878015147333617,0.0323402955723243,0
8.985,1.22202593373665,0.016959289754178,0.10775497709991,0
8.986,1.26049640422297,-0.0213374934827355,0.0376809858351344,0
8.987,1.21949855629801,0.0153808229204678,0.109170963895454,0
8.988,1.21829145780502,0.0179800212820982,0.111481365081635,0
8.989,1.2579186427553,-0.023842284147026,0.0379117690617636,0
8.99,1.2147010680099,0.0195838845340893,0.11537843241859,0
8.991,1.25678655906393,-0.0233660087605364,0.03681747567765,0
8.992,1.21174735751487,0.0280576138551545,0.122065495478729,0
8.993,1.25022342435082,-0.0373692908356752,0.0431745185644082,0
8.994,1.22163392798941,0.017672075369796,0.108361781890645,0
8.995,1.2011163693535,0.0137926100361968,0.12439819723457,0
8.996,1.25633299512999,-0.0292650599470866,0.0410021677657627,0
8.997,1.21750409260056,0.0215148436920605,0.113824169655808,0
8.998,1.24565575540649,-0.0460653148700913,0.0468109124125012,0
8.999,1.22556285057707,0.0201940644133747,0.106125312796239,0
9,1.20010189519581,-0.00814787270407092,0.114589760218656,0
9.001,1.27584770874607,-0.010889022432128,0.0397673189703636,0
9.002,1.20951047832916,-0.000340927213903578,0.110154824355456,0
9.003,1.27103874315762,-0.0203758582102394,0.0438437563018978,0
9.004,1.26314192007959,-0.0230756737786207,0.0407626556110566,0
9.005,1.20488731885508,0.017942178909491,0.123062945311547,0
9.006,1.25186334671276,-0.0410499358153742,0.0470626626255739,0
9.007,1.2175548710771,0.0192121700742856,0.112602071369315,0
9.008,1.23886388353519,-0.053827569814714,0.0483123432237293,0
9.009,1.22948709030834,0.0376130647511458,0.111116187087352,0
9.01,1.23216166356354,-0.0646666595088291,0.0521820962798094,0
9.011,1.22716656996678,0.0209866933595611,0.105049987171191,0
9.012,1.19363901891258,-0.0327339699702722,0.108223894562643,0
9.013,1.23383623265562,0.035462769647891,0.106256340188052,0
9.014,1.22615783046036,-0.0717439740476679,0.0536664068437776,0
9.015,1.23051894145712,0.0181280278913087,0.100717543832954,0
9.016,1.19391613473769,-0.0144222564083499,0.116870720873184,0
9.017,1.2930782514114,0.00990501346544076,0.0352650784144534,0
9.018,1.18771052147333,-0.0317747142707126,0.113853183472146,0
9.019,1.28822608835241,0.00400970651959621,0.0365897944942668,0
9.02,1.22991689364679,-0.0661809486518716,0.0519201756497148,0
9.021,1.27820646840815,-0.00406730228150853,0.0362120897838195,0
9.022,1.19061938239525,-0.0133019583323512,0.120287883431087,0
9.023,1.28525887611102,0.00184035963348425,0.0363205639807003,0
9.024,1.23402188903135,-0.0567028662715424,0.0474178101013382,0
9.025,1.29462764901864,0.0148715435230552,0.0325387551194373,0
9.026,1.22446680944234,-0.0687741919019876,0.0503705999500279,0
9.027,1.27512388893915,-0.00370858206607501,0.0339623769768895,0
9.028,1.23227101747671,-0.0552926757068169,0.0452319821282353,0
9.029,1.27908488372386,0.000840865271398619,0.0330933187636977,0
9.03,1.22272213904709,-0.0644811487867568,0.0460025312271708,0
9.031,1.26985061091942,-0.00662810739773067,0.0327653308596594,0
9.032,1.22327781799555,-0.0621823214822924,0.0446314794678627,0
9.033,1.26045993055272,0.0301756373936552,0.0804113589295078,0
9.034,1.22867965587159,-0.0128193054257661,0.0872761698746585,0
9.035,1.24847778099543,0.0259830135392086,0.088844731000378,0
9.036,1.22847116903621,-0.000503289399146868,0.0934527450490869,0
9.037,1.23319964249525,0.0146718348418292,0.0967031262432137,0
9.038,1.22389352764434,0.00334596469484516,0.096022618376656,0
9.039,1.22257380489974,0.00790112167357781,0.0926598087202567,0
9.04,1.21686265833917,0.00302247764697118,0.0900482994346033,0
9.041,1.21391383408047,0.00291793835973135,0.0875276629836468,0
9.042,1.21028896217019,0.00219221243782361,0.0847192960154974,0
9.043,1.20553040444918,-0.00166611909005986,0.0824425381000403,0
9.044,1.2053767196116,0.00368399188240884,0.0797117520722859,0
9.045,1.19713661462524,-0.00719549904712856,0.077807112395204,0
9.046,1.20279492943713,0.0500195872901562,0.0538249265224894,0
9.047,1.18942677196876,0.04050375898455,0.0478788852795037,0
9.048,1.19354510223811,0.0469206910048014,0.0483607408603558,0
9.049,1.1698247817451,0.0277925030676509,0.036941442648049,0
9.05,1.17561398425948,0.0423939668214728,0.0349064868162801,0
9.051,0,0,NaN,1
9.052,0,0,NaN,1
9.053,0,0,NaN,1
9.054,0,0,NaN,1
9.055,0,0,NaN,1
9.056,0,0,NaN,1
9.057,0,0,NaN,1
9.058,0,0,NaN,1
9.059,0,0,NaN,1
9.06,0,0,NaN,1
9.061,0,0,NaN,1
9.062,0,0,NaN,1
9.063,0,0,NaN,1
9.064,0,0,NaN,1
9.065,0,0,NaN,1
9.066,0,0,NaN,1
9.067,0,0,NaN,1
9.068,0,0,NaN,1
9.069,0,0,NaN,1
9.07,0,0,NaN,1
9.071,0,0,NaN,1
9.072,0,0,NaN,1
9.073,0,0,NaN,1
9.074,0,0,NaN,1
9.075,0,0,NaN,1
9.076,0,0,NaN,1
9.077,0,0,NaN,1
9.078,0,0,NaN,1
9.079,0,0,NaN,1
9.08,0,0,NaN,1
9.081,0,0,NaN,1
9.082,0,0,NaN,1
9.083,0,0,NaN,1
9.084,1.21017801681389,0.00732076762270257,0.0822827538993111,0
9.085,1.28477126973806,-0.061356830727528,0.125779115094399,0
9.086,1.33893289911836,-0.0596630683063819,0.0806579935117004,0
9.087,1.33357572670348,-0.0857917421631929,0.0974318665016569,0
9.088,1.33032568714558,-0.0660535865298689,0.0912591119095904,0
9.089,1.31796031303095,-0.0572256799662423,0.0981953183435156,0
9.09,1.30926030668044,-0.050484235593965,0.102843545365295,0
9.091,1.30293345752208,-0.0458764833143848,0.106369368822776,0
9.092,1.2983724156321,-0.0426848857456314,0.108980191688156,0
9.093,1.29511021252062,-0.0404252022540606,0.110866622076354,0
9.094,1.29279186297724,-0.038784086063907,0.112198820279717,0
9.095,1.29115238268794,-0.0375586969733727,0.113118134849855,0
9.096,1.28997503700647,-0.0366546304854386,0.113773162223381,0
9.097,1.28916330185409,-0.0360551712577498,0.114241703101545,0
9.098,1.28902368027833,-0.0360842868500639,0.114400850462496,0
9.099,1.29070184998133,-0.0384891211538932,0.114038567625302,0
9.1,1.2924678248318,-0.0444932831999463,0.115254175556428,0
9.101,1.27798452734257,-0.0266981007525095,0.119923244515926,0
9.102,1.28382276062893,-0.0242047622455051,0.113606398487279,0
9.103,1.29197339551844,-0.0346669469956915,0.111201443688872,0
9.104,1.27775910991947,-0.0152068075517461,0.114852200090302,0
9.105,1.27912892726783,-0.0178394062340409,0.114852380637625,0
9.106,1.26850743493058,-0.0292701977891919,0.12954796373364,0
9.107,1.2746045258462,-0.0157043027123571,0.117891467832281,0
9.108,1.26831137056816,-0.0226568499395889,0.126680093761979,0
9.109,1.26694203092377,-0.0120771660054181,0.123019641245149,0
9.11,1.26198574067907,-0.0166741934491149,0.129535255612081,0
9.111,1.24968134954624,-0.00766894598812295,0.123522015365568,0
9.112,1.24513620967706,-0.00455123332691159,0.118036140523237,0
9.113,1.25925585630694,-0.00569069035841653,0.126898061373086,0
9.114,1.25749757940889,-0.0178171037930464,0.134043494724723,0
9.115,1.23143729867499,-0.00767012547035434,0.107605953927193,0
9.116,1.25108186128594,0.00883912058760595,0.116745822216734,0
9.117,1.24379922029894,-0.0219516552524995,0.12535914367026,0
9.118,1.23282789861264,0.000378748908357613,0.104929195234173,0
9.119,1.22564109075879,0.00870532757495696,0.0946054416193401,0
9.12,1.23707153181038,-0.0112428355049761,0.114290583723964,0
9.121,1.22446474986364,0.00898335484948107,0.0934515209095936,0
9.122,1.23910831823669,-0.00368076376925422,0.112404126425489,0
9.123,1.23303677927666,0.00879852658657617,0.101042451426156,0
9.124,1.2240572482654,-0.00294007576106456,0.0989074949036343,0
9.125,1.23328615620625,0.0108764031787889,0.100259889527845,0
9.126,1.23125137524346,-0.0142592512999362,0.110705680703404,0
9.127,1.22615444907958,0.00960668025464507,0.0946611835839836,0
9.128,1.21649256822865,0.000429114106635321,0.0906830017578346,0
9.129,1.23342084114352,0.00837578799714431,0.101613659616004,0
9.13,1.22107520077847,-0.00299792885713878,0.0963608391487674,0
9.131,1.22219550665618,0.0144053156202406,0.088884210385817,0
9.132,1.22798953620156,-0.0154523055772295,0.10846049787801,0
9.133,1.22314330964799,0.0108030497075955,0.0914726236028298,0
9.134,1.22373169489407,-0.00618006167563137,0.100243310125056,0
9.135,1.22080211899118,0.0160733098414841,0.0868715973811807,0
9.136,1.23476886601387,-0.0142312928789594,0.113805537491882,0
9.137,1.22602245134691,0.00601531278797473,0.0963322697801225,0
9.138,1.22467659690823,-0.00540438550911735,0.100709615065982,0
9.139,1.23798041552443,0.00181316510252687,0.108831662860141,0
9.14,1.23756935738034,-0.013669996903235,0.116006699769482,0
9.141,1.22028435727441,-0.0017502644057873,0.0951206369217827,0
9.142,1.2255731120116,0.00745728315343284,0.0952692821753806,0
9.143,1.2228327922164,-0.00489787313199243,0.0988814782724304,0
9.144,1.22443417392508,0.0104099942049994,0.0928440135773259,0
9.145,1.23177267799605,-0.0103938078203651,0.109368197624584,0
9.146,1.22711821746273,0.0104138567625193,0.0951956008166208,0
9.147,1.22699561998734,-0.0136819388398269,0.1067999989653,0
9.148,1.22826131955886,0.0101431281687733,0.0963330065139064,0
9.149,1.22866732270416,-0.0155752949826684,0.109188191340818,0
9.15,1.23460445669053,0.00679653982362426,0.103510450412346,0
9.151,1.22750865193486,-0.0103576304678935,0.105650666725635,0
9.152,1.23209169762918,0.00601000775187659,0.101705712646513,0
9.153,1.23121084626539,-0.0134679704517306,0.11040487630447,0
9.154,1.23790153171231,0.00199814714490335,0.108742053075036,0
9.155,1.22982408416449,-0.00578702144172455,0.105472997710901,0
9.156,1.2240785519465,0.00489640030732006,0.0952643579674554,0
9.157,1.2414056974676,-0.014356766118439,0.119762230498678,0
9.158,1.23115992423066,-0.000247402170578715,0.103961880110336,0
9.159,1.23478648849075,-0.0101755991264725,0.111958217785291,0
9.16,1.24282829174741,-0.00670493823215637,0.117305735711877,0
9.161,1.23941490370372,-0.00228845757561705,0.112185549867711,0
9.162,1.23313315703135,-0.0037126681615283,0.107394384850897,0
9.163,1.22575260929064,0.000296740098411399,0.0990000706111218,0
9.164,1.24116215021095,-0.0101653583507631,0.117550482268966,0
9.165,1.23389023738085,0.000948755152466188,0.105803574731162,0
9.166,1.23474717912857,-0.0109646476619054,0.112344080352861,0
9.167,1.23472832231079,-0.0042010015242032,0.109047607781718,0
9.168,1.22898003815259,0.000655263226798002,0.101669057564422,0
9.169,1.2339053598517,-0.00753399438183605,0.109953721183371,0
9.17,1.23004441093667,0.00314354490119335,0.101396360881764,0
9.171,1.23451182817274,-0.00965432561336249,0.111519641673029,0
9.172,1.23201466911929,0.00404556362748505,0.102686366041645,0
9.173,1.23087152134275,-0.00968634448044357,0.108360247732514,0
9.174,1.23063847810205,0.00406351949140235,0.101479817163898,0
9.175,1.23923260446573,-0.0107306429073481,0.116179087404808,0
9.176,1.24225115141511,0.000581886461292778,0.113328524872195,0
9.177,1.22123976729231,-0.00434883787956061,0.0973664523213773,0
9.178,1.23705144958409,-0.0125382668533573,0.115162170117593,0
9.179,1.22580230253629,-0.000415140254488941,0.0994474991836462,0
9.18,1.24436411832949,-0.0116779354905305,0.121141092157114,0
9.181,1.23757826091548,-0.00101462189972414,0.11003951529983,0
9.182,1.23970347323009,-0.0100173154576279,0.116274368556206,0
9.183,1.22596002234633,-0.00609812547688735,0.10236579328494,0
9.184,1.24669259867804,-0.00457566200628971,0.119747653041605,0
9.185,1.24720844661461,-0.0098739384913331,0.122781214730432,0
9.186,1.23600256322972,-0.00484566270939939,0.110555256464476,0
9.187,1.24540378153357,-0.0103288378389285,0.121440444978935,0
9.188,1.22364329777869,-0.00801067151126736,0.101304827749455,0
9.189,1.25082813979229,-0.00370634537171975,0.122976447286949,0
9.19,1.25182145410382,-0.0191498040771798,0.131356306578098,0
9.191,1.23926580127487,-0.0130246805653372,0.117422508921607,0
9.192,1.25274676331811,-0.00131947771408925,0.123531611547614,0
9.193,1.22864536726502,-0.0059359010391719,0.104718665315408,0
9.194,1.23275832776718,0.000747136045411649,0.105072223387403,0
9.195,1.23344687941722,-0.0108810025424345,0.111323861386658,0
9.196,1.2332953323975,0.0050766304631554,0.103448708042634,0
9.197,1.22881064654796,-0.00808459893658198,0.105920940489726,0
9.198,1.23135145097332,0.00118774440109073,0.103642072735325,0
9.199,1.23882203877504,-0.0102842658016222,0.115743754580861,0
9.2,1.23801221273568,0.000738044063032,0.109690053016435,0
9.201,1.2295416285461,-0.00714051729806758,0.1061135942435,0
9.202,1.23892583028602,-0.00704292021917292,0.114269798107151,0
9.203,1.23137411886144,-0.00372231062640718,0.106060070827368,0
9.204,1.24462175098037,-0.0127595300503119,0.122027942136463,0
9.205,1.23724490469682,-0.00298820122855999,0.110841964235529,0
9.206,1.23856990678467,-0.0115367445235092,0.116151423767342,0
9.207,1.24067863813913,-0.00783845026242587,0.116202534623886,0
9.208,1.23889078379871,-0.00640516243833943,0.113946621968228,0
9.209,1.24411898969065,-0.0122276789236267,0.121345465250808,0
9.21,1.24314167911134,-0.00355015213800186,0.116283321426211,0
9.211,1.23515905851411,-0.0108315106126841,0.112842420997255,0
9.212,1.24137147133988,-0.0071963328844185,0.116509008423947,0
9.213,1.23807214310468,-0.00952962020840569,0.11475966351518,0
9.214,1.24075025466438,-0.00793788570358843,0.116329257242326,0
9.215,1.24019809218067,-0.0095331450077979,0.11662277791641,0
9.216,1.23988585357167,-0.00710747494296151,0.115174065485537,0
9.217,1.24480327135042,-0.0113643433993505,0.121540432797491,0
9.218,1.24089425277776,-0.00441633485060986,0.114754341618331,0
9.219,1.24495932813288,-0.0130221058538646,0.122486408787794,0
9.22,1.24170279860017,-0.00348365500497888,0.115013722005202,0
9.221,1.24419677977801,-0.0132350370672973,0.121928393240592,0
9.222,1.24139963946589,-0.003347585070069,0.1146876679942,0
9.223,1.24668987722291,-0.0138524333362259,0.124412328833208,0
9.224,1.2440438013616,-0.0032024796463078,0.116934799435314,0
9.225,1.23999602231746,-0.0116738372123738,0.117509666989621,0
9.226,1.24163695799988,-0.00535624516970113,0.115879541560556,0
9.227,1.24532130392301,-0.0124588438871742,0.122548900185186,0
9.228,1.24156111254865,-0.00429436327056504,0.115302712231012,0
9.229,1.24848382153651,-0.0137446140844505,0.125942252285692,0
9.23,1.24515657278141,-0.00387039858798755,0.118246340404988,0
9.231,1.24038225894688,-0.0109648465530388,0.117517492779126,0
9.232,1.24406491901076,-0.00686920500320637,0.118750583056228,0
9.233,1.24184097587066,-0.00973304686041802,0.118197925824749,0
9.234,1.24517909796362,-0.00870089949178306,0.120616694334003,0
9.235,1.2418149824588,-0.00782380846032464,0.117252193853095,0
9.236,1.25070915123156,-0.0117219308030977,0.126920627729604,0
9.237,1.24620927956275,-0.00540238060066282,0.119924680274972,0
9.238,1.24225165499201,-0.0107470531979158,0.11906022927894,0
9.239,1.24645621032533,-0.00780900432748755,0.121311590722247,0
9.24,1.24275451243456,-0.00881310531902274,0.11856468589177,0
9.241,1.2513853434532,-0.0109478749697199,0.127147292580895,0
9.242,1.24641339459211,-0.00613376166537404,0.12046888979493,0
9.243,1.24453487546875,-0.0114749571954856,0.121419968924526,0
9.244,1.24553567731553,-0.00696710605577494,0.12010926655964,0
9.245,1.24698517791606,-0.0116418747671607,0.123646100435933,0
9.246,1.24468257761089,-0.00674969878527925,0.119261539978939,0
9.247,1.25337503111983,-0.0131048378552072,0.129945764407143,0
9.248,1.24920588618177,-0.00585577819347027,0.12278849952106,0
9.249,1.24414705978316,-0.0110127370968875,0.120869894754934,0
9.25,1.25044297217971,-0.0076972863949651,0.12476680382572,0
9.251,1.24496084518024,-0.00863245708605767,0.120430143437526,0
9.252,1.25612787174115,-0.0114326417323579,0.131553174476965,0
9.253,1.25284730528718,-0.00667312589004983,0.126381432686241,0
9.254,1.24334530208339,-0.00915364419272845,0.119280487503119,0
9.255,1.25603255352281,-0.0103944456311392,0.130975584600616,0
9.256,1.25101187125124,-0.00736817266613538,0.125122994912029,0
9.257,1.24471962355167,-0.0095427376640779,0.120679056951876,0
9.258,1.25676939533639,-0.0100264923671435,0.130733045440895,0
9.259,1.25265644233199,-0.00749772754326893,0.1266327669863,0
9.26,1.24456368187295,-0.00936660501252494,0.120466638691355,0
9.261,1.25748810266396,-0.0100337940151341,0.130091159715872,0
9.262,1.25346956096898,-0.00771135058767857,0.127456915647802,0
9.263,1.24507215805147,-0.00926375863453222,0.120870954265146,0
9.264,1.25717000067997,-0.00998698238348267,0.130342403790279,0
9.265,1.25248939147684,-0.0078946831242665,0.126698345875614,0
9.266,1.24565144377713,-0.00973013216114589,0.12161253341629,0
9.267,1.25886615434085,-0.00929021910875527,0.128508743189039,0
9.268,1.25545616750516,-0.00816727896032317,0.129434416548381,0
9.269,1.24609990292218,-0.00941156816851544,0.121860798883081,0
9.27,1.25539506399243,-0.00923015538283329,0.129901347344082,0
9.271,1.249142196232,-0.00866508732206532,0.124163720042582,0
9.272,1.25294963516379,-0.0105596574927601,0.128413388191748,0
9.273,1.24879149476055,-0.00807113287490805,0.123573617860462,0
9.274,1.26056304422098,-0.0113087265160866,0.127923789820796,0
9.275,1.25889973536876,-0.00744610934174279,0.127601029118994,0
9.276,1.24639990365539,-0.0102250423873291,0.122539515279219,0
9.277,1.25423103531215,-0.00666988914428222,0.127663882956263,0
9.278,1.2482299745523,-0.0106368958362277,0.124342481289344,0
9.279,1.26195441669803,-0.00750909998905943,0.124916660253772,0
9.28,1.25909036038901,-0.00933252421780185,0.128293475284398,0
9.281,1.24926461367278,-0.0103619176252239,0.125125953903176,0
9.282,1.25326039425544,-0.00730724310979187,0.12714028835988,0
9.283,1.25023849551125,-0.0111409815655717,0.12635854430722,0
9.284,1.25769165686438,-0.0069193250622585,0.128406213066326,0
9.285,1.25126826756807,-0.010282321481256,0.126847664499969,0
9.286,1.25931964095388,-0.00844645983567724,0.127668166087841,0
9.287,1.25375866522534,-0.00974756095279451,0.128772114599018,0
9.288,1.2537276675979,-0.00975671806379712,0.128751706283558,0
9.289,1.25257657730833,-0.00892076587969941,0.127341782833722,0
9.29,1.25961207455044,-0.00999088580101835,0.128118241990631,0
9.291,1.25449027128144,-0.00939105081319778,0.129249053550157,0
9.292,1.25697798040626,-0.0099362296792918,0.130421533258874,0
9.293,1.25318096601973,-0.00903722345921037,0.127937633916292,0
9.294,1.26577578281335,-0.00948848203327924,0.122418019893657,0
9.295,1.26480721727759,-0.00877230265379507,0.122937953932615,0
9.296,1.25115383900589,-0.0126312121771298,0.127921389789323,0
9.297,1.25589434792839,-0.00253694417152714,0.127175435426521,0
9.298,1.26026573728018,-0.0165312212550994,0.130553018071196,0
9.299,1.25845333527564,-0.00562954529068134,0.12709787189597,0
9.3,1.2557794581309,-0.0137653826837475,0.132527342208265,0
9.301,1.25612551441725,-0.00508430588292702,0.128625151291899,0
9.302,1.26082740435665,-0.0140274865620434,0.128885960894916,0
9.303,1.25809635937334,-0.00692608089489499,0.128007343627422,0
9.304,1.25839198140349,-0.0123079811146794,0.130240424596751,0
9.305,1.25637675045168,-0.00700795246300294,0.129564433776533,0
9.306,1.26583007928601,-0.0114276598881182,0.123240678935102,0
9.307,1.26395102212174,-0.00787303728958197,0.123250859703797,0
9.308,1.2501131081113,-0.0131889582112227,0.127320588541755,0
9.309,1.26934423649018,-0.000618663928017244,0.115104815110414,0
9.31,1.26382130469635,-0.0123578728150007,0.125436658945323,0
9.311,1.26038921644671,-0.00889997135910872,0.126867746512103,0
9.312,1.25298489661614,-0.0122007749792076,0.129368338085169,0
9.313,1.26460742998853,-0.00398636625260947,0.120848912611112,0
9.314,1.2558479451695,-0.0131955818857266,0.132359530149756,0
9.315,1.26037935154187,-0.00542088185206503,0.125254121437368,0
9.316,1.2544840725089,-0.0141816712634484,0.131648671121835,0
9.317,1.26927565477458,-0.00342738213923557,0.116447541394162,0
9.318,1.26309393895164,-0.0132799736410201,0.126489028156715,0
9.319,1.25910648383664,-0.00941073402912127,0.128221600489742,0
9.32,1.26175798177935,-0.0109341063456243,0.126578758974592,0
9.321,1.25869872909096,-0.00959413770098023,0.12866373450199,0
9.322,1.26730301818843,-0.00985838616614808,0.121164754395376,0
9.323,1.26476833772525,-0.00980367328936539,0.123379509467511,0
9.324,1.25310855063872,-0.0137215479407548,0.130251996908014,0
9.325,1.27128085316006,-0.00108049716611255,0.113560040166072,0
9.326,1.26351893320658,-0.013632801381411,0.126254137465473,0
9.327,1.26236900119903,-0.00684831413453506,0.124119966866582,0
9.328,1.26174271645292,-0.0134603034539309,0.127741390696047,0
9.329,1.26054080139429,-0.00725039028164574,0.125920804467,0
9.33,1.26777143087225,-0.0123019287353947,0.121860756014174,0
9.331,1.2657874079955,-0.00785091668084661,0.121546955510217,0
9.332,1.25381501121246,-0.0141789918158448,0.131120199305774,0
9.333,1.27341624872123,-0.000710769926282564,0.111473275713573,0
9.334,1.26590881091286,-0.0138757552642999,0.124226581533443,0
9.335,1.26621574232252,-0.00502897890111059,0.119843363743022,0
9.336,1.25730405527607,-0.0150115191204772,0.132366043910141,0
9.337,1.2675908847577,-0.00282426711280439,0.117597579422594,0
9.338,1.25662181088377,-0.0158314058510742,0.133346315512166,0
9.339,1.27059947146889,-0.00078822520918543,0.113983675642314,0
9.34,1.25826940635215,-0.0152656402313306,0.131619197031633,0
9.341,1.26573854244991,-0.00146066851891736,0.118594352580216,0
9.342,1.25871731568672,-0.0184443001360645,0.132695232544214,0
9.343,1.27166773642288,8.58296705269625e-05,0.112622547464674,0
9.344,1.25770908437661,-0.0155913278446839,0.132257498139947,0
9.345,1.26960872302875,-1.55021593309952e-05,0.114487354825763,0
9.346,1.25710810342659,-0.0174264936875309,0.133637717299895,0
9.347,1.27743785220468,-0.000455811313672612,0.107755319271236,0
9.348,1.26762682649946,-0.0149005295744584,0.123143326288754,0
9.349,1.27104804533569,-0.00157746916612005,0.113922498910749,0
9.35,1.26243534771258,-0.0185043524550885,0.12940519572415,0
9.351,1.26825586505813,-0.00462600107712705,0.117804555990826,0
9.352,1.25857583698788,-0.0174117897309852,0.132310838366551,0
9.353,1.27661092678213,-0.000608224295955683,0.108537161872553,0
9.354,1.26506201325184,-0.0152317309507313,0.12554813859488,0
9.355,1.26898773378991,-0.000367750580757518,0.115165519981335,0
9.356,1.27335341807084,-0.0181119312387168,0.119537510318931,0
9.357,1.2673610830666,-0.00556592894970601,0.119010814363755,0
9.358,1.2585754251597,-0.0166167107988383,0.131920102794127,0
9.359,1.27560866370586,0.00140370786330969,0.108467902615144,0
9.36,1.26093395610479,-0.0151838331557281,0.129159750949111,0
9.361,1.26841413650141,0.00158094637296158,0.114748237614889,0
9.362,1.27089250243577,-0.0200238146999513,0.122586228585296,0
9.363,1.26922534880672,-0.000589463763848553,0.115030610793353,0
9.364,1.26713845808547,-0.0184927378109006,0.125191309711056,0
9.365,1.26824685330725,-0.00102311504805862,0.116092329791797,0
9.366,1.2688117970372,-0.017951657471216,0.123452814177329,0
9.367,1.26948742530742,0.000192857860452479,0.114422795750513,0
9.368,1.27164476761793,-0.0176827707051879,0.120812745050757,0
9.369,1.26928032615691,-0.000937123755033852,0.115123261944767,0
9.37,1.2681608472458,-0.0171675220695606,0.123650681926699,0
9.371,1.26925609178332,0.000379174943571474,0.114527098197906,0
9.372,1.27242770814476,-0.0172494209883912,0.119904587192869,0
9.373,1.2706471867844,0.000990944926256612,0.113003286356406,0
9.374,1.26857006575115,-0.0179142518220524,0.123620793405815,0
9.375,1.26927675503117,0.00103778929040398,0.114188351399038,0
9.376,1.27124276651111,-0.0178598918149656,0.121223152801567,0
9.377,1.27128316660602,0.00338829095463556,0.111312775236892,0
9.378,1.27319400055588,-0.0184672372226308,0.119769554563038,0
9.379,1.26935353493972,0.00174781295158506,0.113774744342746,0
9.38,1.27100942088612,-0.0182625973299536,0.121601166772037,0
9.381,1.27178102040212,0.00515726927087177,0.110034535128163,0
9.382,1.27464508263682,-0.0189404481117959,0.118688728208293,0
9.383,1.26918439732692,0.00304155922605808,0.11330705422068,0
9.384,1.27077724788752,-0.0193121446345361,0.12227806179085,0
9.385,1.27260241420782,0.00768063979269255,0.108118817703652,0
9.386,1.27558562467646,-0.019748904131757,0.118214942324927,0
9.387,1.26827328695337,0.00386054347231541,0.113716472856772,0
9.388,1.2718993149223,-0.0201412097332024,0.121653338072652,0
9.389,1.27382195842123,0.0104038160534295,0.105757046648384,0
9.39,1.27630414458117,-0.0203234669992705,0.117828174058337,0
9.391,1.26646539567083,0.00323225878435774,0.115591539398759,0
9.392,1.2732890047848,-0.0206235233535821,0.120630349395397,0
9.393,1.27519366891112,0.0128198196739993,0.103402883480936,0
9.394,1.27629340997174,-0.0206651947457496,0.117978645069452,0
9.395,1.26478901088237,0.0020575819378813,0.117604002478597,0
9.396,1.27558613444588,-0.0201630180861695,0.118365911923111,0
9.397,1.27627010688007,0.0137905446838736,0.101981205026249,0
9.398,1.27473648555035,-0.0210181911115457,0.119503418505288,0
9.399,1.26508682011422,0.0022430651455577,0.117237127157479,0
9.4,1.27729778446146,-0.020053665437628,0.116782674170686,0
9.401,1.27739673367659,0.0150395259700817,0.100385763674586,0
9.402,1.27351343103786,-0.0209387987943213,0.120531551371002,0
9.403,1.26582322708793,0.00177792820297439,0.11678391171943,0
9.404,1.27563416470107,-0.0207723918396425,0.118572471538079,0
9.405,1.27678291827419,0.015592208466225,0.100656344040229,0
9.406,1.27818625325316,-0.0199184195271406,0.115904299486726,0
9.407,1.26455419232987,0.00217293899499271,0.117706377235292,0
9.408,1.2794219937615,-0.0204092387722331,0.115033000169415,0
9.409,1.2783426420561,0.0166820006228858,0.0987503005501922,0
9.41,1.27421663601243,-0.020267405992922,0.119562237602265,0
9.411,1.26659970811672,0.00182513254284002,0.1160395278417,0
9.412,1.27745082294193,-0.0213873435242842,0.11721509891852,0
9.413,1.27804805409738,0.0174118174501997,0.0986554932997797,0
9.414,1.27881980270111,-0.0193781079619086,0.11505702532835,0
9.415,1.2643218713625,0.00129647129081678,0.118283839624536,0
9.416,1.28261016555741,-0.0195110070182826,0.11175825637899,0
9.417,1.27983018513979,0.017715959011653,0.0969166982598706,0
9.418,1.27304562842001,-0.0192124142843805,0.120072822966672,0
9.419,1.26955145325752,0.000445763766425271,0.114031302573021,0
9.42,1.27109353869186,-0.0226171210565232,0.123379648760969,0
9.421,1.28109085075016,0.0170709980694516,0.0960873765433312,0
9.422,1.27485834387342,-0.0200176187846315,0.118829021270298,0
9.423,1.27012653912104,0.0029757705254808,0.112333848124965,0
9.424,1.27509457523173,-0.02421637003276,0.120567007153253,0
9.425,1.2802335346527,0.0220369572303405,0.0945251622961187,0
9.426,1.28199882853469,-0.0159762361171286,0.110614577422346,0
9.427,1.26283133676997,-0.00500685735670742,0.122484609924691,0
9.428,1.28758324576887,-0.00784949524194773,0.101891619184756,0
9.429,1.27262885908803,-0.0047751021370677,0.113695885006223,0
9.43,1.2731160937803,-0.0106512957382418,0.115993021982815,0
9.431,1.2884867215475,-0.00715236575443845,0.100756507800165,0
9.432,1.29175449113935,0.0158008002587434,0.0871883875016599,0
9.433,1.2697975036549,-0.0113980573900329,0.119253901361932,0
9.434,1.28785379952351,-0.00837032504984782,0.101859412166437,0
9.435,1.28892517704977,0.0143585949497827,0.0903393640695842,0
9.436,1.26922976493046,-0.0123121986429531,0.120158196483116,0
9.437,1.28609301120323,-0.00888117819646896,0.103632651645201,0
9.438,1.28603208384173,0.00985399672422642,0.094971103847262,0
9.439,1.26748966136709,-0.0155143339324504,0.12316580687135,0
9.44,1.26169402941015,0.0189309146733096,0.112290938961363,0
9.441,1.23633918608636,0.0470403561212111,0.121662854015657,0
9.442,1.21961001868583,0.0385090992754199,0.140424376507675,0
9.443,1.23261954176571,0.0467802720984121,0.125051195367628,0
9.444,1.26268601418357,0.0500740998384726,0.0234173059148509,0
9.445,0,0,NaN,1
9.446,0,0,NaN,1
9.447,0,0,NaN,1
9.448,0,0,NaN,1
9.449,0,0,NaN,1
9.45,0,0,NaN,1
9.451,0,0,NaN,1
9.452,0,0,NaN,1
9.453,0,0,NaN,1
9.454,1.27051137278082,-0.0445430119005608,0.0421705352276992,0
9.455,1.26830930422433,-0.05205824959397,0.0492431632435957,0
9.456,1.26844865693003,-0.0608461509281249,0.0557018026807059,0
9.457,1.26731224755526,-0.0268737728633402,0.128090489517113,0
9.458,1.27034631455619,-0.032416697411584,0.127941299412263,0
9.459,1.27042962305137,-0.0289447995553753,0.126200200359959,0
9.46,1.27519034865907,-0.0362753175142553,0.125356447024109,0
9.461,1.2741506630496,-0.0274222284310301,0.122098571780655,0
9.462,1.27953469259526,-0.0366438129218724,0.121587043917501,0
9.463,1.27903447342947,-0.0270392513513019,0.11750150553687,0
9.464,1.28314171321812,-0.0333311448186793,0.116756095627783,0
9.465,1.28319150912939,-0.0271256447996858,0.113770937208726,0
9.466,1.28490378881322,-0.0289452785359519,0.113061089474035,0
9.467,1.28434918125521,-0.0266276512188615,0.112427695733279,0
9.468,1.28255669746353,-0.0264642626934323,0.113896836565418,0
9.469,1.27678309088752,-0.0263550949891226,0.118915199640138,0
9.47,1.26523212956318,-0.0240885688765698,0.128039544575685,0
9.471,1.27265929174677,-0.0055353608488452,0.112783084082802,0
9.472,1.27724359840883,-0.0342357573019752,0.122107199490008,0
9.473,1.32337800983551,0.0346399585425096,0.0491204684489426,0
9.474,1.28453430284175,-0.0286775075360574,0.113020823411743,0
9.475,1.27582242926891,-0.0252330035755989,0.119095541044079,0
9.476,1.34087579352568,0.0178653121076344,0.0414300179276082,0
9.477,1.29001702584932,-0.022786793696028,0.10536828497849,0
9.478,1.28204343598742,-0.0322283661982892,0.116815963305352,0
9.479,1.33622479844706,0.024623996038743,0.0423368078343178,0
9.48,1.2905079501006,-0.0234605749544402,0.105210857271701,0
9.481,1.28788654624961,-0.0224765718449511,0.107059691600308,0
9.482,1.34058678802773,0.0148549563087529,0.0430145730655199,0
9.483,1.27763221944515,-0.0330615750534578,0.12105865170328,0
9.484,1.32762720074566,0.0353157304650029,0.044898021903224,0
9.485,1.29650850668683,-0.0313967588236789,0.103588773895759,0
9.486,1.27711764150955,0.00111698614982155,0.105525728903041,0
9.487,1.34644888158001,-0.0704508551904963,0.0777045784616242,0
9.488,1.31377431740822,0.0528408577760184,0.0489357780870109,0
9.489,1.34957592048019,-0.0712174715334696,0.0752935836259069,0
9.49,1.31732159163127,0.0507108101179886,0.0467916595738489,0
9.491,0,0,NaN,1
9.492,1.31425028761641,0.0526517679306873,0.0485900279015685,0
9.493,1.35289009913074,-0.0721152314554502,0.0727708633822114,0
9.494,1.32062905577248,0.0457679098697067,0.0461670819593562,0
9.495,1.30278468875078,-0.0300100191786336,0.097364763418397,0
9.496,1.31452767713642,0.0545070211015383,0.0474676130255321,0
9.497,1.36099430173375,-0.00238518958043632,0.0329874089036307,0
9.498,1.3122705276205,0.0542559104111142,0.0495709443611568,0
9.499,1.34878904593372,-0.07637449909291,0.0783660623728375,0
9.5,1.31925370558935,0.0464549972280577,0.0470429291624542,0
9.501,1.30094920138399,-0.0328733836029281,0.10030640510754,0
9.502,1.31268152568592,0.0561536441140702,0.0483116286911701,0
9.503,1.30903213955957,-0.0283992955817381,0.0910624317102422,0
9.504,1.30772904288786,0.0582631753873542,0.0516923916360667,0
9.505,1.34629679321871,-0.079912571003665,0.0822036473359205,0
9.506,1.31389964297279,0.052238093637408,0.0490532039778123,0
9.507,1.30406319717123,-0.0361205846110616,0.0990536914170835,0
9.508,1.30638328427737,0.062125272160482,0.0510679040807709,0
9.509,1.30547164082364,-0.029148846548822,0.0945418088084062,0
9.51,1.30502244583636,0.0613957605381124,0.0526029330616618,0
9.511,1.30810325915381,-0.0387957276101277,0.0967213224129859,0
9.512,1.30720773585647,0.0608781907524495,0.0509096690820814,0
9.513,1.30588931833371,-0.0274606445043755,0.0933710378622915,0
9.514,1.26115160156827,0.0257196133194333,0.108050589487546,0
9.515,1.30983410628262,-0.0370804781856656,0.0943810576394211,0
9.516,1.29930607907519,0.0521793307590001,0.0492968132777738,0
9.517,1.34235907378219,-0.0111698457258522,0.030817470707182,0
9.518,1.29658362507972,0.0405343669517216,0.0388132958042038,0
9.519,1.32105713220068,-0.00143183867033484,0.0238700213400563,0
9.52,1.29878745719878,0.0230600194165357,0.0272657961404885,0
9.521,1.28424618761925,0.0328482363389864,0.0248612146509123,0
9.522,0,0,NaN,1
9.523,0,0,NaN,1
9.524,0,0,NaN,1
9.525,0,0,NaN,1
9.526,0,0,NaN,1
9.527,0,0,NaN,1
9.528,0,0,NaN,1
9.529,0,0,NaN,1
9.53,0,0,NaN,1
9.531,1.27712167729246,-0.0219755820197781,0.0207051969746702,0
9.532,1.28059458876883,-0.028488440195463,0.0232404250982264,0
9.533,1.28194780933862,-0.0355420802791694,0.0275921110345904,0
9.534,1.27831618983944,-0.0317791147092135,0.0272054165563806,0
9.535,1.26287239150973,-0.0166585364372856,0.0262415995794121,0
9.536,1.25727924429492,-0.0130189876621109,0.0272510469586586,0
9.537,1.27799365244002,-0.0383716206758795,0.0323203615476596,0
9.538,1.27943338377416,-0.0382536859943907,0.0312764072981274,0
9.539,1.26912784635936,-0.0251461099372785,0.0283804099862439,0
9.54,0,0,NaN,1
9.541,1.27560796708417,-0.0392003069743119,0.0345067095454403,0
9.542,1.27644808806454,-0.0362082238879408,0.0317121483898056,0
9.543,0,0,NaN,1
9.544,1.27285921710872,-0.0355461826256222,0.0336030805861921,0
9.545,1.27666742367831,-0.0392522586234561,0.0338210848384118,0
9.546,1.26676088175697,-0.0257943435188904,0.0304006222920673,0
9.547,1.26763372192298,-0.0306815678462036,0.0334554882082986,0
9.548,1.27617726228863,-0.0403982959446555,0.0349915162083284,0
9.549,0,0,NaN,1
9.55,1.26861558807699,-0.0347268009296745,0.0358023607936603,0
9.551,1.25131265391221,-0.0169327120779047,0.0340781212340324,0
9.552,1.25579960510129,-0.020675493700291,0.0338739386005372,0
9.553,0,0,NaN,1
9.554,1.25433400027004,-0.0239375533520186,0.0372772918936997,0
9.555,1.24594026816284,-0.0134301078285732,0.0350390686996713,0
9.556,0,0,NaN,1
9.557,1.24851088386631,-0.0223970089458952,0.0400012496283291,0
9.558,1.22939602566131,-0.00130794314256324,0.0370268526280792,0
9.559,1.23150244096962,-0.00995518980907408,0.0420673861771131,0
9.56,1.23069045260144,-0.0114561444237086,0.0432534624918387,0
9.561,0,0,NaN,1
9.562,0,0,NaN,1
9.563,0,0,NaN,1
9.564,0,0,NaN,1
9.565,0,0,NaN,1
9.566,0,0,NaN,1
9.567,0,0,NaN,1
9.568,0,0,NaN,1
9.569,0,0,NaN,1
9.57,0,0,NaN,1
9.571,0,0,NaN,1
9.572,0,0,NaN,1
9.573,0,0,NaN,1
9.574,0,0,NaN,1
9.575,0,0,NaN,1
9.576,0,0,NaN,1
9.577,0,0,NaN,1
9.578,0,0,NaN,1
9.579,0,0,NaN,1
9.58,0,0,NaN,1
9.581,0,0,NaN,1
9.582,0,0,NaN,1
9.583,0,0,NaN,1
9.584,1.32528902083194,0.0211731095060479,0.140323844721511,0
9.585,1.38951285333212,0.0432140411634176,0.0946229035029327,0
9.586,1.41174000111464,0.0431417286275093,0.0751050977653358,0
9.587,1.39528487799859,0.0522823193632587,0.0939120917327139,0
9.588,1.38714822801585,0.0439000827509442,0.0970330209645363,0
9.589,1.37885153878883,0.0370527127229644,0.101035615369277,0
9.59,1.37281545544051,0.032445192592538,0.104136355020435,0
9.591,1.36849032790592,0.0292193216017275,0.106402809729184,0
9.592,1.36541990781225,0.0268839605889498,0.107997602763443,0
9.593,1.36326079957095,0.0251361949112338,0.109075277612966,0
9.594,1.36179781913715,0.0238222717168392,0.109749984892891,0
9.595,1.36111944195877,0.0230924398569924,0.110016221794786,0
9.596,1.36217661245159,0.0241574216451181,0.109623327452059,0
9.597,1.36410734926471,0.0288141537086514,0.110192030564545,0
9.598,1.35111562290473,0.0198368543760646,0.117270082727418,0
9.599,1.35670301283266,0.0143899647520419,0.109767133268379,0
9.6,1.36442660376474,0.0230782926723349,0.107193790863438,0
9.601,1.35338015083156,-0.00452452454430248,0.103585375932949,0
9.602,1.34338180541938,0.000936838055914555,0.114977722141256,0
9.603,1.33390952868074,0.0221876727885841,0.133520921044154,0
9.604,1.34142955611135,-1.09895182677544e-05,0.116253160126178,0
9.605,1.33318920857017,0.00889969039751604,0.127769961287652,0
9.606,1.33903246493667,-0.00270564510146443,0.117066830570599,0
9.607,1.33180980728075,-0.00189843910571672,0.123785503329075,0
9.608,1.3391724396039,-0.0041596450558178,0.116246508849598,0
9.609,1.33577115162421,-0.00182957414317488,0.12034675001894,0
9.61,1.30572647719157,-0.00633320665681836,0.112175072329917,0
9.611,1.32881671076627,-0.0141568040105575,0.120506387808001,0
9.612,1.32463088613826,0.00210615010013016,0.132004732665005,0
9.613,1.3043030137412,-0.012031418292274,0.108282235994312,0
9.614,1.32048088319326,-0.0224886868298752,0.117740374505368,0
9.615,1.31396566275956,0.00438181378206541,0.124477353903828,0
9.616,1.30340177058021,-0.0174542280338033,0.104983178732831,0
9.617,1.29682101880786,-0.021998694812669,0.0970479583616921,0
9.618,1.3065763808636,-0.00841976837846958,0.111998360429908,0
9.619,1.29297871688972,-0.0260057325889227,0.0917915068807168,0
9.62,1.31596183529907,-0.00472711265072567,0.122030695848821,0
9.621,1.30822851527997,-0.0203530644645499,0.107933487069388,0
9.622,1.30379738081562,-0.00650027577108739,0.110461329279288,0
9.623,1.28867798753405,-0.0219677692499205,0.0898950493584839,0
9.624,1.3078365849488,-0.0133745323945217,0.110851367523637,0
9.625,1.30112323185697,-0.0182708520096968,0.102643302687607,0
9.626,1.29659702498823,-0.0149080786257648,0.100207651325209,0
9.627,1.2824765280276,-0.0227294636639697,0.0840771857129129,0
9.628,1.312710432685,-0.0061316339873267,0.118557771250001,0
9.629,1.3031322411744,-0.014194795261096,0.106345743317519,0
9.63,1.31049375013256,-0.00319628705579113,0.117986359647614,0
9.631,1.28716922955404,-0.0075992954075718,0.0953065653383765,0
9.632,1.28812409133428,-0.0339849225034265,0.0838917638628643,0
9.633,1.29539229994866,0.00656451892122564,0.10917605785613,0
9.634,1.29429373597334,-0.0212941156126066,0.0952640990272615,0
9.635,1.28154078474535,-0.0158817760201491,0.0864945117246294,0
9.636,1.30905886663225,-0.013650301805161,0.111893498696446,0
9.637,1.29976237970397,-0.00801402249753621,0.106295481273031,0
9.638,1.30670854485093,-0.0164469125255139,0.108534967189706,0
9.639,1.28178323903309,-0.0123727856492604,0.0883717227169848,0
9.64,1.29618667004219,-0.0164115486292365,0.0992466728410995,0
9.641,1.28200048628001,-0.0144410883603559,0.0876078673226499,0
9.642,1.30915942028714,-0.00817952315807549,0.114562286107249,0
9.643,1.29832071618695,-0.0112472924909666,0.103552685900913,0
9.644,1.30815346350062,-0.00367289755206936,0.115785259490682,0
9.645,1.28574506757304,-0.00973257627064892,0.0931422234324565,0
9.646,1.3121907745513,-0.0153186121561112,0.113962805077773,0
9.647,1.31128009046602,0.0112012482137494,0.12549304424618,0
9.648,1.2999829089195,6.8763998292631e-05,0.110335702904138,0
9.649,1.30205117351467,-0.0260247778404488,0.100053843181473,0
9.65,1.28600450709082,-0.00738059310147318,0.0945156278977084,0
9.651,1.29036934358035,-0.0282709576177901,0.0886773194737558,0
9.652,1.29702156138285,-0.003048326444285,0.106286817195183,0
9.653,1.29554787738833,-0.0247714598170713,0.0948968109708675,0
9.654,1.28830420725745,-0.00406130465789229,0.0981074006631254,0
9.655,1.29919188785796,-0.0253016687611108,0.0978824209194376,0
9.656,1.29635110119912,0.00453532386208947,0.109232121204243,0
9.657,1.30313065270088,-0.020255726731839,0.103724864972513,0
9.658,1.29313347887345,-0.00535504483109887,0.101801111468867,0
9.659,1.29401763462245,-0.0217622633364103,0.0949650757024043,0
9.66,1.29980261114671,0.00239986927649539,0.11131300320894,0
9.661,1.29433611430022,-0.0191468546139168,0.0964697918705511,0
9.662,1.30085319725423,-0.00162909844829343,0.11037927041718,0
9.663,1.29245693786209,-0.0198177371548811,0.094501056682676,0
9.664,1.30920803948753,0.00284299153797034,0.119860072161949,0
9.665,1.29811419310305,-0.0116646461196239,0.103307627936689,0
9.666,1.29879886913149,-0.00919152291554361,0.105065613708336,0
9.667,1.30941228248738,-0.00566272447029356,0.116106465326055,0
9.668,1.31248341918128,-0.00980066821374454,0.116912615862369,0
9.669,1.29171973155135,-0.00922970189704013,0.0988014945441609,0
9.67,1.29940124118929,-0.00259098302917736,0.108687307621421,0
9.671,1.31720176686511,-0.00618859151638142,0.122783496218187,0
9.672,1.31380580746078,-0.00151479526400656,0.121959397619699,0
9.673,1.31637415464491,-0.010133286719257,0.12024258510417,0
9.674,1.30251558938005,-0.00027796855564001,0.11255880599575,0
9.675,1.31422580121052,-0.00709107754953201,0.119771983436512,0
9.676,1.289696531121,-0.00531963309221721,0.0988833097767043,0
9.677,1.30447336140355,-0.0119094660506342,0.108909550528795,0
9.678,1.29439693150781,-0.00919406620479508,0.101252152900393,0
9.679,1.30050205841706,-0.00561379048135051,0.10832203306245,0
9.68,1.29374633115901,-0.0108959064233978,0.0998903984168896,0
9.681,1.30761236561169,0.000199995392517824,0.1173217145451,0
9.682,1.29548778014122,-0.0114079214119417,0.101201799286837,0
9.683,1.30413165766996,0.00228799199445357,0.115215693998249,0
9.684,1.29876332546828,-0.0107013514047124,0.104436317408003,0
9.685,1.30205180189585,-0.0026269391101353,0.111098542797872,0
9.686,1.29776449107912,-0.0109563553023221,0.103437790882805,0
9.687,1.30679083183984,0.000708458190964926,0.116847462946815,0
9.688,1.29642463228189,-0.0114921989664146,0.102008015063461,0
9.689,1.31298142577511,0.00321841369719532,0.123499827358321,0
9.69,1.30244232040834,-0.00875153399109001,0.108617343001971,0
9.691,1.30478953831543,-0.0023388240128902,0.113675106276281,0
9.692,1.31234908654215,-0.003190232394223,0.119978897485186,0
9.693,1.31112181439983,-0.00863125575405912,0.116373005037566,0
9.694,1.29835108581235,-0.0080141251480958,0.105354992868822,0
9.695,1.3057989961404,0.000231021103304196,0.115778728042283,0
9.696,1.30372990803183,-0.00682691894632094,0.110674027365079,0
9.697,1.30410488460417,-0.00381129763675837,0.112407654292233,0
9.698,1.31068087290782,-0.00310531303298913,0.118561505275344,0
9.699,1.30917990401262,-0.00673350461894458,0.11555254455108,0
9.7,1.29994381772723,-0.00296162276682087,0.109126938478021,0
9.701,1.3104236935225,-0.00279022114746106,0.118487634788401,0
9.702,1.30115320865397,-0.00691477338713879,0.108366577930589,0
9.703,1.31592780261768,0.00246700368806017,0.125805962471331,0
9.704,1.30738319926459,-0.00749741402424615,0.113620045880016,0
9.705,1.3076140504528,-0.000846491614018362,0.116913232842687,0
9.706,1.31400312949057,-0.0026057130516961,0.121758353924161,0
9.707,1.31239610138936,-0.0060355510598051,0.118748271348499,0
9.708,1.30009742750525,-0.00444005347987089,0.108600156958834,0
9.709,1.31635041309518,0.000915593802925786,0.125479832748682,0
9.71,1.30734782425818,-0.00705332114167618,0.113814368355091,0
9.711,1.30801972403533,-0.00100346478777604,0.117218645719348,0
9.712,1.31458542733363,-0.00249872590166301,0.122342813407502,0
9.713,1.31264446274451,-0.00616037161777743,0.118929455039451,0
9.714,1.30149494668476,-0.00417992840895851,0.10997711478612,0
9.715,1.31629536216092,0.000332002568561153,0.125179147014095,0
9.716,1.3077961841166,-0.00692102519537166,0.114291431563187,0
9.717,1.30825195900044,-0.00100131962292995,0.117443401497367,0
9.718,1.31324174970245,-0.00315983387741368,0.120863758489794,0
9.719,1.31004766663428,-0.00569079667482562,0.11686403846505,0
9.72,1.30779794855797,-0.000936101215154454,0.117079923094789,0
9.721,1.30809542505121,-0.00595474424059993,0.115016219917084,0
9.722,1.31540232482802,0.000859402219202538,0.124651233438582,0
9.723,1.31185081942583,-0.0073808493177044,0.117686764429823,0
9.724,1.30703742293272,-0.00114160608487623,0.116320515072532,0
9.725,1.31180431026685,-0.00402156905840848,0.119207300843797,0
9.726,1.30789241951716,-0.00321136974591505,0.116120480588576,0
9.727,1.31615686419203,-0.000804194036573665,0.124558320239484,0
9.728,1.31050369444113,-0.00591221408699328,0.117185176600686,0
9.729,1.31225168255605,0.000471973505867355,0.121696689877693,0
9.73,1.3092200742462,-0.00589616621837545,0.116059330076913,0
9.731,1.3192814688128,0.00206277561740613,0.128664490880052,0
9.732,1.3151325802101,-0.00632511157697916,0.121103540501079,0
9.733,1.3084678447059,-0.00224336605891164,0.117096357050317,0
9.734,1.31859841547012,-0.00111167902282549,0.126595271342621,0
9.735,1.31269295760332,-0.00509852080642764,0.119519273113809,0
9.736,1.31146974460111,-0.000484673146439199,0.120577680985996,0
9.737,1.31288744927902,-0.00370320442439183,0.120341837878018,0
9.738,1.31216604782167,-0.00130085703738929,0.12081869961981,0
9.739,1.3143851423933,-0.00253525205876776,0.122213075720891,0
9.74,1.31180677415963,-0.00273223308583092,0.119839657378475,0
9.741,1.32008695457052,-0.000227402352639877,0.128337077580375,0
9.742,1.31505611314822,-0.00483227546536203,0.121749026045337,0
9.743,1.3132317085893,-3.65156759179603e-05,0.122359236037232,0
9.744,1.31433883738483,-0.00411590969498052,0.12144905680048,0
9.745,1.3152277378628,-6.37777386986985e-05,0.124117263334704,0
9.746,1.31367076522531,-0.00407717630674138,0.120878378790759,0
9.747,1.31968108480194,0.00081337336227502,0.128471676022992,0
9.748,1.31444475541115,-0.00478685879147697,0.121239304556145,0
9.749,1.32125993597263,0.00150523487549821,0.130195797379344,0
9.75,1.3165804026423,-0.00509441129289837,0.122993836028984,0
9.751,1.31629618242402,0.000681590823335284,0.125422669300978,0
9.752,1.31486626262883,-0.00518408996226838,0.121437474910994,0
9.753,1.32327735941372,0.00172872260057815,0.132095379429255,0
9.754,1.31894532127306,-0.0049939519541872,0.125144959681508,0
9.755,1.31383118642627,-0.000676593218855731,0.122619251096943,0
9.756,1.32127139028328,-0.00408009354792576,0.127632393461414,0
9.757,1.31510396493446,-0.0026970154933465,0.122813476261098,0
9.758,1.32483826048033,-0.00101699214200298,0.129936612611817,0
9.759,1.3203620355321,-0.00390722195683016,0.126916107710139,0
9.76,1.31383239350817,-0.00156733240948594,0.122219535336587,0
9.761,1.32611855739382,-0.00299468871352979,0.127851344174747,0
9.762,1.32118018726432,-0.00308781174621795,0.128029233102648,0
9.763,1.31420433761251,-0.0022357989239367,0.122247574153765,0
9.764,1.32793727206578,-0.00219892421427872,0.126637657250267,0
9.765,1.32501488289071,-0.003134441631437,0.128734998556915,0
9.766,1.31488157491143,-0.00229067023252004,0.12283316537191,0
9.767,1.32047439858228,-0.00278690506035562,0.127558322018274,0
9.768,1.3156660987824,-0.00232321398148503,0.123516143241438,0
9.769,1.32804227016034,-0.00234690435860347,0.126460793357138,0
9.77,1.32474057811765,-0.00300790566837646,0.129023030475171,0
9.771,1.31488803653042,-0.00190928052232331,0.1230295258963,0
9.772,1.32557025568116,-0.00361300321751576,0.128000079416779,0
9.773,1.31904260798085,-0.00237907706670715,0.126497074703353,0
9.774,1.31918234155272,-0.00231111938439586,0.126654146575529,0
9.775,1.31889031603444,-0.00269771706515851,0.126217840571174,0
9.776,1.3217018290986,-0.00211839180971694,0.128978645618839,0
9.777,1.31816086818413,-0.00277970327969676,0.125537343801658,0
9.778,1.3303727984572,-0.00225684730446374,0.124446245032709,0
9.779,1.32793078114614,-0.00277004252238033,0.126327925141859,0
9.78,1.31653830495927,-0.000953990934877448,0.124958164275998,0
9.781,1.32466890030169,-0.00601069464837081,0.127605983395599,0
9.782,1.31784539572994,-0.000697301901210715,0.126238377745335,0
9.783,1.33209946015423,-0.00533185745824913,0.121432774841685,0
9.784,1.32987176933076,-0.00128288083288972,0.125337171280602,0
9.785,1.32004750457474,-0.000553006356329365,0.128269191444426,0
9.786,1.32060043586074,-0.00519760980039674,0.126608214221701,0
9.787,1.3281520631188,0.000554596864786391,0.12772463888329,0
9.788,1.32433561023487,-0.00353103715585253,0.129078166458278,0
9.789,1.31885183428261,-0.000826222919974584,0.127094401399837,0
9.79,1.32684710933059,-0.00604835048078178,0.125658824143623,0
9.791,1.31983009296448,-0.000419783439537041,0.128153611620626,0
9.792,1.3315452036084,-0.00582735646009899,0.121653351248337,0
9.793,1.32686632268745,-0.000645435186778634,0.128251790590362,0
9.794,1.31963739137739,-0.00135332753702243,0.127560588607431,0
9.795,1.33191553691327,-0.00507904642349153,0.121683732168709,0
9.796,1.32713022129279,-0.000627459887437534,0.128021377731596,0
9.797,1.32012266540056,-0.0013091908796773,0.128021147769702,0
9.798,1.3322421555792,-0.00519465341420762,0.121333651828096,0
9.799,1.32737604379427,-0.000428629348390099,0.127894510939421,0
9.8,1.32063695344493,-0.00133266354902354,0.12847612314441,0
9.801,1.33252974127235,-0.00519372249855935,0.121074297792573,0
9.802,1.32753237443803,-0.000243605082550862,0.127839361057173,0
9.803,1.32118819089187,-0.00143157548904554,0.128928823673131,0
9.804,1.33281952698427,-0.00507744648984225,0.120869151048011,0
9.805,1.32769116111391,-8.40920107063144e-05,0.127769930264398,0
9.806,1.3217867244447,-0.00157034235563878,0.129404862285974,0
9.807,1.33292267945624,-0.00489572964260647,0.120859193940783,0
9.808,1.32748357811612,8.54007457518983e-05,0.128026064507045,0
9.809,1.3226981407859,-0.00206694392644388,0.129992007313713,0
9.81,1.33186962887722,-0.0040815978550358,0.122167403218258,0
9.811,1.32580806163543,0.000108415875099386,0.129495768702936,0
9.812,1.32662241967034,-0.0041008188941076,0.126740989704756,0
9.813,1.32397599007759,-0.000292983723329313,0.130900175650042,0
9.814,1.3352635154004,-0.00582532261626814,0.118346764795138,0
9.815,1.33034791048486,0.000743151325490987,0.125825617767267,0
9.816,1.32397253905006,-0.00111711341159837,0.130495271836359,0
9.817,1.33432423504948,-0.0052974976316673,0.119416034656223,0
9.818,1.3280972842529,0.000984978673674706,0.127903542568241,0
9.819,1.32643024715327,-0.00366100490658334,0.12710604284789,0
9.82,1.3280020363366,-0.00102183990601715,0.127010929837817,0
9.821,1.3268471138641,-0.00284203204946025,0.127136541025485,0
9.822,1.33168437959469,-0.00215467831512592,0.123239626016999,0
9.823,1.3270496457909,-0.000768650083833195,0.12796184824338,0
9.824,1.33801719834632,-0.00488241565109364,0.116376010700472,0
9.825,1.33512394168401,-0.000160346999211138,0.121191174683935,0
9.826,1.32371351350746,0.00172481217626123,0.132078526160288,0
9.827,1.33686601126907,-0.0112043974623266,0.114307202715265,0
9.828,1.3260258161769,0.00277383127643326,0.130561088696502,0
9.829,1.33349246077618,-0.00995234618506904,0.11785872568192,0
9.83,1.32423797563569,0.00453321758001364,0.132974280034183,0
9.831,1.34340743348492,-0.0112967000331771,0.108535072920699,0
9.832,1.33714626351894,0.00231340397614424,0.120604613535801,0
9.833,1.33792898368275,-0.00788066536144234,0.114969545533606,0
9.834,1.32131327383562,0.00320148752676315,0.131279887757555,0
9.835,1.34757639645639,-0.00936725239912869,0.105809676534314,0
9.836,1.34658108164297,0.000281187583313969,0.111351701939059,0
9.837,1.34502259662798,-0.0116615808813747,0.106909003291499,0
9.838,1.33363209373009,0.00090978971381104,0.122957549694781,0
9.839,1.34178252341036,-0.0121868491858765,0.109471187793762,0
9.84,1.31963566147206,0.00211109841549881,0.129325030493788,0
9.841,1.34724970280342,-0.00586796006403887,0.107750296851574,0
9.842,1.34804062102725,-0.00429337540986921,0.107812178127789,0
9.843,1.33452667189696,-0.000957202526751469,0.121233493383621,0
9.844,1.34427248898781,-0.0117812377122992,0.107453333543392,0
9.845,1.32099233646512,-0.00117735625276975,0.129039064835837,0
9.846,1.32684497507267,-0.00215897276552587,0.12734707788109,0
9.847,1.33694301711021,0.000591894458127746,0.119853127672516,0
9.848,1.33643202570137,-0.00246349837238042,0.118810369286829,0
9.849,1.31999725540654,0.00490959740033231,0.130986021237522,0
9.85,1.33682184105453,-0.0150429350169746,0.112357051885881,0
9.851,1.32439284493425,0.00344169842466897,0.132189251718447,0
9.852,1.33646572783519,-0.00729492266608144,0.116423141385483,0
9.853,1.32557382862721,0.005672384370363,0.132234665249939,0
9.854,1.33685571183885,-0.0112032309406599,0.11417904605049,0
9.855,1.32435095095203,0.00591314359991954,0.133414942457215,0
9.856,1.34469780081314,-0.0112886506295165,0.107278174276113,0
9.857,1.33519655804605,0.00341551048636969,0.122714457474103,0
9.858,1.3393437767581,-0.0108160327585644,0.11217466966475,0
9.859,1.32945922685401,0.0066368980547994,0.129283436685951,0
9.86,1.33957979381322,-0.00663372264974047,0.113992237854168,0
9.861,1.33312511616233,0.00438030818812969,0.124977110443919,0
9.862,1.33187661150856,-0.00491158360476137,0.121553818997574,0
9.863,1.33455293739069,0.00256869519392513,0.122845289361903,0
9.864,1.33439816971979,-0.00681567633502946,0.118420586700315,0
9.865,1.34011956603306,0.0013939123209729,0.117403677680348,0
9.866,1.33823811579593,-0.00718241015820122,0.114878321061162,0
9.867,1.3272153838391,0.00332745897891877,0.12961233438777,0
9.868,1.34544721561517,-0.012650353202718,0.105917979531863,0
9.869,1.33256460438957,0.00356141076740813,0.125043641946121,0
9.87,1.33808583535472,-0.0153449637541834,0.111033696390522,0
9.871,1.34583280238628,0.00592296540685694,0.114587373579439,0
9.872,1.33602467985551,-0.00988442101178874,0.115475847240413,0
9.873,1.32837140551923,0.00719920697143378,0.130459276977491,0
9.874,1.34839477171259,-0.0147956167004334,0.102276553748744,0
9.875,1.3334106864734,0.00203219491693152,0.123537236788065,0
9.876,1.3391214352021,-0.0156822765394852,0.109939562767948,0
9.877,1.34705506752717,0.00540845778843977,0.11324502376407,0
9.878,1.33561491113402,-0.0102413173108283,0.115635031535817,0
9.879,1.32983180766669,0.00772370133089765,0.129413192084555,0
9.88,1.34881342058926,-0.014006776393145,0.102268606100381,0
9.881,1.33409686213307,0.00245784192971118,0.123119712051024,0
9.882,1.3401932470079,-0.0177239364322938,0.107985630356816,0
9.883,1.34750534350823,0.00606007290324254,0.113143626483392,0
9.884,1.33451008581136,-0.0114017998425635,0.116011477632354,0
9.885,1.33202368267228,0.00865321800436785,0.12792523810182,0
9.886,1.34727355044012,-0.0158171839084614,0.102709959528766,0
9.887,1.3302729782238,0.00290580972828391,0.126655538869854,0
9.888,1.34174254074518,-0.0200429569832957,0.105482925838292,0
9.889,1.33820375202135,0.00926934557356089,0.122810716420202,0
9.89,1.33946050292295,-0.0155122119145706,0.109671202570227,0
9.891,1.3349061937085,0.00907973008435308,0.125594860874034,0
9.892,1.34623094299389,-0.0211884502554481,0.100992390422658,0
9.893,1.33162538512663,0.00580612430951288,0.126864059935541,0
9.894,1.35414878448498,-0.0108081976009362,0.0991094707698357,0
9.895,1.34426718734285,-0.00131008434792897,0.112350121427672,0
9.896,1.34928220123258,-0.0184923386350572,0.0996135678389555,0
9.897,1.33188610287037,0.00653966328649929,0.126969922539526,0
9.898,1.35304659314373,-0.00577879525120136,0.102493117119437,0
9.899,1.35261075217942,-0.019656142649014,0.0961213301826628,0
9.9,1.33075817351436,-0.00197340799467866,0.123799199825698,0
9.901,1.34057772313347,-0.00799231278837378,0.112293500582904,0
9.902,1.33100549681481,0.00560501373929894,0.127261795522144,0
9.903,1.35092861227113,-0.0213709729911089,0.0967442434316412,0
9.904,1.33260444148323,0.000397568542826834,0.123325368258963,0
9.905,1.34609397992989,-0.0109229318109425,0.106036441417733,0
9.906,1.32956479262221,0.00714346542486581,0.129254134947632,0
9.907,1.35472206790422,-0.0241840959702408,0.092048857161815,0
9.908,1.33599076719537,-0.002481552477126,0.118952342130042,0
9.909,1.34004586665514,-0.00368953281876671,0.114820913553445,0
9.91,1.34619395558169,-0.00100415783180297,0.110750573379348,0
9.911,1.34905112734346,-0.0163499969382537,0.100791170127298,0
9.912,1.33909292102041,0.00774061924916578,0.121192790521847,0
9.913,1.34437464957474,-0.010689817693769,0.107620248433889,0
9.914,1.33802507904156,0.00603490856626733,0.121292020330278,0
9.915,1.34845646748034,-0.0135012958874266,0.102682310626695,0
9.916,1.33585855769257,0.00621195230711001,0.12326500432875,0
9.917,1.35058440672958,-0.0281174651876958,0.0937136064348076,0
9.918,1.34005437264768,0.00743299303774723,0.12018317044946,0
9.919,1.34620776582611,-0.0119532425628213,0.105384341133434,0
9.92,1.33913375261579,0.00595794820248228,0.120265698908277,0
9.921,1.3493152592695,-0.0169835744826253,0.100219207234983,0
9.922,1.33406841627843,0.00721539726051137,0.125296646978857,0
9.923,1.35691512168429,-0.0284989307994867,0.0879770174991726,0
9.924,1.33789605709949,-0.00201453733439584,0.117456507583082,0
9.925,1.35276823110996,-0.0054697503313188,0.102780837662062,0
9.926,1.34464521408447,-0.00688985999794336,0.109182040061788,0
9.927,1.33411371721334,0.0052531170305702,0.12428339041633,0
9.928,1.35960293223941,-0.0237459702054771,0.0879177980828109,0
9.929,1.33908305346803,-0.00293496188916157,0.115951407436125,0
9.93,1.34444889700647,-0.0111749576526259,0.107256696154569,0
9.931,1.35857745802396,-0.00228368894338399,0.0992278107184284,0
9.932,1.35135309504854,-0.0266054473111193,0.0937091028475859,0
9.933,1.33895956476986,0.00394130407011073,0.119376888242252,0
9.934,1.35182755178427,-0.0100004821802055,0.101355744380082,0
9.935,1.3413081635106,0.00375429465195017,0.117226445808283,0
9.936,1.34722879541451,-0.022646366612758,0.0992183744323166,0
9.937,1.35421964275573,0.00674215881573343,0.107387839245356,0
9.938,1.33727024951158,-0.0197435533544578,0.109317831471814,0
9.939,1.34931610115309,0.0143525925373416,0.11536369266953,0
9.94,1.34742741375812,-0.0341397103975413,0.0934387817870661,0
9.941,1.35124092412958,0.00336213045533144,0.108327093952018,0
9.942,1.33157650492469,-0.00616226152750313,0.120875442340639,0
9.943,1.35960819585991,-0.0043512252118732,0.0972636976009906,0
9.944,1.34278109582944,-0.0115296540643391,0.10846810245347,0
9.945,1.34264062232846,0.00612816263294309,0.117172053956051,0
9.946,1.32359311694547,-0.0315250808220393,0.115511520459221,0
9.947,1.31260018074324,-0.0593736686505284,0.111568554252254,0
9.948,1.29318491894345,-0.0473690609264193,0.134353598346246,0
9.949,1.28858665041497,-0.0539471862029753,0.135166489679828,0
9.95,1.3216667499958,-0.0771387818051247,0.0308737368073688,0
9.951,1.33706563010476,-0.0526696706202021,0.0221879958244779,0
9.952,0,0,NaN,1
9.953,0,0,NaN,1
9.954,0,0,NaN,1
9.955,0,0,NaN,1
9.956,0,0,NaN,1
9.957,0,0,NaN,1
9.958,0,0,NaN,1
9.959,0,0,NaN,1
9.96,0,0,NaN,1
9.961,0,0,NaN,1
9.962,0,0,NaN,1
9.963,0,0,NaN,1
9.964,0,0,NaN,1
9.965,0,0,NaN,1
9.966,0,0,NaN,1
9.967,0,0,NaN,1
9.968,1.38619940242402,-0.0150714584901836,0.0251648192699767,0
9.969,0,0,NaN,1
9.97,1.38336245045971,-0.0182007046100851,0.0257008616570389,0
9.971,0,0,NaN,1
9.972,1.3866340480335,-0.020919224483154,0.0298798983216425,0
9.973,0,0,NaN,1
9.974,0,0,NaN,1
9.975,1.39322775093195,-0.0182777139385486,0.0321420412537673,0
9.976,0,0,NaN,1
9.977,1.36337715601612,0.0695871057668985,0.0540693760127264,0
9.978,1.39454742910682,-0.0153461782499085,0.0307653220206125,0
9.979,1.36878084327166,0.0719659065377202,0.0523796083895736,0
9.98,1.39311048046796,-0.0205876656283139,0.0338150177290062,0
9.981,1.37017412115125,0.0697619967879861,0.049800921280113,0
9.982,1.39031198312738,-0.0288056040359341,0.0382517036257063,0
9.983,1.39924345258908,-0.0116872740605902,0.0310374293157554,0
9.984,1.35757788894092,0.0737959897079684,0.0610338852369833,0
9.985,1.39410487723257,-0.0218553717601645,0.0354302888389984,0
9.986,1.36369999710717,0.07355115403804,0.0568769397739276,0
9.987,1.39100215299482,-0.0299371432751781,0.0395647897794343,0
9.988,1.39977822297133,-0.0137042121448419,0.0329239038332888,0
9.989,1.34821897441503,0.0217240054845722,0.119235948767915,0
9.99,1.39146361452364,-0.0295536686629796,0.0395776396960926,0
9.991,1.35335791602602,0.0140432700463486,0.110984868666293,0
9.992,1.34392972565784,0.0163188202664246,0.120318231033023,0
9.993,1.39132080051162,-0.0312843986337417,0.0408042407943438,0
9.994,1.3555431746272,0.0158443859039854,0.109934750432118,0
9.995,1.33831470793149,0.0122889452437108,0.123231008948475,0
9.996,1.39189001886466,-0.0297537409656515,0.0400129763421432,0
9.997,1.35302306727092,0.0188647503951326,0.113593870023816,0
9.998,1.38213401122259,-0.0444406435841089,0.044853359902843,0
9.999,1.35988371662742,0.0194164436115126,0.107861054642646,0
10,1.33806507600021,-0.0136935400837115,0.110741358486333,0
